tree
version=v4
num_class=1
num_tree_per_iteration=1
label_index=0
max_feature_idx=20
objective=lambdarank
feature_names=rank_biencoder_large_top200 score_biencoder_large_top200 rank_biencoder_top100 score_biencoder_top100 rank_bm25_norepeat score_bm25_norepeat rank_cf_bpr score_cf_bpr rank_decay_descending score_decay_descending rank_metadata_qwen3 score_metadata_qwen3 rank_pmi_leg score_pmi_leg popularity turn_number n_prior_accepts pmi_sum is_in_all_legs n_legs_containing biencoder_cosine
feature_infos=[0:201] [0:0.016393441706895828] [0:201] [0:0.016393441706895828] [0:201] [0:0.016393441706895828] [0:201] [0:0.016393441706895828] [0:201] [0:0.016393441706895828] [0:201] [0:0.016393441706895828] [0:201] [0:0.016393441706895828] [0:93] [1:8] [0:7] [0:64.690086364746094] [0:1] [1:7] [-0.32801580429077148:0.93941289186477661]
tree_sizes=7050 6977 7000 6911 6953 6953 6976 6963 6982 7004 6987 7007 6937 6990 6988 6988 6959 6977 6953 6993 6997 6905 6967 6990 6970 6926 6985 6985 6924 6978 6947 6920

Tree=0
num_leaves=63
num_cat=0
split_feature=19 19 1 20 14 1 17 17 14 20 20 1 20 2 14 13 14 10 12 20 14 1 6 14 20 6 1 2 1 14 14 14 2 14 1 1 2 20 14 1 1 1 20 20 2 2 2 16 17 16 4 8 2 4 2 17 8 1 1 10 1 2
split_gain=4023.23 812.801 350.175 288.943 156.547 145.763 117.466 104.23 102.369 69.6795 64.2487 59.5662 58.2878 54.8622 44.607 34.0452 31.5428 30.6619 28.9736 26.4704 26.176 25.1572 24.8076 24.6605 23.8258 21.5276 19.9429 18.8041 18.1452 16.7702 24.6062 16.6172 14.4348 13.652 15.3568 17.5998 13.4593 13.0727 12.8255 14.5665 12.7083 12.6891 12.5608 12.936 12.5516 12.3476 12.2128 17.7327 11.9945 18.6352 11.9781 16.6604 12.5966 12.0015 11.689 11.4012 11.3943 11.0482 10.7309 10.7159 10.3194 10.6478
threshold=1.5000000000000002 2.5000000000000004 0.010256679728627207 0.53258806467056286 73.500000000000014 0.012903762981295587 4.7993960380554208 3.7284004688262944 57.500000000000007 0.41765569150447851 0.47245472669601446 0.0078432578593492525 0.32146061956882482 5.5000000000000009 57.500000000000007 0.013423423748463394 49.500000000000007 5.5000000000000009 16.500000000000004 0.51847070455551159 74.500000000000014 0.013072453904896976 2.5000000000000004 53.500000000000007 0.27715224027633673 7.5000000000000009 0.0077822189778089532 25.500000000000004 0.0080972984433174151 70.500000000000014 67.500000000000014 23.500000000000004 17.500000000000004 8.5000000000000018 0.0088107436895370501 1.0000000180025095e-35 10.500000000000002 0.68812379240989696 21.500000000000004 0.0046838663984090098 1.0000000180025095e-35 0.0041580223478376874 0.51730579137802135 0.42537586390972143 1.0000000180025095e-35 49.500000000000007 25.500000000000004 2.5000000000000004 7.5877223014831552 4.5000000000000009 8.5000000000000018 7.5000000000000009 24.500000000000004 110.00000000000001 9.5000000000000018 9.0587949752807635 17.500000000000004 0.015749008394777778 0.013793759513646366 1.5000000000000002 0.0093025267124176043 84.500000000000014
decision_type=2 2 2 2 2 2 2 2 2 2 2 2 2 2 2 2 2 2 2 2 2 2 2 2 2 2 2 2 2 2 2 2 2 2 2 2 2 2 2 2 2 2 2 2 2 2 2 2 2 2 2 2 2 2 2 2 2 2 2 2 2 2
left_child=3 2 6 4 7 12 10 9 11 45 20 36 15 57 19 22 33 -14 -19 -15 25 23 -3 31 -6 -2 46 -21 50 30 -10 32 -11 -12 35 -35 -5 58 42 -40 -25 -42 43 -34 -37 -1 -18 -48 49 -26 -20 -52 -53 -54 -7 -9 -33 -4 -13 -24 61 -36
right_child=1 5 13 8 24 54 -8 55 29 21 16 37 17 14 -16 -17 26 18 28 27 -22 -23 59 40 48 -27 -28 -29 -30 -31 -32 56 38 34 60 44 -38 -39 39 -41 41 -43 -44 -45 -46 -47 47 -49 -50 -51 51 52 53 -55 -56 -57 -58 -59 -60 -61 -62 -63
leaf_value=-0.063658754548712615 0.031918966899919236 0.038292822085457805 0.056708778357821822 0.066500275663569655 -0.10000000000000001 0.088809334728240735 0.056425866075533009 -0.013432251486292358 0.010852659581630319 0.031826999476866347 -0.0042941453203570561 -0.02178786163835348 0.072558312676918868 -0.033905375445096031 0.061589211703588477 0.087285055778750786 0.029649890176824831 0.066406254369755141 -0.029002488633872753 0.039661932423197599 0.048683098617290879 0.012110012113788284 0.04942622474910411 -0.013255598585362469 0.02860291102438265 -0.071714796663991706 0.023836884324624042 0.012729651648915818 0.04680846918074652 0.036825799588876176 -0.053904856900038801 0.0050765991441130802 -0.023423806820428661 0.050171421398743823 0.024992846528472307 0.089202824841550676 -0.050289459868515622 0.032337387004850435 -0.10000000000000001 0.01883945576821117 -0.10000000000000001 -0.045926501758746657 -0.029886733535024992 -0.072983104821063946 -0.043341182076663348 -0.089373590881778778 0.0057430843906218585 -0.049049844381924348 0.077093839214270321 -0.055407037776827629 0.063395055010542753 0.061914473868955482 -0.026634732930268679 0.025541506126015287 0.075030125823710297 0.046058804800777862 -0.075545754554988298 0.087307847205435052 0.019604462746791004 -0.085328311146184915 -0.027984700442438115 -0.10000000000000001
leaf_weight=51.778375774752931 5.3176448157173573 6.9117851882474559 60.878071345447097 2.4860234240768468 4.2101814989582627 520.98464517615503 51.169288980716374 15.284113385132512 85.354697581366054 4.5228471427399191 64.72854101327539 126.80809287178272 161.0013394994894 19.485203358781291 97.492986826982815 6.3762658662162712 13.301956349809187 115.88537977484521 11.878196909907272 132.82760187709937 5.2844888664840246 11.027341160151989 1.6216289081494384 26.094208804250229 35.303045968525112 86.929290582425892 69.403515192738269 126.56562897856929 139.20673456603254 43.230643363145646 17.713341273658443 4.4345777566777533 14.644857123799737 5.3954866812564424 23.276397239998918 1.8079456378472958 320.87992926059815 15.015839366649741 3.4699116609408511 10.037710448814321 12.281707709538749 93.022225937864278 25.428949484077748 130.48466971576272 148.15060897581861 474.3565082520654 27.798938786596409 31.495947914081626 8.7398114122915995 8.1192130337003601 20.527885789750144 9.7403571726172213 22.356338029319886 21.73723686154699 218.44300389604177 17.023742158969981 372.69285973256046 57.232735716621391 17.863873398688156 16.350432986597294 28.867959692375734 1.8384219811996434
leaf_count=38983 1427 2373 7773 462 4529 14445 7434 7078 28001 1265 18062 48273 13289 8515 11657 673 3988 9533 4619 22102 1888 5701 699 13415 12656 52846 13737 31168 16693 11936 6037 1444 6229 1442 5067 189 142577 3246 3703 5183 7294 43038 11070 83716 60145 319638 7919 13843 1266 5227 2359 1496 7435 4232 13233 4117 217863 2395 5736 14038 10559 675
internal_value=-0.000887786 0.0434412 0.0110825 -0.0538442 -0.0671113 0.0703661 -0.0158176 -0.0707398 -0.0259555 -0.0730604 -0.0230152 -0.0370531 0.0504494 0.0418061 0.0324764 -0.0157958 -0.014453 0.0545718 0.0460878 0.0222989 -0.059541 -0.0628203 -0.0422094 -0.0640056 0.0144162 -0.0657407 0.00467284 0.0265209 0.0356436 0.010687 -0.00027661 -0.0685379 -0.0564197 -0.0243627 -0.030568 -0.038551 -0.0493916 -0.0120679 -0.0585881 -0.0116887 -0.0444926 -0.0522332 -0.0623024 -0.0679821 -0.0417432 -0.0868429 -0.0136482 -0.0233615 0.0236512 0.0128945 0.0176216 0.0250691 0.0104547 -0.000912907 0.0847387 0.0179149 -0.0745977 0.0715361 -0.0166768 -0.0731693 -0.00759427 0.0158433
internal_weight=4284.58 2332.27 1059.25 1952.31 1322.96 1273.02 564.766 1266.58 629.352 1234.28 513.597 483.054 533.594 494.482 376.371 31.2601 416.066 502.333 341.332 278.878 97.5314 708.142 24.8838 697.115 56.3723 92.2469 142 259.393 225.447 146.299 103.068 565.716 188.589 274.065 209.337 155.354 323.366 159.688 184.066 13.5076 131.398 105.304 170.558 145.13 149.959 526.135 72.5968 59.2949 52.1621 43.4223 86.24 74.3618 53.8339 44.0936 739.428 32.3079 377.127 118.111 144.672 17.9721 53.9828 25.1148
internal_count=1427631 387948 282831 1039683 793415 105117 199221 769737 246268 758542 191787 200294 77439 83610 73442 17783 135626 59656 46367 61785 56161 399921 17110 394220 23678 54273 39487 53270 36834 45974 34038 330473 111166 96139 78077 61776 143039 57255 109901 8886 63747 50332 101015 89945 60334 358621 25750 21762 19149 17883 20141 15522 13163 11667 27678 11195 219307 10168 54009 14737 16301 5742
is_linear=0
shrinkage=0.05


Tree=1
num_leaves=63
num_cat=0
split_feature=20 10 17 20 8 0 14 6 14 2 0 17 17 2 2 14 0 2 20 20 20 14 15 17 6 12 6 6 14 20 20 14 10 2 20 2 17 4 14 20 20 4 0 8 10 0 14 8 6 4 4 14 8 14 8 14 0 10 15 14 0 12
split_gain=3515.07 645.458 524.084 334.608 294.777 253.956 193.965 171.95 122.946 135.345 115.967 112.778 103.266 91.4897 84.2111 83.707 106.197 79.0947 65.749 63.0898 58.679 56.6938 55.0519 66.7647 54.9167 53.5388 63.6174 52.7512 52.7008 52.0983 51.5031 48.2004 47.7577 46.853 52.6812 44.0318 42.5965 40.9875 40.8391 39.3334 39.0727 38.1377 47.2835 37.4904 37.019 37.2388 36.31 35.8913 35.8484 51.0856 35.0481 35.0149 35.0069 34.9901 33.5811 34.5975 33.2414 56.613 39.0191 46.6155 36.1605 33.2351
threshold=0.48767259716987615 3.5000000000000004 3.7284004688262944 0.58389458060264599 18.500000000000004 86.500000000000014 73.500000000000014 110.00000000000001 59.500000000000007 45.500000000000007 2.5000000000000004 14.094076156616213 20.391035079956058 13.500000000000002 33.500000000000007 69.500000000000014 1.5000000000000002 9.5000000000000018 0.41765569150447851 0.21614902466535571 0.55008828639984142 47.500000000000007 4.5000000000000009 8.6025938987731951 110.00000000000001 8.5000000000000018 17.500000000000004 7.5000000000000009 33.500000000000007 0.50774556398391735 0.36149525642395025 47.500000000000007 13.500000000000002 26.500000000000004 0.6187415122985841 7.5000000000000009 7.9609026908874521 2.5000000000000004 36.500000000000007 0.62530410289764415 0.22662121802568438 11.500000000000002 138.50000000000003 3.5000000000000004 110.00000000000001 1.0000000180025095e-35 61.500000000000007 18.500000000000004 8.5000000000000018 8.5000000000000018 3.5000000000000004 79.500000000000014 5.5000000000000009 69.500000000000014 9.5000000000000018 42.500000000000007 6.5000000000000009 18.500000000000004 4.5000000000000009 26.500000000000004 12.500000000000002 11.500000000000002
decision_type=2 2 2 2 2 2 2 2 2 2 2 2 2 2 2 2 2 2 2 2 2 2 2 2 2 2 2 2 2 2 2 2 2 2 2 2 2 2 2 2 2 2 2 2 2 2 2 2 2 2 2 2 2 2 2 2 2 2 2 2 2 2
left_child=2 5 4 7 13 10 14 41 9 54 35 36 15 -1 -6 16 21 28 32 -15 47 44 -17 33 -20 -23 -27 -12 56 -7 -8 39 40 34 -24 -2 52 -30 -21 -19 -16 42 43 -3 -5 -46 -39 -11 49 -40 -31 -10 -4 -26 55 -9 -18 58 -58 -60 -61 -38
right_child=1 3 11 12 6 29 30 8 51 20 27 -13 -14 19 18 22 17 31 24 38 -22 25 23 -25 53 26 -28 -29 37 50 -32 -33 -34 -35 -36 -37 61 46 48 -41 -42 -43 -44 -45 45 -47 -48 -49 -50 -51 -52 -53 -54 -55 -56 -57 57 -59 59 60 -62 -63
leaf_value=0.051722162092288027 0.064396627686897287 0.055114690930724047 -0.10332382100595944 0.046095475324132905 -0.035438077341039008 0.032257954504092162 -0.064442517443772523 0.056240872095165165 0.0026380517772740452 0.0064055714823621854 0.04043820045945188 0.044706713950696482 0.043063748257342091 -0.075292932357118758 -0.083259339794978349 0.044774183010192051 0.018798531016774089 -0.0064602165131678966 0.010807450834660316 0.0017925573159655039 -0.013382140393334198 0.058081412779391522 0.051376466367542055 -0.10189205403536512 -0.064869074838215288 -0.072256924150357019 0.0070012870295811718 0.012662708295985266 -0.10214453160214627 -0.029789972836885732 0.0065573489956522631 0.02118894848510456 -0.082630068605148363 0.041480013155935413 -0.069236187920459977 0.015988658451717552 -0.017802776095779554 -0.013031477341349863 -0.037045957357356503 0.012208886494612502 0.0030718176690477999 0.034060143729900481 -0.06158349992933923 -0.0081769528276065661 0.034735206852383148 -0.0019441354921474032 0.01707713088884923 -0.04154408383531985 -0.058439559463252147 0.040537371455806735 -0.10294546578667148 0.038852455770734241 0.018439806133493893 0.00037286477577994537 -0.0030775275968848298 -0.10376393440435019 0.031882617428239592 -0.029332886579439523 -0.079210815385448594 0.040236001208639995 -0.10234438715265406 -0.074965506397641143
leaf_weight=42.020487354602665 657.78557830885984 37.578900358639657 6.2578282214235506 331.60422694380395 181.15450275852345 27.834513671929017 32.670562206767499 40.047517157159746 400.56877459166571 41.452697604894638 838.5807380619226 124.40500025020447 302.20632350840606 55.504430702188984 22.985828881384805 319.51015609013848 375.08487840136513 388.26189000019804 25.89891881425865 148.28118846227881 336.65588964160997 36.230485114268959 14.108927677385507 12.922751859296111 785.06725546508096 31.967450081603602 121.71419128123671 214.71006440662313 11.892122542019932 77.596968443365768 117.06426135555375 1061.6860027501825 925.52342716988642 74.080881019355729 25.265854435972869 50.588411064818501 135.89637729094829 685.65987236844376 70.564748768345453 1032.1651800612453 30.493060530163348 258.25015708082356 24.694258144591004 61.999410056043416 198.6152209402062 106.19707298208959 117.25961947091855 666.74222893489059 80.60296105640009 30.341026382520795 20.750497781671584 80.092703324975446 104.0452320901677 21.10333944298327 466.3744362834841 3.6897352661471805 113.33581486018375 123.85661906783935 20.467555563431233 27.332046161405742 5.3109521681908509 31.281060210661963
leaf_count=453 1685 361 354 1287 45856 380 6849 355 48234 2974 5553 2234 2327 16506 8130 7803 2960 68409 3263 11824 84059 135 296 625 257725 338 1510 2158 193 1255 11014 78350 333970 5088 811 419 6807 11337 2915 78835 4490 8437 1434 1516 1747 1701 1541 203966 15157 1006 583 4176 8869 4540 44200 204 729 4138 320 115 125 3000
internal_value=-0.000282679 0.0141054 -0.0479468 0.00786784 -0.056252 0.0403887 -0.0638165 -0.00764912 -0.0134289 -0.0202607 0.0452967 0.00514922 0.0146448 -0.0183342 -0.0679415 0.0130041 0.0110747 0.00767438 -0.0711926 -0.0259746 -0.0305679 0.0273796 0.0337248 0.0057898 -0.0608589 0.00340475 -0.00948528 0.0347763 -0.0014735 -0.0281332 -0.00893407 0.0131297 -0.0799755 0.0180549 -0.0260178 0.0609396 -0.0125859 -0.00999914 -0.0176743 0.00710584 -0.0340343 0.0231083 0.000349429 0.0157081 0.0345339 0.0219561 -0.00863437 -0.0387375 -0.0335774 -0.0137177 -0.0452252 0.00867246 0.0115318 -0.0631612 0.000851119 0.0427426 0.00896672 -0.00373643 0.0153105 -0.0200537 0.0170385 -0.0284987
internal_weight=12813.9 9842.73 2971.16 7954.88 2569.28 1887.85 2141.96 2418.15 2035.62 1554.96 1761.66 401.885 5536.74 427.315 1992.23 5234.53 4788.64 3962.31 1811.07 385.294 1044.85 826.329 445.889 126.378 832.07 189.912 153.682 1053.29 1480.2 126.182 149.735 2482.11 979.002 113.456 39.3748 708.374 277.48 814.812 329.79 1420.43 53.4789 382.523 124.273 99.5783 636.417 304.812 802.919 708.195 181.509 100.906 98.3475 480.661 110.303 806.171 510.112 43.7373 665.388 290.303 166.446 53.1106 32.643 167.177
internal_count=1427631 682669 744962 670636 723698 12033 675837 399916 388168 335758 9815 21264 270720 47861 657974 268393 253770 247052 612118 47408 290999 6718 14623 6820 265528 1983 1848 7711 21458 2218 17863 225594 346590 6195 1107 2104 19030 13071 30902 147244 12620 11748 3311 1877 4735 3448 12878 206940 19078 3921 1838 52410 9223 262265 44759 559 8387 5427 1289 560 240 9807
is_linear=0
shrinkage=0.05


Tree=2
num_leaves=63
num_cat=0
split_feature=19 2 20 17 12 11 20 20 14 20 14 6 15 20 17 17 2 8 0 14 20 8 15 15 2 20 12 14 15 17 12 19 14 14 0 15 20 11 0 0 20 20 6 0 20 2 20 0 14 0 8 14 15 0 14 15 14 14 2 20 14 0
split_gain=3617.89 1068.05 682.086 272.227 194.954 179.259 168.668 156.186 124.736 106.18 90.4413 85.9528 72.1837 59.8476 58.8138 55.3736 51.7496 48.2643 46.6275 44.103 41.5631 39.734 37.3598 36.8011 35.4002 34.2089 32.4195 32.005 31.5984 72.1576 33.7932 32.1103 29.9938 53.6811 38.7279 35.6296 34.765 29.0298 38.1592 30.9428 30.7926 29.8837 28.9282 28.8937 29.4158 28.4372 29.3059 27.6862 30.3109 27.5046 26.6446 26.5285 25.795 34.2797 28.4845 28.9236 25.7479 25.5258 24.3902 24.0891 23.6788 23.0787
threshold=1.5000000000000002 10.500000000000002 0.53258806467056286 5.4918768405914316 17.500000000000004 0.013606071937829258 0.44085200130939489 0.52988538146018993 66.500000000000014 0.67761543393135082 73.500000000000014 13.500000000000002 4.5000000000000009 0.245488315820694 4.4911658763885507 33.303840637207038 32.500000000000007 1.5000000000000002 198.50000000000003 69.500000000000014 0.49928286671638494 5.5000000000000009 5.5000000000000009 1.5000000000000002 35.500000000000007 0.48296283185482031 1.5000000000000002 29.500000000000004 2.5000000000000004 8.5548114776611346 1.0000000180025095e-35 5.5000000000000009 39.500000000000007 69.500000000000014 200.00000000000003 3.5000000000000004 0.58034497499465953 0.013793759513646366 31.500000000000004 56.500000000000007 0.62087896466255199 0.60812810063362133 17.500000000000004 15.500000000000002 0.51125067472457897 3.5000000000000004 0.47245472669601446 198.50000000000003 55.500000000000007 8.5000000000000018 3.5000000000000004 53.500000000000007 2.5000000000000004 63.500000000000007 52.500000000000007 7.5000000000000009 60.500000000000007 35.500000000000007 150.00000000000003 0.19380924105644229 73.500000000000014 145.50000000000003
decision_type=2 2 2 2 2 2 2 2 2 2 2 2 2 2 2 2 2 2 2 2 2 2 2 2 2 2 2 2 2 2 2 2 2 2 2 2 2 2 2 2 2 2 2 2 2 2 2 2 2 2 2 2 2 2 2 2 2 2 2 2 2 2
left_child=2 5 3 6 15 45 60 11 18 14 24 13 -12 -6 32 28 43 52 20 21 -8 57 -21 27 37 -23 -5 -15 30 31 -3 -30 36 56 35 -35 -4 40 -39 -40 -9 -41 -14 -13 -45 -2 50 -26 -49 -19 -47 -42 -7 54 -54 -56 -34 -18 -20 -28 -1 -48
right_child=1 4 9 26 7 17 8 10 -10 -11 12 16 42 23 -16 -17 19 49 58 22 -22 25 -24 -25 47 -27 59 -29 29 -31 -32 -33 33 34 -36 -37 -38 38 39 41 51 -43 -44 44 -46 46 61 48 -50 -51 -52 -53 53 -55 55 -57 -58 -59 -60 -61 -62 -63
leaf_value=-0.074454158805381879 0.031300002351803996 -0.10221800184272754 -0.041594006982984072 -0.065313958710486592 -0.070173157908800021 0.069549928947912926 -0.065986129472557539 -0.011621116893730431 -0.0032890911218365925 0.043485301014940109 0.04863142956655972 0.03717391830616714 0.027779904118080859 -0.10457905442173394 0.050510663205906907 0.061794358951361185 0.027488341978526617 0.045727022542216361 -0.037390316167723418 0.01482145126844193 -0.042305638187005778 -0.064499009837405682 -0.097676128963406772 0.014703105844597534 -0.0065220792585064984 -0.034096208772981598 -0.098198875764817686 -0.0090263552303012431 -0.014199035962593701 0.019951143526674334 0.042944484911538114 -0.10426953012938062 -0.0076891607314804461 -0.017287121175766078 0.032781154039472717 -0.069108413383658293 -0.010849206256263788 0.021950158603940853 -0.054799964807824675 0.047083065130822131 0.00072292746876411503 -0.067500075809425172 -0.049452881956472024 -0.0054243941540432512 -0.06398675539143088 0.083935121815921776 0.019350700116824326 0.046849703367716801 -0.10242150969687769 0.02919283278521705 -0.099300531229233824 0.020454546529101943 0.056345691559964987 -0.10344043799024656 0.02949656918155958 -0.10487057652771548 0.019404860586824599 -0.058122315314734302 0.012636576158370813 0.020141536074734009 -0.0442628536016903 -0.10136237862702763
leaf_weight=1216.8296721295919 757.33991565543693 4.1189524673391125 197.344401065493 13.37030514795333 27.059181523043662 278.7968492093496 512.18548361887224 319.04569026920944 147.16806431929581 88.028282691026106 176.91424923110753 30.730118239764124 20.015224264468998 11.903995868051423 34.353547012200579 78.30562384147197 28.931267844280228 1051.2624328155071 107.52874627918936 55.50750008248724 290.33060180163011 193.07971450570039 8.51169951551128 258.46112643682864 1284.4157993952977 177.65587102470454 4.445407243911176 33.216272875317372 100.22189560579136 782.73683177947532 150.49479333194904 10.979074901901184 330.08590555842966 63.513104822253808 18.544425238156691 69.42648667562753 172.16132028750144 403.45780809456483 31.625891954638064 21.398162383353341 558.80016723251902 7.7516054599545887 30.753304950660095 115.38049820298329 26.337585001252592 2.516444486565887 678.27258569945116 39.714190036524087 3.7193453237414351 330.63013562723063 9.3755104974843544 245.04336493439041 418.99305722909048 3.5909674870781592 59.174530765973032 4.2957744630984953 119.40750845405273 12.455366709269581 31.501605002442375 131.69967521412764 68.605197871220298 3.9827637693379065
leaf_count=433091 12926 205 63461 1362 9069 644 170545 24818 19965 9085 2495 1258 319 861 2197 387 1402 5811 43519 3331 92687 56827 2016 11761 109047 30425 1885 2091 3326 13674 1868 290 89648 4288 1087 6970 48902 4724 899 341 25592 278 1749 14895 3551 12 20647 2235 788 3760 2262 6136 1400 118 336 59 20630 2502 7298 11248 11815 813
internal_value=-3.38858e-05 0.0171898 -0.0421675 -0.0564568 0.00280564 0.038172 -0.0605779 -0.00223279 -0.0460968 -0.0091704 0.00320018 -0.0196689 0.0335501 0.00107858 -0.0137833 0.0212355 -0.0302456 0.0473486 -0.0527879 -0.0387452 -0.0574191 -0.0447428 -0.000135712 0.00742948 0.000829604 -0.04993 0.00898123 -0.0342358 0.0182066 0.0145968 0.0390773 -0.0230919 -0.0160592 -0.00916674 -0.034908 -0.0443503 -0.0272693 0.00586954 0.0163864 -0.0205484 0.00152157 0.0166127 -0.0190043 -0.0067775 -0.0163079 0.0245998 0.0172897 -0.00519442 0.0340672 0.0417711 -0.0605262 0.00673791 0.0574259 0.0504716 0.0516172 0.0204024 -0.000491659 0.00172369 -0.0260552 0.0162775 -0.0728428 0.018646
internal_weight=12463.5 8846.97 3616.53 2523.66 5248.74 3598.23 2374.15 4121.89 1088.71 1092.86 3142.65 979.23 227.683 330.641 1004.84 1126.86 648.59 2146.74 941.546 476.141 802.516 412.122 64.0192 303.581 2914.97 370.736 149.515 45.1203 1048.55 893.938 154.614 111.201 970.483 600.977 151.484 132.94 369.506 1587.12 464.233 60.7757 1122.89 29.1498 50.7685 172.448 141.718 1451.49 694.147 1327.85 43.4335 1381.89 11.892 803.844 764.851 486.054 482.463 63.4703 449.493 41.3866 139.03 136.145 1285.43 682.255
internal_count=1427631 387948 1039683 793415 339160 48788 778920 319410 334014 246268 179421 139989 4563 23782 237183 19750 116207 12128 314049 96503 263232 91156 5347 14713 174858 87252 14495 2952 19363 17290 2073 3616 234986 122623 12345 11258 112363 62788 6242 1518 56546 619 2068 19704 18446 36660 23734 112070 3023 9571 2274 31728 2557 1913 1795 395 110278 3904 50817 13133 444906 21460
is_linear=0
shrinkage=0.05


Tree=3
num_leaves=63
num_cat=0
split_feature=19 19 14 2 0 14 0 17 17 10 17 0 2 10 0 15 15 17 8 14 10 6 8 14 14 4 15 15 14 17 15 2 17 17 0 17 2 14 17 14 14 10 6 15 4 0 6 0 0 14 6 14 14 17 4 0 14 0 15 14 6 3
split_gain=3475.32 685.339 351.403 224.425 220.246 138.228 135.256 110.151 65.3675 47.7177 43.885 39.8776 38.2221 37.3993 35.8886 35.0816 34.9272 35.0913 37.2967 35.043 33.9198 32.0307 30.8797 30.0492 30.0366 29.1732 42.1511 28.0587 27.7931 37.1845 27.4355 27.2314 25.217 28.7499 24.1857 33.7639 23.9175 23.7653 23.6675 23.6593 23.4828 23.1261 22.9767 24.8496 23.8219 27.9566 21.6497 26.7165 21.3423 21.2825 40.9641 26.6444 25.8911 21.4599 20.8053 20.4782 30.7371 30.1092 20.2617 20.1883 23.3267 28.641
threshold=1.5000000000000002 3.5000000000000004 53.500000000000007 8.5000000000000018 15.500000000000002 49.500000000000007 66.500000000000014 8.6437592506408709 3.7284004688262944 2.5000000000000004 10.655041217803957 15.500000000000002 32.500000000000007 16.500000000000004 183.50000000000003 5.5000000000000009 2.5000000000000004 4.6459381580352792 5.5000000000000009 59.500000000000007 12.500000000000002 7.5000000000000009 6.5000000000000009 60.500000000000007 82.500000000000014 1.0000000180025095e-35 1.5000000000000002 7.5000000000000009 69.500000000000014 7.6874432563781747 5.5000000000000009 11.500000000000002 13.61131000518799 12.306680202484133 144.50000000000003 8.8916845321655291 97.500000000000014 81.500000000000014 45.750143051147468 84.500000000000014 80.500000000000014 3.5000000000000004 1.0000000180025095e-35 2.5000000000000004 15.500000000000002 34.500000000000007 12.500000000000002 1.0000000180025095e-35 200.00000000000003 29.500000000000004 8.5000000000000018 62.500000000000007 64.500000000000014 18.198760986328129 13.500000000000002 4.5000000000000009 1.5000000000000002 61.500000000000007 5.5000000000000009 26.500000000000004 4.5000000000000009 0.016001024283468727
decision_type=2 2 2 2 2 2 2 2 2 2 2 2 2 2 2 2 2 2 2 2 2 2 2 2 2 2 2 2 2 2 2 2 2 2 2 2 2 2 2 2 2 2 2 2 2 2 2 2 2 2 2 2 2 2 2 2 2 2 2 2 2 2
left_child=2 4 6 9 20 12 -1 31 15 16 11 -4 22 30 32 40 -3 19 27 55 41 37 -6 -17 -13 -16 48 -19 29 -23 -14 -8 33 42 36 -36 -31 -10 -37 46 -7 -2 43 -5 45 -45 -22 -48 -27 -28 53 -52 -53 -51 -15 -18 57 -57 -26 -58 -61 -62
right_child=1 3 10 14 5 8 7 -9 21 -11 -12 24 13 54 25 23 17 18 -20 -21 39 28 -24 -25 58 26 49 -29 -30 34 -32 -33 -34 -35 35 38 -38 -39 -40 -41 -42 -43 -44 44 -46 -47 47 -49 -50 50 51 52 -54 -55 -56 56 59 -59 -60 60 61 -63
leaf_value=-0.028696987898332894 -0.10702136477904352 0.06236396722736947 0.01764951956412061 0.062850971380218265 0.063068388220804891 0.00084138848708037711 -0.0050620422180799561 0.034511488394039995 -0.10361539394853814 0.035693306018553542 0.023537339694854706 -0.025098685766548508 0.01746006294628585 -0.081072953743725251 0.038751558298393891 -0.0044191001396377914 0.056067754919879642 0.029856345574401894 -0.10366742341626241 -0.021878300060995073 0.040335568526721099 -0.044084638014512886 -0.0084389681346661478 -0.044683870280672389 0.019485044422748638 0.071714889366688156 0.031263544582885723 -0.10408108049798466 0.041141794628374501 0.0145172835579476 -0.040569426753748597 -0.059687838694191975 0.034395002312265721 -0.10246676549728705 0.036116354162757061 -0.080011205949179556 0.053732173597237955 0.028971669423620595 0.08854446627070317 -0.10450757853919722 0.03239903419357603 0.052197313460569439 0.017541303542316797 0.021249597065352017 0.070274096496484473 -0.066610201409153469 0.028948887664518964 0.011558502140308803 -0.076609638865939217 0.011502690018040104 -0.10106567922558359 0.061229787249660696 -0.098550045997711791 -0.10429474049821159 -0.026126830742763091 -0.10714775779369567 0.061400473620892453 0.083828205449699308 -0.058087554882007501 0.035992589274643765 -0.10611815016170319 0.038150557827618801
leaf_weight=511.00180274934974 2.3438319554552427 386.6414024559781 65.835278720362112 60.791172513272613 15.519884314358931 560.3726732879295 23.087214868050069 31.97736270230962 8.5251373632345331 1156.3985740048811 61.40759068611078 882.37072560249362 85.202802589396015 17.661242052447051 44.813927660929039 118.68410268635489 398.07802167907357 73.513587878551334 6.3103780774399629 17.468958103563637 87.266268191742711 24.417965908767655 555.05809601978399 76.013525282789487 60.941617117729038 2.6796006839722422 49.102420943789184 4.129910279531031 165.75168514112011 102.31200349214487 26.767206214834005 1932.8882080630865 341.87102700048126 4.8313764859922221 17.081225038738921 17.411893130978573 62.717606405494735 5.5996725270524612 2.3655390739440909 4.0746532254852346 65.879969069035724 84.570003700908273 1293.198673488223 61.470806314144284 19.762071981560439 10.618000136455519 269.76091523026116 1218.1316014936892 25.54943029070273 101.11689947498962 16.73966141068377 6.6048130290582758 4.115061154589057 4.165855373023077 702.65073783369735 6.9655129341408593 64.500559867825359 2.9328667223453522 9.7668794810306263 68.175254766829312 7.0146021647378785 6.7512337109073997
leaf_count=116724 81 935 4420 307 168 46763 6889 2638 597 9930 1897 200488 7511 4301 1651 15784 1060 368 118 182 979 1860 50932 11647 4331 49 1763 75 3430 2336 5928 700450 3122 234 577 967 982 160 1 125 1395 558 27844 606 101 477 2510 38986 8471 5085 2994 137 730 102 122188 101 182 8 1846 353 156 41
internal_value=2.01092e-05 0.0173498 -0.0413397 0.0315949 0.00326998 -0.00574084 -0.0516406 -0.0575382 0.00651528 0.0426867 -0.0175123 -0.0199862 -0.0164617 -0.0232952 0.0196826 -0.00160194 0.0504443 0.0434173 0.0132313 0.0478487 0.0174934 0.0229213 -0.00649395 -0.0201392 -0.022586 0.00212747 -0.00568535 0.0227321 0.0255863 0.0141932 0.00358771 -0.0590431 0.0221788 0.0192999 0.0212418 -0.0153771 0.0294205 -0.0510523 -0.0598506 0.0158198 0.00416116 0.0479036 0.0197068 0.0380531 0.0216408 0.00830868 0.0161311 0.0147114 -0.0625301 0.00313906 -0.00726441 -0.0616519 -0.000105241 0.00692079 -0.027474 0.0500457 0.034712 -0.050562 0.00877003 0.0404759 0.0240049 -0.0353639
internal_weight=12121.7 8542.45 3579.28 4246.31 4296.14 2629.99 2498.95 1987.95 1227.13 2198.88 1080.32 1018.91 1402.86 832.282 2047.43 820.95 1042.48 655.841 83.9539 571.887 1666.15 406.183 570.578 194.698 953.079 254.888 210.074 77.6435 392.058 226.306 111.97 1955.98 1792.54 1450.67 201.888 36.8587 165.03 14.1248 19.7774 1579.23 626.253 86.9138 1445.84 152.642 91.8509 72.0888 1575.16 1487.89 28.229 181.845 132.742 27.4595 10.7199 105.283 720.312 554.418 156.34 9.89838 70.7085 146.442 81.9411 13.7658
internal_count=1427631 387948 1039683 67182 320766 277527 826701 709977 86499 13509 212982 211085 191028 139928 53673 75589 3579 2644 561 2083 43239 10910 51100 27431 206665 20982 19331 443 10153 6723 13439 707339 32691 29569 4863 1545 3318 757 968 42600 48158 639 29335 1491 1184 1083 42475 41496 8520 10811 9048 3861 867 5187 126489 1901 841 109 6177 732 550 197
is_linear=0
shrinkage=0.05


Tree=4
num_leaves=63
num_cat=0
split_feature=19 19 20 2 17 20 20 14 17 20 8 14 20 1 14 20 12 6 1 6 2 2 20 16 1 2 20 6 2 20 14 6 20 16 8 14 4 17 12 17 1 19 4 2 16 16 2 1 4 2 20 14 1 19 14 2 1 17 12 5 8 14
split_gain=3076.53 631.753 571.072 263.921 241.875 196.931 122.52 105.726 93.3394 101.422 84.2267 71.0229 51.4013 50.075 49.3789 45.8667 49.9406 33.8592 33.0304 31.7834 31.0128 43.9223 30.3456 30.1056 29.7511 43.4412 33.1117 28.1687 26.9955 26.7646 25.7847 25.5948 34.0355 54.2908 33.611 33.2803 29.688 24.882 40.6468 48.542 31.6949 28.375 24.8401 23.8307 22.4755 22.3644 21.6351 21.5334 21.6196 21.3696 24.5188 21.2765 20.9952 20.7551 21.3612 20.559 20.0312 19.8819 32.9607 19.7011 19.8068 19.4294
threshold=1.5000000000000002 2.5000000000000004 0.53258806467056286 10.500000000000002 7.1774418354034433 0.63550949096679699 0.44085200130939489 66.500000000000014 4.1841416358947763 0.47950157523155218 1.5000000000000002 57.500000000000007 0.59287819266319286 0.015749008394777778 70.500000000000014 0.39838491380214697 6.5000000000000009 7.5000000000000009 0.0038535788189619784 5.5000000000000009 150.00000000000003 45.500000000000007 0.62530410289764415 1.0000000180025095e-35 0.011050061322748663 3.5000000000000004 0.51012039184570324 2.5000000000000004 1.5000000000000002 0.49928286671638494 75.500000000000014 12.500000000000002 0.63281998038291942 2.5000000000000004 6.5000000000000009 41.500000000000007 10.500000000000002 20.554533958435062 1.5000000000000002 9.7217559814453143 0.014599318150430919 3.5000000000000004 15.500000000000002 76.500000000000014 4.5000000000000009 3.5000000000000004 150.00000000000003 0.016261236742138866 1.5000000000000002 32.500000000000007 0.38604214787483221 80.500000000000014 0.0086581707000732439 3.5000000000000004 40.500000000000007 50.500000000000007 0.014389234129339458 16.89421367645264 2.5000000000000004 0.013072453904896976 7.5000000000000009 41.500000000000007
decision_type=2 2 2 2 2 2 2 2 2 2 2 2 2 2 2 2 2 2 2 2 2 2 2 2 2 2 2 2 2 2 2 2 2 2 2 2 2 2 2 2 2 2 2 2 2 2 2 2 2 2 2 2 2 2 2 2 2 2 2 2 2 2
left_child=2 5 4 10 6 8 -1 18 9 17 -3 12 -4 24 20 16 -5 -2 46 59 21 -11 -10 43 25 -12 -26 42 -7 -20 -30 -28 -33 -34 -35 36 -36 38 39 -29 -39 -42 -17 -16 56 -14 -8 48 -41 50 -19 -9 -53 -27 -55 -13 -37 58 -6 60 -18 -56
right_child=1 3 11 15 57 28 7 51 22 14 13 55 45 -15 23 27 19 49 29 -21 -22 -23 -24 -25 26 53 31 37 30 -31 -32 32 33 34 35 44 -38 40 -40 47 41 -43 -44 -45 -46 -47 -48 -49 -50 -51 -52 52 -54 54 61 -57 -58 -59 -60 -61 -62 -63
leaf_value=-0.068267226306739745 0.018336878568990026 0.051385714185232911 -0.030399438973627058 0.04158296717014355 -0.10159076313068123 0.029844838044921031 -0.039741448401934748 -0.018979379120956673 0.022185063012755024 -0.009213669716812407 0.029232243418085453 -0.10007399683082036 -0.017545703061636084 0.041647230739723838 0.044508615618875598 0.021882546443934947 -0.10603119661109224 0.0183862431130743 -0.062607010080502332 -0.050279201008228441 0.021416020882481457 -0.030807309644019294 -0.10490702273352147 -0.006688797003900117 -0.1066722910772257 0.015586747675957677 0.03507774521331649 0.047783367959580526 0.0076986941210234611 -0.04279159026802587 0.038415360490523125 0.04268236819331863 0.031553285261383297 0.03183909180887836 -0.10624872315702379 -0.10410785266282417 0.0059320262178384946 0.034333618397769196 0.013249058794753641 0.049182836899244887 0.038516159911049251 -0.10331747712718516 0.04993919530425827 -0.10270429900328011 -0.10398050979725458 0.01014203351530755 0.0072405247847970415 0.070044293792741075 -0.10494403932789985 -0.058912347231581202 -0.044070461832278855 0.030156572586183913 -0.10064268221620623 -0.10558025622743894 0.068713359015077594 0.01145098462574223 -0.0028074241690221702 0.044715257001650098 0.0087049203373676318 -0.014549233557769131 0.071113439909812046 -0.042837991114308187
leaf_weight=1217.9174098683288 20.009825694840401 770.40131596266292 374.29947636660654 37.320452576037496 7.3183740186505011 196.57543562992942 101.61772584007122 92.073487491579726 195.17149798921309 683.19476899935398 72.564655343536288 4.1844290443696073 133.90867358702235 801.41802399768494 70.69616375095211 374.86433777143247 1.7947326800785948 21.082805326674134 469.03444490092807 61.657393605448306 56.379830775316805 359.35718445014209 4.8125834784004828 72.052123081171885 4.5259166348259887 18.631005518371239 651.56082347314805 11.378918025875462 1031.0451702340506 267.65340760094114 73.169296124950051 113.91287502995692 155.98116251151077 36.321076469495893 6.439689563587307 6.6011942708864835 70.075920598581433 216.63571480568498 1638.9744666215265 2.5362470932304921 6.1881728777661911 8.1976943546906096 99.917642652988434 2.8602864323183885 16.673913843464106 160.16606804030016 32.290487880352885 2.3266583774238816 22.110981209902093 178.03313693997916 61.704000921163242 46.648385713109747 3.2839399175718418 11.585005260072647 4.6170584727078703 332.08589929691516 18.716715614311397 34.281530272215605 90.992874606745318 60.372871050611138 13.065060151740907 25.255815130658448
leaf_count=447947 1568 2684 124097 781 1719 2204 43607 17701 7203 61885 923 1242 36552 4078 808 5423 94 1901 170654 16645 5613 71523 269 4731 237 696 5425 227 61630 92758 1017 1271 1692 307 157 246 1109 1756 50836 18 52 149 973 180 571 39645 7465 6 1077 51405 10894 2427 406 504 22 44732 236 475 8256 5958 304 660
internal_value=9.73917e-05 0.0163368 -0.0402571 0.0266759 -0.0536819 -0.00191665 -0.0575821 -0.0447304 -0.0129917 -0.0172026 0.0373244 -0.00867934 -0.018109 0.031948 -0.0110782 0.0150782 -0.00968808 -0.044344 -0.0512555 -0.0236661 -0.0147035 -0.0166568 0.0191266 0.0162826 0.0255422 0.00319495 0.028285 0.0168887 0.0127732 -0.0554077 0.00973409 0.0288525 0.0193024 0.0107335 -0.0102412 -0.0231383 -0.0035093 0.0141773 0.0120584 -0.0388233 0.0295612 -0.0423068 0.0277871 0.0387842 -0.0589054 -0.00246574 -0.0284123 -0.0753583 -0.0890841 -0.0491528 -0.028165 -0.0047269 0.0215542 -0.0282483 -0.0479475 0.0100632 -0.0292197 0.0119276 0.000494415 -0.00185525 0.0497183 -0.025597
internal_weight=11736.5 8368.77 3367.76 5342.62 2363.11 3026.14 2230.52 1012.6 1725.35 1525.37 2785.28 1004.64 668.374 2014.88 1244.54 2557.34 174.211 280.83 870.596 136.89 1098.93 1042.55 199.984 145.609 1213.46 132.654 1080.81 2383.13 1300.79 736.688 1104.21 1076.28 424.723 310.81 154.829 118.507 76.5156 1908.35 1677.33 38.3528 231.022 14.3859 474.782 73.5565 41.9918 294.075 133.908 26.9739 24.6472 260.82 82.7868 142.006 49.9323 60.0889 41.4579 336.27 25.3179 132.593 98.3112 75.2327 14.8598 29.8729
internal_count=1427631 387948 1039683 105117 793415 282831 782965 335018 217980 210508 20818 246268 200294 18134 144740 84299 23782 65768 314484 23001 139021 133408 7472 5719 14056 2805 11251 60517 64851 263412 62647 11014 5589 4318 2626 2319 1266 54121 52164 1328 1957 201 6396 988 1053 76197 51072 1101 1095 64200 12795 20534 2833 1882 1186 45974 482 10450 9975 6356 398 682
is_linear=0
shrinkage=0.05


Tree=5
num_leaves=63
num_cat=0
split_feature=19 10 14 2 0 0 17 17 17 0 17 0 4 19 14 15 14 12 14 10 4 4 14 10 2 14 0 14 12 14 2 17 0 4 0 14 12 12 14 17 9 10 6 9 9 4 9 2 14 3 17 6 0 12 6 17 9 14 0 14 14 19
split_gain=2716.37 548.503 303.849 230.156 181.638 154.353 99.8362 72.9478 62.8056 61.1459 55.7979 78.8392 51.6908 61.5487 42.4022 39.6375 38.9268 35.8445 36.9961 34.6247 31.8807 29.4469 28.7849 28.4638 27.346 33.8604 27.255 25.8352 24.3654 25.5928 25.019 22.902 25.7459 22.6121 37.2857 20.6232 20.21 19.7513 32.8597 24.7426 22.9059 19.3148 19.3017 19.5368 19.3947 19.2005 18.9876 18.8809 18.841 23.8481 18.6984 20.8703 28.8871 24.6044 24.1587 19.1718 18.6589 18.3955 26.6626 18.264 19.8394 22.2967
threshold=1.5000000000000002 15.500000000000002 53.500000000000007 14.500000000000002 61.500000000000007 66.500000000000014 3.7284004688262944 10.499359607696535 7.1774418354034433 2.5000000000000004 5.0880515575408944 4.5000000000000009 110.00000000000001 4.5000000000000009 67.500000000000014 4.5000000000000009 47.500000000000007 17.500000000000004 70.500000000000014 1.0000000180025095e-35 18.500000000000004 17.500000000000004 59.500000000000007 1.5000000000000002 9.5000000000000018 51.500000000000007 149.50000000000003 3.5000000000000004 110.00000000000001 44.500000000000007 17.500000000000004 30.159107208251957 26.500000000000004 16.500000000000004 44.500000000000007 24.500000000000004 1.5000000000000002 5.5000000000000009 34.500000000000007 8.0843319892883319 0.014389234129339458 110.00000000000001 13.500000000000002 1.0000000180025095e-35 0.015504807699471714 1.0000000180025095e-35 0.015268065501004459 2.5000000000000004 60.500000000000007 0.0088107436895370501 22.202841758728031 1.5000000000000002 10.500000000000002 5.5000000000000009 1.0000000180025095e-35 7.7644584178924569 0.012903762981295587 78.500000000000014 9.5000000000000018 29.500000000000004 69.500000000000014 2.5000000000000004
decision_type=2 2 2 2 2 2 2 2 2 2 2 2 2 2 2 2 2 2 2 2 2 2 2 2 2 2 2 2 2 2 2 2 2 2 2 2 2 2 2 2 2 2 2 2 2 2 2 2 2 2 2 2 2 2 2 2 2 2 2 2 2 2
left_child=2 3 5 9 10 -1 -6 28 17 19 11 15 13 14 23 48 33 -4 -19 -2 50 46 31 -5 25 -23 35 -26 -7 30 -30 37 -33 34 -13 -11 -10 38 -12 40 -39 -40 -35 47 -45 -28 -17 -44 49 -3 51 53 55 54 -15 -53 -52 58 -18 -14 -61 -62
right_child=1 4 8 12 6 7 -8 -9 36 26 22 16 59 20 -16 21 57 18 -20 -21 -22 24 -24 -25 27 -27 45 -29 29 -31 -32 32 -34 42 -36 -37 -38 39 41 -41 -42 -43 43 44 -46 -47 -48 -49 -50 -51 56 52 -54 -55 -56 -57 -58 -59 -60 60 61 -63
leaf_value=-0.021945802671213176 0.061152354677406789 -0.10296873032152154 -0.08336941663105496 0.018030338737979261 -0.024604452968614229 -0.075933871295953942 0.0096386962203784624 0.029441731984815783 -0.099894690432409325 0.042701668483930547 -0.086087228773547922 -0.061987470962496974 0.050218212822681796 -0.10699118979442926 -0.096536062125502142 -0.11152362264571902 0.024359549296026642 -0.025257749624838871 -0.0033718325278435457 0.041679017914711444 -0.10484966597278281 0.042203588035601286 0.034884939503222953 -0.01864027457353469 -0.10466679164630524 -0.0098749868047749954 0.050454823303682075 0.012640189334605504 -0.012429584012069122 -0.041294549331155936 -0.057847992072440096 0.053929124455929435 -0.10241823960246826 0.017339581259301611 0.04013740747912533 0.02845157430689297 0.023684341223570181 -0.071718931461712793 -0.10305180388488369 0.024064678048090468 0.064079704232512358 0.0060224306749096217 -0.036036508125402981 0.015841372529413499 -0.10462971159706275 -0.10957820429683339 0.048878028584888593 -0.0064681849968115102 0.02733863837994633 0.001725233358517497 -0.10214690380596475 0.016263267555025333 0.00097515655122648701 0.031055662156323445 0.015123109836693916 0.059375746327414151 0.040100534274846583 0.031945579792632309 0.0016328415531172485 0.013798639200564603 -0.10014652904417841 0.054630466039507532
leaf_weight=458.02882646932267 330.79764811508358 5.5670112147927275 21.464483139337972 75.129019936546683 745.68821942748036 134.97274668083992 297.88270701048896 25.63880004407838 3.4109787344932547 344.43192645767704 12.875747443176804 38.194617172935978 92.569365667877719 6.5323377256281683 14.215238760923965 5.9919962356798333 165.52558553009294 579.33086880977498 289.62689830490854 736.47621076600626 5.5118465898558489 321.19575643236749 276.458659902215 178.98593243432697 4.9751147914212188 34.570810713572428 2.7797414949163795 82.943223677575588 31.013451146194711 327.39344426081516 1358.3518921429059 43.957560865208507 2.8008775422349563 99.469227558933198 11.667846719734369 965.94935024937149 109.99846649472602 13.096287735272201 4.2927900501526883 140.68190458416939 4.0703703621402374 74.423170901136473 57.845612606033683 123.296625182149 3.4339068974368265 5.7539528198540193 2.6657961318269372 809.89016478194389 79.728240564931184 237.26035962603055 2.3637163629755369 92.266730307135731 393.84443599055521 200.10442218068056 10.659283311571926 35.78906722785905 93.371033398201689 79.410271718399599 585.69552159495652 148.62104996293783 2.4277887698262921 55.964344073552638
leaf_count=116669 645 685 9573 3096 147744 58447 9858 1046 823 2535 591 1817 1428 155 3516 186 3858 154654 40924 3297 261 2724 4200 26415 464 642 35 2896 9985 121469 518926 221 95 2364 371 9581 6927 1055 144 3281 36 1575 2479 3790 162 456 24 79640 905 4661 55 1324 11316 2355 140 235 578 1270 35651 5639 332 581
internal_value=-9.30152e-05 0.0154524 -0.0380816 0.0293568 0.00336674 -0.0479699 -0.0148299 -0.0543191 -0.0150764 0.0388171 0.00908304 0.00612561 0.0133282 0.00834899 -0.0124996 0.0196409 0.000821297 -0.0195398 -0.0179631 0.0477147 0.0150054 0.0291902 0.0232816 -0.00779862 0.0309722 0.037143 0.0316172 0.00600203 -0.0554789 -0.0538707 -0.0568342 0.0124517 0.0445638 -0.00516148 -0.0380902 0.0321972 0.0199675 0.00643213 -0.0120383 0.0171496 -0.0395198 7.40463e-05 -0.00366056 -0.00576105 0.0125771 -0.0574495 -0.0621348 -0.00843929 0.00624935 -0.000674959 0.0157966 0.0131038 0.00768273 0.0261241 -0.0312769 0.0283124 0.0365884 0.00905972 0.00664049 0.0317564 0.0235009 0.0481953
internal_weight=11499.3 8160.1 3339.23 3794.54 4365.56 2335.4 1043.57 1877.37 1003.83 2386.19 3321.99 2749.33 1408.36 1108.77 268.33 774.898 1974.43 890.422 868.958 1067.27 840.443 452.343 572.657 254.115 443.685 355.767 1318.91 87.9183 1851.73 1716.76 1389.37 296.199 46.7584 1143.8 49.8625 1310.38 113.409 249.44 91.5917 157.849 17.1667 78.716 1093.94 994.466 126.731 8.53369 8.65779 867.736 322.556 242.827 834.931 739.196 521.9 217.296 17.1916 128.056 95.7347 830.631 751.221 299.583 207.013 58.3921
internal_count=1426807 387364 1039443 73975 313389 826542 157602 709873 212901 16549 155787 144589 57426 49446 33027 13187 131402 205151 195578 3942 16419 6936 11198 29511 6726 3366 12607 3360 708827 650380 528911 6998 316 90623 2188 12116 7750 6682 2310 4372 1091 1719 88435 86071 3952 491 210 82119 6251 5346 16158 15525 12875 2650 295 1559 633 40779 39509 7980 6552 913
is_linear=0
shrinkage=0.05


Tree=6
num_leaves=63
num_cat=0
split_feature=19 19 14 0 0 0 10 14 17 17 17 0 7 2 14 15 0 2 15 14 15 12 14 14 7 0 10 12 12 14 14 14 15 2 0 0 10 19 2 2 17 7 12 14 10 10 0 15 1 14 4 0 12 15 0 2 14 2 2 15 0 14
split_gain=2585.27 566.367 267.945 215.2 128.065 120.657 83.5656 75.6138 72.6333 67.3842 52.1006 47.7112 43.2177 41.2278 35.0127 31.0768 29.7236 29.3031 36.7354 27.4975 36.0302 27.2962 27.2822 26.6799 26.0191 26.5454 25.5027 24.6536 22.4724 22.2219 21.37 21.3523 31.5318 21.231 33.4768 31.2148 33.5469 22.7921 21.1579 20.5082 20.4452 20.3069 23.5797 20.1491 20.0751 21.1478 19.8656 21.6832 19.7582 19.7569 19.7171 19.7117 19.6444 19.5373 18.8796 21.7902 21.4605 19.7415 21.3431 18.4832 18.4044 18.3637
threshold=1.5000000000000002 2.5000000000000004 53.500000000000007 10.500000000000002 66.500000000000014 21.500000000000004 2.5000000000000004 48.500000000000007 5.4918768405914316 10.499359607696535 1.0000000180025095e-35 38.500000000000007 0.015038444194942715 7.5000000000000009 82.500000000000014 1.5000000000000002 67.500000000000014 35.500000000000007 5.5000000000000009 26.500000000000004 2.5000000000000004 8.5000000000000018 66.500000000000014 83.500000000000014 0.012739370577037336 54.500000000000007 10.500000000000002 6.5000000000000009 110.00000000000001 76.500000000000014 44.500000000000007 73.500000000000014 5.5000000000000009 28.500000000000004 104.50000000000001 85.500000000000014 11.500000000000002 5.5000000000000009 40.500000000000007 17.500000000000004 12.795445442199709 0.012579114176332952 7.5000000000000009 51.500000000000007 10.500000000000002 13.500000000000002 20.500000000000004 1.5000000000000002 0.0091326101683080214 46.500000000000007 1.0000000180025095e-35 58.500000000000007 12.500000000000002 2.5000000000000004 1.0000000180025095e-35 1.0000000180025095e-35 33.500000000000007 1.0000000180025095e-35 1.5000000000000002 6.5000000000000009 45.500000000000007 43.500000000000007
decision_type=2 2 2 2 2 2 2 2 2 2 2 2 2 2 2 2 2 2 2 2 2 2 2 2 2 2 2 2 2 2 2 2 2 2 2 2 2 2 2 2 2 2 2 2 2 2 2 2 2 2 2 2 2 2 2 2 2 2 2 2 2 2
left_child=2 5 4 6 46 31 13 24 28 11 14 12 17 -3 16 50 -4 -5 38 44 22 29 27 40 25 -7 -20 -21 -6 -14 39 32 -2 34 35 36 -22 48 -19 -30 -9 42 -29 -37 60 -46 47 -1 -38 -49 -13 -44 -42 -18 57 -56 -57 -34 -59 -33 -17 -26
right_child=1 3 10 9 8 7 -8 23 -10 -11 -12 15 21 -15 -16 19 53 18 26 20 33 -23 -24 -25 61 -27 -28 41 30 -31 -32 59 54 -35 -36 43 37 -39 -40 -41 52 -43 51 -45 45 -47 -48 49 -50 -51 -52 -53 -54 -55 55 56 -58 58 -60 -61 -62 -63
leaf_value=-0.088047555204454744 -1.6521599077413545e-05 0.050968670946873754 -0.0064413623797544579 0.014858505852711736 -0.07566391053104296 -0.013540679656056579 0.028331420052848045 -0.0044488708637282015 0.014135794526807272 0.029873979298756959 0.01095884389297927 0.011598186254154874 -0.10658325041789321 0.021997608984407689 0.013979486347690402 -0.10713226683335837 -0.043741223726566809 -0.061823733261748254 -0.010004903354642958 -0.10768841266764934 -0.10724267171992344 0.03263939345465159 0.052478153842725694 0.03782500481602713 0.026666518399301495 -0.031598284099504874 -0.10270869484283536 0.085331239215590715 -0.016119622452880001 0.066211895181748012 -0.041286266547014464 0.034110316415295175 0.059306006292116631 -0.00230912341330354 -0.10563672120698625 0.058736239094920144 -0.0092821001639237215 0.055077002286743275 0.011093810345241475 -0.056648633502829497 0.038057416283769491 0.028477632230178931 -0.001972958292675952 -0.10395658425032475 -0.10032721302287401 0.0066163029131012692 -0.028751593447031393 -0.009716997466306122 -0.10353372939748395 0.044968172670964944 -0.046694523310190444 -0.097708445595614493 -0.097389257203877366 -0.023489665254300154 -0.049517193799384067 0.025959476435408919 0.0033169829693811487 -0.11232436008374587 0.022691041193732907 -0.10563019506412696 0.035607804381149646 -0.095845738673254743
leaf_weight=7.0423697796650222 682.20135573728476 847.02070036716759 186.75687834550627 532.92928316676989 116.32441897026729 369.96980644972064 1619.0225394669687 661.62737418327015 39.495629468001425 570.63237410562579 153.5962826453615 20.303198123117909 6.3157959219533932 143.62347437255085 66.768785422900692 2.3011283758096388 168.08445795881562 11.205132963834329 13.6829060013406 4.5565944500267497 12.704706285614519 382.67910960037261 48.004331947304308 44.253563553967979 38.529023888986558 452.36990038841031 16.204894529422745 4.0715026874095228 31.971754933474585 2.6376722734421492 318.54001079429872 100.5102890250273 47.23016195744276 399.68528156273533 12.512393621494992 16.021967733744535 19.779947620350871 9.2146308240480703 88.693009551381692 1315.2125117098913 43.836733670439571 56.790430472698063 11.740154220024126 2.1596074528060845 5.0673648871015748 52.680510418955237 350.13816412515007 71.266964442795143 7.7348221661522976 21.499057937180623 50.805938003701158 9.9197700766380859 2.8510729151312253 408.59876247402281 14.045979609712957 194.70529190578964 226.25007768196519 3.1182495113462201 47.738192333839834 2.4233731904532751 121.16085787280463 3.3225017180666319
leaf_count=3684 28714 2606 30244 12193 55562 47752 16039 72031 4516 8192 13054 446 208 1311 5058 117 46897 633 465 287 714 3776 661 1070 3242 106454 1291 12 9980 15 121160 1173 149 29980 1415 210 779 119 2610 518655 751 1551 561 174 734 3249 95303 15176 508 2506 9739 1341 253 117648 480 7637 11030 69 655 279 2918 771
internal_value=1.6362e-06 0.0152277 -0.0375893 0.025295 -0.0470298 -0.00227229 0.0353302 -0.0114264 -0.0529303 0.0147868 -0.0157922 0.0103065 0.0174519 0.0467684 -0.0207413 0.00161929 -0.0237779 0.00967 -0.0116352 0.00444809 -0.000596445 0.0306203 0.0222142 0.000160843 -0.021517 -0.0234742 -0.0602681 0.00553045 -0.0544167 -0.0556782 -0.0529329 0.00895493 0.00710294 -0.00701838 -0.0305085 -0.0166059 -0.0372089 -0.0129842 0.00291497 -0.0556868 -0.00219231 0.011782 -0.0250659 0.0394116 0.0215656 -0.00276797 -0.0231424 -0.00346455 -0.0357777 0.0029566 -0.0300507 -0.0458177 0.0297861 -0.0293923 0.0162138 0.0117457 0.0137899 0.0360294 0.0144126 0.0308204 0.0329474 0.0169405
internal_weight=11292.1 8036.84 3255.3 5101.86 2271.49 2934.98 2609.67 1616.76 1821.54 2492.2 983.805 1921.56 1054.35 990.644 830.209 867.215 763.44 662.715 129.786 796.106 614.896 391.633 135.083 752.569 864.191 822.34 29.8878 87.0785 1782.05 8.95347 1665.72 1318.22 1215.29 479.813 80.1281 67.6157 49.4341 36.7294 99.8981 1347.18 708.315 82.5219 25.7314 18.1816 181.21 57.7479 449.947 99.8084 27.5148 92.766 71.1091 21.6599 46.6878 576.683 533.088 435.001 420.955 98.0866 50.8564 102.934 123.462 41.8515
internal_count=1426807 387364 1039443 104854 826542 282510 19956 232324 709873 84898 212901 76706 21191 3917 199847 55515 194789 17192 4999 45330 38312 3999 4413 74105 158219 154206 1756 3752 705357 223 649795 50186 48734 33899 3919 2504 2120 1406 3243 528635 73035 3465 1914 384 7018 3983 116669 21366 1287 17682 10185 1902 1004 164545 20020 19147 18667 873 724 1452 3035 4013
is_linear=0
shrinkage=0.05


Tree=7
num_leaves=63
num_cat=0
split_feature=19 19 20 17 2 20 20 17 14 20 14 20 8 6 2 14 14 6 20 2 6 14 20 15 0 14 20 15 20 2 0 0 20 20 20 0 20 0 0 14 15 15 0 2 7 2 20 2 20 14 15 14 8 20 5 20 2 17 2 2 20 14
split_gain=2411.58 534.196 489.309 201.498 194.934 186.228 112.987 76.8225 71.52 71.1315 73.8962 62.0538 54.6983 48.5336 46.6256 49.1505 43.4716 41.385 42.6553 32.7297 30.8091 29.1813 28.6229 25.1671 25.1363 29.2015 24.2773 23.2987 23.1923 22.2803 46.8855 21.9912 21.734 24.5796 21.5568 21.2456 29.9625 21.1227 23.6793 24.5422 21.8496 28.1017 27.2629 21.1215 20.9456 20.5283 24.7769 20.4333 22.6395 38.8421 23.3829 20.3809 19.8949 22.2888 19.6152 22.1375 19.4659 19.0877 18.5511 23.8124 18.4855 18.4773
threshold=1.5000000000000002 2.5000000000000004 0.53648674488067638 5.4918768405914316 4.5000000000000009 0.52988538146018993 0.43252956867218023 5.9832961559295663 81.500000000000014 0.60610684752464306 64.500000000000014 0.37945076823234564 1.5000000000000002 2.5000000000000004 5.5000000000000009 71.500000000000014 71.500000000000014 9.5000000000000018 0.46675199270248419 28.500000000000004 11.500000000000002 53.500000000000007 0.63550949096679699 4.5000000000000009 2.5000000000000004 49.500000000000007 0.46916927397251135 7.5000000000000009 0.35872381925582891 68.500000000000014 15.500000000000002 8.5000000000000018 0.51607772707939159 0.33279025554656988 0.68270036578178417 1.0000000180025095e-35 0.50894132256507885 200.00000000000003 6.5000000000000009 38.500000000000007 3.5000000000000004 1.5000000000000002 19.500000000000004 17.500000000000004 0.013072453904896976 8.5000000000000018 0.63021120429039013 83.500000000000014 0.65023300051689159 45.500000000000007 4.5000000000000009 66.500000000000014 14.500000000000002 0.48414677381515508 0.013072453904896976 0.245488315820694 71.500000000000014 7.3838927745819101 23.500000000000004 17.500000000000004 0.27059981226921087 45.500000000000007
decision_type=2 2 2 2 2 2 2 2 2 2 2 2 2 2 2 2 2 2 2 2 2 2 2 2 2 2 2 2 2 2 2 2 2 2 2 2 2 2 2 2 2 2 2 2 2 2 2 2 2 2 2 2 2 2 2 2 2 2 2 2 2 2
left_child=2 5 3 6 12 7 -1 16 21 10 -4 20 -3 -13 23 22 17 60 -19 35 28 -8 37 -7 -15 -26 -5 -17 54 52 -31 43 33 57 -11 -20 58 38 39 45 41 42 -40 -24 -39 -16 -47 48 50 -50 -45 -41 53 -27 -6 -56 -32 -9 59 -37 -2 -14
right_child=1 4 9 26 11 14 8 32 -10 34 -12 13 61 24 15 27 -18 18 19 -21 -22 -23 31 -25 25 29 -28 -29 -30 30 56 -33 -34 -35 -36 36 -38 44 40 51 -42 -43 -44 47 -46 46 -48 -49 49 -51 -52 -53 -54 -55 55 -57 -58 -59 -60 -61 -62 -63
leaf_value=-0.064710063850930852 -0.08855242488876737 0.050624341193406155 -0.026211800651812389 0.013600713177257582 0.040444152462499855 0.0036184380974735998 -0.049238029665208759 0.016569039806194785 0.016973046863335266 0.0055646188656709511 0.01731706257124889 0.03015637279549236 0.036022353785032303 0.030125665064215514 0.0302732366988126 0.026082344269496217 0.0055935736213205169 -0.060772901358055069 0.075001885226414475 -0.043457930886706173 -0.056580669079771509 -0.029434591030919572 0.0036413680277099271 0.027598498796934476 0.0087214138398259335 -0.10146256801364405 -0.051225504984606686 -0.10129523532159053 -0.0831773762427893 -0.10930084514737284 -0.1051914570395177 0.0090538848661229424 -0.10183812526555705 0.028384844048868769 0.03541282921001903 -0.00057848477297115799 -0.055654881896600478 0.056071609990136467 -0.062396605122263443 0.039315429715457421 -0.0076853832478628358 -0.04223501640044712 0.010675705844695006 -0.10514929504729319 -0.1053486396186923 -0.089294469921665315 0.055638961328401876 0.032745925392308528 -0.021950973074122034 -0.10538435425189736 0.044150493598762997 -0.1095290072133013 0.01647374071136197 0.033801599132599502 -0.052509218500285483 0.0096876711693542946 0.012787612903065111 -0.10777230773538873 0.037761215850575763 -0.091451039953291804 0.03251345974077801 0.022016236076791037
leaf_weight=1051.7024332309375 3.565785625716674 592.63528602872975 436.80437193973921 135.03242382034659 27.871263665845618 174.28105952148326 774.44618410046678 6.0349521818570775 49.649970829952508 261.39776179916225 125.51799884904176 747.11836998374201 792.96727067045867 265.0485541834496 10.648485798388721 202.34658728400245 65.747408087481745 176.27887591387844 7.00102500244975 174.85694364144001 34.04818951501511 244.82930758246221 125.7195096721407 293.96635673823766 1225.6368893352337 3.07149913907051 16.172078533563763 3.6547711514867833 8.0559352699201536 8.5786957689560932 3.5684972337912759 604.8599633226404 3.8704504068009546 86.339752484112978 78.703309939242899 47.453581240726635 32.047157687135041 19.274178671417761 16.034886155859567 53.583728635916486 398.42381530313287 127.50350324751344 62.58658454217948 3.2734717400744584 2.2435614510904989 13.610330113675447 3.7644464112818232 11.928704730002208 39.215051186038181 21.651580744888633 13.188162477454169 2.4029750688932827 397.95551039325073 360.13445615395904 20.665982380509377 46.489803469972685 172.73443565657362 6.3174191978760064 24.535577581031248 8.5003893461544049 27.238761149113998 334.93474725494161
leaf_count=415962 943 1733 145171 12215 937 4786 305187 203 2323 66721 15358 8022 5581 2284 206 5238 4580 51781 50 39487 10470 66880 3535 6451 38488 434 2285 602 927 348 241 48314 359 2978 7341 4315 4622 1004 1079 1437 60674 21482 6487 222 291 1439 89 405 2437 1397 271 105 9242 5193 6416 3462 7711 615 1599 1781 1246 3365
internal_value=9.35026e-05 0.0148588 -0.036726 -0.0490985 0.024666 -0.00234491 -0.0530747 -0.0254339 -0.0416268 -0.00557847 -0.0164956 0.0175892 0.0383254 0.0190077 0.00467125 0.000894361 -0.0326344 -0.0376464 -0.041321 -0.0296736 -0.0153436 -0.0444813 -0.00219289 0.0186732 0.0155894 0.0138153 0.00666722 0.0238225 -0.00172306 0.0204146 0.00484541 0.00417187 0.0143886 0.0189467 0.0124718 -0.00951012 -0.0147677 -0.00954148 -0.011066 0.0138074 -0.0145224 -0.0277379 -0.00422743 -0.0095642 0.039241 -0.0243909 -0.057893 -0.0281644 -0.0375605 -0.05163 0.0144615 0.032927 0.0241963 0.0326577 0.00518224 -0.0094523 0.0103996 -0.0470233 0.00151166 -0.0143836 0.0184995 0.0318632
internal_weight=11089.7 7915.47 3174.26 2271.83 5041.52 2873.95 2120.63 669.788 1068.93 902.423 562.322 3320.98 1720.54 3183.85 2204.16 1735.91 567.226 501.478 470.674 294.395 137.131 1019.28 1529.91 468.247 2436.73 2171.68 151.205 206.001 103.083 946.043 184.882 819.836 102.563 98.6921 340.101 119.538 112.537 710.076 688.559 84.01 604.549 206.125 78.6215 214.976 21.5177 28.0233 17.3748 89.257 77.3283 60.8666 16.4616 55.9867 761.161 363.206 95.027 67.1558 176.303 12.3524 80.4895 55.954 30.8045 1127.9
internal_count=1426807 387364 1039443 804852 104854 282510 790352 114559 374390 234591 160529 94175 10679 71963 167951 156714 110404 105824 103635 51854 22212 372067 150874 11237 63941 61657 14500 5840 11742 23169 8300 56581 4155 3796 74062 12367 12317 94293 92998 3276 89722 29048 7566 8267 1295 1734 1528 4732 4327 3834 493 1542 14869 5627 10815 9878 7952 818 7695 6096 2189 8946
is_linear=0
shrinkage=0.05


Tree=8
num_leaves=63
num_cat=0
split_feature=20 17 10 10 20 1 1 14 14 20 2 14 2 17 10 6 15 1 2 8 10 12 20 14 1 2 8 14 15 20 2 20 17 14 20 20 2 4 20 6 1 8 20 20 4 14 1 17 17 20 15 20 10 4 1 15 14 14 14 10 2 2
split_gain=2128.63 532.012 434.338 353.568 179.336 115.401 114.312 95.4006 93.8168 85.3288 62.253 48.2055 60.7606 45.4569 36.8822 34.6359 32.2907 31.881 26.0188 25.9433 25.4087 24.5472 23.9257 23.8595 25.7998 31.0216 29.3938 23.0244 22.8806 22.5402 22.54 22.6156 21.6947 20.8123 20.7607 35.7265 43.2346 20.3694 31.6315 24.037 20.2825 20.2413 19.7475 19.4895 19.262 19.1231 18.487 17.9509 17.9369 21.5197 18.9713 17.5926 17.4955 34.1438 25.4876 21.7581 28.3795 30.9832 18.1658 17.0853 17.2447 16.666
threshold=0.52988538146018993 7.3681252002716073 18.500000000000004 13.500000000000002 0.45239855349063879 0.015749008394777778 0.0082988981157541292 45.500000000000007 65.500000000000014 0.21614902466535571 32.500000000000007 54.500000000000007 6.5000000000000009 20.028470039367679 2.5000000000000004 110.00000000000001 6.5000000000000009 0.015268065501004459 3.5000000000000004 17.500000000000004 110.00000000000001 18.500000000000004 0.81911325454711925 85.500000000000014 0.011561079882085325 11.500000000000002 1.0000000180025095e-35 58.500000000000007 5.5000000000000009 0.27059981226921087 13.500000000000002 0.51847070455551159 6.8472936153411874 73.500000000000014 0.59462928771972667 0.55589193105697643 9.5000000000000018 110.00000000000001 0.32543043792247778 3.5000000000000004 0.015749008394777778 16.500000000000004 0.46675199270248419 0.51847070455551159 6.5000000000000009 70.500000000000014 0.014389234129339458 8.0172181129455584 4.1841416358947763 0.5572761893272401 1.5000000000000002 0.55589193105697643 10.500000000000002 110.00000000000001 0.015038444194942715 1.5000000000000002 65.500000000000014 36.500000000000007 25.500000000000004 110.00000000000001 17.500000000000004 7.5000000000000009
decision_type=2 2 2 2 2 2 2 2 2 2 2 2 2 2 2 2 2 2 2 2 2 2 2 2 2 2 2 2 2 2 2 2 2 2 2 2 2 2 2 2 2 2 2 2 2 2 2 2 2 2 2 2 2 2 2 2 2 2 2 2 2 2
left_child=1 3 5 9 19 18 7 16 10 -1 27 12 17 44 -7 20 51 -8 -2 29 -12 34 48 24 25 26 -23 40 -10 -5 31 -11 -17 -21 35 -20 -37 39 -39 -32 46 -15 -41 -44 -14 -9 -6 -36 49 -13 -51 59 -26 54 55 58 57 -57 -54 -4 -61 -52
right_child=2 -3 6 4 8 14 11 45 28 30 15 22 13 41 -16 32 -18 -19 21 33 -22 23 -24 -25 52 -27 -28 -29 -30 -31 37 -33 -34 -35 47 36 -38 38 -40 42 -42 -43 43 -45 -46 -47 -48 -49 -50 50 61 -53 53 -55 -56 56 -58 -59 -60 60 -62 -63
leaf_value=-0.066562022053164638 0.032321340575339426 0.020802283429049075 0.07566866409873195 -0.065963114402737028 -0.008596131198257341 0.050091425692373598 0.0022898097278675152 -0.0022970146565941848 0.0069653080694020283 0.045088803240452384 -0.10001420834909563 -0.017509211869928168 0.049212218727899042 -0.10947467048530497 0.031863317417730984 -0.046118537045472363 -0.0032859749943660922 0.026137674405821182 0.033135726469345587 -0.06113372292211422 0.018575828710866573 0.023946796071380727 0.058252955274826469 0.071186461522766128 0.022992669308502262 0.0069018409575629814 -0.10458278745455546 -0.094723971721289435 -0.040044169445564146 -0.012752247006724291 0.014833603840345044 -0.10717463336833387 0.063005067159509154 -0.033711589772928818 0.061315958671924999 0.04485035396089028 -0.10955812887746366 -0.089613143015081317 0.040460111822452724 -0.039739028034055601 0.050960374743101139 0.048450897504920765 0.014280876821474053 -0.10287996035189864 -0.0033669245759418696 0.017209997802071716 -0.10488002341535747 0.028905145693502506 0.027407604989773779 0.032559819891269881 -0.0093850320303985098 -0.027491859829713056 -0.10351032760341401 0.024402997139552546 -0.10686923816776679 -0.013752567187112938 0.048802727336811909 -0.1039718014368881 0.03731676634152916 0.023099344575751104 -0.062383081416753333 0.014755726659699221
leaf_weight=37.334346188232303 481.90248726005666 417.44603581202682 2.5165489460341623 30.726030827849172 145.79439621616621 605.87832502066158 213.80920868786052 439.90712241735309 166.75998609233648 63.585383580299094 5.2143901071976861 55.177858402486891 17.647834156174213 2.1059893020428708 512.02852299599908 827.24930409505032 110.96525165904313 406.75668230780866 29.478958575520664 1268.874046070443 33.759205061011016 6.9531271336600211 35.90939201740548 19.019425807986408 699.78715633414686 336.49805199238472 12.347659870516507 7.7504267692565909 30.640258120605722 56.495641530957073 115.80590820079669 2.5359486266970626 4.5798738040029994 73.182892122480553 48.370023322291672 7.0898540532216456 12.572951596230267 5.0506849333178243 62.659813123987988 52.564000825048424 14.030193566111846 55.470057536615059 43.617725747870281 3.8640119675546876 1341.4116954248166 175.86305161239579 5.1619055322371414 365.83345113438554 280.71453763451427 124.62006895733066 85.162865109276026 257.35330073302612 2.5053198868408826 112.15187263069674 7.2874260377138844 25.662196994991973 9.4867928237654251 15.125128941144792 26.636086196871474 6.3433965491130939 84.380084008444101 445.43361046654172
leaf_count=15275 3380 17428 46 12166 21432 1698 7603 93475 16384 657 821 4837 297 66 3170 299343 36900 4144 420 493727 3047 66 323 65 7839 13380 894 1726 7991 12600 3582 127 234 15090 300 67 552 1616 3006 10375 197 496 2399 537 130393 13193 523 3803 4751 2798 2345 83112 100 2088 313 821 106 855 327 958 35545 24998
internal_value=0.000192508 -0.0321442 0.0152176 -0.0393737 -0.0458472 0.0286426 0.00440179 -0.00960761 -0.0319408 0.00528945 -0.0379202 0.00932727 0.0048745 -0.000840669 0.0417425 -0.0433593 -0.0267933 0.0179212 0.0220421 -0.0579211 0.00270932 0.01919 0.0181598 0.0156045 0.0147618 0.00336597 -0.0582799 -0.0105005 -0.000331454 -0.0314971 0.0129608 0.0392491 -0.0455177 -0.0596384 0.0290445 -0.00168248 -0.0538828 0.00683082 0.0307576 -0.000674785 -0.00654396 0.0426744 -0.0186262 0.00474646 -0.00268417 0.00327416 -0.0118885 0.03269 0.0167072 0.0124789 0.0150043 -0.0342336 0.0192737 0.00618622 -0.0173775 -0.00916547 -0.029091 -0.0472085 0.0252097 -0.0528414 -0.0564061 0.010881
internal_weight=10952.8 3474.68 7478.16 3057.24 2670.22 3336.61 4141.55 1077.33 1240.94 387.018 1043.54 3064.22 2037.2 1416.64 1117.91 870.803 461.559 620.566 2218.71 1429.28 38.9736 1736.81 1027.02 1273.46 1254.44 355.799 19.3008 172.737 197.4 87.2217 349.683 66.1213 831.829 1342.06 463.345 49.1418 19.6628 283.562 67.7105 215.852 164.986 57.576 100.046 47.4817 1359.06 615.77 150.956 414.203 991.109 710.394 655.217 350.593 898.642 198.855 86.703 79.4155 50.2741 40.7873 29.1414 93.24 90.7235 530.596
internal_count=1426807 940283 486524 922855 885281 40244 446280 263229 351698 37574 327323 183051 142999 131252 4868 303445 156561 11747 35376 533583 3868 31996 40052 26854 26789 14340 960 23878 24375 24766 22299 784 299577 508817 5142 1039 619 21515 4622 16893 22152 562 13311 2936 130690 106668 21955 4103 39729 34978 30141 119661 12449 4610 2522 2209 1782 1676 427 36549 36503 27343
is_linear=0
shrinkage=0.05


Tree=9
num_leaves=63
num_cat=0
split_feature=19 19 20 2 20 14 10 0 14 20 12 14 20 2 20 12 20 14 0 6 20 20 0 20 12 20 14 6 0 14 15 6 6 2 15 20 6 15 20 2 0 20 14 20 0 6 0 15 0 12 2 20 14 6 12 0 14 6 10 20 20 19
split_gain=2184.13 420.71 392.764 154.597 144.975 118.874 71.4544 55.0491 54.7782 54.2515 53.7939 44.1598 40.2095 36.6546 34.1286 33.8085 42.5294 33.0978 28.2856 29.29 27.8194 29.2194 26.828 26.7746 33.6856 36.8936 24.6643 23.5561 22.0455 22.8009 21.5201 60.5837 25.3033 20.9062 20.8208 20.7059 20.1103 19.8538 19.8294 19.5441 19.7835 19.3727 19.3664 23.8636 18.9452 18.5195 18.3988 17.7441 24.4069 17.6447 15.9806 20.883 15.9695 15.6048 15.2804 15.1586 16.9823 15.0975 15.0098 14.9478 14.9123 21.1248
threshold=1.5000000000000002 2.5000000000000004 0.53648674488067638 16.500000000000004 0.52988538146018993 66.500000000000014 2.5000000000000004 7.5000000000000009 63.500000000000007 0.60610684752464306 17.500000000000004 65.500000000000014 0.48767259716987615 7.5000000000000009 0.37945076823234564 4.5000000000000009 0.19380924105644229 48.500000000000007 1.0000000180025095e-35 9.5000000000000018 0.46318547427654272 0.50894132256507885 149.50000000000003 0.28956353664398199 18.500000000000004 0.44335819780826574 73.500000000000014 11.500000000000002 2.5000000000000004 21.500000000000004 3.5000000000000004 110.00000000000001 1.0000000180025095e-35 38.500000000000007 4.5000000000000009 0.70070171356201183 17.500000000000004 7.5000000000000009 0.36149525642395025 1.5000000000000002 14.500000000000002 0.47026674449443823 80.500000000000014 0.66447967290878307 1.0000000180025095e-35 4.5000000000000009 8.5000000000000018 7.5000000000000009 1.5000000000000002 110.00000000000001 17.500000000000004 0.38604214787483221 79.500000000000014 16.500000000000004 1.0000000180025095e-35 17.500000000000004 28.500000000000004 17.500000000000004 1.0000000180025095e-35 0.43531505763530737 0.68812379240989696 6.5000000000000009
decision_type=2 2 2 2 2 2 2 2 2 2 2 2 2 2 2 2 2 2 2 2 2 2 2 2 2 2 2 2 2 2 2 2 2 2 2 2 2 2 2 2 2 2 2 2 2 2 2 2 2 2 2 2 2 2 2 2 2 2 2 2 2 2
left_child=2 4 5 6 10 12 13 57 9 -4 33 18 15 28 27 16 -1 35 -12 45 -21 39 -8 -7 59 -26 49 -5 -3 -30 -28 32 -32 -2 -11 36 -9 -37 -13 -22 -41 52 43 -19 -15 -20 -45 60 -49 -16 51 -17 -27 -51 -31 -42 -57 -6 -29 -25 -46 -62
right_child=1 3 8 14 7 23 22 17 -10 34 11 38 -14 44 26 50 -18 42 19 20 21 -23 -24 24 25 41 30 58 29 54 31 -33 -34 -35 -36 37 -38 -39 -40 40 55 -43 -44 46 47 -47 -48 48 -50 53 -52 -53 -54 -55 -56 56 -58 -59 -60 -61 61 -63
leaf_value=-0.071350070209218505 -0.11136685973030454 0.050294977738496227 -0.026443625245884197 -0.00076415563772404304 0.081010055919140622 -0.063839198516876722 0.024770402328117364 0.052159524899092563 0.013028107170723217 -0.013912340616437405 0.058838420221772825 -0.084684105901188828 -0.037279307237227409 -0.11238896200140894 0.019447503705172457 -0.066957846077351474 0.018809394725812559 -0.0022115034210088728 -0.069280342566263128 -0.056744881982999422 0.045141902357195882 -0.05638689965799662 -0.10434987833187469 0.031020813710620983 -0.05579373494076309 -0.012474091352411388 0.05091988760902745 0.049444050053897633 0.051744584098355029 -0.10906275400807777 -0.10687789801746106 -0.10482270516064965 0.035640700340003523 0.018568468308236621 0.013830002698892493 0.00056765760226286214 -0.012694701350090066 0.045829218533185279 0.0082463800928236266 -0.10003385804623131 0.042855548888840578 -0.023116968973981404 0.03212632912165015 -0.10379567748237911 0.039361664013045111 0.032627099671272086 0.019741648434096818 0.07420500540209915 -0.11293746499136222 0.01264519268398262 -0.05739543538100822 0.014336416483998721 0.041346457992363174 -6.3996168745381765e-05 0.027150504531751846 -0.0036256589170654088 -0.036652977636524572 0.016461318690975012 -0.063132496017181503 -0.039415280884948063 -0.017841011086352655 0.044206371093260449
leaf_weight=21.539432442281395 3.2106824382208279 567.29331785673276 414.95605638646521 99.348880797042511 9.1900320239365083 27.079588507069275 1915.5392802633578 12.193751697428523 232.96762822847813 117.01440472737886 7.975352813024073 6.1206238016020498 400.10285999812186 2.7911808285862199 541.64984907233156 14.180547866737468 33.304022028460167 410.44864971458446 5.5314860350918051 149.93766576197231 11.053070283960549 74.18236864451319 4.0313675054348996 52.206335014430806 56.407110506435856 26.849121596198529 80.236250191926956 3.3210427865851697 130.71562781697139 2.0759119265712789 3.2520615020766845 9.4074434097856265 73.570117082446814 86.453702361090109 160.25754832965322 147.37757346522994 605.72022993618157 28.995155450189486 92.375840804656036 8.0367461091373098 9.1476133705582452 82.533072483725846 73.151661779964343 3.0554969329386941 69.619770707096905 22.975781294517219 221.54405327071436 2.5626649642363173 5.4420544486492872 722.87609453964978 1405.1287006338825 17.835642589023337 28.321035376051441 362.71500581828877 251.3619624057319 65.320255141588859 96.305716581060551 634.28285876871087 27.300628116703592 8.8022599669639003 36.999551762361079 21.800528467167169
leaf_count=10485 324 1380 143609 11690 37 11322 23106 720 26392 30664 110 2148 158673 48 10369 6407 3212 37738 790 47529 378 18309 702 2299 18849 5046 788 176 412 43 137 589 1187 3012 33926 11276 88933 1214 6948 1210 414 14672 1157 265 633 1287 10269 7 143 21794 566420 5303 1110 19186 1575 11279 20821 16342 10240 1054 527 122
internal_value=0.000224193 0.0144611 -0.0352292 0.0232307 -0.00107749 -0.0468396 0.0303059 0.00514621 -0.00794361 -0.0150016 -0.0219908 -0.0278556 -0.0513547 0.0405257 0.0121591 -0.0551292 -0.0166002 -9.45423e-05 -0.0344868 -0.0361689 -0.0395446 -0.0297774 0.0244992 -0.0165671 -0.0115494 -0.0217352 0.0139518 -0.0125818 0.0440319 0.034783 0.032283 0.0149415 0.0296076 0.0139158 0.00212217 -0.00710188 -0.0114149 0.00800852 0.00247163 -0.0193807 -0.0233691 -0.00778383 0.00776459 0.00495835 0.0165629 0.0128532 0.018061 0.0192012 -0.0530249 0.0120765 -0.0565996 -0.0216703 0.0151541 0.00839883 0.0260348 -0.0197612 -0.0233052 0.0173832 -0.0509231 0.0208584 0.0237032 0.00516348
internal_weight=10818 7718.5 3099.49 4933.91 2784.59 2174.29 3010.23 2145.96 925.196 692.228 638.627 548.963 1892.09 1090.66 1923.68 1491.99 54.8435 1502.49 450.466 442.491 413.983 264.046 1919.57 282.199 255.119 194.11 1793.71 129.971 951.447 384.154 166.466 86.2296 76.8222 89.6644 277.272 794.287 617.914 176.373 98.4965 189.863 178.81 137.703 708.2 635.048 139.216 28.5073 224.6 136.425 8.00472 1627.24 1437.14 32.0162 55.1702 1085.59 253.438 170.774 161.626 643.473 30.6217 61.0086 128.42 58.8001
internal_count=1426807 387364 1039443 104854 282510 804852 28698 167951 234591 208199 114559 111223 750500 4890 76156 591827 13697 151572 102127 102017 99940 52411 23808 54352 43030 39677 54050 22106 3410 2030 2701 1913 1324 3336 64590 102143 89653 12490 9096 34102 33724 20828 49429 48272 1480 2077 10534 1432 150 51349 578130 11710 6156 40980 1618 32514 32100 16379 10416 3353 1282 649
is_linear=0
shrinkage=0.05


Tree=10
num_leaves=63
num_cat=0
split_feature=19 0 20 10 19 14 20 6 14 6 20 20 12 0 2 19 20 14 0 20 14 14 0 12 2 0 2 12 20 14 2 7 20 20 2 6 8 20 8 12 20 14 12 14 20 3 20 10 20 12 20 8 6 14 2 0 15 0 20 12 14 10
split_gain=2068.18 409.703 305.573 142.971 141.409 135.849 77.5426 43.7665 43.5748 41.2807 40.5495 40.5285 34.7329 33.687 31.1544 29.4396 26.4405 26.436 37.8431 25.5463 25.4674 24.9175 23.7194 31.1641 25.2675 23.6178 22.9126 22.6033 21.0535 20.4184 19.873 19.2156 18.0993 17.5637 17.2127 17.985 19.9556 23.2829 16.7482 16.7309 44.6545 27.3284 16.2741 16.7024 18.2952 16.2176 16.1943 15.8608 16.4915 25.7168 18.7324 17.5772 15.2617 15.1021 20.524 14.8738 37.1694 21.5862 24.1641 15.0147 23.9803 14.836
threshold=1.5000000000000002 18.500000000000004 0.53258806467056286 4.5000000000000009 2.5000000000000004 74.500000000000014 0.59287819266319286 110.00000000000001 48.500000000000007 9.5000000000000018 0.43398642539978033 0.62765011191368114 7.5000000000000009 198.50000000000003 3.5000000000000004 5.5000000000000009 0.245488315820694 51.500000000000007 168.50000000000003 0.070924326777458205 45.500000000000007 59.500000000000007 1.0000000180025095e-35 110.00000000000001 2.5000000000000004 200.00000000000003 150.00000000000003 10.500000000000002 0.28956353664398199 77.500000000000014 1.0000000180025095e-35 0.013793759513646366 0.47245472669601446 0.47026674449443823 1.0000000180025095e-35 3.5000000000000004 2.5000000000000004 0.32146061956882482 110.00000000000001 13.500000000000002 0.19380924105644229 67.500000000000014 18.500000000000004 80.500000000000014 0.39439250528812414 0.0088107436895370501 0.083364281803369536 1.5000000000000002 0.65344625711441051 5.5000000000000009 0.7544667422771455 1.0000000180025095e-35 2.5000000000000004 79.500000000000014 27.500000000000004 41.500000000000007 1.5000000000000002 58.500000000000007 0.62765011191368114 15.500000000000002 71.500000000000014 5.5000000000000009
decision_type=2 2 2 2 2 2 2 2 2 2 2 2 2 2 2 2 2 2 2 2 2 2 2 2 2 2 2 2 2 2 2 2 2 2 2 2 2 2 2 2 2 2 2 2 2 2 2 2 2 2 2 2 2 2 2 2 2 2 2 2 2 2
left_child=2 3 5 14 6 10 7 16 -8 -5 39 20 30 -12 -2 19 -3 32 27 -6 -4 34 23 -14 31 -22 -15 -19 -7 -13 -11 -25 61 -24 -21 -36 -37 46 -34 40 -1 -42 -30 -44 -45 -26 -38 -16 51 -50 -51 -49 -18 54 -29 -17 -57 58 -58 60 -60 -9
right_child=1 4 11 9 15 28 8 17 -10 12 13 29 22 26 47 55 52 18 -20 21 25 -23 33 24 45 -27 -28 53 42 -31 -32 -33 38 -35 35 36 37 -39 -40 -41 41 -43 43 44 -46 -47 -48 48 49 50 -52 -53 -54 -55 -56 56 57 -59 59 -61 -62 -63
leaf_value=-0.069145074776764501 0.043176363597502682 -0.080701508469070204 -0.027735071337595264 0.028102987646918834 -0.076948822713981402 -0.077230578871660932 -0.011500475063967933 0.029592870246517678 0.01418112139546795 -0.1130660729757773 -0.046209690900546448 0.0083041036283991922 -0.10616497211747056 -0.033040744151961253 0.035917496114788304 0.026367127110287936 -0.10346417740197374 0.031827641929446399 -0.056850664070559498 0.047883598775785546 -0.013595420437993356 0.017779929725035296 -0.055783298294346251 0.039650339154964992 -0.10871165894450985 0.023437293800477661 0.0095024367984966936 0.005965714413697254 0.030712570132324597 -0.10270663972887524 0.034728261222531573 -0.12417134462975704 0.027432760723971501 0.010015587577119374 0.014061975306063885 0.023214647848011121 0.045130204764137663 -0.00433659624275874 -0.02693886220023628 -0.058924345937406752 -0.0018925724997033849 -0.10495721057515738 -0.032922538799281142 -0.082691914021068749 0.016306873668453729 0.01147778934563471 -0.073250428507142168 -0.11392717312937845 0.043086744579224012 -0.018347182842551699 0.016441742711905207 0.040806618587212497 0.024102649236937692 0.017681182272696463 -0.028700206118794782 -0.075970564905285476 -0.07919036708294469 0.024723031143549096 -0.10772266933627084 0.033881599733208145 0.036586660610227008 -0.049398699381323491
leaf_weight=68.013196538435295 801.0831412547268 6.9890811819350338 327.72871344373561 679.80604138085619 9.2231762546580267 8.4744359109317866 302.94611683860421 6.2211299247574052 363.18136807554401 2.2991842264309517 743.80778923793696 232.91033969423734 4.4857487319968632 105.62710872734897 335.8350871973671 339.91886635869741 2.4132113764062515 35.994624496437609 40.59602629870642 19.835210899822414 314.45057170395739 349.82117277092766 10.203748853877185 184.82729784352705 2.876299960538744 49.883359359810129 45.188241153722629 65.420915644499473 40.563815521076322 4.2171966559253624 211.95369504368864 1.8074937779456366 14.743061928427776 1673.6977959090145 192.89730656531174 63.066414708853699 3.3894067672081318 530.10458418063354 360.12898829078767 888.02498768467922 63.344097924535163 7.1587215986801302 38.193520912900567 5.0567603390663853 60.512045378796756 115.98194804182276 19.565648030606098 1.8728259252384294 52.162620115559548 63.894250887213275 98.111766282003373 91.736363784875721 82.449040105100721 38.57379457517527 122.92085409909487 12.104087730753234 11.260659485589711 130.06695576407947 5.9985284032300132 18.960038885939866 5.5351523482240736 133.54146491471329
leaf_count=35715 2785 2426 125035 6573 3961 4386 48288 1165 25229 73 291994 43605 89 50977 2095 4603 408 604 9662 182 68782 12935 1615 956 266 8146 10608 6291 1694 618 2285 37 1705 51719 5634 2830 331 31631 75000 373422 9654 1209 8632 1751 4100 1704 8022 49 290 1074 859 729 5480 1310 21203 714 588 2779 176 393 22 40434
internal_value=-0.00019526 0.0136539 -0.0353375 0.0237533 0.000345344 -0.0460131 -0.0104609 -0.0199496 0.00250147 0.0173292 -0.049622 -0.0115095 0.0140123 -0.0418408 0.036595 0.0102954 0.0127764 -0.0236237 -0.0119201 0.00594103 -0.017622 0.00658965 0.0119567 0.0246673 0.0265883 -0.00852503 -0.0202937 -0.00498237 -0.000637989 0.00632983 0.0331423 0.0380638 -0.0305259 0.00961687 0.00186677 0.000738551 -0.00343276 -0.00647141 -0.0248005 -0.0564033 -0.040241 -0.0123576 0.00385932 -0.00663843 0.00867195 0.00856928 -0.055771 0.0284034 0.0202044 0.0125526 0.00272119 0.0377109 0.0204751 -0.0108214 -0.0166589 0.0201697 0.00871598 0.0146818 -0.0165972 0.00651714 -0.0384669 -0.0458826
internal_weight=10623.7 7620.5 3003.15 4332.64 3287.87 2073.96 1576.12 909.992 666.127 2887.94 1921.16 929.19 2208.13 894.623 1444.7 1711.75 91.8513 818.141 303.506 1187.9 692.063 1178.68 1993.88 309.979 305.493 364.334 150.815 262.91 152.801 237.128 214.253 186.635 514.635 1683.9 828.859 809.023 616.126 553.06 374.872 1026.54 138.516 70.5028 144.326 103.762 65.5688 118.858 22.9551 643.613 307.778 214.169 162.006 93.6092 84.8623 226.916 188.342 523.844 183.925 171.821 41.7544 30.4937 11.5337 139.763
internal_count=1427532 387204 1040328 73198 314006 794142 239205 165688 73517 65317 773579 246186 58744 353579 7881 74801 8314 157374 39070 65526 201963 61565 56386 3052 2963 76928 61585 29408 20563 44223 2358 993 118304 53334 48630 48448 42814 39984 76705 420000 46578 10863 16177 14483 5851 1970 8353 5096 3001 2223 1933 778 5888 28804 27494 9275 4672 3958 1179 591 198 41599
is_linear=0
shrinkage=0.05


Tree=11
num_leaves=63
num_cat=0
split_feature=19 19 20 17 1 20 14 17 3 10 20 20 6 14 20 1 17 3 17 14 3 3 4 20 20 1 8 14 4 1 10 3 20 3 3 11 4 14 15 14 20 3 3 1 1 20 3 20 20 20 3 20 6 1 20 14 14 3 14 1 20 6
split_gain=1890.89 383.289 290.278 157.505 132.168 117.288 76.0944 74.7059 70.9023 65.2547 42.9881 42.8343 30.4794 38.105 43.1556 28.2371 27.4402 27.3743 25.1356 25.0174 24.8215 23.4305 22.1809 19.6055 20.7659 19.4496 18.6397 22.27 22.002 26.4182 23.4471 31.2791 27.5778 32.1016 22.512 21.6615 20.1288 18.5929 19.8709 18.4126 22.8794 26.784 20.4653 20.4128 18.9829 28.5498 18.6342 18.2699 17.2041 17.9997 19.0997 20.0087 16.6691 16.4478 16.267 16.1647 26.0498 25.8362 16.0587 20.511 16.315 15.7991
threshold=1.5000000000000002 2.5000000000000004 0.53258806467056286 7.432255983352662 0.012579114176332952 0.63550949096679699 74.500000000000014 4.7993960380554208 0.014389234129339458 2.5000000000000004 0.43398642539978033 0.60610684752464306 110.00000000000001 73.500000000000014 0.47364610433578497 0.006153904367238284 11.891654014587404 0.016261236742138866 10.718293190002443 43.500000000000007 0.013606071937829258 0.013423423748463394 110.00000000000001 0.43398642539978033 0.39029119908809667 0.0040241610258817681 14.500000000000002 72.500000000000014 110.00000000000001 0.012422839645296337 1.5000000000000002 0.01197647722437978 0.57381328940391552 0.010695492848753931 0.011696306522935631 0.013245614245533945 13.500000000000002 46.500000000000007 7.5000000000000009 44.500000000000007 0.79142892360687267 0.013606071937829258 0.013986697886139156 0.014599318150430919 0.010152545757591726 0.65344625711441051 0.013245614245533945 0.43398642539978033 0.070924326777458205 0.59653526544570934 0.012270400300621988 0.59462928771972667 5.5000000000000009 0.0038535788189619784 0.77080020308494579 77.500000000000014 72.500000000000014 0.013072453904896976 50.500000000000007 0.014389234129339458 0.6230514943599702 4.5000000000000009
decision_type=2 2 2 2 2 2 2 2 2 2 2 2 2 2 2 2 2 2 2 2 2 2 2 2 2 2 2 2 2 2 2 2 2 2 2 2 2 2 2 2 2 2 2 2 2 2 2 2 2 2 2 2 2 2 2 2 2 2 2 2 2 2
left_child=2 5 3 6 15 7 10 8 12 20 -1 19 22 14 -14 16 18 39 48 -4 21 37 -2 24 -9 -21 -17 28 30 -30 34 32 36 -34 -28 -35 -32 38 -6 -7 41 43 54 46 -44 -46 55 -10 -3 50 51 61 -11 -12 -43 56 -41 -58 -16 -60 -61 -50
right_child=1 4 11 -5 9 17 -8 23 47 52 53 -13 13 -15 58 26 -18 -19 -20 25 -22 -23 -24 -25 -26 -27 27 -29 29 -31 31 -33 33 35 -36 -37 -38 -39 -40 40 -42 42 44 -45 45 -47 -48 -49 49 -51 -52 -53 -54 -55 -56 -57 57 -59 59 60 -62 -63
leaf_value=-0.058192339123289118 -0.080193576182169518 -0.073961663353580273 -0.031035151760460025 0.011549054367665304 0.0069025778952736747 0.00054558769844822812 -0.0090134520670628344 0.0017348846353666615 -0.09601474387957637 0.02936185672821175 -0.026518294426268265 0.0032164466789339203 -0.04966667411663292 0.0065318288720203821 -0.026160655820478371 0.019783422858896126 0.027776233429201953 0.034135140571634179 -0.11507698348927889 0.014229910373559536 0.040255540717289692 -0.11404099371182393 0.021439128050998173 0.027096030665273371 -0.10854387604199277 -0.016240454100311868 -0.10708498010848205 0.032625060496487446 0.010834330063674154 -0.10156665485194599 0.050571813589436201 -0.075500110238197332 -0.078310011229066875 0.045649728450593889 0.068806868328724693 -0.097592745914416468 -0.05191427712792504 0.037198104928841576 -0.11731052863501926 0.011608858609787776 0.044158567442695681 -0.10502859421169806 0.059139780035810698 0.039879436992685056 -0.11010845726386156 -0.0038437074768546404 -0.068680202041979568 0.011842704614102265 0.0063008274574782325 -0.043543017400096196 0.036674184952298426 0.070234593320550473 0.01948047398144372 -0.045646472881232449 0.058065241817262969 0.042886874544047847 -0.10773978607222155 0.06473770276970571 -0.017104790946723177 0.029146405894005439 -0.11167698805793254 -0.015399582580086455
leaf_weight=932.1454333482543 5.9016977642895645 8.4979199238587153 248.89140226040035 117.01759245898575 55.29326059948653 528.13253923691809 116.22837619634811 24.080082572298128 3.996918436838313 598.11389625060838 133.09285656071734 343.21174023998901 160.89963175263256 98.792206368409097 514.97758783667814 679.18739455682226 75.816699603339657 103.70129649178125 5.1155794966034582 66.327533394331113 954.45360636594705 3.3026843336410812 59.419871984049678 143.1575249794405 5.1886196555569759 248.89970385027118 2.1412037815898648 73.879305139183998 336.88475672807544 5.3099996454548082 22.144494446460161 24.034362606937066 20.766235111514106 12.698019889649006 12.093856313265858 3.3317776527255765 6.1137313065119079 75.37383379926905 3.4188289968296877 267.54897527373396 55.048963964916766 8.9346134830266202 10.456305928528307 74.253370119724423 6.8544734646566203 81.166707659140229 7.2067156974226227 222.01690914900973 163.02945220458787 24.570088267326355 33.482682714937255 9.1101313387043756 1490.0072090709582 722.2289596311748 1.8445033291354782 38.751960936933756 8.7325550906825793 2.8897035261616102 202.57376357691828 38.806190154980868 2.1718379789963356 172.75532714591827
leaf_count=413877 2187 3958 100554 9542 658 37282 18999 1504 1096 4771 59913 74026 51858 5204 100826 14118 1375 1099 383 12227 3666 101 5213 5239 657 59379 107 1140 11535 377 530 1432 1970 302 60 263 564 584 97 17178 1076 675 550 2097 425 2545 550 11719 7381 2452 1257 97 20060 291811 26 452 763 17 31074 1009 145 25500
internal_value=-9.91779e-05 0.0131307 -0.0342056 -0.0447547 0.0214841 -0.00206585 -0.0482157 -0.011465 -0.0155385 0.0274901 -0.0507647 -0.0107115 -0.020852 -0.022976 -0.0261466 0.0101895 0.000108652 0.00958543 -0.00492702 -0.0191853 0.0373953 0.0175249 0.0122568 0.0194726 -0.0178148 -0.00982913 0.0143307 0.00720059 0.0029845 0.00909015 -0.0172366 -0.0267576 -0.00874967 -0.0372785 0.0423496 0.0158769 0.0283987 0.0207655 -0.000330402 0.0072537 0.0135387 0.0102248 -0.0117121 0.0162259 -0.00455264 -0.0121189 0.0108239 0.00993531 -0.0035575 -0.00207272 0.000620166 -0.00287999 0.0223109 -0.04267 -0.0771203 0.0126261 0.00842554 -0.0648558 -0.0211575 -0.0105787 0.0216828 -0.00486365
internal_weight=10476.5 7548.43 2928.04 2020.71 4870.93 2677.51 1903.7 1481.98 1309.56 3179.96 1787.47 907.33 1083.54 1018.22 919.429 1690.96 492.378 1195.52 416.561 564.119 1091.84 137.389 65.3216 172.426 29.2687 315.227 1198.59 519.398 445.518 342.195 103.324 89.0886 65.0543 36.796 14.2351 16.0298 28.2582 134.086 58.7121 1091.82 563.689 508.64 109.257 399.383 98.4775 88.0212 325.13 226.014 411.446 402.948 378.378 344.895 2088.12 855.322 10.7791 317.923 279.171 11.6223 758.529 243.552 40.978 335.785
internal_count=1427532 387204 1040328 794142 104738 282466 784600 217731 210331 29937 765601 246186 197516 190116 184912 74801 42403 64735 41028 172160 5106 1440 7400 7400 2161 71606 32398 18280 17140 11912 5228 5061 3629 2535 167 565 1094 1339 755 63636 26354 25278 4221 21057 3520 2970 18960 12815 40645 36687 34235 32978 24831 351724 701 18410 17958 780 133054 32228 1154 32881
is_linear=0
shrinkage=0.05


Tree=12
num_leaves=63
num_cat=0
split_feature=19 19 14 2 0 14 0 10 17 0 17 0 14 15 17 0 6 15 14 6 2 0 0 2 12 17 2 14 2 0 15 14 14 0 15 0 0 0 6 4 14 0 14 15 2 0 17 3 14 14 2 6 14 10 8 6 19 0 6 12 14 12
split_gain=1750.05 344.661 154.053 112.997 104.847 66.3869 57.5921 44.3632 44.2236 44.875 41.0156 43.9199 34.5924 31.3892 26.1154 32.9607 24.6432 24.3981 28.9941 23.8394 30.5016 22.3263 20.5033 19.8715 18.8304 18.3498 17.4579 21.0513 25.0575 22.9513 21.2643 17.3298 17.242 17.1594 17.0747 21.7949 16.4907 15.4688 15.443 23.5945 15.3674 15.2815 30.3001 15.08 14.569 19.2386 14.5161 17.1428 14.2458 14.1828 14.0553 13.9534 17.761 14.8185 24.8552 15.1399 15.9167 13.9568 21.5953 20.2005 13.7814 13.6747
threshold=1.5000000000000002 2.5000000000000004 45.500000000000007 3.5000000000000004 7.5000000000000009 48.500000000000007 29.500000000000004 4.5000000000000009 5.6798021793365487 66.500000000000014 10.499359607696535 16.500000000000004 64.500000000000014 5.5000000000000009 4.7993960380554208 64.500000000000014 2.5000000000000004 1.5000000000000002 75.500000000000014 17.500000000000004 25.500000000000004 126.50000000000001 28.500000000000004 12.500000000000002 17.500000000000004 9.7623982429504412 1.5000000000000002 45.500000000000007 9.5000000000000018 1.0000000180025095e-35 2.5000000000000004 83.500000000000014 78.500000000000014 141.50000000000003 7.5000000000000009 53.500000000000007 82.500000000000014 28.500000000000004 7.5000000000000009 2.5000000000000004 38.500000000000007 1.0000000180025095e-35 56.500000000000007 7.5000000000000009 45.500000000000007 163.50000000000003 30.159107208251957 0.016261236742138866 70.500000000000014 50.500000000000007 16.500000000000004 4.5000000000000009 26.500000000000004 4.5000000000000009 2.5000000000000004 5.5000000000000009 5.5000000000000009 41.500000000000007 5.5000000000000009 14.500000000000002 43.500000000000007 16.500000000000004
decision_type=2 2 2 2 2 2 2 2 2 2 2 2 2 2 2 2 2 2 2 2 2 2 2 2 2 2 2 2 2 2 2 2 2 2 2 2 2 2 2 2 2 2 2 2 2 2 2 2 2 2 2 2 2 2 2 2 2 2 2 2 2 2
left_child=2 4 8 7 26 19 16 46 9 -1 11 13 33 -4 15 32 37 18 44 -6 21 43 24 -11 61 -26 -2 28 -28 -30 40 -12 -7 -13 35 -14 -37 -5 39 -9 -31 42 -40 -21 -8 -46 -3 -48 -43 51 -32 -19 57 54 60 -55 -57 58 -53 -59 -54 -18
right_child=1 3 10 6 5 14 17 38 -10 23 31 12 34 -15 -16 -17 22 49 -20 20 -22 -23 -24 -25 25 -27 27 -29 29 30 50 -33 -34 -35 -36 36 -38 -39 41 -41 -42 48 -44 -45 45 -47 47 -49 -50 -51 -52 52 53 55 -56 56 -58 59 -60 -61 -62 -63
leaf_value=-0.027968540149705096 0.02783379868332396 0.040179715933157722 0.026855827754951635 0.030081227275411224 0.017107962276892357 0.00063030377126700385 0.0038599625753059567 -0.11373490970692093 0.018458685237744719 0.0025034711556704628 0.02713616292126856 -0.023724703744636824 -0.050345376172627958 -0.042032486035666748 0.018391352253601403 -0.019699670753086845 0.022638680764585441 0.013365402532302407 0.059334771109397826 -0.0092399211053948212 -0.025053527275145461 -0.071210375788477595 0.051378074673053033 -0.049398270723648267 0.013199945777877635 -0.10091427634477411 0.011566083573366031 0.021378682511012846 -0.11048178233469497 -0.10152161580333302 -0.039545735804329435 -0.10763557338718162 0.027221726992911512 -0.039894980943168998 -0.049224657765620392 0.018203059270353747 -0.011635646046184918 -0.10624423117368323 0.038046867167773446 0.034298483148570161 -0.0084645632064095939 0.0063802609371435811 -0.11244213190197326 0.017758491601454776 -0.107241849452403 -0.030343466002488703 -0.11316112375663322 0.029239442075156524 0.046297004147432902 0.014228548734298799 0.012467593708059064 0.063768643398471159 0.02060382463382161 -0.10481789786636896 -0.10031728640950413 -0.011964022747248138 0.026514885345459163 -0.074946117698306544 -0.077556912258595789 0.022484697462942165 -0.10248002559630882 0.06234951164176155
leaf_weight=330.21754340740154 190.00900938408449 851.7017298489809 71.851091202464886 538.72582696494646 50.110305099515244 469.74200198519975 20.355657021980733 2.7260107016190878 28.472166100051254 18.715403188019991 55.169335900340229 324.55465075839311 31.564361224882305 21.479257952654734 191.23441314371303 199.5808480771957 486.27304480504245 194.2659089541994 10.003783559426664 285.94267756177578 612.67205771338195 12.951618781546129 43.009220735169947 1262.3662582625402 1139.537919238559 3.5337574966251841 181.28353631566279 224.53928732918575 6.5638435448054215 10.360599512117917 17.418934494955465 2.4930539298802605 70.050578590016812 331.77215405995958 30.837066364707425 54.887461581034586 296.09917840233538 2.0889314222149542 94.638793295715004 214.03535401611589 7.7589616109617046 258.66667011613026 3.4673807718791059 63.141787039261544 10.287711842916904 38.842938100802712 3.3533904291689378 5.7160226041451097 24.466155531350523 533.09343848598655 51.062450314871967 3.7943854890763751 11.76222259970382 3.8895108267897731 12.015612666029481 151.40894819446839 32.67468739033211 5.6058410331606856 9.398300593136808 104.3243284097407 2.8193307691253713 22.690610030898824
leaf_count=97839 1937 3093 4960 3704 4068 32544 688 73 2695 6560 2157 104194 6555 2451 6641 43468 6284 5357 197 30141 136468 5050 601 585368 20624 211 3568 5678 637 1094 1159 166 1155 143646 9765 6923 67049 67 470 1290 391 3455 87 4989 851 8647 58 23 201 21743 3478 39 542 561 1926 15692 941 442 852 5517 343 159
internal_value=-3.58212e-05 0.0126791 -0.0333006 0.0206112 -0.00183638 -0.00774615 0.0155921 0.032242 -0.0433121 -0.0444036 -0.0198522 -0.0218929 -0.0247629 0.0110017 0.00192171 -0.00233806 0.0202615 0.00647046 -0.0202511 -0.0165253 -0.0182544 -0.00674815 0.0172965 -0.04864 0.0164092 0.0128472 0.014936 0.0100247 0.000735423 -0.0203393 -0.013507 0.0213093 0.00408116 -0.0318988 -0.0134335 -0.0105484 -0.00696945 0.0295547 0.0217808 0.0324368 -0.0616737 0.0157222 0.0327281 -0.0043565 -0.0317088 -0.0464456 0.0395097 -0.0234128 0.00982956 0.00846482 -0.000762524 0.0026888 -0.00345317 -0.0121393 -0.0470709 -0.00719669 -0.00513405 0.0116845 -0.0369099 0.0175163 -0.00319433 0.0244091
internal_weight=10344.1 7483.6 2860.48 4839.17 2644.42 1955.43 3380.4 1458.77 1639.77 1611.3 1220.71 1163.05 1069.71 93.3303 930.608 739.373 2235.86 1144.54 79.4901 1024.82 974.708 362.036 1695.04 1281.08 1652.04 1143.07 688.997 498.988 274.448 93.1648 86.6009 57.6624 539.793 656.327 413.388 382.551 350.987 540.815 598 216.761 18.1196 381.239 98.1062 349.084 69.4863 49.1306 860.771 9.06941 283.133 1065.05 68.4814 531.959 337.693 214.57 26.5972 187.973 184.084 123.123 13.1927 109.93 14.5816 508.964
internal_count=1427532 387204 1040328 104738 282466 264524 95988 8750 692462 689767 347866 345543 338132 7411 83808 77167 31650 64338 10383 180716 176648 40180 27879 591928 27278 20835 17942 16005 10327 6759 6122 2323 33699 247840 90292 80527 73972 3771 5576 1363 1485 4213 557 35130 10186 9498 3174 81 3656 53955 4637 32212 26855 20005 2811 17194 16633 6850 891 5959 885 6443
is_linear=0
shrinkage=0.05


Tree=13
num_leaves=63
num_cat=0
split_feature=19 19 20 17 20 2 14 17 1 1 20 20 10 20 6 6 14 17 14 17 20 10 15 1 10 15 2 15 15 8 2 1 14 5 20 17 13 14 1 20 20 5 3 5 6 15 17 13 1 2 6 14 15 2 20 20 2 20 8 20 14 20
split_gain=1622.17 334.691 267.805 142.13 113.821 105.781 78.1643 58.5886 54.4874 52.3594 42.909 40.2336 37.2855 26.5604 25.6455 24.6824 24.5531 22.3758 20.6332 38.91 20.0979 19.0529 30.344 20.62 21.5039 21.9717 18.7189 18.1435 21.2211 22.9525 19.0221 17.9938 17.8138 25.8842 17.1995 16.7894 21.1624 24.9802 20.5731 24.8237 35.8825 34.6718 26.7439 23.8865 19.6285 19.2133 18.5533 22.7435 16.0271 15.8678 15.6563 15.626 16.7647 28.5457 15.5129 18.7446 16.8616 20.8934 15.1583 15.1147 14.8411 18.117
threshold=1.5000000000000002 2.5000000000000004 0.53258806467056286 5.4918768405914316 0.63281998038291942 3.5000000000000004 80.500000000000014 4.7993960380554208 0.012422839645296337 0.0073801742400974044 0.62765011191368114 0.46435321867465978 3.5000000000000004 0.52864456176757824 4.5000000000000009 9.5000000000000018 45.500000000000007 11.891654014587404 71.500000000000014 14.24760675430298 0.39439250528812414 1.5000000000000002 1.5000000000000002 0.0068729333579540261 2.5000000000000004 3.5000000000000004 12.500000000000002 1.5000000000000002 2.5000000000000004 110.00000000000001 76.500000000000014 0.015268065501004459 70.500000000000014 0.013072453904896976 0.63550949096679699 38.065883636474616 0.015268065501004459 34.500000000000007 0.014599318150430919 0.56758800148963939 0.77080020308494579 0.012579114176332952 0.015749008394777778 1.0000000180025095e-35 2.5000000000000004 6.5000000000000009 9.9341769218444842 0.014815627597272398 1.0000000180025095e-35 65.500000000000014 1.5000000000000002 36.500000000000007 7.5000000000000009 7.5000000000000009 0.47950157523155218 0.48296283185482031 62.500000000000007 0.58565872907638561 110.00000000000001 0.63550949096679699 73.500000000000014 0.44207057356834417
decision_type=2 2 2 2 2 2 2 2 2 2 2 2 2 2 2 2 2 2 2 2 2 2 2 2 2 2 2 2 2 2 2 2 2 2 2 2 2 2 2 2 2 2 2 2 2 2 2 2 2 2 2 2 2 2 2 2 2 2 2 2 2 2
left_child=2 4 3 6 7 12 11 8 13 17 16 26 -3 15 32 -2 -4 21 -19 -20 -8 -7 -23 24 50 34 -1 30 49 -30 -15 51 33 -11 -26 36 38 -38 39 42 41 44 -14 -42 -41 -43 -40 -48 -18 -29 -24 52 -6 -54 -10 -56 -57 -58 -9 -53 -17 -62
right_child=1 5 10 -5 31 9 20 58 54 14 -12 -13 35 27 -16 60 48 18 19 -21 -22 22 23 -25 25 -27 -28 28 29 -31 -32 -33 -34 -35 -36 -37 37 -39 46 40 43 45 -44 -45 -46 -47 47 -49 -50 -51 -52 59 53 -55 55 56 57 -59 -60 -61 61 -63
leaf_value=-0.0051298832594199222 0.011710956397964878 0.038752842486674079 -0.026141195655864591 0.0069726218003034442 -0.011977307554399526 0.014357553318582197 -0.075073668392045823 -0.105313613395828 -0.054691178673656221 0.038561981157477075 0.0097377417100532257 -0.037703738597748622 -0.11369279189729398 0.014454802010086169 0.014699885326207342 -0.037718824768340924 0.019449892593094636 0.032777807025544455 0.051411080944138134 -0.10359391163906043 0.017075434780663905 -0.06131472364324192 -0.0057789787557939488 -0.054422020110326957 0.022043284447460586 -0.0092049785790179559 -0.054728927354005086 -0.073001384464945543 0.047170838111945626 -0.016620698881671774 -0.084483376712796987 0.018159456652059518 0.044136903538213389 0.017442288441081571 -0.099524461449932655 -0.10952918437535367 -0.054934483763826092 0.051244265005211745 0.026393677594544376 0.030897925114162447 0.057538147479276436 0.0027952242920326227 0.048038874803887521 -0.036954985167087416 -0.1141617396135821 -0.11623101955637963 -0.10528204939589991 0.022675404894907689 -0.011116035323577557 -0.017203254763648899 -0.10357636632919648 -0.062811600082502167 -0.10626492436295905 0.035160074009570184 0.067270613433278253 0.004238902014407445 -0.084222207909593005 0.0024375783079833902 0.016934972077833496 0.010420587218678142 0.027383200405693277 -0.048028610990633012
leaf_weight=19.346226247260347 30.891926060197875 785.94836950604804 303.94682132266462 133.40042308997363 195.15690702758729 118.64706470968667 6.5934889805503181 2.5729683553799978 12.086120417690834 189.45379249076359 220.43637936818413 573.54923121083993 2.7631409377790979 73.523314765421674 1862.0509145713877 354.77218307348085 50.420384911354631 84.813868067692965 7.8256726921536055 8.3884658138267678 57.678771233418956 25.510423720232211 7.766334010288122 19.64278285112232 109.95021755574271 183.46908182057086 1137.6624228506116 28.732012250227854 14.742549852468072 323.94478393974714 5.2018664937932035 384.28877435415052 106.56711199786514 619.37326823920012 2.9885818623006335 2.3937016827985635 5.8998211338184765 90.669998788740486 424.89122234971728 2.7333789113909015 22.386326365405697 33.427387390751392 34.110046149231493 9.5371866063214821 15.881998469121754 3.7731455937027922 6.0374621325172457 8.1747289765626192 287.01147858973127 22.893882089294493 8.6507588808890414 7.1348797264508894 3.9225104469805947 39.48173837387003 10.963306335732339 305.41778732545208 12.551754377316685 15.599150978028772 175.19026434118859 564.79223922640085 19.927121306653135 13.266510927584021
leaf_count=7209 2399 2741 125035 14517 20632 4362 2904 388 2023 1610 44223 244953 131 5678 40681 98130 8146 1322 116 356 3907 8638 308 1555 5279 23098 520652 6012 1408 66254 1435 7281 672 6261 338 52 143 460 3005 20 131 506 331 170 693 147 160 60 68782 3910 1392 1340 329 2380 158 14441 2031 1206 6945 35074 1562 1450
internal_value=3.78437e-05 0.0122578 -0.032464 -0.0428202 -0.00212855 0.0200954 -0.046521 -0.0116856 -0.015521 0.01522 -0.00929287 -0.0485319 0.0313871 -0.0221514 0.0180686 -0.0313026 -0.0158335 0.00152369 0.0228981 -0.0287815 0.00762215 -0.00300693 -0.00876216 -0.00472977 -0.00160952 0.00147566 -0.0538996 -0.0139792 -0.0183957 -0.0138439 0.00791734 0.00924833 0.024921 0.0223892 0.0188264 0.0226512 0.0231304 0.0447574 0.0194255 0.00149503 -0.012972 -0.0371539 0.0359193 0.0293082 -0.092862 -0.00927727 0.024514 -0.031682 -0.00654876 -0.0482573 -0.057312 0.00502316 -0.00572641 0.0223793 0.000987129 0.00294031 0.000825988 -0.0362018 0.0151655 0.009507 -0.0347275 -0.00275667
internal_weight=10210.8 7420.78 2790.05 1928.23 2617.05 4803.73 1794.83 1422.28 1244.51 3355.1 861.815 1730.56 1448.63 887.896 2777.45 418.858 641.379 577.653 101.028 16.2141 64.2723 476.625 357.978 332.468 312.825 296.408 1157.01 469.038 390.313 338.687 78.7252 1194.78 915.394 808.827 112.939 662.68 660.286 96.5698 563.716 124.613 87.7394 55.8159 36.8732 31.9235 18.6154 37.2005 439.103 14.2122 337.432 51.6259 16.4171 810.488 238.561 43.4042 356.618 344.532 333.569 28.1509 177.763 571.927 387.966 33.1936
internal_count=1427532 387204 1040328 794142 282466 104738 779625 215430 208097 95988 246186 772814 8750 188238 49224 103541 201963 46764 1794 472 6811 44970 40608 31970 30415 28715 527861 84697 77584 67662 7113 67036 8543 7871 5617 6009 5957 603 5354 2129 1667 1366 462 301 713 653 3225 220 76928 9922 1700 59755 23341 2709 19859 17836 17678 3237 7333 36414 101142 3012
is_linear=0
shrinkage=0.05


Tree=14
num_leaves=63
num_cat=0
split_feature=19 19 20 17 2 20 14 17 10 14 1 20 20 20 14 2 12 12 20 14 20 6 2 20 16 17 14 16 10 5 1 14 17 20 14 16 14 14 5 8 6 6 2 8 20 1 8 2 20 20 10 20 8 1 5 2 2 14 20 2 20 7
split_gain=1533.55 323.578 247.704 130.454 116.389 101.435 65.3176 44.2377 43.4941 42.4682 42.2387 39.2302 38.8614 36.1999 31.3821 29.2958 24.1393 22.8135 24.5232 22.313 21.2179 20.4061 29.1883 20.3981 19.3972 18.7813 17.6669 28.2375 24.5504 18.518 17.6116 20.2309 17.4248 19.814 20.0166 17.1949 21.8277 19.9305 18.6026 17.9726 17.9738 17.0301 16.3276 15.831 15.3699 15.2633 18.2041 16.7105 16.8443 22.4913 23.2617 15.1178 26.3905 23.4911 15.0664 14.5244 14.4966 14.4445 14.3279 14.2797 14.2347 20.3186
threshold=1.5000000000000002 2.5000000000000004 0.53258806467056286 7.432255983352662 7.5000000000000009 0.55589193105697643 80.500000000000014 11.185775279998781 4.5000000000000009 73.500000000000014 0.014599318150430919 0.48414677381515508 0.60610684752464306 0.46435321867465978 66.500000000000014 1.5000000000000002 12.500000000000002 2.5000000000000004 0.63550949096679699 43.500000000000007 0.38384522497653967 110.00000000000001 45.500000000000007 0.39439250528812414 1.0000000180025095e-35 7.7217619419097909 47.500000000000007 3.5000000000000004 110.00000000000001 0.013072453904896976 0.015749008394777778 24.500000000000004 33.303840637207038 0.63281998038291942 82.500000000000014 5.5000000000000009 31.500000000000004 34.500000000000007 1.0000000180025095e-35 3.5000000000000004 13.500000000000002 5.5000000000000009 12.500000000000002 14.500000000000002 0.070924326777458205 0.013423423748463394 5.5000000000000009 77.500000000000014 0.52988538146018993 0.66447967290878307 7.5000000000000009 0.65713798999786388 18.500000000000004 0.0041408045217394837 1.0000000180025095e-35 150.00000000000003 57.500000000000007 65.500000000000014 0.68812379240989696 25.500000000000004 0.77080020308494579 0.013986697886139156
decision_type=2 2 2 2 2 2 2 2 2 2 2 2 2 2 2 2 2 2 2 2 2 2 2 2 2 2 2 2 2 2 2 2 2 2 2 2 2 2 2 2 2 2 2 2 2 2 2 2 2 2 2 2 2 2 2 2 2 2 2 2 2 2
left_child=2 5 3 6 8 7 13 9 30 15 14 44 19 42 17 -2 -11 -7 24 -4 -9 25 -23 -8 -19 54 28 -28 29 41 31 -3 33 34 -29 36 59 -38 -37 -39 60 -13 -1 -21 -6 47 -47 48 -43 50 -50 52 53 -35 -17 -22 -54 -20 -14 -30 61 -41
right_child=1 4 12 -5 11 10 23 20 -10 16 -12 26 58 -15 -16 21 -18 18 57 43 55 22 -24 -25 -26 -27 27 32 35 -31 -32 -33 -34 51 -36 38 37 39 -40 40 -42 45 -44 -45 -46 46 -48 -49 49 -51 -52 -53 56 -55 -56 -57 -58 -59 -60 -61 -62 -63
leaf_value=-0.0074811886761124227 0.025598051673963174 0.041720928216355986 -0.029563905932495069 0.009471793399037998 -0.07077555869299515 0.057758564762451926 -0.074973625371821992 -0.10388266558636641 0.020493880295282541 -0.11241720355731029 0.014671032603155477 0.042749634424002342 -0.0011910582099171957 -0.03687343451188179 0.016625309765547422 0.014877520803711804 0.017912461309044569 0.0099744558367099931 0.001213798479465053 0.084640709087961702 -0.097025705563198103 -0.018554110366438982 -0.041455611474727858 0.012079896029717058 -0.02064531122464917 -0.11042869733926915 0.026956518979452518 0.019925972558280738 -0.016857750263801992 0.0097372412471407443 0.040575525082854995 0.021221876927674112 0.03616623178297184 0.07938070673038948 -0.10937133940171558 0.020302516573132385 -0.1022031824657883 0.050337018261461856 -0.10211841489867771 0.026577280690295926 -0.049462265576591447 0.049717566855947082 -0.053195191387824983 -0.010316014340876999 -0.0016037070871902559 -0.10829844463342833 0.032485277519428542 0.036719843383011798 0.015559840248892018 0.0016543101812514273 -0.098613672251312498 0.0030088909119888353 0.020390206758199667 -0.11144320055449895 -0.075466244451130926 0.043117289941082097 -0.10715496106600145 -0.1012216162726803 0.025121032847342979 0.021314075658930381 0.04852394599484209 -0.07348920765910591
leaf_weight=19.881122325314209 27.690397211699747 183.37083241343498 231.75753725576214 115.7613789094612 8.2367052007466537 14.241820717696099 7.5620109264273188 2.8297486524097613 931.84996590786614 3.710078793577849 637.74122312059626 92.676807022187859 264.36655785655603 561.66652053117286 201.60531894257292 53.382863064762205 83.843825718562584 61.574349329806864 566.36819969047792 4.4555595081765196 1.930280225817113 278.3359070593724 278.18404535786249 61.094103219686076 323.24588259053417 3.6112670921720555 604.64437449979596 235.66054216527846 42.030983994016424 600.96494392538443 637.8609193903394 350.27735918143298 62.196216844022274 1.8622703314758826 3.0318221589550367 86.747613306622952 8.3207964594475907 7.973161270376294 3.2182676722295573 10.104873374570166 43.168200739193708 10.203030817676334 1114.6920441044495 295.25239664013498 321.06905263930093 2.3447337718680492 110.86225057812408 26.354354330105707 6.5394894387572995 41.307365751825273 14.037444761488588 209.78384583676234 17.289926575263966 12.038728809216989 5.0514930583303785 43.808583992999047 2.5573234618641427 3.4625026844441882 64.327836707234383 58.741363479755819 10.295394728425888 10.187024759128688
leaf_count=7222 1311 741 100554 9542 3961 239 3534 316 10880 309 15378 715 68087 245745 9575 4298 4638 5335 49436 145 244 46415 80637 4205 60926 435 11224 6753 1511 13880 1936 2489 290 28 231 2183 764 156 478 326 3111 289 523894 71461 28749 105 1411 1173 171 1417 1388 4093 333 611 1986 582 202 406 5939 2289 130 720
internal_value=0.000143228 0.0120343 -0.0317815 -0.0419471 0.0197631 -0.00218975 -0.0453197 -0.0172309 0.0285556 -0.0202897 0.00431818 0.0128221 -0.0095555 -0.0472549 -0.00132254 -0.0247171 0.0123898 -0.00505709 -0.0059942 -0.0179134 0.0289829 -0.0269694 -0.0300017 0.00249153 -0.0157459 0.000228863 0.0151005 0.019519 0.0108198 0.0148261 0.0349681 0.0282657 0.0112588 0.00804625 0.0182837 -0.00209677 -0.0105926 -0.0284818 0.0159233 -0.0209762 -0.0286853 0.0248752 -0.0523941 -0.00890436 -0.00333386 0.0170484 0.0295694 0.00264931 -0.00980652 -0.0196204 -0.0623286 -0.00198772 -0.0330474 -0.0858792 0.00706755 0.0372029 0.00395598 0.000591363 0.00395841 0.00539305 0.000637417 -0.0236585
internal_weight=10099.2 7358.43 2740.82 1880.66 4767.81 2590.62 1764.9 782.378 2103.36 733.81 1808.24 2664.45 860.16 1696.24 1170.5 646.256 87.5539 968.893 954.651 531.465 48.5686 618.566 556.52 68.6561 384.82 62.0456 2335.14 1149.07 1186.08 905.29 1171.51 533.648 544.421 482.224 238.692 280.788 190.822 90.0495 89.9659 81.7287 73.7555 304.325 1134.57 299.708 329.306 211.649 113.207 98.4417 72.0873 61.8843 20.5769 243.532 33.7482 13.901 58.4344 45.7389 19.8473 569.831 328.694 100.772 30.5873 20.2919
internal_count=1427532 387204 1040328 794142 104738 282466 784600 141171 16046 140029 141295 88692 246186 776861 125917 135082 4947 116342 116103 172160 1142 133771 127052 7739 66261 6719 55982 23765 32217 20549 5166 3230 12541 12251 6984 11668 9007 5207 2661 4443 4287 6669 531116 71606 32710 5954 1516 4438 3265 2976 1559 5267 1174 639 6284 826 535 49842 74026 3800 1176 1046
is_linear=0
shrinkage=0.05


Tree=15
num_leaves=63
num_cat=0
split_feature=19 19 20 2 0 14 17 20 20 17 14 6 20 0 12 14 11 15 14 5 0 17 11 20 14 14 20 0 2 17 12 2 5 6 14 20 1 0 5 6 14 14 20 14 2 9 15 0 14 11 14 15 0 20 5 20 17 14 0 0 6 5
split_gain=1430.61 288.068 271.919 93.0262 85.4625 80.1219 72.4527 82.317 48.7726 46.7122 36.001 33.937 33.3323 27.7924 24.7762 23.5367 23.0441 23.0307 28.5779 27.183 26.6251 22.9326 22.8339 37.694 32.9901 22.509 22.2589 21.5451 20.7057 33.634 26.8726 20.3432 22.7333 24.8425 21.0982 20.0993 19.9577 19.5701 21.6461 20.0471 19.3757 18.9189 19.975 18.6861 18.4872 18.1729 18.0896 17.6971 17.5233 22.4447 19.6677 21.246 24.3359 19.4068 33.0109 17.9594 22.0609 18.8294 21.9619 18.8287 25.1641 26.0894
threshold=1.5000000000000002 3.5000000000000004 0.55443286895751964 17.500000000000004 2.5000000000000004 73.500000000000014 3.7284004688262944 0.53523164987564098 0.50043973326683056 3.7284004688262944 63.500000000000007 5.5000000000000009 0.3881679773330689 1.0000000180025095e-35 13.500000000000002 63.500000000000007 0.015268065501004459 2.5000000000000004 55.500000000000007 0.015504807699471714 130.50000000000003 13.61131000518799 0.012903762981295587 0.21614902466535571 73.500000000000014 71.500000000000014 0.64388543367385875 200.00000000000003 92.500000000000014 6.1211428642272958 1.0000000180025095e-35 19.500000000000004 0.014599318150430919 4.5000000000000009 53.500000000000007 0.48885458707809454 0.0043384151067584762 31.500000000000004 1.0000000180025095e-35 3.5000000000000004 72.500000000000014 44.500000000000007 0.58214998245239269 46.500000000000007 30.500000000000004 0.015038444194942715 3.5000000000000004 5.5000000000000009 26.500000000000004 0.012903762981295587 1.5000000000000002 3.5000000000000004 9.5000000000000018 0.50290390849113475 0.016001024283468727 0.5891595482826234 11.493702888488771 54.500000000000007 15.500000000000002 86.500000000000014 15.500000000000002 0.013606071937829258
decision_type=2 2 2 2 2 2 2 2 2 2 2 2 2 2 2 2 2 2 2 2 2 2 2 2 2 2 2 2 2 2 2 2 2 2 2 2 2 2 2 2 2 2 2 2 2 2 2 2 2 2 2 2 2 2 2 2 2 2 2 2 2 2
left_child=2 3 5 13 16 8 7 22 9 -1 26 -8 14 -2 -6 35 25 18 19 41 -20 48 24 -24 -5 44 -4 37 29 -13 -31 -16 33 -33 -34 45 -28 38 -9 -39 -41 -14 -43 -10 -3 -15 -42 -44 49 -19 -51 52 -52 54 -50 56 57 59 -59 -55 61 -61
right_child=1 4 10 6 12 -7 11 27 43 -11 -12 28 17 15 31 -17 -18 21 20 -21 -22 -23 23 -25 -26 -27 36 -29 -30 30 -32 32 34 -35 -36 -37 -38 39 -40 40 46 42 47 -45 -46 -47 -48 -49 53 50 51 -53 -54 55 -56 -57 -58 58 -60 60 -62 -63
leaf_value=-0.050273350894887672 0.027597912764498231 0.025803077408223064 -0.016731381299322324 -0.037335102642434614 0.025269709085525685 -0.0070482893384945997 -0.10846336890259159 0.0029917325386209529 -0.037031554403753456 -0.010420270146101165 0.016240860264396303 0.052954890725744122 0.013855991165392221 -0.043542080546571299 0.049656335934070733 0.024281308466281369 0.03829111543765655 -0.024378778827271661 0.042127340187574747 0.031636274585109161 -0.10635878903344005 0.024725544325257847 -0.069717220193181259 0.0082020000692962849 0.0082568855483984797 -0.11387495750103567 0.097708545958871074 0.044474809244489745 0.025465513516933536 -0.1056823921427528 -0.0010824128192279466 0.052683460319845027 -0.10009997599528292 -0.048170449291688427 -0.018427603370883724 0.0064354941339787005 0.0029053191664794183 0.055540062933291716 -0.10195505553659567 -0.014883588006454963 0.033138873518197665 -0.1032413118301687 -0.10683246303280831 -0.014997205265817305 -0.041704987680592671 0.069754397477613042 -0.046509465617562695 0.0021896368433208919 -0.0053367999157488853 0.009341656820100807 0.01867929255251357 0.038161087257694279 -0.10701315330541027 0.038529311769001692 -0.11726141751503323 0.0062790311099346231 -0.11487729726786203 -0.12202815363893427 0.0061810777708839835 0.018444349539112708 0.051231158593325957 -0.11019125754250203
leaf_weight=1351.095287185628 217.60768831288442 336.12945476057939 384.84842946415301 358.65875497809611 29.169218061957508 161.67796972196084 5.676361608086153 627.30727147986181 246.66633759182878 77.758582404814661 163.80559851974249 29.337516511324793 205.43030531599652 32.717334720538929 7.0974055603146544 189.30410158797167 704.00972335319966 25.770625638309866 216.4975294789765 205.97409216407686 3.0616680630482724 423.37634103570599 18.986111444304697 85.046945486566983 44.613125101081096 2.9959624223411074 5.8077009334228924 23.504405059386045 215.55970584833995 6.3675955273210993 171.9869473320432 10.884405923308806 19.686282135895453 13.907938913675023 13.215828894521108 944.71010871441104 125.8098491046112 11.210053655784575 4.9521845350973299 503.22119936509989 38.811404793057591 6.3799879611469796 4.1214760523289433 157.75479662581347 10.456931218970565 3.9687554573174557 8.7327768749091756 38.433379056863487 52.500810643541627 140.32677665096708 13.398395255208017 198.63679339387454 5.4042325322516254 149.78704023244791 7.5331672546453765 787.18651221576147 2.9004432358779004 3.592755490448325 47.515064563369378 7.6952318842522827 10.941904268460346 8.0809173439629358
leaf_count=652633 1803 2483 137508 94241 789 25323 630 39705 117757 10427 21558 593 4754 6865 130 5332 2413 1228 1839 1734 491 4222 8491 10192 2916 102 1276 1713 6358 422 7179 310 4764 6048 2071 41017 23147 209 547 89314 1083 654 112 50061 206 19 1590 980 3707 2684 121 1874 243 2237 591 16269 185 163 1725 341 660 980
internal_value=-0.000228984 0.0112961 -0.0314814 0.00109644 0.0210292 -0.04079 -0.00540866 -0.00998133 -0.0437658 -0.0481045 -0.00418321 0.0129815 0.0162532 0.0111892 -0.0129961 0.00813913 0.0330804 0.0173248 0.0252136 0.0181342 0.0400568 0.0144789 -0.0269035 -0.00601832 -0.0322914 0.0225867 -0.010661 -0.00293161 0.0146102 0.00334371 -0.00481683 -0.0302233 -0.0400499 -0.00389328 -0.0672945 0.00502543 0.00708857 -0.00386464 0.00216973 -0.0106537 -0.012001 0.00720071 -0.0207384 -0.0284365 0.0237663 -0.0312855 0.0185093 -0.00836925 0.0115101 0.0206884 0.0239347 0.0333525 -0.0174471 0.00824374 -0.0193813 0.00987334 0.0221476 0.0238937 -0.00283172 0.0316322 -0.00703444 -0.0474459
internal_weight=9929.6 7254.38 2675.22 3542.28 3712.1 1994.95 2153.97 1725.04 1833.28 1428.85 680.272 428.928 2658.51 1388.31 93.9611 1170.7 1053.59 2564.55 679.898 460.339 219.559 1884.65 507.305 104.033 403.272 349.582 516.466 1217.74 423.252 207.692 178.355 64.7919 57.6945 24.7923 32.9021 981.396 131.618 1194.23 632.259 561.975 550.765 254.365 48.9348 404.421 346.586 36.6861 47.5442 42.5549 1461.27 383.537 357.766 217.439 18.8026 1077.73 60.034 1017.7 230.513 227.613 51.1078 176.505 26.7181 15.7761
internal_count=1427019 387329 1039690 320219 67110 856201 265183 250001 830878 663060 183489 15182 61906 55036 14112 53233 5204 47794 10564 8234 2330 37230 115840 18683 97157 2791 161931 134161 14552 8194 7601 13323 13193 6358 6835 47901 24423 132448 40252 92196 91987 6500 1746 167818 2689 6884 2673 1092 33008 6150 4922 2238 364 26858 4298 22560 6291 6106 1888 4218 1981 1321
is_linear=0
shrinkage=0.05


Tree=16
num_leaves=63
num_cat=0
split_feature=19 19 20 2 20 17 14 17 20 20 20 2 20 14 2 0 20 16 0 7 17 7 14 14 2 7 20 0 0 2 14 0 20 0 7 4 14 14 14 0 17 14 0 7 17 17 20 14 20 11 7 16 0 0 20 14 14 3 2 20 12 20
split_gain=1342.61 291.463 251.799 100.904 85.1992 78.4831 66.8924 55.4271 54.2609 38.9834 30.1435 28.9122 27.082 26.8965 26.3506 32.0258 28.746 25.4175 24.265 23.1485 22.2055 21.773 23.4771 21.7452 22.5162 21.6349 25.9368 21.6275 20.5068 19.5615 18.8107 18.1839 17.8446 17.7884 17.7193 22.7834 21.0297 16.0285 15.2741 14.9658 14.6013 14.5005 14.4625 14.2283 14.1058 13.9361 31.2703 16.4939 18.7181 17.103 20.4173 13.5827 17.6205 16.0221 13.5383 16.2428 15.4864 23.5759 18.8806 19.285 13.2288 14.4853
threshold=1.5000000000000002 2.5000000000000004 0.55443286895751964 3.5000000000000004 0.63021120429039013 10.499359607696535 53.500000000000007 4.7993960380554208 0.47950157523155218 0.43669159710407263 0.64095920324325573 30.500000000000004 0.49348945915699011 73.500000000000014 150.00000000000003 18.500000000000004 0.59653526544570934 1.0000000180025095e-35 1.5000000000000002 0.015749008394777778 5.9832961559295663 0.014389234129339458 74.500000000000014 65.500000000000014 32.500000000000007 0.013072453904896976 0.3881679773330689 21.500000000000004 190.50000000000003 28.500000000000004 64.500000000000014 146.50000000000003 0.44207057356834417 1.5000000000000002 0.015268065501004459 7.5000000000000009 46.500000000000007 83.500000000000014 84.500000000000014 181.50000000000003 31.844139099121097 21.500000000000004 13.500000000000002 0.015268065501004459 15.339413642883303 6.5637643337249765 0.60219290852546703 75.500000000000014 0.55443286895751964 0.016001024283468727 0.013793759513646366 2.5000000000000004 38.500000000000007 99.500000000000014 0.6187415122985841 64.500000000000014 41.500000000000007 0.0073261056095361718 7.5000000000000009 0.60812810063362133 6.5000000000000009 0.26284967362880712
decision_type=2 2 2 2 2 2 2 2 2 2 2 2 2 2 2 2 2 2 2 2 2 2 2 2 2 2 2 2 2 2 2 2 2 2 2 2 2 2 2 2 2 2 2 2 2 2 2 2 2 2 2 2 2 2 2 2 2 2 2 2 2 2
left_child=2 4 5 18 7 6 12 8 21 38 20 19 -1 29 15 16 30 -17 -3 40 37 22 -2 25 -25 -13 34 -19 -12 41 -10 51 39 -31 60 -36 -37 -4 -8 -24 -5 -6 -9 -23 -35 46 47 49 -49 -26 -51 -21 -53 -54 56 -56 58 -58 59 -18 61 -27
right_child=1 3 10 11 13 -7 9 42 14 -11 28 23 -14 -15 -16 17 54 27 -20 31 -22 43 32 24 45 26 -28 -29 -30 33 -32 -33 -34 44 35 36 -38 -39 -40 -41 -42 -43 -44 -45 -46 -47 -48 48 -50 50 -52 52 53 -55 55 -57 57 -59 -60 -61 -62 -63
leaf_value=-0.051244987238651875 -0.048332158358953749 0.036539900552497777 -0.014918468553427117 0.013163386133038083 0.02221967618995439 0.014450474458057628 -0.047173970272598315 -0.1029423562098464 0.0020177788060583355 -0.014438477196936132 0.0091536972199814208 -0.0065385442675110726 -0.034875313186897551 0.033147678943627988 0.02331274923092019 0.0019024669731052138 0.038147768348859967 -0.086483444649642527 0.023433355734673138 0.036522117701517268 0.037190747657256065 0.025661336792480408 0.038788798788089669 -0.10387520298325091 -0.095975449834882973 0.051229836226351015 0.013072774299895782 -0.022307835434996773 0.098054711523921284 -0.1040411424589496 0.03556372869560645 -0.1165067961282702 -0.096461114650407215 -0.004720348252915757 -0.029288566361930102 0.053348594556878397 -0.11192169620164119 0.047581647515140393 0.012666362548722353 -0.080469897636407162 0.036242790719920079 0.0057613179995588768 0.01668060884174493 -0.087405622970476285 0.054842565084084631 0.029825791198551128 0.033297733446889306 0.01874285722916345 -0.1167059385014113 0.077549459359246425 -0.11260223554507612 0.022001998856611429 -0.10790844136964498 0.038705899628754245 0.0090927618206612295 -0.1092622582745932 0.02536497362231049 -0.10898884012131396 -0.070568715298922613 -0.11110291316789518 -0.068955203530017412 -0.11729485365754369
leaf_weight=1063.8435708612669 181.36254863638896 663.72982508165296 454.8683298251126 1441.1858070236631 176.37104675942101 64.117802054155618 176.74193737225141 2.5640029315836719 174.63988267554669 295.21993923897389 183.941042881459 320.95969436003361 331.36025282589253 91.577277180738747 56.374889734433964 117.03151013283059 13.906580412760382 13.525623755529521 754.6473261131905 223.19325536349788 22.647836947115138 19.464810023549948 18.025844763324137 3.613789612427353 12.151256291544998 5.2769897724501815 569.04714114614762 446.86689393874258 6.7238215673714867 4.4154940894804886 54.934395832009614 2.2020580233074716 3.7890150446910402 363.94108481076546 28.967083237483166 20.400609091622758 2.1253148447722188 10.494900505989788 11.348369266022926 3.0801465413533142 71.95168180577457 554.83333356515504 173.70722139650024 3.2464815150015047 10.219072625041006 178.57266592094675 47.504520389484242 20.349474882357757 2.9161674678325644 3.8012011661194256 2.2456878374796361 248.36417181417346 5.018478507641702 2.9639478023163974 32.424095991998911 3.1834870940074316 4.2428135424852398 14.170712516410275 10.625573155703021 2.5632893210276952 21.177427638089284 1.6813628384843466
leaf_count=532651 62004 2549 151065 28665 5439 2848 80705 194 10082 79787 30009 24517 158075 1661 5814 12263 207 2671 6256 1306 1189 988 540 151 2422 77 17117 103194 772 596 908 194 552 38365 3529 416 297 454 2135 922 418 23039 7068 839 148 3070 877 1819 136 49 253 2008 269 50 1594 185 130 1285 1535 199 8327 135
internal_value=-0.000146276 0.0110014 -0.0307877 0.0184468 -0.00258151 -0.0399473 -0.041804 -0.0112021 -0.0151292 -0.0257731 -0.00456955 0.0135724 -0.0473572 0.00710377 -0.00983534 -0.0119395 0.00100453 -0.0189042 0.0295666 0.0172999 -0.0111561 -0.036966 -0.0420823 0.00757949 0.0200964 0.00407918 0.00933274 -0.0241932 0.0122888 0.00495467 0.0100449 0.0268456 0.00344845 -0.00427096 -0.0173945 4.02121e-05 0.0377554 -0.013509 -0.0435635 0.0213845 0.0142608 0.00973118 0.0149406 0.0094989 -0.00309356 0.021771 0.00560374 -0.0261249 0.0017654 -0.0617816 0.00693111 0.0275038 0.0196519 -0.0534692 -0.0245814 -0.00148874 -0.0426498 -0.0780313 -0.0186052 0.0149191 -0.0493027 0.0105088
internal_weight=9826.44 7205.13 2621.31 4654.05 2551.09 1942.63 1878.51 1349.73 1173.46 483.31 678.676 3235.67 1395.2 1201.36 944.49 888.115 310.691 577.424 1418.38 1994.88 488.011 228.969 206.258 1240.79 271.155 969.636 648.676 460.393 190.665 1109.78 229.574 481.742 24.895 378.576 79.6288 51.493 22.5259 465.363 188.09 21.106 1513.14 731.204 176.271 22.7113 374.16 267.541 88.9683 41.4638 23.2656 18.1981 6.04689 479.54 256.347 7.98243 81.1166 35.6076 45.509 18.4135 27.0954 16.4699 28.1358 6.95835
internal_count=1427019 387329 1039690 104907 282422 856201 853353 213174 205912 162627 183489 96102 690726 69248 140067 134253 16125 118128 8805 32910 152708 65845 64018 63192 8777 54415 29898 105865 30781 67587 10990 3827 2014 39109 12781 4242 713 151519 82840 1462 29083 28478 7262 1827 38513 8626 5556 4679 1955 2724 302 3633 2327 319 5135 1779 3356 1415 1941 406 8539 212
is_linear=0
shrinkage=0.05


Tree=17
num_leaves=63
num_cat=0
split_feature=19 19 20 0 20 17 20 17 6 0 0 0 20 20 17 0 0 10 20 10 17 17 0 8 15 20 20 6 20 20 10 6 17 0 2 15 20 0 0 17 17 0 0 20 20 8 15 20 17 2 17 0 17 0 20 2 20 8 2 20 20 15
split_gain=1257.98 258.895 232.987 89.1039 83.8066 77.6045 52.7612 49.8263 31.2327 30.8753 33.7743 25.8976 25.8575 24.629 26.6075 29.7137 28.4402 25.6927 25.1236 24.5024 20.242 19.9258 19.6909 19.301 19.9535 19.294 21.0278 19.1951 17.4827 17.471 23.2072 17.0606 25.6204 17.0537 17.0265 16.436 17.1797 15.0125 14.3028 14.0419 22.0418 14.0287 13.7942 13.5813 12.9284 12.9149 13.4236 18.39 16.6455 16.3179 14.4788 13.5766 12.5486 12.5447 12.0506 12.0431 14.0918 11.9604 17.381 11.8909 15.9384 23.2882
threshold=1.5000000000000002 2.5000000000000004 0.55443286895751964 2.5000000000000004 0.5572761893272401 1.0000000180025095e-35 0.42383724451065069 11.632067680358888 4.5000000000000009 1.5000000000000002 5.5000000000000009 23.500000000000004 0.68270036578178417 0.48414677381515508 7.3998341560363778 77.500000000000014 200.00000000000003 1.5000000000000002 0.47245472669601446 2.5000000000000004 19.744856834411625 23.462511062622074 4.5000000000000009 18.500000000000004 1.5000000000000002 0.51484858989715587 0.47950157523155218 12.500000000000002 0.50043973326683056 0.22662121802568438 5.5000000000000009 110.00000000000001 6.63273048400879 190.50000000000003 23.500000000000004 4.5000000000000009 0.52350032329559337 90.500000000000014 9.5000000000000018 33.303840637207038 27.378644943237308 1.5000000000000002 44.500000000000007 0.19380924105644229 0.63021120429039013 110.00000000000001 1.5000000000000002 0.60219290852546703 5.5652661323547372 21.500000000000004 14.667344570159914 30.500000000000004 27.378644943237308 42.500000000000007 0.50894132256507885 28.500000000000004 0.73999193310737621 12.500000000000002 51.500000000000007 0.48531906306743627 0.38384522497653967 2.5000000000000004
decision_type=2 2 2 2 2 2 2 2 2 2 2 2 2 2 2 2 2 2 2 2 2 2 2 2 2 2 2 2 2 2 2 2 2 2 2 2 2 2 2 2 2 2 2 2 2 2 2 2 2 2 2 2 2 2 2 2 2 2 2 2 2 2
left_child=2 4 5 19 7 6 -1 9 34 35 -11 25 27 14 16 -16 18 -18 57 -3 -17 22 -6 -8 37 26 -12 -4 33 -13 -31 32 -32 -26 -5 36 54 42 -27 40 -36 -14 -25 -7 45 -24 47 -47 49 -48 -50 -49 -15 -9 -2 -21 -57 -10 -59 60 61 -33
right_child=1 3 12 8 21 43 23 53 13 10 11 29 41 52 15 20 17 -19 -20 55 -22 -23 44 24 28 38 -28 -29 -30 30 31 59 -34 -35 39 -37 -38 -39 -40 -41 -42 -43 -44 -45 -46 46 48 51 50 -51 -52 -53 -54 -55 -56 56 -58 58 -60 -61 -62 -63
leaf_value=-0.051893228018176397 -0.1298166325254152 0.037093510652487803 0.082086488107870823 0.024694743633389762 0.012329041048358377 -0.087811673776118204 0.03757993105187888 -0.10621607436313081 0.033321515602699775 -0.11145486405359671 -0.04108081823586094 -0.069273888352678434 -0.10929957185165272 0.010717916642478141 -0.10295500562963773 0.035410319012409062 0.023056123881012344 -0.055869324101564505 -0.10204789357039386 0.024068956267175791 -0.10024665746759705 0.061971281016122287 0.040208095562905943 -0.033894942708318297 -0.048909183247401511 -0.08276855040419083 0.032836709896874039 -0.0098422998028921144 -0.029541123643050324 0.048943629053062793 0.012307072879683923 0.019321511966282397 -0.10959662171769674 -0.027266419905289531 0.011786698685291827 0.06977045339289828 -0.14288933459529249 -0.032741209830777863 -0.010096989460498038 0.053694140625593849 -0.10802456247882566 0.021864186180813608 0.014790978788935441 0.0025717524130681366 0.0040828930650991541 0.022157685191273577 -0.0005878214527449253 -0.096147139903802387 0.020147177990137561 -0.023985658263092312 -0.10580321204974395 -0.0044138852071486205 0.027767319372295297 0.035550971134218373 0.053645092735141633 0.0026841832674807144 -0.1120677193071213 0.017584588455051293 -0.091678235166535421 -0.020699490809959826 -0.044605573682013032 -0.054827112073505116
leaf_weight=741.85942153050564 1.0764446891844288 561.22285985015333 5.734438076382502 753.21829846943729 453.10198105615564 4.3075492149218908 9.2285807555308548 1.610086841508745 34.415132882306352 10.237328941235317 11.731645471183581 20.887194646522403 2.0837223948910824 1889.2539003601996 4.6173357977531841 56.067092853831127 12.565870446851475 57.47166765521979 4.8945155004039398 616.96459130547009 2.8916700840927652 14.623748128302394 14.502030628267674 21.278668543789536 391.98616953555029 8.0094383235555124 53.490132607868873 581.41085202421527 363.92039239709266 11.080775513662955 51.020594343193807 26.42944248591084 4.7078595869243136 118.54539002256934 446.79395701049361 14.554856693372129 2.0740146394819021 79.04837929981295 43.776350544765592 19.881787503138185 3.8720327643677583 94.10294222435914 46.001790618058294 118.35089274821803 807.21317819552496 67.769964746432379 113.9188977406593 5.9750379109755185 50.137295014224946 215.44021169596817 2.3905719947069874 12.412679677829145 114.46210413787048 50.611224537016824 5.3122892444953322 18.808583908714358 3.1190457376651457 11.019296959391797 5.4349350067786864 282.80646966013592 149.05911940836813 17.668493688222952
leaf_count=386801 148 1734 222 6141 9663 2153 2746 71 967 1304 2212 9616 200 52370 318 1591 909 19700 581 4421 151 74 1126 6667 184660 917 2417 175908 154817 932 4542 3750 692 59992 13102 128 139 34184 3700 63 89 7159 10174 14007 61837 3578 11722 599 1635 48014 147 1435 974 982 46 360 116 544 776 59074 45581 6341
internal_value=-9.69977e-05 0.0107116 -0.0300366 0.0177504 -0.00216585 -0.0390642 -0.0417267 -0.0159661 0.0136338 -0.0194147 -0.0213126 -0.0199568 -0.00500776 0.0100629 -0.00717241 0.0191911 -0.0204957 -0.0417088 0.00614724 0.0294708 0.0287569 0.00385013 0.00336245 -0.0344044 -0.0350551 0.0014491 0.0195409 -0.00894446 -0.0379148 -0.0244004 -0.0226736 -0.0241661 0.00200882 -0.0438837 0.0200333 0.0375531 -0.0178567 -0.0179662 -0.0213367 0.0125715 0.0107573 0.0190227 -0.000606829 -0.000602355 0.000212423 -0.00626217 -0.00770202 0.0101251 -0.011724 -0.0158928 0.0144151 -0.0342224 0.0116919 0.03118 0.0227334 0.0227748 -0.0136384 0.0165575 -0.0185056 -0.0272308 -0.0367935 -0.0103872
internal_weight=9718.46 7140.6 2577.86 4616.97 2523.63 1894.53 1771.87 766.144 3416.86 713.922 690.905 680.668 683.332 2193.09 189.378 63.5761 125.801 70.0375 55.7639 1200.12 58.9588 1757.49 1742.86 1030.01 1020.78 117.008 65.2218 587.145 874.452 563.66 542.773 531.692 55.7285 510.532 1223.77 23.0176 8.46275 146.329 51.7858 470.548 450.666 96.1867 67.2805 122.658 1289.76 482.547 468.045 86.1577 381.887 329.359 52.5279 18.3877 2003.72 52.2213 6.38873 638.892 21.9276 50.8694 16.4542 475.964 193.157 44.0979
internal_count=1427019 387329 1039690 104907 282422 856201 840041 142592 98276 141539 141078 139774 183489 78881 25537 2060 23477 20609 2868 6631 1742 139830 139756 453240 450494 9246 4629 176130 399469 130528 120912 119980 5234 244652 19395 461 333 51025 4617 13254 13191 7359 16841 16160 130093 68256 67130 5612 61518 59736 1782 2034 53344 1053 194 4897 476 2287 1320 114746 55672 10091
is_linear=0
shrinkage=0.05


Tree=18
num_leaves=63
num_cat=0
split_feature=19 19 20 2 14 20 13 14 0 14 20 8 19 4 14 20 20 0 14 14 0 14 6 14 20 4 0 15 15 6 14 2 14 15 6 14 10 20 0 6 15 20 15 14 2 4 20 2 8 20 8 0 14 2 2 14 14 0 2 20 6 4
split_gain=1168.18 224.32 217.845 85.6197 71.7836 69.9273 40.2024 48.0273 37.0732 28.8418 26.1237 25.4587 23.5564 25.1326 23.1869 22.306 21.1674 20.3371 20.3162 19.7734 18.8546 26.2853 18.6885 17.3079 17.2118 37.5125 24.6299 16.6109 16.5241 16.3676 15.6681 18.4543 16.6182 15.1206 14.8919 15.9059 15.5362 14.8059 14.7074 31.4688 19.1006 18.8874 23.3269 29.6452 21.4579 36.0928 24.7028 21.6589 18.2715 28.2871 17.6008 19.9531 16.6735 14.5148 16.9743 14.5024 14.4175 14.3564 16.5311 16.8783 14.2602 14.2573
threshold=1.5000000000000002 2.5000000000000004 0.55443286895751964 3.5000000000000004 53.500000000000007 0.5572761893272401 0.013606071937829258 78.500000000000014 1.5000000000000002 63.500000000000007 0.35872381925582891 1.5000000000000002 4.5000000000000009 13.500000000000002 79.500000000000014 0.48069952428340917 0.49928286671638494 5.5000000000000009 78.500000000000014 62.500000000000007 14.500000000000002 51.500000000000007 8.5000000000000018 81.500000000000014 0.42830516397953039 7.5000000000000009 42.500000000000007 4.5000000000000009 4.5000000000000009 9.5000000000000018 21.500000000000004 47.500000000000007 22.500000000000004 6.5000000000000009 3.5000000000000004 26.500000000000004 12.500000000000002 0.63281998038291942 29.500000000000004 16.500000000000004 1.5000000000000002 0.58748558163642894 3.5000000000000004 54.500000000000007 30.500000000000004 8.5000000000000018 0.6381002962589265 34.500000000000007 18.500000000000004 0.52102982997894298 6.5000000000000009 32.500000000000007 36.500000000000007 150.00000000000003 17.500000000000004 25.500000000000004 53.500000000000007 200.00000000000003 56.500000000000007 0.46792170405387884 8.5000000000000018 3.5000000000000004
decision_type=2 2 2 2 2 2 2 2 2 2 2 2 2 2 2 2 2 2 2 2 2 2 2 2 2 2 2 2 2 2 2 2 2 2 2 2 2 2 2 2 2 2 2 2 2 2 2 2 2 2 2 2 2 2 2 2 2 2 2 2 2 2
left_child=2 5 4 11 16 6 7 8 28 27 -6 -3 13 24 20 22 -1 -17 57 34 30 -22 -10 -13 -5 -26 -27 -4 -2 33 31 -7 -32 -21 35 36 -15 -29 41 40 -40 -14 43 56 -44 46 52 -47 -42 -50 -41 -52 -46 54 -19 -49 -43 -12 -59 -60 -55 -54
right_child=1 3 9 12 10 14 -8 -9 15 -11 18 23 38 19 -16 17 -18 53 -20 29 21 -23 -24 -25 25 26 -28 37 -30 -31 32 -33 -34 -35 -36 -37 -38 -39 39 50 48 42 44 -45 45 47 -48 55 49 -51 51 -53 61 60 -56 -57 -58 58 59 -61 -62 -63
leaf_value=-0.047473658938231689 -0.036076846461948919 0.036611398504967155 -0.020592692371880474 -0.024645108221950783 -0.044586994666349758 0.022513098831546802 0.019261734216594786 0.024532576244672748 0.005107300119038375 0.012903844828501203 -0.028626404680557924 0.022712474045347663 0.03292195036648668 0.012034519593452423 0.029816396014163707 -0.10555783431031096 -0.032136516794656823 -0.001350545940541935 0.0058698897267696424 0.0016012161309439548 -0.010191414147620306 0.0077421778657501966 -0.042886000453255489 -0.11792490889249958 0.01921879710216691 -0.084773496074050145 -0.0074101955494016566 -0.011484188108614709 0.067412697292855012 0.026901486601504085 -0.11176288076600578 -0.067305698070675588 0.0045106337397990129 -0.10770672067449488 0.0044153155037172523 0.035769868709400431 -0.1105957828379116 0.012717029517962768 -0.02535593272525874 -0.00099663922264701856 0.01830218195964017 0.015838338985051128 0.013413348437910175 0.039446915923809105 -0.12778398312589431 -0.10758205555427834 -0.083139438134437249 -0.11025675859403994 0.027119761391699554 -0.078195284593518849 0.024462932433086625 -0.096146888266615327 0.042152439106899288 -0.1028706909531288 -0.026411107096160142 0.031625000933763449 -0.10709532532345434 -0.052908590819639181 -0.015646339976519204 0.033097320970083659 0.021395541799024448 -0.11833200425261373
leaf_weight=1058.1290521871415 5.0779270250350264 476.71351142553613 238.51009197125677 89.676297702011652 102.00496885192115 198.07660823664628 79.137974983314052 59.37083898705896 22.692077369429171 168.29020810546353 227.52572529064491 919.07170477509499 197.38043258502148 8.2161646494641882 81.552228830521926 6.4596920062322161 285.71144208265468 93.867159179178998 82.473460077308118 34.492770237848163 492.1797874160111 349.35399688291363 191.14210814062972 2.1928898803889743 105.88654001266696 16.151134936604649 28.34066624159459 170.145146744675 16.043812560848892 240.05525300349109 3.0885167841333887 5.8887959348503491 611.27362342737615 3.4832771841902277 742.4854615884251 70.882860274286941 3.7669512913562349 100.54263904201798 31.198537887772545 19.172358009265736 352.80131694395095 328.30500930477865 586.46284439624287 196.99033795390278 2.1775366533547631 3.2979064029641441 22.561032469850034 1.8838294693268824 12.755926984362306 12.748071678914128 4.4475910246837911 14.975117728114126 11.039196155965326 2.4699050905182949 241.18077505420661 40.987514647189528 2.4024483365938059 14.832484079641288 41.908323216252029 30.82053137733601 35.360879176761955 1.5822827355004836
leaf_count=551192 313 1495 77624 18020 47032 4771 2930 2451 1866 21558 80295 7228 2011 76 1332 983 140526 9216 8501 986 80963 29583 64582 82 4397 1135 3165 66291 124 5335 276 938 21967 286 30801 880 187 18016 1544 910 8879 3945 7132 1317 105 166 712 137 263 947 121 1748 77 315 56580 659 80 9095 12892 6668 3232 81
internal_value=-5.85099e-05 0.0103501 -0.0292864 0.0169152 -0.038197 -0.00171711 -0.0144503 -0.0184106 -0.022561 -0.00504119 -0.0220144 0.0272314 0.0123894 0.00735403 0.00378736 -0.0248788 -0.0442129 -0.0175991 -0.0162228 0.0105439 0.00250851 -0.00274647 -0.037793 0.0223777 -0.00730779 0.00303111 -0.0354941 -0.010972 0.0425325 0.0220763 0.0079125 0.0199199 0.0039261 -0.00842484 0.00665904 0.026763 -0.0265149 -0.00249503 0.0160596 0.00817888 0.0122467 0.0185909 0.0162291 0.0240918 0.0100364 -0.0136735 -0.0502106 0.0158922 0.0153477 -0.0255215 -0.0349816 -0.0685285 -1.08082e-05 -0.0160753 -0.0193901 0.0253905 0.0149453 -0.0220055 -0.00480121 0.00500991 0.0132824 0.0220334
internal_weight=9599.7 7078.8 2520.89 4584.58 1843.41 2494.22 752.803 673.665 614.294 677.488 499.565 1397.98 3186.61 1343.44 1741.41 593.173 1343.84 379.338 397.561 1103.38 1659.86 841.534 213.834 921.265 240.055 150.378 44.4918 509.198 21.1217 278.031 818.328 203.965 614.362 37.976 825.351 82.866 11.9831 270.688 1843.17 448.099 409.504 1395.07 1197.69 527.698 669.992 83.5293 37.36 46.1693 378.305 25.504 38.5951 19.4227 14.799 372.879 335.048 42.8713 330.707 315.087 87.5613 72.7289 37.8308 12.6215
internal_count=1427019 387329 1039690 104907 856201 282422 142592 139662 137211 183489 164483 8805 96102 65268 139830 136774 691718 70326 117451 38551 138498 110546 66448 7310 26717 8697 4300 161931 437 6607 27952 5709 22243 1272 31944 1143 263 84307 30834 14412 11633 16422 14411 5342 9069 1937 975 962 10089 1210 2779 1869 263 69343 65796 796 4025 108950 28655 19560 3547 158
is_linear=0
shrinkage=0.05


Tree=19
num_leaves=63
num_cat=0
split_feature=19 19 20 20 12 0 20 20 12 0 0 8 20 20 20 20 20 10 16 4 20 8 20 6 0 16 0 12 6 6 2 12 2 0 20 6 8 0 20 8 6 19 20 16 20 12 12 20 12 16 0 10 4 20 19 2 20 20 4 20 0 10
split_gain=1078.02 216.287 203.238 71.5506 73.7411 62.179 47.0587 35.526 43.8462 26.2931 25.19 30.4494 24.2671 29.2962 23.6299 20.6578 20.1221 19.8677 18.9521 18.8107 20.626 18.1347 19.3458 17.731 17.0628 16.7887 18.081 16.6909 20.1711 15.9721 15.7835 15.1486 24.1695 14.9717 14.8041 14.7397 14.4063 14.3319 13.8373 13.6726 13.5465 12.045 11.9875 11.4352 17.2204 11.6294 11.2532 31.9172 11.5119 10.995 17.6758 10.8606 10.754 10.636 13.6602 11.9685 10.546 17.1337 10.53 15.8785 15.9796 10.4303
threshold=1.5000000000000002 3.5000000000000004 0.55443286895751964 0.59462928771972667 6.5000000000000009 2.5000000000000004 0.47950157523155218 0.3881679773330689 12.500000000000002 1.0000000180025095e-35 18.500000000000004 18.500000000000004 0.43806716799736029 0.21614902466535571 0.64095920324325573 0.58034497499465953 0.40027824044227606 1.0000000180025095e-35 1.5000000000000002 1.0000000180025095e-35 0.42830516397953039 18.500000000000004 0.50043973326683056 12.500000000000002 190.50000000000003 1.0000000180025095e-35 90.500000000000014 13.500000000000002 2.5000000000000004 8.5000000000000018 1.0000000180025095e-35 110.00000000000001 8.5000000000000018 160.50000000000003 0.59653526544570934 12.500000000000002 5.5000000000000009 42.500000000000007 0.59287819266319286 110.00000000000001 11.500000000000002 2.5000000000000004 0.81911325454711925 1.0000000180025095e-35 0.43112748861312872 10.500000000000002 13.500000000000002 0.19380924105644229 7.5000000000000009 1.0000000180025095e-35 21.500000000000004 110.00000000000001 6.5000000000000009 0.38604214787483221 2.5000000000000004 95.500000000000014 0.52102982997894298 0.49700923264026647 4.5000000000000009 0.35585209727287298 88.500000000000014 2.5000000000000004
decision_type=2 2 2 2 2 2 2 2 2 2 2 2 2 2 2 2 2 2 2 2 2 2 2 2 2 2 2 2 2 2 2 2 2 2 2 2 2 2 2 2 2 2 2 2 2 2 2 2 2 2 2 2 2 2 2 2 2 2 2 2 2 2
left_child=2 3 7 4 39 17 12 46 -9 30 38 15 13 -6 23 51 27 -3 19 -18 -21 -10 25 -4 -16 26 37 -7 58 61 -5 -22 -33 -27 -11 -32 -31 -23 40 -2 -8 42 -37 53 -45 -46 47 -1 -49 56 -51 -12 -36 -38 55 -55 57 -13 59 60 -29 -15
right_child=1 5 14 9 6 16 10 8 21 34 11 49 -14 29 24 -17 18 -19 -20 20 31 22 -24 -25 -26 33 -28 28 -30 36 35 32 -34 -35 52 41 43 -39 -40 -41 -42 -43 -44 44 45 -47 -48 48 -50 50 -52 -53 -54 54 -56 -57 -58 -59 -60 -61 -62 -63
leaf_value=-0.0610753173157794 -0.11086498939121524 0.040314098358927533 0.066705707645019152 0.039078110213661123 -0.067370095527824345 0.02171185891510001 -0.11317440217247653 0.019358010080858475 0.026661014750220133 0.036880393021839999 0.048235237263647396 0.007944516438772125 -0.048960566992215307 -0.10829777122596765 0.006225536401326605 -0.098551624482220213 0.041702291928468922 0.024675040350793365 0.012652106681945999 -0.10631859657017076 0.035895719443566752 -0.046498869180319972 -0.025744824340087971 -0.012247709398198673 0.075273519778319337 -0.049468147267360998 -0.038197337096685172 0.069713127122633306 -0.051033080800585731 0.023319629427479609 -0.11962252327908501 0.026984896975141677 0.0034369118266163647 -0.034109578063033566 -0.10044570892038705 0.0051313658569650976 0.019600203875681149 0.013717247693770959 -0.10795735724314968 0.029400620004905859 0.0091669295669214012 0.034569122065083675 -0.11084517569551876 -0.044118477909652072 0.067671434982698023 -0.019904676201882875 -0.050876756566983442 -0.028918495596973889 0.016309418458738976 -0.084274361287508245 -0.016901948391836129 0.0085090025383981072 0.0044513129368696147 -0.079607045475461519 0.069799309134689902 0.053583957241017471 0.010761829936439359 -0.072804613381078784 0.039524799570751973 0.03065709465930927 -0.077646219563002869 0.020323676661066006
leaf_weight=52.438418012869079 1.760759032331406 279.72492906777188 7.220733842579647 92.218446160200983 27.446842614677735 32.84726519905962 2.2824291945435098 39.607941339607351 12.146332409349268 35.571912991348654 28.81630880641751 15.538184013217689 98.26072573394049 1.6408497258089472 189.12606202857569 3.580514100380241 107.25375346862711 741.15873929881491 1826.8896631132811 3.2733911615796378 112.81384136760607 13.033511120826004 395.58938210236374 467.98111227853224 9.3915489010978472 359.4164471932454 81.245339110377245 2.2128150463104257 31.44467147544492 17.196347994031385 2.103960992768406 220.33557043713517 215.58875247626565 284.09974491281901 2.446634429274126 71.134699721354991 22.67883079033345 40.858078746707179 2.5931977671571067 130.68815026164521 261.42509344278369 44.050717408303171 2.3001134283840647 79.214033148717135 5.996813058387489 10.304485711851157 463.49098624131875 28.85547948454041 27.456830452894792 9.9423537577968073 467.80397406383418 42.694879399379715 1810.4360058895545 10.063201070763169 2.5628609657287589 2.0262946805451056 68.24094460089691 11.38080310821533 13.094215650809927 10.074139583855866 10.911138162598945 40.006289621116593
leaf_count=36234 269 702 215 398 13356 853 137 3538 4214 2044 1146 1895 29391 130 30009 573 517 4502 36833 508 1135 4723 171103 152493 772 177142 36934 6 11249 1863 50 1832 6360 149285 247 1392 2581 9255 284 3297 11579 287 102 24467 30 2782 253310 5673 4790 2070 88778 3443 113993 3029 1 137 5587 2576 351 304 1958 2305
internal_value=-1.61799e-05 0.00996798 -0.0284183 0.000967555 -0.00791453 0.0185113 -0.0117266 -0.0371937 -0.0323924 0.00684858 -0.00596833 -0.0112887 -0.0283141 -0.0190563 -0.00499568 0.018649 0.0143875 0.0289602 0.0152746 0.0225417 0.0188188 -0.0341201 -0.0347488 -0.011048 0.00949209 -0.0393232 -0.0233018 -0.00753696 -0.0217204 -0.0121386 0.023535 0.0195653 0.0153391 -0.0426876 0.00493654 0.0115493 -0.0197424 -0.00084583 0.00697782 0.0275359 0.00810805 0.0138984 0.00149877 -0.0253166 -0.0344876 0.0123122 -0.0474804 -0.0330053 -0.00686621 -0.0152126 -0.018304 0.0245172 0.00430975 -0.00185178 -0.035055 -0.0572832 0.000307544 -0.0261946 0.00367691 -0.0165575 -0.0528001 0.0152561
internal_weight=9503.99 7032.03 2471.96 3424.41 1364.15 3607.62 1231.7 1798.24 1226 2060.26 914.299 647.998 317.398 219.137 673.719 75.0917 2586.74 1020.88 2486.15 659.265 552.012 1186.39 1174.24 475.202 198.518 778.653 135.137 100.584 67.737 191.69 211.808 548.738 435.924 643.516 1848.45 119.589 150.043 53.8916 266.301 132.449 263.708 117.486 73.4348 132.847 95.5153 16.3013 572.242 108.751 56.3123 572.906 477.746 71.5112 1812.88 37.3312 14.6524 12.0895 95.1599 26.919 36.2923 23.1981 13.124 41.6471
internal_count=1427019 387329 1039690 320219 201706 67110 198140 856201 556194 118513 118068 106068 80072 50681 183489 5162 61906 5204 47185 10352 9835 552656 548442 152708 30781 377339 50912 14721 13868 37325 2229 9327 8192 326427 116284 1831 34890 13978 12000 3566 11716 1781 1494 33027 27279 2812 300007 46697 10463 100906 90848 4589 114240 5748 3167 3166 10058 4471 2619 2268 1964 2435
is_linear=0
shrinkage=0.05


Tree=20
num_leaves=63
num_cat=0
split_feature=19 11 20 17 20 20 14 14 2 17 20 14 20 20 13 2 14 14 2 6 20 14 13 14 9 6 20 14 0 4 2 9 0 0 14 20 0 13 14 15 0 17 20 14 20 0 6 19 6 13 11 0 0 15 0 2 15 9 9 4 11 1
split_gain=1050.7 201.045 165.552 93.5139 64.8386 61.3101 57.1083 48.1641 41.5279 40.249 49.7933 32.6803 30.3375 27.4791 25.7737 24.1499 24.0056 20.2183 25.7296 24.3593 21.6925 19.8037 18.8761 19.1472 17.5184 16.9858 16.567 16.4731 22.7957 17.3814 31.9312 17.406 15.8742 15.8407 19.5026 15.6244 15.6016 15.3985 15.2413 15.7076 15.2184 14.4938 18.8306 14.3386 23.2589 14.3151 14.2575 19.6649 13.9673 14.4094 13.7009 14.3751 16.5736 13.2123 19.1962 13.1154 12.9949 31.6278 27.9968 25.8977 25.1632 18.6664
threshold=1.5000000000000002 0.013072453904896976 0.53648674488067638 9.0587949752807635 0.59100604057312023 0.37945076823234564 57.500000000000007 66.500000000000014 3.5000000000000004 8.6757621765136737 0.47026674449443823 59.500000000000007 0.38604214787483221 0.59100604057312023 0.013423423748463394 1.5000000000000002 74.500000000000014 58.500000000000007 17.500000000000004 12.500000000000002 0.58748558163642894 81.500000000000014 0.014185110572725536 26.500000000000004 0.016001024283468727 1.0000000180025095e-35 0.55161124467849743 1.0000000180025095e-35 13.500000000000002 10.500000000000002 50.500000000000007 0.015038444194942715 64.500000000000014 200.00000000000003 32.500000000000007 0.43806716799736029 98.500000000000014 0.014185110572725536 65.500000000000014 1.5000000000000002 190.50000000000003 1.0000000180025095e-35 0.58565872907638561 55.500000000000007 0.65344625711441051 1.5000000000000002 13.500000000000002 4.5000000000000009 12.500000000000002 0.013072453904896976 0.014185110572725536 66.500000000000014 60.500000000000007 3.5000000000000004 45.500000000000007 25.500000000000004 2.5000000000000004 0.013245614245533945 0.013245614245533945 13.500000000000002 0.012903762981295587 0.010362972505390646
decision_type=2 2 2 2 2 2 2 2 2 2 2 2 2 2 2 2 2 2 2 2 2 2 2 2 2 2 2 2 2 2 2 2 2 2 2 2 2 2 2 2 2 2 2 2 2 2 2 2 2 2 2 2 2 2 2 2 2 2 2 2 2 2
left_child=2 4 3 7 9 14 13 12 24 10 16 15 -1 32 -3 43 -2 18 19 -12 -19 22 23 27 45 -25 33 28 -10 30 -30 -32 -4 34 -27 -18 -31 41 39 -35 -15 -8 -43 -6 -45 -7 47 -24 49 -36 51 52 -50 54 -9 -14 57 -17 59 -58 -60 -59
right_child=1 5 6 -5 11 8 37 53 21 -11 17 -13 55 40 -16 56 35 20 -20 -21 -22 -23 46 25 -26 26 -28 -29 29 36 31 -33 -34 38 48 -37 -38 -39 -40 -41 -42 42 -44 44 -46 -47 -48 -49 50 -51 -52 -53 -54 -55 -56 -57 58 61 60 -61 -62 -63
leaf_value=-0.053710845557908365 -0.039671053911571511 -0.031568869892190508 -0.014097620637299774 0.017062624812398806 0.020068908833218189 0.030663772978089712 0.0061905301285820067 -0.09061713190878784 0.02350451215011426 0.014001480092790631 -0.11129532272746744 0.017012596172180466 -0.0010507314495615822 -0.011006807211067395 0.01944520129625818 -0.0037774005243127219 0.023008732590689904 0.0093124811307509856 -0.017074212008186658 0.0063101870218721092 -0.10059574627456601 0.045962705420749345 -0.10686089743555338 0.024271572397357874 0.035496127431451682 -0.10732207964951389 0.0096835220548776996 0.029168471963422416 -0.11439649636914365 0.023263120223329055 -0.11160946431481966 0.011011220266044518 -0.040598728088594577 -0.099943425638805136 0.0024100189928485528 -0.094474999888884026 -0.10668255034811974 -0.10773843238293611 -0.094404177943053877 0.019813110298855716 0.042394900624043427 0.067871238792760594 -0.033341601985653002 0.043504703835513026 -0.12170851420583934 0.016463477594461134 0.043293468139101114 0.021192846588120665 -0.063336995482789191 -0.10301119755451976 -0.10364603374062931 -0.095934454956247833 0.070918805755806225 -0.032548796551254131 -0.00017609028918155951 -0.038900149890999318 -0.10428712390282997 -0.0046840273846649218 0.024932700675323244 0.00097158557589199573 -0.10453436220513049 -0.1044502416641146
leaf_weight=457.89406129776035 178.50220769701991 83.385545394965447 86.981718564173207 75.358203391777351 243.20933017320931 324.13913580449298 250.46095965639688 6.2126655711326739 106.18881273455918 192.54461350408383 4.4952156101353458 593.15440227859654 23.497714712866582 251.3063055081293 35.215651722857729 294.052900239476 25.21112315426581 225.33530759508722 439.67902332602534 214.64714770938735 4.5806692400947204 53.499349105171859 3.0253081251867107 162.79995805351064 447.75355924852192 6.2096440212335429 835.73563347337767 271.68047607783228 9.9530539875850064 28.295968766789887 3.3973417858360362 19.536959008313715 161.2863589610206 2.8576278826221815 58.50246625742875 3.1878648430574676 2.5151826543733469 2.8097823597490779 3.3515442479401818 65.469951940234751 14.089244447182862 20.467358063207943 5.9260701511520883 3.9448914164677245 4.631208136677742 392.24086622754112 81.99296687822789 333.42503921792377 3.9766794054303336 3.4315040512010446 7.7002243157476178 4.313260226044803 5.4479719824157655 73.09255590318935 105.48745180515107 881.6601128866896 5.8764802257064721 7.3512593675404814 169.55986583675258 1046.4003785897512 3.8380196066573253 12.943925251718609
leaf_count=271324 56120 24140 25006 5019 3161 1374 42481 1753 1048 5939 313 19503 11396 73876 939 19422 1676 17504 87023 14883 660 520 149 1693 1425 484 17747 3637 540 696 445 436 86067 709 1740 550 471 287 844 5178 4843 676 578 59 180 3244 888 3531 344 134 898 602 31 28882 22091 464707 693 419 3907 80480 279 681
internal_value=0.000262837 0.0100405 -0.0281783 -0.0373275 0.00195775 0.0188869 -0.00945851 -0.0399755 0.0201804 -0.00708124 -0.0107863 0.00683995 -0.0432231 -0.0193571 -0.0164215 0.00347243 -0.0328779 -0.00564325 -0.0100983 0.00389777 0.00712275 0.0159371 0.0151418 0.012671 0.0277378 0.00929742 0.00685229 0.0215317 0.00931911 -0.0143287 -0.0396093 -0.00715303 -0.031314 -0.00782059 -0.0218384 0.00982086 0.0126554 0.00872234 0.00969826 0.0148046 -0.00817183 0.00990429 0.0451461 0.0178283 -0.0457126 0.0228887 0.0245976 0.0200414 -0.0154714 -0.00343093 -0.050256 -0.0203304 0.0142703 -0.0160213 -0.00520634 -0.0379176 0.00112532 -0.00794401 0.00345133 0.000383764 0.0220671 -0.0683132
internal_weight=9445.72 7029.19 2416.53 1623.2 3673.15 3356.04 793.328 1547.84 3237.44 1288.18 1095.64 2384.96 1363.05 513.664 118.601 1791.81 206.901 888.737 658.821 219.142 229.916 2073.31 2019.81 1601.36 1164.13 1159.8 996.997 441.568 169.887 63.6985 32.8874 22.9343 248.268 161.261 89.5818 28.399 30.8112 279.664 71.6791 68.3276 265.396 276.854 26.3934 251.785 8.5761 716.38 418.443 336.45 83.3721 61.934 21.4381 13.7379 9.42465 184.793 111.7 905.158 1540.02 314.348 1225.67 1052.28 173.398 20.2952
internal_count=1426325 387339 1038986 805172 313452 73887 233814 800153 48808 184668 178729 128784 747427 189792 25079 109281 58346 120383 102219 15196 18164 42765 42245 37677 6043 30404 28711 7273 3636 2588 1421 881 111073 10964 4233 2226 1167 44022 6731 5887 78719 43735 1254 3400 239 4618 4568 3680 3749 1874 1875 977 375 52726 23844 476103 105881 20522 85359 81173 4186 1100
is_linear=0
shrinkage=0.05


Tree=21
num_leaves=63
num_cat=0
split_feature=19 19 14 2 0 14 0 17 0 17 10 2 14 14 0 14 0 14 14 6 4 8 17 10 6 15 17 14 17 0 4 1 14 14 8 17 14 4 14 15 14 6 6 19 0 14 6 14 10 14 6 0 15 10 2 14 0 17 1 15 4 19
split_gain=980.448 194.897 133.265 60.9671 44.0283 49.919 43.4254 47.638 31.9494 26.2907 24.1363 23.3791 22.3832 20.6466 19.8957 17.5312 15.9846 14.7354 14.7013 14.2889 19.1491 14.2158 14.0321 13.8987 25.4735 16.533 28.9881 19.4163 15.0751 13.8555 13.7676 13.3381 13.3049 13.7486 12.6955 13.3381 14.5398 19.1671 24.0006 20.5423 16.8651 13.754 17.9952 14.4014 12.634 26.0857 38.6607 16.0482 15.2052 13.9321 20.1116 13.2293 12.9005 12.4002 12.3527 12.1558 17.133 13.4307 11.967 11.7911 14.6332 11.665
threshold=1.5000000000000002 2.5000000000000004 57.500000000000007 3.5000000000000004 21.500000000000004 56.500000000000007 66.500000000000014 7.9847960472106942 78.500000000000014 9.695287227630617 3.5000000000000004 2.5000000000000004 73.500000000000014 73.500000000000014 25.500000000000004 40.500000000000007 83.500000000000014 76.500000000000014 49.500000000000007 14.500000000000002 1.0000000180025095e-35 7.5000000000000009 10.839375495910646 14.500000000000002 3.5000000000000004 5.5000000000000009 12.795445442199709 66.500000000000014 21.459535598754886 36.500000000000007 13.500000000000002 0.0055710738524794587 14.500000000000002 37.500000000000007 6.5000000000000009 10.569746971130373 21.500000000000004 4.5000000000000009 36.500000000000007 5.5000000000000009 34.500000000000007 8.5000000000000018 4.5000000000000009 3.5000000000000004 1.0000000180025095e-35 47.500000000000007 3.5000000000000004 61.500000000000007 5.5000000000000009 57.500000000000007 1.5000000000000002 2.5000000000000004 6.5000000000000009 12.500000000000002 1.5000000000000002 59.500000000000007 132.50000000000003 18.735116958618168 0.0074907417874783286 1.5000000000000002 1.0000000180025095e-35 4.5000000000000009
decision_type=2 2 2 2 2 2 2 2 2 2 2 2 2 2 2 2 2 2 2 2 2 2 2 2 2 2 2 2 2 2 2 2 2 2 2 2 2 2 2 2 2 2 2 2 2 2 2 2 2 2 2 2 2 2 2 2 2 2 2 2 2 2
left_child=2 4 6 10 -2 9 15 11 13 30 18 -8 14 21 -4 -1 -10 -7 -3 -20 -21 -5 -14 59 -25 55 61 28 -28 -16 -6 -12 -32 -34 35 36 -33 40 39 -39 -38 42 54 -43 45 -36 -47 49 -49 58 -51 52 53 -50 -40 56 57 -26 -46 60 -18 -27
right_child=1 3 12 8 5 17 7 -9 16 -11 31 -13 22 -15 29 -17 23 -19 19 20 -22 -23 -24 24 25 26 27 -29 -30 -31 32 34 33 -35 44 -37 37 38 41 -41 -42 43 -44 -45 47 46 -48 48 51 50 -52 -53 -54 -55 -56 -57 -58 -59 -60 -61 -62 -63
leaf_value=-0.028530048028441765 0.0056555262173547637 0.034040740674590904 0.012226311708710559 0.017537352426131914 -0.065802496636072197 -0.00010643482464008203 0.061937877465110973 0.014362117047236759 -0.058854286928788739 0.026848984892714423 -0.1231651539662291 -0.040915461760544614 0.00071024061581729527 0.030890910891954983 -0.079443466930834511 -0.0069309497067364632 0.019224467650768007 0.019651755206519048 0.018991771236045788 0.031946437314078119 -0.14875973426785868 0.0098402166919062464 0.039685469038746077 -0.10831940072636066 -0.092109030894168331 -0.089895312041650646 0.050373675658102003 -0.10340300023682628 -0.10799450519258036 -0.017260452847596031 -0.0029420925454593551 0.022712169020797816 -0.027611236764314942 -0.012932798584789837 0.041650519749910513 0.035087083338200431 -0.0053385400263364791 -0.11862084890637388 0.028423507623650354 -0.005699257267860163 -0.11913420274278329 -0.12175885570486085 -0.10973065730903718 0.037880303657713707 -0.1209760161598456 0.058772644011263114 -0.11561474054886259 -0.12502428164644963 0.019543239550139823 0.062988820920003685 -0.11599965575356162 0.051127612881305587 0.053411031300317262 -0.12488305551131917 -0.11767152960363476 0.026516335574817307 0.0054832796427814537 0.069084803030659642 0.014149691715963496 0.0096109769015952935 -0.049236139469864652 0.00067005590275274985
leaf_weight=235.89860820374452 1133.5738981638569 609.9247689624317 60.119693322107196 1035.0440521652345 13.9374563107267 322.54136834864039 5.5484322085976592 40.82775538507849 11.066857312340288 36.456713269930333 1.6790851932018984 1307.1454189578653 182.66719276597723 174.15227747568861 9.193772927625103 156.12123253662139 12.992351134307681 133.38933204719797 119.80890372954309 2.8528442196547985 3.0157913072034708 1426.7316219864879 26.435229787603021 6.5454463000642127 8.7949077209923399 17.740125090931546 14.502062403596943 3.0587819968350223 1.6763692181557406 349.51156675623497 164.05425163713517 39.191946661099792 267.12244628177723 396.05822514783358 124.7295835823752 29.855331813916564 5.7814476750791055 7.3187477458268431 10.205660402774813 8.9559746077284199 7.4535708879120648 1.4755433271639038 4.4945522625930598 33.198173344135284 1.6482755136676122 6.0116223813965917 6.7430807077325863 1.3954604137688864 2.7638065926730633 2.3325880412012339 4.7967409905977538 57.638969410210848 4.5779041685163975 3.2150553381070477 1.6858852636069048 38.266519889351912 32.750313884811476 1.5148025881499041 276.42520427401178 337.03552316490095 19.551489979843609 4.4467214480973771
leaf_count=82512 50477 2035 5018 13264 7669 38425 1242 4015 952 1379 171 747579 30453 2048 3119 41947 415 5026 604 10 84 34807 685 871 1540 4766 194 179 87 122416 34177 258 66864 78560 420 151 58 170 47 82 194 40 123 211 93 18 186 35 25 9 181 417 9 65 35 1700 4802 7 3101 23420 6500 378
internal_value=0.000290718 0.0097161 -0.0274762 0.0158799 -0.00158918 -0.00774744 -0.0345822 -0.0388264 0.0120371 -0.01472 0.0246452 -0.0404807 -0.00772261 0.0142534 -0.0143928 -0.0199282 0.000581025 0.00567412 0.0308321 0.0152604 -0.0609154 0.0130764 0.00563758 0.00189951 -0.0122104 -0.00708552 -0.0327968 0.0121221 0.033964 -0.0188542 -0.0165216 0.0175736 -0.0156913 -0.0188451 0.0179418 0.00518684 -0.00226699 -0.0144178 -0.00360576 -0.0564801 -0.0694249 0.0132473 -0.0245019 0.0310868 0.0218184 0.0346859 -0.0334214 0.0168321 0.0383597 0.0115793 -0.0574379 0.0417029 -0.00975503 -0.0581201 0.00771136 0.00601066 -0.0122123 -0.0684249 0.0133487 0.0068358 -0.0219049 -0.0717441
internal_weight=9365.65 6992.18 2373.47 4525.05 2467.13 1333.56 1745.54 1353.52 3145.87 877.629 1379.18 1312.69 627.927 2635.93 418.825 392.02 509.942 455.931 735.602 125.678 5.86864 2461.78 209.102 498.875 129.296 122.751 41.4241 19.2372 16.1784 358.705 841.172 643.574 827.235 663.181 641.895 149.617 119.762 80.5696 67.3345 16.2747 13.235 51.0598 16.3861 34.6737 492.278 137.484 12.7547 354.794 69.5912 285.203 7.12933 68.1957 10.5568 5.97886 11.8915 81.3265 43.06 10.3097 278.073 369.579 32.5438 22.1868
internal_count=1426325 387339 1038986 104762 282577 232100 877295 752836 95930 188649 8832 748821 161691 50119 130553 124459 45811 43451 2733 698 94 48071 31138 44859 14524 13653 5604 460 281 125535 187270 6099 179601 145424 5928 1369 1218 960 708 252 252 456 205 251 4559 624 204 3935 551 3384 190 516 99 90 82 8049 6349 1547 3194 30335 6915 5144
is_linear=0
shrinkage=0.05


Tree=22
num_leaves=63
num_cat=0
split_feature=19 19 20 17 2 14 20 14 20 17 20 12 14 20 14 6 14 20 8 12 2 20 17 17 14 8 2 12 2 20 2 17 16 20 20 16 14 16 16 6 14 20 2 14 14 6 12 2 4 2 16 12 2 2 16 20 7 13 20 20 14 12
split_gain=901.158 186.778 166.53 80.2122 74.7275 61.6154 57.7071 37.2997 34.5714 32.1643 26.3829 30.601 26.3717 23.3607 18.5004 18.295 20.7593 19.8401 17.936 17.4017 17.1825 16.5176 15.8303 18.7905 15.0938 13.9293 13.7872 13.707 13.6372 13.6144 13.4458 15.0238 23.0443 15.1378 12.6925 17.7745 12.6642 12.5922 13.7386 12.5598 14.0359 12.0948 11.1744 11.0191 18.147 15.8375 12.7734 12.1772 22.2454 14.9722 11.6333 17.6335 17.4042 15.0938 24.2286 20.0086 16.7833 14.4588 12.215 10.9234 10.8954 15.7677
threshold=1.5000000000000002 2.5000000000000004 0.50043973326683056 5.9832961559295663 3.5000000000000004 57.500000000000007 0.58565872907638561 73.500000000000014 0.59287819266319286 12.304175376892092 0.3881679773330689 6.5000000000000009 78.500000000000014 0.4713843315839768 56.500000000000007 4.5000000000000009 70.500000000000014 0.41108143329620367 1.5000000000000002 7.5000000000000009 1.5000000000000002 0.38604214787483221 13.100390911102297 11.084314346313478 22.500000000000004 18.500000000000004 25.500000000000004 2.5000000000000004 5.5000000000000009 0.13558539003133777 41.500000000000007 10.655041217803957 2.5000000000000004 0.54325711727142345 0.55589193105697643 1.0000000180025095e-35 86.500000000000014 2.5000000000000004 1.0000000180025095e-35 8.5000000000000018 74.500000000000014 0.56477344036102306 82.500000000000014 29.500000000000004 40.500000000000007 13.500000000000002 1.0000000180025095e-35 32.500000000000007 7.5000000000000009 61.500000000000007 1.5000000000000002 110.00000000000001 25.500000000000004 6.5000000000000009 2.5000000000000004 0.73999193310737621 0.013793759513646366 0.015038444194942715 0.70070171356201183 0.71790385246276867 60.500000000000007 1.5000000000000002
decision_type=2 2 2 2 2 2 2 2 2 2 2 2 2 2 2 2 2 2 2 2 2 2 2 2 2 2 2 2 2 2 2 2 2 2 2 2 2 2 2 2 2 2 2 2 2 2 2 2 2 2 2 2 2 2 2 2 2 2 2 2 2 2
left_child=2 6 3 7 18 8 9 21 -4 12 11 -6 13 19 20 16 -12 -17 34 -2 -8 -1 23 -5 -13 -23 -27 -22 -15 -26 -18 32 33 -32 35 -3 -14 38 -31 -21 -41 42 -11 45 46 -19 -45 -48 -49 -50 51 -46 -53 54 -52 56 57 58 -56 -10 -57 -62
right_child=1 4 5 22 10 -7 14 -9 59 41 15 24 36 28 -16 17 30 43 -20 39 27 25 -24 -25 29 26 -28 -29 -30 37 31 -33 -34 -35 -36 -37 -38 -39 -40 40 -42 -43 -44 44 50 -47 47 48 49 -51 53 52 -54 -55 55 60 -58 -59 -60 -61 61 -63
leaf_value=-0.052164566911977933 0.018442945301362781 0.027942829944081638 -0.028700931360079743 -0.0045885941287661441 0.028124318825151897 0.0058431248654911439 0.016251764911131974 -0.010028472128444921 -0.0078277834325158665 -0.092791533156352912 0.014756636614756423 -0.082792837284158108 0.01959802859925696 0.0071619401542030933 0.012905157148294042 -0.058620264831827355 0.046084336716146784 0.025422238506312422 0.021144074131047762 0.0024634056445999586 0.06117071675062713 0.023205473276206569 0.026249612477659303 -0.10680250673136815 -0.071678069460994615 -0.00099334691863616474 -0.041840436322919151 -0.0025498123986460418 -0.014459698802750155 -0.038658458523917617 0.048637071329609628 0.0361364403851442 -0.11236258673545457 -0.11360858891725785 0.034467044465591457 -0.13386596031317863 -0.10203275475934347 -0.034870465019763174 0.027493650934475131 -0.044947824595860414 0.018574117640230724 -0.10535323993149773 0.034253114108494562 -0.10612282449932209 0.036947566937866119 0.0076800835199859465 0.0034514449715187141 -0.081144768257871924 -0.040604872317304933 0.0098754321111249044 -0.085993375507500885 0.020756415958067792 -0.013808133024972268 0.009577667516763394 0.014396959153042311 0.035283918023986303 -0.11202249235266171 -0.11619865557433945 -0.10949720013742084 0.036880398321517065 0.072407024971024636 -0.1051366976923368
leaf_weight=439.98963140143314 15.8232481891755 4.5703455167822531 435.00113396032248 51.371573966462165 35.281790993642062 339.05137754359748 151.9279748625122 83.727829294919502 228.37346588214859 1.7912005656398822 884.78511509275995 10.619101799908092 67.930195657303557 83.869094183901325 443.12005587713793 10.701137866592033 94.372267893049866 237.49783324613236 918.75861781754065 18.567750600283034 8.5211152131669206 8.6864710446679947 44.979857501573861 4.9276234069839111 10.741368787596 21.346177509054542 641.08510931412457 882.43278296070639 558.96105968370102 11.093273251201024 7.6485633775591833 22.738629519473761 5.2783043340314171 1.7704422292299566 437.31512740021572 2.6997653129510581 2.2096933012362561 30.853970748721622 26.83409897540696 143.2280884674401 9.2583673542831075 1.7041024835780252 51.349959393963218 2.9816801198758176 94.156226850580424 267.39486559224315 237.7168958443217 12.273623242508618 22.549315589247271 42.135973602766171 10.103075630497186 116.63193068187684 52.954850234789774 832.85998403991107 17.84878000849859 28.985350824310444 5.495469842106103 3.0530620447825632 2.2390059479512265 14.53159730369225 1.9444091059267519 3.5043342094868413
leaf_count=278951 762 18 217874 10673 727 62108 2343 17700 74652 227 12041 3444 2578 4348 20961 1500 507 4208 7355 1857 96 3500 1211 819 5840 10171 360118 87908 102513 3705 98 202 400 68 1378 81 362 7763 1347 56965 837 108 712 181 1088 8464 5912 1330 1908 2923 343 2047 3066 25569 398 282 246 128 112 1209 4 79
internal_value=0.00032703 0.00932501 -0.0267053 -0.038589 0.0153564 -0.0115595 -0.00181595 -0.0422104 -0.0202634 -0.0114079 0.0111181 -0.011352 -0.0136736 -0.0161623 0.00434645 0.0120514 0.0175144 0.0092788 0.0251335 -0.0317227 0.000709862 -0.0446355 0.0041341 -0.0135349 -0.0268031 -0.0396993 -0.0405242 -0.00194039 -0.0116388 -0.0193265 0.0360263 0.0106709 -0.0287275 0.0181406 0.0333778 -0.0321451 0.0157662 -0.0111509 0.008145 -0.0363632 -0.041091 0.0257662 0.0299709 0.0096435 0.00747707 0.0160259 -0.00312097 -0.00214498 -0.0194317 -0.00772202 0.010355 0.0195967 0.00996335 0.00766479 -0.0141076 -0.00259239 -0.0334741 -0.0148205 0.000587585 -0.00515315 0.0230897 -0.0417794
internal_weight=9262.16 6949.08 2313.07 1296.11 4508.39 1016.96 2440.69 1194.84 677.906 954.693 3145.04 125.424 899.847 829.708 1486 3019.62 1016.59 2003.03 1363.34 186.877 1042.88 1111.11 101.279 56.2992 90.1418 671.118 662.431 890.954 642.83 79.5227 131.808 37.4359 14.6973 9.41901 444.585 7.27011 70.1399 68.7813 37.9274 171.054 152.486 54.8453 53.1412 1992.33 1487.43 504.893 317.657 314.676 76.9589 64.6853 1169.78 263.743 169.587 906.033 73.1735 63.0704 28.6363 23.1408 20.0878 242.905 34.4341 5.44874
internal_count=1426325 387339 1038986 683143 104762 355843 282577 670440 293735 171269 95930 22826 170222 167282 111308 73104 13316 59788 8832 60421 90347 652740 12703 11492 22099 373789 370289 88004 106861 18655 1275 768 566 166 1477 99 2940 12815 5052 59659 57802 1047 939 58288 45616 12672 12254 12073 6161 4831 33362 6201 5113 27161 1592 1249 884 638 510 75861 365 83
is_linear=0
shrinkage=0.05


Tree=23
num_leaves=63
num_cat=0
split_feature=19 19 20 17 2 20 14 20 17 14 20 14 0 20 20 13 8 14 4 0 20 0 2 20 10 19 17 8 20 13 0 6 6 4 19 8 0 20 14 4 19 13 14 0 2 20 17 0 13 4 0 17 15 0 20 13 20 6 4 17 17 15
split_gain=837.301 183.659 157.036 81.3891 62.4388 53.224 43.8758 37.0834 33.0896 28.3615 26.1991 23.787 23.0162 29.2477 22.2036 25.6992 19.1954 18.3007 18.1622 19.4736 19.2419 17.5387 16.8226 16.6822 16.2372 28.5129 15.7214 17.8602 24.0895 20.6842 16.2801 19.3916 20.8696 19.6647 27.2679 19.2025 27.2964 15.7349 15.6942 15.5571 15.219 15.206 16.7677 19.6852 16.3721 15.1996 14.4386 15.2101 14.377 14.1775 13.8443 13.2937 13.0877 13.2791 13.0695 12.9166 12.9137 12.5609 15.4188 13.1165 16.6993 21.7479
threshold=1.5000000000000002 2.5000000000000004 0.53258806467056286 10.655041217803957 3.5000000000000004 0.58565872907638561 57.500000000000007 0.37945076823234564 12.304175376892092 73.500000000000014 0.59100604057312023 78.500000000000014 1.5000000000000002 0.55878999829292308 0.3881679773330689 0.014815627597272398 1.5000000000000002 70.500000000000014 18.500000000000004 200.00000000000003 0.4713843315839768 198.50000000000003 94.500000000000014 0.52102982997894298 5.5000000000000009 6.5000000000000009 18.539602279663089 7.5000000000000009 0.41445589065551763 0.015749008394777778 13.500000000000002 2.5000000000000004 3.5000000000000004 8.5000000000000018 5.5000000000000009 11.500000000000002 200.00000000000003 0.43252956867218023 74.500000000000014 6.5000000000000009 3.5000000000000004 0.014389234129339458 70.500000000000014 31.500000000000004 8.5000000000000018 0.50043973326683056 8.2769761085510272 43.500000000000007 0.012903762981295587 110.00000000000001 1.5000000000000002 1.0000000180025095e-35 3.5000000000000004 45.500000000000007 0.7544667422771455 0.012579114176332952 0.22662121802568438 1.0000000180025095e-35 2.5000000000000004 11.891654014587404 9.3475546836853045 4.5000000000000009
decision_type=2 2 2 2 2 2 2 2 2 2 2 2 2 2 2 2 2 2 2 2 2 2 2 2 2 2 2 2 2 2 2 2 2 2 2 2 2 2 2 2 2 2 2 2 2 2 2 2 2 2 2 2 2 2 2 2 2 2 2 2 2 2
left_child=2 5 3 7 16 8 10 -1 11 21 -4 12 13 23 15 -6 -3 26 -14 20 38 45 -23 -2 -19 39 27 -16 -29 30 -30 35 37 34 -34 36 -32 -33 -20 -26 49 42 43 54 -45 -9 47 -46 -28 -35 -18 -8 53 -11 -7 -53 -21 58 -52 60 -59 -62
right_child=1 4 6 -5 14 41 51 9 -10 52 -12 -13 18 -15 17 -17 50 24 19 56 -22 22 -24 -25 25 -27 48 28 29 -31 31 32 33 40 -36 -37 -38 -39 -40 -41 -42 -43 -44 44 46 -47 -48 -49 -50 -51 57 55 -54 -55 -56 -57 -58 59 -60 -61 61 -63
leaf_value=-0.050150639219239936 -0.12953346084222403 0.032540403201287336 -0.02827911977864829 0.020248412850270632 -0.024427430246528849 0.0018061699422346929 0.0040014279878905837 -0.043140420795166667 0.02623290950084255 -0.090404120383856576 -0.0053352623120717299 0.014050348902746399 -0.060128072349620587 -0.11692269122544977 0.014144681520637463 0.026074366862754234 0.026977437279794854 0.037732386112688858 -0.042225005522484774 -0.073900403028531209 -0.015060570449101324 -0.031647682993088913 0.0012485759523902097 0.052616649959096408 -0.11026225133748782 -0.10742368514301377 -0.095438561450514131 -0.094053704006389016 0.01302697742516184 -0.029176864417844447 -0.11357048972807882 0.055405168880575353 -0.010835124728454402 -0.053032032141502108 -0.10220640207018848 0.033619740848312103 0.046792023564542165 -0.1074199042244904 0.029525184677105288 0.019052414001808265 0.010186836028609805 0.033365276705418286 0.018605482562815783 0.027617353906616744 -0.030707626149021727 -0.026417510580705614 -0.092339446993463581 -0.0047009342056389403 0.022412863441963384 -0.0035013609111822623 -0.0051504360620477779 0.050890769669367578 -0.035517395639686582 0.012502734842224564 0.016369702153303724 -0.049661718411114358 0.016106557375726228 0.014612106661412478 -0.12564279559817895 0.034550913081962731 0.0044967804178955859 -0.11282351371716864
leaf_weight=438.16815243725432 1.3218141794204772 440.08759016916156 250.12554939766414 62.489932771306485 86.80500360019505 761.5985028053401 254.27699851314537 529.65794241585536 55.130253999843262 3.3124591719824812 247.57113983575255 71.113603073172271 24.483681643730961 3.1677922809030852 1055.1637345198542 35.490411888342351 390.05415128124878 121.41081921570003 109.477495044237 4.2712522450601673 581.87275283620693 125.31096696748864 56.334828536782879 25.633574987761676 2.3560885307379058 4.6928618494421235 2.6104272771626702 6.0560043836012474 599.83756645605899 40.751751343254 5.6513110673986358 1.8477317788638155 36.759520366322249 15.379705578321589 10.496963738929479 72.483247266616672 5.0026908116415143 7.5321786371059716 8.191642750753088 180.91159727168269 295.82317374472041 42.341226240154356 153.12778909946792 27.439185555558652 75.023218418704346 182.76370887493249 5.5877012917771927 224.33375500468537 299.16222935821861 238.33203236712143 15.90817230101675 26.868548367638144 25.622576045221649 58.474014645209536 193.11216497072019 3.6246109809726468 59.480641281814314 409.5222758515738 3.1869259225204578 80.579857780132443 11.729864753782751 5.9557694257237008
leaf_count=278976 221 1477 121140 2606 22099 41412 44223 294805 1047 736 78719 2940 14075 241 19624 727 1949 1202 40088 1788 103079 84779 25180 246 210 132 116 1197 9525 1704 241 21 2843 2769 748 1055 70 550 449 3571 12070 717 4536 2488 11835 93104 602 43622 3128 12328 90 1078 7422 5667 6096 551 7095 4329 82 585 135 185
internal_value=0.000353241 0.00900229 -0.0260311 -0.0355979 0.0150014 -0.00207665 -0.00791006 -0.0380561 -0.0113557 -0.0326566 -0.0168661 -0.0136866 -0.0160983 0.0267949 0.011112 -0.00977169 0.0239567 0.0119627 -0.0177384 -0.0163787 -0.0187897 -0.0353142 -0.0214454 0.0436845 0.0234799 0.0142737 0.0106395 0.0092823 0.00544189 0.00589497 0.00700364 0.00176212 -0.00134365 -0.000180553 -0.0311312 0.024407 -0.0382707 -0.0753453 -0.0372301 0.0173899 0.002481 0.00383254 0.0029643 0.00110344 -0.0093763 -0.0388503 -0.012705 -0.0112186 0.0213934 -0.00650385 0.0198369 0.00774248 -0.00547337 0.00698575 0.00475198 0.0389385 0.0100763 0.0145507 -0.0252603 0.0160478 0.0125578 -0.0350117
internal_weight=9172.89 6908.29 2264.6 1482.13 4481.58 2426.71 782.467 1419.64 944.145 981.476 497.697 889.014 817.901 30.1232 3124.56 122.295 1357.02 3002.26 787.777 763.294 699.542 894.067 181.646 26.9554 309.371 187.961 2692.89 2391.12 1335.95 1329.9 1289.15 689.309 606.171 596.791 47.2565 83.1372 10.654 9.37991 117.669 183.268 549.535 1482.56 1440.22 1287.09 332.384 712.422 304.945 299.357 301.773 253.712 916.937 284.77 87.409 61.7865 954.711 30.4932 63.7519 526.883 19.0951 507.788 427.208 17.6856
internal_count=1426325 387339 1038986 793275 104762 282577 245711 790669 171269 511693 199859 170222 167282 708 95930 22826 8832 73104 166574 152499 143616 497868 109959 467 5115 3913 67989 64745 45121 43924 42220 32695 31329 30758 3591 1366 311 571 40537 3781 27167 111308 110591 106055 58547 387909 56059 55457 3244 15097 7355 45852 13825 6403 47508 1629 8883 5406 172 5234 4649 320
is_linear=0
shrinkage=0.05


Tree=24
num_leaves=63
num_cat=0
split_feature=19 19 20 14 2 20 14 0 13 20 14 20 13 20 13 20 0 20 10 14 2 6 0 13 15 14 14 0 2 2 2 14 14 10 5 14 20 0 1 15 20 14 14 20 0 14 20 3 14 20 0 14 6 8 19 4 4 0 20 20 0 0
split_gain=782.254 174.105 148.354 64.1407 58.1928 48.2598 38.7769 24.813 27.4633 24.6992 23.7341 21.7906 22.7063 21.6205 27.9929 20.1111 18.8922 17.9534 17.3431 17.3376 16.3903 28.0697 16.1345 14.916 14.7907 13.6428 13.4131 19.0272 13.3948 14.8514 13.9403 13.3875 18.9508 48.3043 18.814 13.3737 17.4149 16.015 13.3493 13.0072 12.6285 15.1355 13.8494 12.4072 12.2308 14.5191 28.9711 19.8025 12.1488 12.6467 12.0762 12.0694 11.8711 16.248 24.2147 21.139 11.8643 11.8217 11.8118 11.5522 11.6908 11.4684
threshold=1.5000000000000002 2.5000000000000004 0.53258806467056286 73.500000000000014 3.5000000000000004 0.58214998245239269 57.500000000000007 1.5000000000000002 0.014815627597272398 0.59287819266319286 57.500000000000007 0.3881679773330689 0.014815627597272398 0.45239855349063879 0.013793759513646366 0.47245472669601446 3.5000000000000004 0.55878999829292308 3.5000000000000004 70.500000000000014 96.500000000000014 12.500000000000002 4.5000000000000009 0.014389234129339458 2.5000000000000004 49.500000000000007 61.500000000000007 1.0000000180025095e-35 5.5000000000000009 150.00000000000003 57.500000000000007 71.500000000000014 74.500000000000014 5.5000000000000009 0.016001024283468727 74.500000000000014 0.59287819266319286 4.5000000000000009 0.0072203108575195083 7.5000000000000009 0.63550949096679699 72.500000000000014 5.5000000000000009 0.65713798999786388 17.500000000000004 67.500000000000014 0.59462928771972667 0.011561079882085325 22.500000000000004 0.13558539003133777 131.50000000000003 59.500000000000007 2.5000000000000004 2.5000000000000004 5.5000000000000009 1.0000000180025095e-35 1.0000000180025095e-35 59.500000000000007 0.50894132256507885 0.27715224027633673 45.500000000000007 5.5000000000000009
decision_type=2 2 2 2 2 2 2 2 2 2 2 2 2 2 2 2 2 2 2 2 2 2 2 2 2 2 2 2 2 2 2 2 2 2 2 2 2 2 2 2 2 2 2 2 2 2 2 2 2 2 2 2 2 2 2 2 2 2 2 2 2 2
left_child=2 5 3 13 18 7 9 17 10 57 15 12 48 -1 -15 -9 -17 58 25 44 22 -22 -12 35 -21 -3 27 -20 -18 30 61 -26 33 34 -33 37 -37 43 -29 -25 42 -42 -39 -7 -13 -46 -47 -48 -6 -50 -38 -16 -27 55 -55 -54 -34 -4 -2 -5 -61 -30
right_child=1 4 6 59 11 23 -8 8 -10 -11 20 19 -14 14 51 16 28 -19 26 24 21 -23 -24 39 31 52 -28 38 29 -31 -32 32 56 -35 -36 36 50 40 -40 -41 41 -43 -44 -45 45 46 47 -49 49 -51 -52 -53 53 54 -56 -57 -58 -59 -60 60 -62 -63
leaf_value=-0.043415088928233009 -0.13167505626716455 0.031782382681334188 -0.011812810800023102 -0.065010254290742933 -0.078410105802926636 0.022512010027243991 0.0068193274032803041 -0.03779134166664333 0.018674687884551802 -0.0048291537136085734 -0.11779972813482659 0.013420833649085421 0.023098349089461376 -0.03218837086535823 0.057210487072625826 -0.11226342744343248 0.0087671501081475305 -0.11164073031293338 0.028983278760776422 0.038257096579052338 0.01927912257810185 -0.064966396688453942 0.0060054094896113044 0.036283542338409747 0.039570096794367113 0.025130359436769611 0.034957673773453067 -0.12108516794121027 -0.10403198399686826 0.012688051148913887 -0.035547177036023635 0.039833956747505644 -0.1137661347351115 -0.10516978546039316 -0.11037807895982471 -0.11329679332610587 0.024270263917980303 0.01642613883439285 0.0089518836168894292 -0.10870471075701969 0.001879419322590563 -0.1029082086168492 -0.015851212842262829 0.0035322096251407921 0.0075648754274200442 -0.10148895008140491 0.021157424299987366 -0.10617773188678403 -0.069890546351737332 -0.0095233921150781626 -0.10710391018456095 -0.09482713271403212 0.015923374865751922 -0.13194159398235925 0.024411192163639225 -0.11733228601199959 0.018718769632327433 -0.034904677574885648 0.047752494930079527 -0.082003718892962221 0.0042081654581171968 -0.012771207345384505
leaf_weight=790.68585617933422 0.94739535171539202 591.59838189231232 82.744747606804594 6.8889051112346342 9.2103065431583655 126.65287054493092 287.63141496526077 132.43096948036691 64.41438039788045 239.64293667348102 2.6685114428400984 1489.2099173755269 36.268951821606606 507.79221638012677 12.045997232198713 4.9975815499201408 54.239983492763713 2.0300983353517941 156.08948920900002 104.11493170121685 16.717477760626934 24.20086589991115 190.22766731365118 44.940607509110123 43.910589485894889 78.400395017582923 91.578940813429654 1.9838732646312554 3.4937029590364537 36.262791465851478 111.20375410059933 17.433587782084949 1.7126431008800853 12.026530249742789 2.3676542041357598 2.4267347394488743 107.27367064985447 38.618009042926133 382.01463280664757 1.6020270437002171 667.82539824186824 3.4638942605815819 238.34652614593506 268.95897905435413 1156.0109742360655 9.1808261561673117 20.976358051877472 3.5733862081542602 10.00962902442552 65.114115929347463 1.7782421126030374 1.4639792332891364 5.445241916924715 2.7038037646561852 29.433420486748219 6.5634284699335677 127.01789564383216 167.86570375890005 28.805975497234613 4.0616560927592209 123.50298237975221 234.86971623584395
leaf_count=482606 184 2035 25093 4424 3444 2721 45852 51326 1881 75861 210 20464 727 286134 625 639 3227 199 774 877 1300 5544 20202 636 539 352 805 223 443 4020 35281 204 94 857 100 281 2064 5587 4297 114 55938 428 40638 6093 46000 841 491 193 5840 12815 222 359 29 71 146 100 2444 98905 312 1355 17772 43087
internal_value=0.000405093 0.00875629 -0.0253632 -0.0348328 0.0146135 -0.00207114 -0.00775509 -0.0111745 -0.0127496 -0.0163059 -0.0152445 0.0108527 -0.00998411 -0.0382034 -0.0302985 -0.020686 -0.0155963 0.0322233 0.0232989 0.0116939 -0.00180442 -0.0305473 0.0042927 0.00342953 0.0229168 0.0286371 0.0172637 0.0142634 -0.0144985 -0.0177692 -0.0209288 0.0151055 0.00841477 -0.0261318 0.021873 0.00253845 0.01918 0.00115797 0.00828007 0.031293 -0.00236759 0.00133871 -0.0113507 0.00960848 0.0104011 0.00662137 -0.0257144 0.00262291 -0.0242117 -0.0175668 0.022128 0.0407353 0.0134528 -0.00728572 0.0112568 -0.0569085 0.0169562 -0.0272804 0.0420392 -0.00194267 0.00146318 -0.0141088
internal_weight=9087.67 6863.35 2224.33 1446.44 4453.95 2409.4 777.885 907.511 875.727 490.253 811.313 3108.14 120.603 1311.99 521.302 577.498 445.068 31.7835 1345.81 2987.54 233.815 40.9183 192.896 1501.89 308.584 714.145 631.667 540.088 440.07 385.83 349.567 204.469 160.558 31.8278 19.8012 1455.34 111.479 1343.87 383.999 46.5426 948.254 671.289 276.965 395.612 2678.95 1189.74 33.7306 24.5497 84.3341 75.1237 109.052 13.51 122.546 44.1459 32.1372 12.0087 128.731 250.61 29.7534 134.454 127.565 238.363
internal_count=1426325 387339 1038986 793275 104762 282577 245711 167855 167160 199859 165279 95930 22826 769724 287118 138023 86697 695 8832 73104 27256 6844 20412 114722 5115 2733 6099 5294 86058 82831 78811 4238 3699 1161 304 113972 2567 111405 4520 750 102591 56366 46225 8814 67989 47525 1525 684 22099 18655 2286 984 698 346 217 129 2538 123998 496 23551 19127 43530
is_linear=0
shrinkage=0.05


Tree=25
num_leaves=63
num_cat=0
split_feature=19 19 14 2 0 14 17 10 0 17 17 0 17 17 17 15 17 14 6 15 11 0 5 6 17 2 14 14 14 14 0 8 19 14 14 0 14 10 15 6 15 8 6 2 11 4 12 2 0 0 14 2 6 8 14 8 0 10 2 7 10 4
split_gain=673.345 165.879 118.24 65.6378 40.936 47.3634 34.4679 34.3498 33.1245 31.6412 28.4212 35.5501 22.4845 21.9958 19.8933 17.6634 17.6119 17.2944 17.2842 20.6812 21.7328 17.0321 16.8735 16.6925 16.5749 15.0969 14.45 14.3836 14.0712 13.8125 13.6215 22.2259 16.8822 13.7125 13.4783 21.0098 35.1081 15.3383 36.5638 18.3847 12.9461 12.857 14.8559 24.17 15.1143 14.5373 12.5874 12.4801 12.3334 12.2846 12.0028 26.7485 25.0029 20.7712 17.0799 13.8882 11.8852 11.8773 16.0091 17.5448 13.6395 20.253
threshold=1.5000000000000002 2.5000000000000004 53.500000000000007 9.5000000000000018 1.0000000180025095e-35 74.500000000000014 8.6437592506408709 1.5000000000000002 36.500000000000007 5.9832961559295663 10.065752029418947 35.500000000000007 10.721748352050783 8.4322552680969256 23.462511062622074 4.5000000000000009 40.747556686401374 80.500000000000014 1.0000000180025095e-35 2.5000000000000004 0.013986697886139156 137.50000000000003 0.013793759513646366 17.500000000000004 4.7993960380554208 6.5000000000000009 5.5000000000000009 49.500000000000007 72.500000000000014 71.500000000000014 46.500000000000007 1.0000000180025095e-35 4.5000000000000009 61.500000000000007 61.500000000000007 2.5000000000000004 57.500000000000007 4.5000000000000009 4.5000000000000009 9.5000000000000018 6.5000000000000009 6.5000000000000009 3.5000000000000004 1.0000000180025095e-35 0.014389234129339458 2.5000000000000004 1.5000000000000002 20.500000000000004 46.500000000000007 3.5000000000000004 21.500000000000004 1.0000000180025095e-35 4.5000000000000009 110.00000000000001 41.500000000000007 2.5000000000000004 70.500000000000014 1.0000000180025095e-35 44.500000000000007 0.013245614245533945 11.500000000000002 110.00000000000001
decision_type=2 2 2 2 2 2 2 2 2 2 2 2 2 2 2 2 2 2 2 2 2 2 2 2 2 2 2 2 2 2 2 2 2 2 2 2 2 2 2 2 2 2 2 2 2 2 2 2 2 2 2 2 2 2 2 2 2 2 2 2 2 2
left_child=2 4 8 7 -2 10 13 14 -1 17 11 23 25 18 49 -7 -16 56 19 26 -21 34 -22 -6 47 -10 -5 48 -25 -12 33 32 -32 -24 35 36 -9 38 39 -36 -19 42 43 -37 -45 -46 -11 -17 -13 -3 -51 53 -53 -52 55 -54 -4 58 -20 -60 61 -59
right_child=1 3 9 6 5 15 -8 21 12 46 29 27 -14 -15 16 24 -18 40 57 20 22 -23 30 28 -26 -27 -28 -29 -30 -31 31 -33 -34 -35 37 41 -38 -39 -40 -41 -42 -43 -44 44 45 -47 -48 -49 -50 50 51 52 54 -55 -56 -57 -58 60 59 -61 -62 -63
leaf_value=-0.010993506185596731 0.022101530005134484 0.035335067210503029 -0.0043467509353189932 -0.12033374495613042 0.057152780948996312 0.024556351026955085 0.01708921135299225 0.022637662897104508 0.025450913301136975 -0.090888305046621445 0.025063087831597122 -0.040826521747301232 0.017659160564105558 -0.075598582054566321 -0.11603403484212027 -0.0026323519093098872 0.024936566202515775 0.014221807683089255 0.0020340744694311904 -0.11767903128355445 0.056524981752576337 -0.11119228556013692 0.015467411917289973 -0.0028709519790487076 0.011667083442995373 -0.036444391696830371 0.041103903186048764 -0.0078508102887587718 -0.078715982486068592 -0.10627906920288253 0.032847710190871723 -0.11679688419410275 -0.11676896806655986 -0.1198446999641756 0.030722045146487537 -0.12152994846455865 -0.083261377305265422 0.032529455389611932 -0.11687889119481516 -0.13151560567367415 -0.078377392157910189 0.0025456682661413174 0.024244708897436958 -0.11224574160918672 -0.023234801135175773 0.021370119662377521 0.020786568613788595 -0.082726785832966568 -0.018516080402400582 0.036660020929604374 -0.12381639979091681 0.025006877095213455 0.028843667212187452 0.049177741869343906 -0.11938600034096336 -0.10564192335953755 -0.020093363703423 0.0034738745109403769 0.0086454299489916609 -0.088632216675732553 -0.0023844947206547572 0.02443752008743303
leaf_weight=159.65955628902884 152.47668531024829 420.29622599296272 174.30913695669733 1.4120298414491106 11.54046843096148 175.0175085621886 657.75475236587226 540.41797271138057 9.9292873726226372 2.5890377589967093 79.218919883714989 72.704084448690992 19.856671420158818 8.7504146334249508 4.4072386766783875 9.2361062029376644 4.4553673695772886 76.347724655992351 29.008846600539982 3.6020576932933173 14.630694175604729 2.646914468612521 49.532908663153648 1086.4093272764585 38.888158580288291 1260.7158366144286 75.518536662915722 295.03269102313789 6.1498928987421086 2.053616381250321 8.8786734621971828 6.1981558708939728 2.3937471136450759 1.9458839492872346 26.168827609857544 3.9104140745475879 7.9414341710507861 191.08425549406093 5.9174461574293664 1.871053301263603 3.9708670760737723 424.22005780506879 192.64584379526787 2.6537810685113064 25.419014311395586 64.917664598673582 99.355367267969996 10.273288120515643 418.58384806767572 79.54077737685293 6.0033427425660193 126.75272870669141 7.4458965770900249 2.4405513852834684 4.9427048075012854 2.5865879547782225 383.42389209492831 571.19031797611387 7.0225953222252455 13.634084698744116 630.43711800675374 144.32206027279608
leaf_count=48314 2141 1249 31860 90 245 4211 12268 3227 3311 860 2086 16121 937 531 79 477 21 7384 495 245 86 474 456 76325 974 774609 665 54151 616 144 305 693 184 84 140 73 197 1794 147 62 1507 7757 1903 86 288 439 10038 2236 122765 287 91 686 63 9 162 72 161575 28824 347 845 36733 2601
internal_value=-9.67842e-05 0.00773735 -0.0241788 0.0134987 -0.00295391 -0.00468642 0.00748196 0.0197326 -0.0324777 -0.00791549 -0.0072077 -0.0084524 -0.0351357 0.00345308 0.0292389 0.0166112 -0.045166 -0.0120482 0.00389657 0.0192456 0.0025723 0.0155285 0.00775478 -0.00266602 -0.00720026 -0.0359607 0.0381408 -0.0165772 -0.00329788 0.0217443 -0.002594 -0.0407426 0.00107596 0.0103527 0.015754 0.0137441 0.021104 0.0270267 -0.00393839 0.0198962 0.0096438 0.00808969 0.0162123 0.000243388 0.00536417 0.00881915 0.0179504 -0.0448086 -0.0218177 0.0302534 0.0209557 0.0126377 0.0177884 -0.0738156 -0.04331 -0.00582958 -0.0151721 0.00209165 -0.0219206 -0.055561 0.00297771 0.00770234
internal_weight=8922.66 6732.5 2190.16 4374.92 2357.58 2205.11 2226.23 2148.69 1450.16 739.996 1971.69 1890.42 1290.5 1568.48 658.871 233.415 8.86261 638.052 1559.73 164.113 87.1821 1489.81 83.5801 1104.1 58.3976 1270.65 76.9306 786.321 1092.56 81.2725 68.9494 17.4706 11.2724 51.4788 1487.17 1262.13 548.359 225.042 33.9573 28.0399 80.3186 713.767 289.547 96.9009 92.9905 90.3367 101.944 19.5094 491.288 650.009 229.713 150.172 141.728 8.44389 14.9752 10.0325 557.733 1395.62 49.6655 20.6567 1345.95 715.512
internal_count=1427645 387250 1040395 104758 282492 280351 85452 19306 827171 213224 272453 270223 778857 73184 2719 7898 100 202326 72653 2808 2053 16587 1808 77186 3687 777920 755 193037 76941 2230 1722 1182 489 540 16113 13970 3424 2143 349 202 8891 10546 2789 886 813 727 10898 2713 138886 2619 1370 1083 983 100 297 135 193435 69845 1687 1192 68158 31425
is_linear=0
shrinkage=0.05


Tree=26
num_leaves=63
num_cat=0
split_feature=19 19 20 14 2 20 10 14 20 15 2 6 18 6 20 13 20 0 14 14 0 14 0 14 15 14 20 15 0 18 4 0 20 14 0 2 2 20 20 13 14 14 2 7 1 6 15 2 4 2 15 1 2 0 13 13 13 14 14 0 0 0
split_gain=630.181 164.329 145.854 76.7566 63.3696 58.6826 37.4446 30.7718 28.0196 26.8493 33.0743 28.7965 26.3926 21.6288 21.2784 25.7204 21.4205 20.3543 18.9097 17.4887 19.174 20.6924 17.356 16.862 15.8416 20.3196 15.7552 14.5885 13.838 13.3713 24.5473 16.4294 16.338 13.2763 13.303 13.2401 12.756 12.7305 12.122 17.364 15.163 12.0233 14.1097 11.8736 17.6625 11.7997 11.668 11.5332 11.4308 11.3325 12.5617 21.5018 13.199 11.1838 11.0515 12.4255 12.2483 17.7326 10.8532 19.6134 15.5801 14.3933
threshold=1.5000000000000002 2.5000000000000004 0.56912398338317882 54.500000000000007 9.5000000000000018 0.63550949096679699 2.5000000000000004 51.500000000000007 0.46675199270248419 3.5000000000000004 8.5000000000000018 18.500000000000004 1.0000000180025095e-35 2.5000000000000004 0.19380924105644229 1.0000000180025095e-35 0.44335819780826574 196.50000000000003 74.500000000000014 61.500000000000007 1.5000000000000002 57.500000000000007 1.0000000180025095e-35 80.500000000000014 2.5000000000000004 72.500000000000014 0.33279025554656988 1.5000000000000002 1.0000000180025095e-35 1.0000000180025095e-35 4.5000000000000009 6.5000000000000009 0.52864456176757824 84.500000000000014 1.5000000000000002 56.500000000000007 11.500000000000002 0.47026674449443823 0.40027824044227606 0.014815627597272398 40.500000000000007 28.500000000000004 2.5000000000000004 0.014599318150430919 0.0041067933198064574 14.500000000000002 7.5000000000000009 150.00000000000003 1.0000000180025095e-35 75.500000000000014 1.5000000000000002 0.006006060168147088 3.5000000000000004 6.5000000000000009 0.015749008394777778 0.016261236742138866 0.014599318150430919 69.500000000000014 61.500000000000007 20.500000000000004 25.500000000000004 66.500000000000014
decision_type=2 2 2 2 2 2 2 2 2 2 2 2 2 2 2 2 2 2 2 2 2 2 2 2 2 2 2 2 2 2 2 2 2 2 2 2 2 2 2 2 2 2 2 2 2 2 2 2 2 2 2 2 2 2 2 2 2 2 2 2 2 2
left_child=2 5 3 8 6 7 24 9 -1 37 -11 -12 13 -6 -5 16 -16 27 22 20 21 -8 -7 35 48 29 -9 -18 -14 -26 31 46 -33 34 -28 -4 -13 -2 39 40 -15 -39 -43 -41 -45 -35 54 -19 -3 50 51 -36 -52 -44 56 -56 57 -31 -54 -60 -61 -62
right_child=1 4 23 14 12 18 19 26 -10 10 11 36 28 38 15 -17 17 47 -20 -21 -22 -23 -24 -25 25 -27 33 -29 -30 30 -32 32 -34 45 49 -37 -38 41 -40 43 -42 42 53 44 -46 -47 -48 -49 -50 -51 52 -53 58 -55 55 -57 -58 -59 59 60 61 -63
leaf_value=-0.04429976971869036 -0.052749750847903287 0.046180018364688255 0.055716695377199255 -0.0595954780944839 0.01544529928170494 0.021344957318596217 0.022142167384014051 -0.054016491463523914 -0.028444693444305481 0.015686686677639432 0.026120528652705588 -0.075205465725430909 -0.11898292667834671 -0.0069616002762065412 -0.035307988523030825 0.014981151765844553 0.005930437752480304 -0.001944880132423406 0.028180030764795229 0.027177145721214397 0.0068912234471061977 -0.1100459242781158 0.0010576282170043408 0.042360744295291013 0.025928754463261053 -0.13094192747546135 0.035462522829323349 -0.023572895866431652 0.024416341546326853 -0.1198729681062756 0.048316445040565412 0.052373051251127803 -0.11741673581428774 -0.11505527266491632 -0.085288452411940233 -0.0034165766846373188 -0.019288966838456337 -0.011317246579855377 0.0038484169674073768 0.034371090260849786 -0.056523468166022606 -0.11853269796321129 0.0067061405543495075 -0.13564118293855562 0.065844895445246132 0.036442111211372856 -0.11739169877031724 0.045583084226427928 0.027017806697894609 0.0066037886362476719 -0.081174446695716621 0.0096092116798739066 -0.0032759085373860485 -0.037523616022535129 -0.12390686417578869 0.00062051231680186863 0.042113969493528976 0.064568008971664592 -0.093467023201681099 0.040546327507397756 -0.060836058654135688 -0.0092372185057908642
leaf_weight=685.87567611428676 48.370016885688528 156.06121286214329 9.655366948922163 24.447217877663206 429.00278052769136 119.90272250212729 353.97967559238896 13.669057378894648 469.33179820282385 100.58278431592043 35.798748364672065 10.521107284468597 1.6948012523353089 33.794755440205336 112.52117021544836 75.377752987958957 56.331860756617971 29.244122162810527 84.247947271447629 214.18578641815111 728.41059187019709 2.9854827099479726 873.06904267333448 22.127524938900024 459.70375723112375 2.1521451384760431 22.787925236858428 163.54021959449165 229.13731271727011 3.1774982735514703 18.911541274748743 1.7903387546539287 6.7911756671965122 1.3377457917667914 6.3549079587683073 482.6251113525359 333.54507848987123 97.691291199647821 1471.8122580254567 21.629826578311626 28.401862358907238 4.8311828309670082 16.600978769827634 2.7072100657969704 1.8181813713163135 32.780593616887927 2.1403659833595148 22.65037039492745 155.24421714711934 167.00622060475871 7.907038902398198 98.302164715132676 90.04971866577398 102.77021450130269 3.154996410943566 5.4871851541101933 17.292954299598932 2.2092013210058212 10.187130825594066 9.4372347451280785 21.750586527516134 35.694793026894331
leaf_count=455186 17786 309 2852 17625 9224 1443 2050 5309 276024 6229 3443 2429 33 8803 59633 8388 9382 11420 1308 2155 11165 128 62255 1193 2262 89 364 53086 2331 49 65 9 149 105 1453 142305 92870 14611 53567 363 10917 492 798 211 3 569 37 3301 673 15987 941 4291 15030 22149 54 41 69 2 1282 459 3763 7126
internal_value=-3.82176e-05 0.00752596 -0.0235656 -0.0308544 0.0132736 -0.00314404 0.0194267 -0.0104341 -0.0378583 -0.0168997 -0.00980771 -0.0165583 0.00735972 0.00550257 -0.0141414 -0.011724 -0.0169621 -0.0093663 0.00543697 0.0141201 0.0115434 0.0210366 0.00350735 -0.000337518 0.0276944 0.0223773 -0.00105048 -0.0160141 0.0233635 0.023011 0.00100642 -0.0202739 -0.0819939 0.000387168 -0.00180137 -0.00225676 -0.0209988 -0.0295072 0.00276859 -0.0152197 -0.0295938 -0.0244407 -0.0347629 0.0189618 -0.0546895 0.0305021 -0.0044456 0.0187996 0.0366241 -0.00370239 -0.00985648 0.00384691 -0.0180504 -0.0313726 0.00327253 -0.0448406 0.0216063 -0.0442298 -0.0150638 -0.0288369 -0.0189929 -0.0287741
internal_weight=8852.6 6698.87 2153.73 1639.32 4353.68 2345.2 2133.68 1267.98 1155.21 750.711 480.448 379.865 2220 1989.17 484.113 459.665 384.288 271.767 1077.22 1299.56 1085.38 356.965 992.972 514.408 834.117 522.811 517.265 219.872 230.832 520.659 60.9553 42.0437 8.58151 503.596 469.478 492.28 344.066 270.264 1560.16 88.3518 62.1966 221.894 124.202 26.1552 4.52539 34.1183 33.4622 51.8945 311.305 446.69 279.684 104.657 175.027 119.371 31.3218 8.64218 22.6797 5.3867 167.119 77.0697 66.8826 57.4454
internal_count=1427645 387250 1040395 894045 104758 282492 19306 217486 731210 160807 104971 98742 85452 83088 162835 145210 136822 77189 65006 15498 13343 2178 63698 146350 3808 2826 56679 62468 2364 2737 475 410 158 51370 50696 145157 95299 55836 73864 20297 19720 38050 23439 577 214 674 252 14721 982 50332 34345 5744 28601 22947 215 95 120 51 27660 12630 11348 10889
is_linear=0
shrinkage=0.05


Tree=27
num_leaves=63
num_cat=0
split_feature=19 19 20 17 0 2 20 12 14 14 20 8 12 14 6 6 20 6 20 15 8 20 20 2 15 6 3 14 0 15 14 14 20 20 4 8 15 12 0 15 8 14 14 14 0 14 2 2 2 8 0 0 20 14 20 14 14 2 4 20 0 20
split_gain=592.392 149.041 137.585 79.6401 54.4295 47.6773 43.4311 41.7703 40.8234 34.7286 30.4826 27.4933 26.1248 21.7296 20.654 38.2778 20.0854 19.2516 20.9071 17.4839 17.8713 16.5919 16.5068 15.7997 15.635 19.2083 21.6955 15.2978 16.7482 17.2686 14.8669 14.5832 13.9326 13.4169 12.7688 12.5764 12.3778 27.8923 12.2243 11.8121 12.5601 13.2499 13.2135 14.9695 12.9735 11.6666 11.5521 11.1209 16.6376 12.0425 12.9805 13.7714 12.5593 14.3497 11.8705 10.8901 10.9218 10.8476 10.7254 16.0252 10.7134 11.7561
threshold=1.5000000000000002 3.5000000000000004 0.53258806467056286 5.4918768405914316 1.0000000180025095e-35 7.5000000000000009 0.52988538146018993 12.500000000000002 80.500000000000014 69.500000000000014 0.46435321867465978 1.0000000180025095e-35 110.00000000000001 63.500000000000007 17.500000000000004 110.00000000000001 0.60610684752464306 1.0000000180025095e-35 0.39029119908809667 5.5000000000000009 11.500000000000002 0.79142892360687267 0.21614902466535571 11.500000000000002 5.5000000000000009 18.500000000000004 0.0069687257055193194 54.500000000000007 3.5000000000000004 7.5000000000000009 85.500000000000014 70.500000000000014 0.39439250528812414 0.245488315820694 8.5000000000000018 110.00000000000001 2.5000000000000004 2.5000000000000004 35.500000000000007 2.5000000000000004 5.5000000000000009 24.500000000000004 68.500000000000014 66.500000000000014 13.500000000000002 67.500000000000014 6.5000000000000009 150.00000000000003 32.500000000000007 18.500000000000004 5.5000000000000009 11.500000000000002 0.51245051622390758 61.500000000000007 0.47245472669601446 54.500000000000007 66.500000000000014 4.5000000000000009 2.5000000000000004 0.66842642426490795 101.50000000000001 0.35585209727287298
decision_type=2 2 2 2 2 2 2 2 2 2 2 2 2 2 2 2 2 2 2 2 2 2 2 2 2 2 2 2 2 2 2 2 2 2 2 2 2 2 2 2 2 2 2 2 2 2 2 2 2 2 2 2 2 2 2 2 2 2 2 2 2 2
left_child=2 4 3 8 19 11 7 35 10 14 46 36 33 16 -8 -16 -4 27 34 20 -2 39 -9 -22 -11 -26 -27 28 29 -14 47 -13 -10 -7 -19 -6 58 -38 -23 -17 41 -41 43 -42 -45 -21 -1 48 49 -24 -51 -52 54 -54 -53 -25 -57 -28 -3 -60 -49 -62
right_child=1 5 13 -5 6 12 9 22 32 24 -12 31 17 -15 15 21 -18 18 -20 45 23 38 30 55 25 26 57 -29 -30 -31 -32 -33 -34 -35 -36 -37 37 -39 -40 40 42 -43 -44 44 -46 -47 -48 60 -50 50 51 52 53 -55 -56 56 -58 -59 59 -61 61 -63
leaf_value=0.017646318561193478 -0.13317201297638445 0.047343619808865582 -0.019136278509195446 0.0081328669276490677 -0.10602565526467234 -0.11845151754914705 0.015028973912260402 -0.062132398544646361 -0.068805996987389414 0.022085420146603151 -0.027331833269082395 0.016099551629015701 -0.1209181448393923 0.0079973666952660137 -0.096894829979107519 -0.011446852326204404 0.00011547302696666409 -0.066607667593799366 0.0034360720092572483 0.037208291213569077 0.017375227654780414 0.017863568865856955 0.033712346711836573 -0.11475250620200339 0.046418959099813223 -0.10898077253126751 -0.11258877174509373 0.042653349763140114 0.015072507716392401 0.044157620632006268 0.040033638422695111 0.039232898400351546 0.013753259881953013 0.017875641959106323 -0.0052976843180760243 0.015232512824803153 -0.12479546019864017 0.027562248834845666 -0.046052652554421196 -0.11534690659657798 -0.0027111608769438932 0.043514893049389304 -0.057850159887286756 0.0534718468408115 0.00058026512381438762 -0.11876305133158722 -0.044684739948235221 0.024074782111888578 -0.032077350079046517 -0.10628105655300397 0.022271468333357025 -0.035419719513374331 -0.081119181795247255 0.012008262736679582 -0.0013408127860516533 0.03089610475091302 -0.13231333067485071 -0.0013794357365298445 0.053170254126312523 -0.1063445933819151 0.0063222189102404239 -0.028982573682012333
leaf_weight=7.5066850939765564 2.1955879190936676 138.28440756211057 325.40684802900068 110.27027131710202 2.1772588472813359 1.8102635447867204 176.13101512705907 21.622159065213054 5.6844032935332498 249.96359161892906 420.01809787092498 1216.6461659199558 4.6430012993514529 202.64772072411142 10.765820201020686 381.60380242089741 232.12642046110705 17.26522594562266 991.79232408298412 123.83797262236476 92.335388264618814 131.65798391890712 13.635554642416535 3.8699754429981095 12.838301746640353 6.302148461341857 2.3431880772113791 53.067662914749235 103.27122897829395 2.4048578198999166 10.972747300285844 72.167487134458497 50.591658188262954 596.52560423174873 16.713029996608384 119.58844373270404 3.050096232444047 198.64591726381332 7.9313111449591807 1.3931484580971325 1237.1152932653204 22.685223605018109 10.550528834108261 22.493819632567465 23.925285875564441 1.2106544687412668 762.50689925579354 24.470460685319267 217.90260758064687 3.8203251473605624 23.554390576435253 38.347262569935992 14.826839757850395 5.7369637473020694 76.58631513005821 4.4766809185966849 1.329466297291219 34.153933819849044 3.4755809996277085 2.8785076630301774 43.043195655045565 52.145712476980407
leaf_count=3070 47 270 154123 14402 401 221 6073 13235 2904 6410 244900 10588 98 27626 1163 32653 64755 6600 30516 1015 858 3707 509 465 206 712 175 794 1676 15 349 542 3854 9020 5730 3636 67 832 904 110 128839 483 1141 300 2021 65 524761 1551 65899 581 933 11129 3955 523 8753 89 70 2351 17 32 8361 10560
internal_value=-1.50098e-05 0.00731585 -0.0230531 -0.0325955 -0.000388769 0.0145858 -0.00218307 -0.0134191 -0.036199 0.00103775 -0.0381669 0.0207558 0.00894159 -0.00602439 -0.00133195 -0.00288951 -0.0111209 0.00465386 0.00211483 0.0230934 0.00796754 -0.00233929 -0.0193181 0.0110053 0.0167498 -0.00722178 -0.0233121 0.0205943 0.0099831 -0.0645913 -0.0175549 0.0173949 0.00541401 0.0174632 -0.0364509 0.0130643 0.0332628 0.0252583 0.0142319 -0.00370016 -0.00145752 0.0343233 -0.00212328 -0.00166521 0.0262105 0.0356983 -0.0440771 -0.0187841 -0.0228348 -0.0114246 -0.0152035 -0.0130159 -0.0191501 -0.0551382 -0.0127111 -0.0497806 -0.00647488 -0.0085193 0.044425 -0.0190926 -0.00543265 -0.0130182
internal_weight=8768.94 6652.18 2116.76 1356.58 3229.54 3422.64 3000.28 668.43 1246.31 2331.85 1190.03 1635.15 1787.49 760.181 2026.25 1850.12 557.533 1189.16 1025.77 229.256 104.207 1839.36 546.665 102.012 305.601 55.6376 42.7993 163.387 110.319 7.04786 525.042 1288.81 56.2761 598.336 33.9783 121.766 346.335 201.696 139.589 1699.77 1318.16 24.0784 1294.08 1283.53 46.4191 125.049 770.014 514.07 394.41 176.508 162.872 159.052 135.497 20.5638 114.934 9.67612 5.80615 36.4971 144.638 6.35409 119.659 95.1889
internal_count=1427645 387250 1040395 793891 320232 67018 317623 130375 779489 187248 772731 12348 54670 246504 177394 171321 218878 45429 42846 2609 1529 170158 126338 1482 9854 3444 3238 2583 1789 113 113103 11130 6758 9241 12330 4037 1218 899 4611 165547 132894 593 132301 131160 2321 1080 527831 112754 92282 26383 25874 25293 24360 4478 19882 624 159 2526 319 49 20472 18921
is_linear=0
shrinkage=0.05


Tree=28
num_leaves=63
num_cat=0
split_feature=0 17 10 9 0 0 17 2 15 6 4 12 9 17 9 2 2 6 15 2 17 17 17 10 10 2 2 15 15 4 0 2 0 2 2 0 12 1 17 12 17 2 17 0 17 17 0 12 6 2 1 12 9 18 12 2 2 2 2 0 2 0
split_gain=446.099 214.408 111.864 108.935 49.5481 39.6714 38.2048 29.3859 23.3171 20.8607 20.824 20.5319 20.5045 17.6529 17.1541 17.037 16.6917 14.1325 13.7989 12.0263 11.551 15.1592 12.7403 11.5141 11.4517 14.1457 16.0932 12.838 12.3862 16.6106 19.5664 11.4292 13.3231 11.1496 10.4421 10.0191 26.8292 16.6291 19.6391 15.5278 22.0852 14.2006 16.6792 21.23 13.8642 10.0108 13.5349 11.7705 9.84131 9.78099 9.6039 9.58868 18.0835 11.2212 14.7255 9.4475 10.2251 11.2865 10.396 9.0556 12.1512 12.321
threshold=36.500000000000007 3.7284004688262944 2.5000000000000004 0.012579114176332952 85.500000000000014 1.5000000000000002 4.1841416358947763 6.5000000000000009 3.5000000000000004 1.0000000180025095e-35 1.5000000000000002 110.00000000000001 0.012579114176332952 45.750143051147468 0.015038444194942715 42.500000000000007 26.500000000000004 12.500000000000002 1.5000000000000002 1.0000000180025095e-35 6.0399391651153573 6.2245779037475595 12.304175376892092 3.5000000000000004 110.00000000000001 55.500000000000007 85.500000000000014 6.5000000000000009 1.5000000000000002 1.0000000180025095e-35 37.500000000000007 43.500000000000007 76.500000000000014 32.500000000000007 41.500000000000007 15.500000000000002 2.5000000000000004 0.010362972505390646 45.750143051147468 3.5000000000000004 23.462511062622074 20.500000000000004 5.9501597881317148 23.500000000000004 23.075266838073734 11.28988027572632 18.500000000000004 13.500000000000002 16.500000000000004 150.00000000000003 0.011561079882085325 3.5000000000000004 0.014815627597272398 1.0000000180025095e-35 11.500000000000002 1.5000000000000002 30.500000000000004 33.500000000000007 54.500000000000007 74.500000000000014 15.500000000000002 69.500000000000014
decision_type=2 2 2 2 2 2 2 2 2 2 2 2 2 2 2 2 2 2 2 2 2 2 2 2 2 2 2 2 2 2 2 2 2 2 2 2 2 2 2 2 2 2 2 2 2 2 2 2 2 2 2 2 2 2 2 2 2 2 2 2 2 2
left_child=2 3 8 4 17 19 9 -6 34 15 -8 -9 35 14 -14 -7 -11 -2 59 -4 -3 -22 51 -18 28 33 -27 -28 29 -5 -31 32 48 -26 -1 -12 37 -37 -39 -38 41 -41 -43 45 -45 46 47 -44 -20 -32 -36 52 55 -53 -55 -23 -57 -58 -59 60 61 -19
right_child=1 20 5 24 7 6 10 11 -10 16 12 -13 13 -15 -16 -17 23 18 31 -21 21 22 -24 -25 25 26 27 -29 -30 30 49 -33 -34 -35 50 36 39 38 -40 40 -42 42 43 44 -46 -47 -48 -49 -50 -51 -52 53 -54 54 -56 56 57 58 -60 -61 -62 -63
leaf_value=0.033187065337104853 0.016136524157776114 0.036432249692825228 0.027701584319993852 0.023526290961274201 0.019546775517647771 0.036947356170075704 -0.10328055327651581 -0.056489001585862779 0.017058306506811963 0.0031580036969158232 0.012988178700240561 -0.028057502436610371 0.03182230066268453 -0.10328454109989429 0.0068841845919022475 -0.12725541124507131 0.031067514438889804 -0.09873856635997251 -0.098275371800478808 0.012831368715511965 -0.089471408140028186 0.067020341725202853 0.018374919313561246 -0.006366356575381627 -0.021696112296806222 0.034199479163663608 -0.02664495485832848 0.018138253929559166 0.0089451894762074217 0.053172951467569056 -0.096369705224659152 -0.021721231976870734 -0.059254440599637553 -0.089848834357972696 -0.1161799207589094 0.062503191209515196 0.045728541595239036 -0.10864252428047264 0.064368178292917216 0.023495485093845265 -0.10289953530051713 0.048338132309897391 -0.1105448492934881 -0.080737373888977074 0.087997089801329073 0.039397828824739106 -0.10071683892992643 0.048455499304135619 -0.0020026844488320763 -0.033494601834175609 0.0056895637179193333 0.0052019836884948977 -0.12134750778606845 0.053710343759260759 -0.10320567713271095 -0.1157293323159802 0.07933586791408187 -0.10918949005485026 -0.0084331789885509923 0.021821583882048086 -0.0033492510890316507 0.051071426749924903
leaf_weight=499.15225797216408 38.292427178937942 45.565243334509432 187.82450524251908 17.983081576880068 31.475832663942128 51.339421157259494 3.7479313304647794 66.253647845878731 534.2145906095393 1630.7262670294731 202.29446530458517 1527.4010035645333 238.07143678376451 2.7204379267059258 97.075550647452474 1.6298441728577007 21.057404192630202 6.4036133983172459 2.6976270955055943 492.48049207543954 3.7783887744881204 4.0056083165109149 305.4459707736969 839.18361095333239 19.165691581089053 22.742486789473332 55.05503596086055 22.561333835183177 361.25980312936008 5.4530597864650181 8.2104687167447974 511.8683965971577 11.458932555513455 8.7368028768105415 1.8577031050808717 2.207415719516578 18.460020489990711 12.087464234326031 1.8978077154606587 40.167697131168097 5.3693712176755062 8.1702382867224497 1.4868698623031376 17.39517604093999 1.3089891653507937 10.329984255600719 4.126201568171382 5.3596538100391644 166.13208056380972 25.077645201177802 12.454843604471533 257.4693518304266 3.6840150984935454 20.539176884107295 1.6124993902631093 2.300756497308611 3.4480737927369765 2.7246881679166099 42.386955435969867 33.242046620231122 109.53891923709307 1.7468882682733236
leaf_count=2197 1526 3235 1106 442 6731 334 88 63778 3888 53800 3515 831107 2443 43 1057 50 286 999 282 7876 701 11 6479 108384 1354 1228 22212 5306 24179 38 966 174002 3573 1213 63 27 201 662 6 932 188 170 86 1349 4 174 390 121 25860 8177 152 20383 302 158 102 312 31 266 3551 6996 22453 100
internal_value=6.61659e-06 -0.0130088 0.00986708 -0.0187082 -0.0231175 0.00596727 0.00364694 -0.0282946 0.0243712 0.00084552 0.0142477 -0.0292395 0.0149066 0.0235693 0.024599 0.0318949 0.000185269 -0.0135717 -0.0149211 0.0169369 0.0120993 0.0103867 0.010973 -0.00545003 0.00152425 -0.0115448 -0.00278934 -0.0136275 0.00553457 -0.0161867 -0.0346208 -0.0179081 -0.00708205 -0.043036 0.0319797 0.00605507 -0.00487088 -0.0650345 -0.0851649 0.00381392 -0.00444251 0.00154146 -0.0167627 -0.0300577 -0.0689287 0.00407178 -0.029185 0.0139252 -0.00354097 -0.0490027 -0.0101285 0.00428729 -0.0141121 0.00813994 0.0422879 -0.00691166 -0.0127343 -0.00785441 -0.0145187 -0.00122272 -0.00773171 -0.06663
internal_weight=8689.92 3745.72 4944.2 3052.76 2506.51 3896.52 3216.21 1625.13 1047.68 2543.94 672.277 1593.65 668.529 337.867 335.147 52.9693 2490.97 881.381 843.089 680.305 692.961 647.395 643.617 860.241 546.245 128.261 100.359 77.6164 417.984 56.7243 38.7412 692.157 180.289 27.9025 513.465 330.661 128.367 16.1927 13.9853 112.174 93.7142 88.3448 48.1771 40.0069 18.7042 21.3027 10.9727 6.84652 168.83 33.2881 14.3125 338.171 58.5501 279.621 22.1517 54.8661 50.8605 48.5597 45.1116 150.931 117.689 8.1505
internal_count=1427645 1238053 189592 1202522 1137407 183292 174310 901616 6300 162854 11456 894885 11368 3543 3500 384 162470 235791 234265 8982 35531 32296 31595 108670 65115 31313 28746 27518 33802 9623 9181 203717 29715 2567 2412 7825 4310 695 668 3615 3414 3226 2294 2124 1353 771 597 207 26142 9143 215 25116 4473 20643 260 4171 4160 3848 3817 30548 23552 1099
is_linear=0
shrinkage=0.05


Tree=29
num_leaves=63
num_cat=0
split_feature=20 17 11 11 20 14 20 0 2 14 0 14 17 0 6 8 20 20 17 17 12 14 0 3 0 14 12 2 4 5 20 0 8 12 4 11 20 11 2 20 16 14 17 14 14 0 16 18 6 16 8 14 20 17 14 0 16 14 2 4 12 20
split_gain=496.758 165.768 138.538 100.591 65.7157 55.7275 44.033 39.1692 28.9463 28.6319 27.4455 25.6691 23.7393 22.9481 21.4311 18.0486 17.8723 16.6568 16.2356 15.6277 17.6543 15.351 19.2724 22.8311 15.3343 15.2075 23.6755 14.4271 16.8879 16.1425 16.0423 17.8946 14.333 14.2777 13.9936 17.2194 15.3963 16.2805 13.8478 13.7167 13.649 38.5921 21.9182 18.3902 13.5878 13.4185 16.3827 13.265 12.9747 12.9606 12.8331 15.8085 12.3544 12.3358 12.1062 15.7842 36.7082 14.0477 14.8996 24.6692 17.373 17.8466
threshold=0.52988538146018993 7.3998341560363778 0.012579114176332952 0.013793759513646366 0.46435321867465978 58.500000000000007 0.63550949096679699 1.5000000000000002 10.500000000000002 73.500000000000014 1.0000000180025095e-35 65.500000000000014 3.7284004688262944 16.500000000000004 3.5000000000000004 14.500000000000002 0.58034497499465953 0.73999193310737621 6.0399391651153573 30.159107208251957 1.0000000180025095e-35 50.500000000000007 16.500000000000004 0.014389234129339458 4.5000000000000009 45.500000000000007 16.500000000000004 6.5000000000000009 6.5000000000000009 0.015268065501004459 0.3881679773330689 21.500000000000004 9.5000000000000018 2.5000000000000004 10.500000000000002 0.015038444194942715 0.32146061956882482 0.015268065501004459 1.0000000180025095e-35 0.52606707811355602 3.5000000000000004 76.500000000000014 7.1103279590606698 71.500000000000014 76.500000000000014 12.500000000000002 3.5000000000000004 1.0000000180025095e-35 13.500000000000002 6.5000000000000009 17.500000000000004 29.500000000000004 0.73999193310737621 6.2843577861785898 26.500000000000004 109.50000000000001 4.5000000000000009 37.500000000000007 6.5000000000000009 1.0000000180025095e-35 7.5000000000000009 0.73999193310737621
decision_type=2 2 2 2 2 2 2 2 2 2 2 2 2 2 2 2 2 2 2 2 2 2 2 2 2 2 2 2 2 2 2 2 2 2 2 2 2 2 2 2 2 2 2 2 2 2 2 2 2 2 2 2 2 2 2 2 2 2 2 2 2 2
left_child=1 3 5 4 9 6 8 38 -2 50 -8 15 16 39 27 54 -7 21 -14 20 -12 33 23 45 -21 26 48 -5 29 -29 -31 -32 -28 -17 35 -16 -36 -38 -4 -6 -13 42 43 49 -15 46 -23 -24 52 -42 51 -1 -22 -20 -9 57 -57 58 -56 -60 -61 -62
right_child=2 -3 7 14 13 12 10 11 -10 -11 19 40 18 44 34 17 -18 -19 53 24 25 22 47 -25 -26 -27 32 28 -30 30 31 -33 -34 -35 36 -37 37 -39 -40 -41 41 -43 -44 -45 -46 -47 -48 -49 -50 -51 -52 -53 -54 -55 55 56 -58 -59 59 60 61 -63
leaf_value=0.0097657232289604864 0.0060743244583600416 0.012009054903885078 0.034695747048331962 0.047013473040695086 0.01045165533947069 -0.0090627581243412289 0.021416755152617581 0.020023218631982084 -0.01526788060006707 -0.011216182264259964 -0.10595833117839866 0.033804061678849417 0.048135279171467656 -0.023830101261255225 -0.061247699097213816 0.046163548137536183 0.0096414151997205825 0.012641031872427259 -0.095767989831332695 -0.10947989758405129 -0.1062825909673622 -0.10928715162971164 -0.089041987204923942 -0.10996290724305857 0.046323853513091082 0.0072307752037733472 -0.040608831753187517 -0.11831954746320619 0.036165510619246187 -0.049196785594181204 -0.12686884270103102 0.015370621745823205 -0.0020240737295626654 -0.005354841757104125 -0.051671522057193664 -0.010025131537827865 0.024604868464957005 -0.081211805948940341 0.020225454149433875 -0.08901191841577466 0.013031452875075816 -0.089647897082055616 0.035732782275075169 -0.11282536881286223 0.0030021764274882263 0.050446619004775831 0.020090885386447516 0.047995984979515759 -0.077938231038861633 -0.11408683331681442 -0.043012623247270759 -0.039786117524830966 0.038540924892933301 0.017772179408092944 0.012642029673130245 0.0064877517618992563 -0.11414873405646478 0.014552142484669406 -0.087251982865499858 0.034000117546975871 -0.00097219607798993812 -0.048130638573269061
leaf_weight=26.526975582353771 195.28290233574808 353.0361185396323 268.39356212830171 29.482956887921318 79.181516441167332 168.59688581037335 166.22530346736312 403.39711792999879 852.14912821399048 87.428406106948387 4.0074150406289837 191.36307294177823 48.483820108696818 622.27394530229503 23.864357475715224 14.502168056555091 526.70286350941751 175.55966088501737 2.4130962658673516 1.6815102286636854 1.99365117447451 3.86042916309089 16.045028934022415 4.4880258939228943 25.964774371124804 386.39451072184602 24.924164674710482 3.0234194542281321 36.222712188726291 13.878848930005914 2.2947909757494918 60.683895561145619 700.96933655184694 185.08923865202814 9.7800014592357893 52.506086776556913 48.463553432782646 3.9296899811597532 430.57868921337649 3.6249564429745069 20.049208582844592 8.6841468433849496 67.176337708719075 4.2816950830165288 51.052505504805595 11.729119365103541 6.6821586452424526 1.9842840787023295 16.804538022261113 2.2279762909747651 797.36594918783521 40.932304756599478 5.6344684311188757 277.02705196221359 144.2622217242606 24.966880743158981 8.436755190137772 741.98956678016111 9.698559651616959 23.791162058711052 76.214103134348989 27.229968001134694
leaf_count=6902 9714 17231 876 115 7347 27332 1818 4242 265375 17919 283 1884 792 286205 8098 153 41357 2727 217 35 94 150 1775 201 192 27956 1041 393 792 2932 62 1331 62592 7011 6318 6994 3588 720 2567 682 472 384 575 301 4834 125 116 25 1032 137 548988 19594 66 6364 1235 1295 1185 9796 246 179 1925 758
internal_value=6.37227e-05 -0.0195693 0.00739898 -0.0251644 -0.0297459 0.000576926 -0.00361527 0.0154858 -0.0112888 -0.0384844 0.00240717 0.012175 0.0103362 -0.018741 0.00238318 0.0100271 0.00510601 0.000892253 0.0214259 -0.000297331 -0.00119756 -0.00754791 -0.0340018 -0.00708029 0.0368475 -0.000828235 -0.00497837 0.0157789 0.0078473 -0.00499384 -0.000535836 0.0101878 -0.00334891 -0.00161155 -0.0116935 -0.0260312 0.00591821 0.0166682 0.0257818 0.00609751 0.0259196 0.0111882 0.0205302 -0.0179223 -0.0217956 0.0136518 -0.0272841 -0.0739598 -0.0533896 0.000318153 -0.041241 -0.0203009 0.000690499 0.0167917 0.0126546 0.00984132 -0.0239814 0.0109455 0.00142876 -0.0103846 -0.00452539 -0.0133859
internal_weight=8623.49 2345.55 6277.94 1992.52 1708.39 3405.26 2382.03 2872.68 1047.43 952.254 1334.6 2173.71 1023.22 756.133 284.13 1879.93 695.3 419.94 327.924 1168.37 1140.73 244.38 44.789 26.7597 27.6463 1136.72 750.326 145.587 116.104 79.881 76.8575 62.9787 725.894 199.591 138.544 76.3704 62.1732 52.3932 698.972 82.8065 293.782 102.419 93.7352 26.5589 673.326 22.2717 10.5426 18.0293 24.4327 22.2772 864.825 67.4593 7.62812 279.44 1459.99 1056.59 33.4036 1023.19 281.196 136.934 127.235 103.444
internal_count=1427645 941045 486600 923814 892471 446260 370198 40340 275089 593403 95109 36897 76062 299068 31343 33144 68689 12283 7373 93291 93064 9556 2392 592 227 92781 64825 5625 5510 4718 4325 1393 63633 7164 25718 15092 10626 4308 3443 8029 3753 1869 1485 910 291039 391 266 1800 1192 609 575484 26496 160 6581 20861 16619 2480 14139 4343 3108 2862 2683
is_linear=0
shrinkage=0.05


Tree=30
num_leaves=63
num_cat=0
split_feature=19 20 6 2 14 14 20 2 8 20 12 14 20 8 10 2 14 20 14 10 14 12 2 14 15 4 20 12 14 15 14 4 11 20 12 10 4 4 12 20 14 12 4 2 15 6 20 12 3 14 15 12 12 20 20 4 14 8 2 14 3 20
split_gain=511.344 128.085 100.248 55.9799 48.7972 42.905 34.9085 29.0972 28.7272 27.1518 23.3553 34.5273 25.929 20.8151 26.2496 20.7463 20.1437 18.6384 27.3388 18.3698 17.2661 16.903 16.4106 16.3891 16.2991 17.2533 16.2189 30.4822 16.0964 15.7963 14.7537 14.5628 25.2689 14.0413 13.9414 13.42 13.2508 12.6175 12.5385 15.5446 12.5 12.4549 16.5903 15.7109 12.2608 16.9796 12.3164 11.8346 16.4135 11.7088 15.0403 11.631 11.4312 15.8142 11.1695 15.0497 11.0824 11.0573 10.923 15.6592 17.9323 11.6615
threshold=1.5000000000000002 0.53258806467056286 13.500000000000002 1.5000000000000002 48.500000000000007 66.500000000000014 0.52988538146018993 7.5000000000000009 5.5000000000000009 0.67761543393135082 17.500000000000004 69.500000000000014 0.48767259716987615 1.5000000000000002 7.5000000000000009 5.5000000000000009 75.500000000000014 0.48414677381515508 49.500000000000007 5.5000000000000009 28.500000000000004 1.5000000000000002 94.500000000000014 39.500000000000007 5.5000000000000009 11.500000000000002 0.45239855349063879 12.500000000000002 51.500000000000007 4.5000000000000009 65.500000000000014 16.500000000000004 0.013072453904896976 0.51367232203483593 3.5000000000000004 1.0000000180025095e-35 15.500000000000002 110.00000000000001 110.00000000000001 0.61240434646606456 1.5000000000000002 3.5000000000000004 1.5000000000000002 6.5000000000000009 5.5000000000000009 16.500000000000004 0.69411510229110729 1.0000000180025095e-35 0.0078432578593492525 56.500000000000007 5.5000000000000009 5.5000000000000009 18.500000000000004 0.44085200130939489 0.245488315820694 17.500000000000004 51.500000000000007 1.0000000180025095e-35 7.5000000000000009 65.500000000000014 0.015504807699471714 0.81911325454711925
decision_type=2 2 2 2 2 2 2 2 2 2 2 2 2 2 2 2 2 2 2 2 2 2 2 2 2 2 2 2 2 2 2 2 2 2 2 2 2 2 2 2 2 2 2 2 2 2 2 2 2 2 2 2 2 2 2 2 2 2 2 2 2 2
left_child=1 5 7 19 6 26 8 13 33 23 37 12 -12 14 29 35 17 18 40 -4 -10 -20 -17 -3 -21 -26 -1 -28 31 -2 -31 32 -15 -5 -7 -8 -34 -6 39 -27 51 -30 43 -43 45 -13 -46 48 -19 50 56 -9 -36 -54 55 -42 -23 -14 59 61 -61 -39
right_child=2 9 3 4 10 34 15 16 20 -11 11 44 57 28 -16 22 -18 47 21 24 -22 49 -24 -25 25 38 27 -29 41 30 -32 -33 36 -35 52 -37 -38 58 -40 -41 54 42 -44 -45 46 -47 -48 -49 -50 -51 -52 -53 53 -55 -56 -57 -58 -59 -60 60 -62 -63
leaf_value=-0.040516980974853928 0.036141151896289907 -0.020014533353519572 0.036155815650864169 0.026326878733613075 0.036805510657179651 -0.09418723439713117 -0.14708325982804291 0.013553231423063864 -0.013887438098308794 0.020275660080245936 -0.037614011110847889 -0.098543421511908924 -0.11590154909921582 -0.11894469734023959 -0.11546122317426251 -0.0077301062892493047 0.028524594992449734 -0.11507695069675783 0.022408253871268439 0.0023495385543678667 -0.038303955868204592 -0.10871633967224709 0.015362093288336333 -0.0033875531236253562 -0.14289233122625189 0.042998114391420983 0.042688865306069163 -0.030496646401601452 0.045849802475765776 0.018200713126480469 -0.12464103021911169 0.021949478948124254 0.0072419678365809445 -0.10979499518862601 0.014459690971881095 0.0090079963186962229 -0.10924817706296895 -0.1143645162909826 0.028945207199798713 -0.12500967089637757 -0.074833321155893737 -0.11644609930520462 0.022435874947250148 0.046303878177162514 -0.0012924936132384273 0.021404335563093988 -0.10358836625537626 0.008885481110491077 0.038079857431241287 -0.067343986598323566 -0.097171380219080561 -0.066483544513395165 -0.036180223993134038 -0.00235651834339864 0.016601361321193869 0.033380182552196949 0.019410410491669909 -0.00085894407748555903 0.014454675398887055 -0.11109272925296843 0.038610053479102423 0.012931874084920829
leaf_weight=639.04740165840485 290.9014289106708 223.81780404492747 107.85352116450667 36.928352377610281 61.198843708960339 4.8116166123072608 1.3830147879198182 7.8662346536293635 141.24351878848393 89.921470643719658 52.474234863417223 2.9838009737431994 2.0948299295268944 4.0520098255947223 3.1575467986986032 1075.6022731225239 125.03983337245882 1.8103394424542774 10.735442277975379 182.64510731468908 148.56020506384084 1.911830255179672 82.863717013970017 438.71276026580017 1.5247008791193355 2.551005193963646 14.717806482687591 427.29748626571381 59.881922467146069 157.70740448217839 1.8286815756000567 193.11664980603382 403.78670439706184 1.9969344865530718 43.739918427250814 317.13123634504154 2.4560522628016761 5.8580601194407809 146.15166346984915 2.9909837408922613 8.068217726715373 4.2081803590990594 156.71215239958838 2.2896726503968239 38.357010092935525 263.69332060066517 3.1869144183583549 1109.364868193632 51.898706929991022 28.979053533636034 4.6949695422081268 10.732092054910026 54.158073572383728 95.486550804926082 109.85456225520466 5.3391172862029626 14.395254784263669 711.09726715512807 347.58232018654235 2.4424803890287867 11.052088263444601 2.5965832201763988
leaf_count=463281 916 112579 392 2745 760 1554 38 90 36968 9043 19710 319 108 175 98 114337 2892 103 186 3695 47760 425 8877 125026 72 49 876 275207 290 829 55 1677 3331 188 5842 7526 58 349 2303 134 4538 94 1531 9 4803 9627 282 24326 384 4843 1139 2161 25742 20502 6318 446 1023 59968 8323 133 65 35
internal_value=2.97798e-05 -0.0218746 0.0068504 0.00152594 -0.000709453 -0.0315029 -0.00625087 0.0140643 -0.0209869 -0.00550541 0.00594087 0.00199564 -0.00369267 0.0195936 0.0282 -0.0029711 0.00931619 0.00755746 -0.00643884 0.018203 -0.0264039 -0.0345153 -0.00607835 -0.00900452 0.0124379 0.0244638 -0.0354236 -0.0280598 0.0148702 0.0292071 0.0165634 0.0106275 0.00529845 0.0193436 -0.0101172 0.00833024 0.00653769 0.015777 0.026146 -0.0476748 0.00557795 0.0263458 0.0191898 -0.0590973 0.0161262 0.0200623 -0.00913981 0.00999524 0.0329175 -0.0467419 -0.0183147 -0.0326317 -0.00802547 -0.0145977 0.0113432 -0.0317401 0.00438893 -0.00119685 0.0122945 -0.021914 0.0115143 -0.0752694
internal_weight=8556.54 2031.71 6524.83 3754.04 3310.33 1279.26 1805.71 2770.79 328.729 752.452 1504.62 1073.89 765.666 1280.1 453.595 1476.98 1490.69 1365.65 202.577 443.717 289.804 60.7166 1158.47 662.531 335.863 153.218 1081.06 442.015 826.503 450.438 159.536 603.411 410.295 38.9253 198.196 318.514 406.243 430.73 151.694 5.54199 141.86 223.092 163.21 6.49785 308.221 266.677 41.5439 1163.07 53.709 49.9811 21.0021 18.5983 193.385 149.645 123.262 13.4073 16.3071 713.192 369.532 21.9492 13.4946 8.45464
internal_count=1427155 1039652 387503 329566 322921 793004 218439 57937 87661 246648 104482 94817 79786 9063 1898 130778 48874 45982 21169 6645 84728 7616 123214 237605 6253 2558 739364 276083 7165 1800 884 5241 3564 2933 53640 7564 3389 9665 2486 183 13553 1924 1634 103 15031 9946 5085 24813 487 7430 2587 2251 52086 46244 11302 4984 1448 60076 8905 582 198 384
is_linear=0
shrinkage=0.05


Tree=31
num_leaves=63
num_cat=0
split_feature=0 6 14 10 2 10 12 14 0 14 15 0 0 10 15 2 15 2 15 12 6 8 15 14 14 10 3 1 14 4 4 12 0 0 2 14 14 8 2 15 0 14 8 14 4 10 4 10 2 1 4 2 0 12 10 0 7 8 5 2 12 14
split_gain=348.197 151.678 126.399 57.7817 40.8163 36.1416 27.5122 43.581 27.2366 27.9865 25.2825 23.6321 19.9983 19.3753 23.2901 21.6995 19.1627 17.1648 23.9034 16.1069 14.761 15.6636 15.5766 15.8231 13.9422 13.6638 13.544 13.5411 13.4896 13.0285 12.7844 21.009 12.4665 12.3911 12.3296 21.3824 26.0755 13.3577 18.8042 12.2925 12.251 12.0298 17.8953 11.9402 15.628 18.5783 17.9748 23.6995 15.1426 12.4132 11.5695 11.4141 11.1427 16.7646 11.0021 10.7051 10.6546 10.645 17.5433 16.5373 10.4517 10.3942
threshold=19.500000000000004 110.00000000000001 49.500000000000007 12.500000000000002 45.500000000000007 5.5000000000000009 14.500000000000002 74.500000000000014 1.0000000180025095e-35 58.500000000000007 1.5000000000000002 177.50000000000003 20.500000000000004 1.5000000000000002 3.5000000000000004 12.500000000000002 3.5000000000000004 1.5000000000000002 2.5000000000000004 9.5000000000000018 6.5000000000000009 4.5000000000000009 3.5000000000000004 82.500000000000014 50.500000000000007 14.500000000000002 0.012739370577037336 0.012903762981295587 70.500000000000014 13.500000000000002 110.00000000000001 110.00000000000001 22.500000000000004 161.50000000000003 31.500000000000004 38.500000000000007 72.500000000000014 3.5000000000000004 67.500000000000014 3.5000000000000004 17.500000000000004 71.500000000000014 1.5000000000000002 45.500000000000007 16.500000000000004 110.00000000000001 7.5000000000000009 14.500000000000002 20.500000000000004 0.015749008394777778 110.00000000000001 71.500000000000014 63.500000000000007 12.500000000000002 14.500000000000002 88.500000000000014 0.013986697886139156 4.5000000000000009 0.016001024283468727 41.500000000000007 1.5000000000000002 22.500000000000004
decision_type=2 2 2 2 2 2 2 2 2 2 2 2 2 2 2 2 2 2 2 2 2 2 2 2 2 2 2 2 2 2 2 2 2 2 2 2 2 2 2 2 2 2 2 2 2 2 2 2 2 2 2 2 2 2 2 2 2 2 2 2 2 2
left_child=3 12 4 13 17 -6 33 11 -5 10 61 51 26 14 -1 -16 55 18 -3 -15 41 -22 25 -24 43 -23 39 -17 -14 -26 34 -32 -30 -4 -21 37 -37 -36 -39 -2 -33 -11 -43 44 45 46 -12 -48 -47 -50 -9 -8 -18 60 -31 -7 -29 58 -58 -60 -54 -10
right_child=1 2 6 8 5 16 7 50 9 20 24 -13 28 19 15 27 52 -19 -20 30 21 22 23 -25 29 -27 -28 56 32 54 31 40 -34 -35 35 36 -38 38 -40 -41 -42 42 -44 -45 -46 48 47 -49 49 -51 -52 -53 53 -55 -56 -57 57 -59 59 -61 -62 -63
leaf_value=0.032679039244081519 -0.10577562217848764 -0.10906637275392746 0.017711472118933785 0.019848991089208637 0.025571712946703257 -0.02679303344798244 -0.0015946212892663956 -0.061275275456226547 -0.059467974953366268 0.052809765110683887 0.033812075313761389 -0.029832219765916736 0.0047766006601326228 0.024046479275528099 0.019335005656069659 -0.12344226238918683 -0.01420034250756738 -0.013204400852584734 0.036154910651569734 0.0089703676831675468 -0.10906107701429098 -0.099453247016798432 0.0031702443012370054 -0.10795357046242754 -0.10733302197497835 0.022343705883626039 -0.10893342047858171 -0.1291782045290096 -0.10836396838457321 -0.11208863066675506 -0.11345098739489907 0.023971713847087198 0.020963340868344067 -0.0036921756504273867 0.045472615636802931 -0.09559280175942271 0.044573805047279438 -0.11528544922689697 0.019864559901028631 0.011201361844144881 -0.10597240987313905 0.067769391953270322 -0.12305593297578743 0.016156849729399122 0.0026205555182831587 -0.11263602086275788 -0.10719858028842957 0.0017771103159554746 -0.095068915711104818 0.072941329489489601 0.011350643966722723 -0.013971227163836886 -0.063833327925386693 -0.029622223261025517 -0.0088360194128424049 -0.041252254634809554 -0.12712504169424174 0.039188754096902451 0.0071845416591849358 -0.12227879506572009 0.008516117452978391 -0.017472775744053669
leaf_weight=360.36947878263891 2.936966867651793 3.1112413732334963 188.16625152016059 266.69682593666948 31.575762622698676 204.73119292239426 325.41492491756799 5.5922947537619612 17.620318678440526 34.843725070357323 15.333507075905795 159.75851983507164 967.10934139275923 282.09304234641604 270.89615818858147 2.8787146299146107 221.8069635857828 455.8283602753072 31.753236588090658 722.19898598268628 2.7183845816180101 2.3289742716588071 194.72183328680694 3.2570279915817073 3.5596276484429827 204.18642886623275 5.7749558207578948 1.8292538188397873 1.8828951371833671 2.6244047568179658 2.863159649539738 215.6236839951016 179.86028640472796 105.55132371850777 13.240403875242921 13.308572699315848 4.4200539877638212 4.0202106544747931 7.1531847631558776 9.5438300655223411 1.8292298363521684 2.3805248290300369 2.5389366932213298 150.99793924781261 782.15483899926767 9.1790636125951988 7.727051612455397 14.080016155261552 1.9513388443738211 2.518083986826241 282.27033281617332 435.70441706746351 5.6184670281945719 581.66288355525467 152.36701112258015 341.58766145800473 3.4298596242442718 9.8626577178947645 22.94011752912775 2.7638666178099802 44.752607155649457 89.964222677983344
leaf_count=1365 126 650 3958 3605 3412 71749 39616 2034 2100 194 194 95389 73133 2109 1478 94 71728 112925 1466 7699 84 88 7017 233 194 5252 238 81 74 124 95 1931 8374 19060 119 638 40 235 152 237 117 3 91 6446 43888 521 326 417 260 25 26235 150569 2081 400247 8174 226046 101 84 245 105 15346 6538
internal_value=6.76365e-05 -0.00926649 -0.0145712 0.0110426 -0.0230629 -0.0273281 -0.00370588 -0.00704114 0.00499502 0.00266068 -0.00117878 -0.0123493 0.00630026 0.0171587 0.024001 0.0140606 -0.0285211 -0.0106181 0.0231956 0.0135129 0.0133987 0.0105593 0.0113632 0.0013421 0.00100324 0.0209701 -0.0456208 -0.0186324 0.00712531 -0.0127565 0.0104951 0.0211069 0.0196235 0.0100198 0.00743634 -0.0188524 -0.0606468 0.0114975 -0.0287627 -0.0163255 0.0228786 0.0424761 -0.0307157 0.00322046 0.000875327 -0.0260013 -0.0076695 -0.036837 -0.0758863 -0.000411524 0.00993974 -0.00867964 -0.0238422 -0.0272259 -0.0105844 -0.0358337 -0.011242 -0.00570984 -0.0209093 -0.00673623 0.000446149 -0.0243508
internal_weight=8497.47 4591.99 3424.89 3905.47 1922.43 1431.74 1502.46 1208.74 1963.75 1697.05 1250.08 920.878 1167.11 1941.72 674.97 314.601 1400.16 490.693 34.8645 1266.75 446.976 407.213 404.494 197.979 1142.49 206.515 18.2558 43.7045 1148.85 158.551 984.657 220.316 181.743 293.718 764.341 42.1424 17.7286 24.4138 11.1734 12.4808 217.453 39.7632 4.91946 983.942 832.944 50.7891 37.1406 21.8071 13.6485 4.46942 287.863 761.119 853.841 632.034 154.991 546.319 40.8258 38.9965 29.1338 25.704 50.3711 107.585
internal_count=1427155 1324693 1242511 102462 905650 790609 336861 313843 85774 82169 69207 285574 82182 16688 3553 2188 787197 115041 2116 13135 12962 12674 12590 7250 60569 5340 601 710 81581 8492 11026 2143 8448 23018 8883 1184 678 506 387 363 2048 288 94 52077 45631 1743 937 743 806 285 28269 190185 489402 417674 8298 297795 616 535 451 350 17427 8638
is_linear=0
shrinkage=0.05


end of trees

feature_importances:
popularity=333
biencoder_cosine=321
rank_biencoder_large_top200=224
rank_biencoder_top100=200
pmi_sum=137
rank_cf_bpr=110
turn_number=101
rank_pmi_leg=81
rank_metadata_qwen3=72
n_legs_containing=70
rank_bm25_norepeat=69
rank_decay_descending=68
score_biencoder_large_top200=58
n_prior_accepts=25
score_biencoder_top100=24
score_pmi_leg=23
score_bm25_norepeat=17
score_metadata_qwen3=17
score_cf_bpr=16
score_decay_descending=14
is_in_all_legs=4

parameters:
[boosting: gbdt]
[objective: lambdarank]
[metric: ndcg]
[tree_learner: serial]
[device_type: cpu]
[data_sample_strategy: bagging]
[data: ]
[valid: ]
[num_iterations: 500]
[learning_rate: 0.05]
[num_leaves: 63]
[num_threads: -1]
[seed: 0]
[deterministic: 0]
[force_col_wise: 0]
[force_row_wise: 0]
[histogram_pool_size: -1]
[max_depth: -1]
[min_data_in_leaf: 10]
[min_sum_hessian_in_leaf: 0.001]
[bagging_fraction: 0.8]
[pos_bagging_fraction: 1]
[neg_bagging_fraction: 1]
[bagging_freq: 5]
[bagging_seed: 3]
[bagging_by_query: 0]
[feature_fraction: 0.8]
[feature_fraction_bynode: 1]
[feature_fraction_seed: 2]
[extra_trees: 0]
[extra_seed: 6]
[early_stopping_round: 0]
[early_stopping_min_delta: 0]
[first_metric_only: 0]
[max_delta_step: 0]
[lambda_l1: 0]
[lambda_l2: 0]
[linear_lambda: 0]
[min_gain_to_split: 0]
[drop_rate: 0.1]
[max_drop: 50]
[skip_drop: 0.5]
[xgboost_dart_mode: 0]
[uniform_drop: 0]
[drop_seed: 4]
[top_rate: 0.2]
[other_rate: 0.1]
[min_data_per_group: 100]
[max_cat_threshold: 32]
[cat_l2: 10]
[cat_smooth: 10]
[max_cat_to_onehot: 4]
[top_k: 20]
[monotone_constraints: ]
[monotone_constraints_method: basic]
[monotone_penalty: 0]
[feature_contri: ]
[forcedsplits_filename: ]
[refit_decay_rate: 0.9]
[cegb_tradeoff: 1]
[cegb_penalty_split: 0]
[cegb_penalty_feature_lazy: ]
[cegb_penalty_feature_coupled: ]
[path_smooth: 0]
[interaction_constraints: ]
[verbosity: -1]
[saved_feature_importance_type: 0]
[use_quantized_grad: 0]
[num_grad_quant_bins: 4]
[quant_train_renew_leaf: 0]
[stochastic_rounding: 1]
[linear_tree: 0]
[max_bin: 255]
[max_bin_by_feature: ]
[min_data_in_bin: 3]
[bin_construct_sample_cnt: 200000]
[data_random_seed: 1]
[is_enable_sparse: 1]
[enable_bundle: 1]
[use_missing: 1]
[zero_as_missing: 0]
[feature_pre_filter: 1]
[pre_partition: 0]
[two_round: 0]
[header: 0]
[label_column: ]
[weight_column: ]
[group_column: ]
[ignore_column: ]
[categorical_feature: ]
[forcedbins_filename: ]
[precise_float_parser: 0]
[parser_config_file: ]
[objective_seed: 5]
[num_class: 1]
[is_unbalance: 0]
[scale_pos_weight: 1]
[sigmoid: 1]
[boost_from_average: 1]
[reg_sqrt: 0]
[alpha: 0.9]
[fair_c: 1]
[poisson_max_delta_step: 0.7]
[tweedie_variance_power: 1.5]
[lambdarank_truncation_level: 20]
[lambdarank_norm: 1]
[label_gain: ]
[lambdarank_position_bias_regularization: 0]
[eval_at: ]
[multi_error_top_k: 1]
[auc_mu_weights: ]
[num_machines: 1]
[local_listen_port: 12400]
[time_out: 120]
[machine_list_filename: ]
[machines: ]
[gpu_platform_id: -1]
[gpu_device_id: -1]
[gpu_use_dp: 0]
[num_gpu: 1]

end of parameters

pandas_categorical:null
