tree
version=v4
num_class=1
num_tree_per_iteration=1
label_index=0
max_feature_idx=24
objective=lambdarank
feature_names=rank_biencoder_large_top100 score_biencoder_large_top100 rank_biencoder_nv_embed_top100 score_biencoder_nv_embed_top100 rank_biencoder_stella_top100 score_biencoder_stella_top100 rank_biencoder_top100 score_biencoder_top100 rank_bm25_norepeat score_bm25_norepeat rank_cf_bpr score_cf_bpr rank_decay_descending score_decay_descending rank_metadata_qwen3 score_metadata_qwen3 rank_pmi_leg score_pmi_leg popularity turn_number n_prior_accepts pmi_sum is_in_all_legs n_legs_containing biencoder_cosine
feature_infos=[0:101] [0:0.016393441706895828] [0:101] [0:0.016393441706895828] [0:101] [0:0.016393441706895828] [0:101] [0:0.016393441706895828] [0:101] [0:0.016393441706895828] [0:101] [0:0.016393441706895828] [0:101] [0:0.016393441706895828] [0:101] [0:0.016393441706895828] [0:101] [0:0.016393441706895828] [0:93] [1:8] [0:7] [0:58.093009948730469] [0:1] [1:9] none
tree_sizes=7019 6938 6967 6978 6949 6963 6960 6937 6938 6981 6978 6953 6934 6966 6939 6930 6953 6987 6902 6920

Tree=0
num_leaves=63
num_cat=0
split_feature=23 2 2 21 23 0 2 18 23 18 5 5 2 18 5 5 10 18 0 0 6 18 9 18 0 10 14 0 13 9 9 5 21 0 5 18 5 10 21 18 10 19 14 18 2 23 2 2 9 5 2 18 18 18 18 18 18 17 18 18 3 0
split_gain=3996.18 580.136 448.71 255.228 162.815 151.92 97.2134 95.7809 86.0733 73.3308 64.1083 60.364 37.8291 35.1806 44.0964 30.966 29.7746 29.2622 28.0628 27.9889 26.8072 24.7599 23.7866 22.1252 22.0974 21.3057 20.9989 20.8634 21.0598 19.0054 18.4298 18.1325 18.0054 17.4266 16.7564 15.8295 22.5825 15.6949 15.041 15.0222 14.4419 13.9034 13.3763 14.4872 13.3658 13.2894 13.0535 12.8889 12.2502 12.0175 11.6682 11.599 11.5276 13.581 10.9591 16.7891 11.0712 10.7888 14.2513 10.6461 10.5045 10.4989
threshold=3.5000000000000004 65.500000000000014 18.500000000000004 5.0407307147979745 4.5000000000000009 17.500000000000004 17.500000000000004 75.500000000000014 1.5000000000000002 49.500000000000007 0.010362972505390646 0.014185110572725536 97.500000000000014 57.500000000000007 0.013606071937829258 0.012270400300621988 7.5000000000000009 74.500000000000014 65.500000000000014 19.500000000000004 50.500000000000007 48.500000000000007 0.012739370577037336 40.500000000000007 77.500000000000014 16.500000000000004 8.5000000000000018 18.500000000000004 1.0000000180025095e-35 1.0000000180025095e-35 0.014389234129339458 0.0086581707000732439 12.788549423217775 23.500000000000004 0.0092167854309082049 55.500000000000007 0.015268065501004459 5.5000000000000009 12.306680202484133 27.500000000000004 7.5000000000000009 1.5000000000000002 17.500000000000004 60.500000000000007 40.500000000000007 1.5000000000000002 62.500000000000007 5.5000000000000009 0.016261236742138866 0.0066445916891098031 6.5000000000000009 17.500000000000004 51.500000000000007 14.500000000000002 36.500000000000007 26.500000000000004 54.500000000000007 1.0000000180025095e-35 65.500000000000014 43.500000000000007 0.010152545757591726 44.500000000000007
decision_type=2 2 2 2 2 2 2 2 2 2 2 2 2 2 2 2 2 2 2 2 2 2 2 2 2 2 2 2 2 2 2 2 2 2 2 2 2 2 2 2 2 2 2 2 2 2 2 2 2 2 2 2 2 2 2 2 2 2 2 2 2 2
left_child=1 6 11 5 10 13 24 8 12 20 19 25 39 14 59 16 22 38 -14 51 -8 -18 -10 -20 -1 -2 30 -22 -29 -23 -21 57 45 -27 -9 36 44 -6 -11 -7 41 48 46 61 54 -5 -28 -26 -32 -31 -13 -4 53 -17 55 -12 -56 58 -25 -3 -45 -44
right_child=2 3 4 32 37 7 9 34 15 17 35 50 18 -15 -16 52 21 -19 23 26 27 29 -24 31 47 33 42 28 -30 49 40 -33 -34 -35 -36 -37 -38 -39 -40 -41 -42 -43 43 60 -46 -47 -48 -49 -50 -51 -52 -53 -54 -55 56 -57 -58 -59 -60 -61 -62 -63
leaf_value=0.061057858761699571 0.075883692161000493 -0.055067969871547273 -0.061669480010076078 -0.0041345284039453313 0.065274643616274261 -0.06990068193023645 0.019236943592122375 -0.0084570406592544365 0.059972778063223833 0.0029551929255073467 0.026904532908722141 0.090505605338981554 -0.051845551325415108 0.055822208503275988 0.056340692665051754 0.026924200768525655 -0.058626997110910919 0.058225701626811448 -0.08246047329922121 0.070826754681864917 0.042027525964638435 -0.026450294905773886 -0.10000000000000001 -0.072490684816992321 0.046874791893964173 0.064145075328778764 0.054967661712951137 -0.034562961594053303 0.062769906260330008 -0.092886746386554961 -0.099999999999999922 -0.03536312160673187 0.070807928368730261 0.037351781432824242 0.061419728343248173 0.051959892571885359 0.061522649465776395 0.043596976193473837 0.085738754730072739 -0.0394946982450807 -0.099999999999999908 0.033659227778565101 -0.055121546410205051 0.027153007438935919 -0.011571320000725409 0.039535877472434137 -0.099999999999999978 0.0095518629287211585 0.03462786819187301 0.050056173537195707 0.075411225467704873 0.041246366882107872 0.028704268221519658 -0.047117485113150392 0.043274468344104387 -0.058809638758782479 -0.10000000000000001 -0.10000000000000001 -0.044410374891371299 -0.0047384524402092499 -0.10000000000000001 -0.021940716558499405
leaf_weight=56.629648598711356 168.54240008679335 31.118448275505216 3.0424967113649499 35.475277609191835 123.47991350109805 57.897582798555959 31.480141570995329 44.524516748380847 10.546352530596776 128.75058790156618 16.321939179819314 480.53201171569526 141.82448119131732 25.961398108425783 16.785327889025211 9.0139055272593414 305.14166515726538 34.291972305363743 527.2212705292477 10.062019869103095 9.7885514054214564 125.2041561374499 2.9803689701802787 278.45517339579237 34.97903451602906 144.11523322819266 1.5626863625366212 246.76793838603771 5.6854980899952343 17.041006418687179 4.5948576986556899 40.968079650090658 20.311332198703894 104.83347110735485 10.627095278701743 46.034415004614857 24.697606088826433 257.86817352940852 5.7311543431133023 136.134503118883 3.723453413113023 15.121935360220958 33.192896178516094 17.560258594050541 47.27697123910184 34.230668970005354 10.420149304525694 68.293694978172425 2.6725158044137061 1.609227739390916 174.53166892920854 27.334357163577806 16.265391124179587 19.791515282617183 41.072553979727672 8.7893997977080272 1.3941004060907278 28.479176625536638 53.937119322421495 15.863517367688472 1.7898458700510662 84.609310627143714
leaf_count=8881 7989 17913 786 13524 9009 30546 8671 17859 1606 44290 3074 11514 78547 5021 2529 2913 139593 5859 338935 1183 2284 47951 2269 161678 8609 11858 272 112129 760 7408 2772 23583 2374 11955 1823 5674 2509 28364 260 58215 2212 3320 9051 3002 11191 6747 7330 24324 353 138 9277 4220 3732 9936 4880 2393 221 20442 23799 6599 876 18658
internal_value=-0.00018372 -0.0398246 0.0560092 -0.052901 0.0272223 -0.056764 0.0023506 -0.0598824 -0.0619015 -0.0092685 0.00499016 0.0770143 -0.0688812 0.00675504 -0.0132215 -0.0445081 -0.0483632 0.0169964 -0.0725618 -0.0135481 -0.0243604 -0.0505652 0.0247257 -0.0757242 0.0359573 0.0621561 -0.0208405 -0.0295939 -0.0323709 -0.0334645 0.0133343 -0.066886 0.0293818 0.0528623 0.00500743 0.0265351 0.0181481 0.0506162 0.00648315 -0.0485676 -0.00881925 0.00634456 -0.0291301 -0.0247039 0.0088212 0.0173108 -0.0797906 0.0221933 -0.0504917 -0.080553 0.0864839 0.0309385 -0.00494662 -0.0239481 0.0230876 -0.0030969 0.038571 -0.0704647 -0.0679341 -0.0380741 0.0153916 -0.03129
internal_weight=4484.98 2629.81 1855.18 2007.41 782.622 1917.39 622.398 1827.66 1772.51 462.496 401.274 1072.55 1264.92 89.7287 63.7673 507.594 462.523 168.774 1070.89 215.687 293.722 448.996 13.5267 929.061 159.902 417.491 185.31 262.242 252.453 143.854 36.1748 401.84 90.0173 248.949 55.1516 185.587 139.553 381.348 134.482 194.032 26.1128 22.3893 149.135 137.152 114.855 69.7059 11.9828 103.273 7.26737 18.6502 655.064 30.3769 45.0708 28.8054 67.578 25.1113 42.4667 360.871 332.392 46.982 19.3501 117.802
internal_count=1415690 1241747 173943 1025680 121350 1003035 216067 970973 951291 174253 83977 52593 735745 32062 27041 215546 198965 50409 646984 54035 123844 195090 3875 568437 41814 31802 49029 115173 112889 55497 9840 229502 22645 23813 19682 29942 24268 37373 44550 88761 8657 6445 39189 31587 21759 20271 7602 32933 3125 7546 20791 5006 16581 12849 10568 5467 5101 205919 185477 24512 3878 27709
is_linear=0
shrinkage=0.05


Tree=1
num_leaves=63
num_cat=0
split_feature=2 14 21 4 6 12 21 0 0 2 0 6 4 16 4 4 21 4 19 2 6 10 8 2 19 8 0 21 21 4 2 2 10 2 14 6 10 0 8 21 21 14 10 12 10 12 16 4 10 16 16 10 6 10 10 2 0 19 9 6 14 10
split_gain=2994.21 980.067 486.692 377.922 276.897 188.724 159.623 192.387 157.248 130.966 97.0735 92.2591 78.5218 75.8077 71.1663 63.5699 62.7523 60.841 50.7068 67.1966 47.8428 46.0392 43.2342 40.9098 40.6218 36.903 34.2687 33.5154 42.9459 32.5542 32.0973 31.7723 31.622 31.2657 44.495 42.2002 32.4958 31.5218 31.216 55.9292 35.5589 30.7577 28.4051 37.9204 30.6333 27.9283 27.7605 27.6564 27.2983 26.9801 26.659 26.1915 37.9621 26.154 30.6039 46.6671 42.8155 41.0392 40.3953 29.5813 29.2489 25.9731
threshold=58.500000000000007 15.500000000000002 3.6435018777847294 36.500000000000007 4.5000000000000009 8.5000000000000018 3.6435018777847294 4.5000000000000009 67.500000000000014 97.500000000000014 29.500000000000004 6.5000000000000009 71.500000000000014 60.000000000000007 3.5000000000000004 1.5000000000000002 16.494279861450199 8.5000000000000018 3.5000000000000004 18.500000000000004 27.500000000000004 2.5000000000000004 18.500000000000004 24.500000000000004 1.5000000000000002 1.5000000000000002 2.5000000000000004 5.9404036998748788 10.448197841644289 8.5000000000000018 1.0000000180025095e-35 35.500000000000007 1.0000000180025095e-35 96.500000000000014 18.500000000000004 50.500000000000007 8.5000000000000018 6.5000000000000009 15.500000000000002 8.7999916076660174 12.306680202484133 18.500000000000004 11.500000000000002 15.500000000000002 60.000000000000007 14.500000000000002 17.500000000000004 3.5000000000000004 1.0000000180025095e-35 1.5000000000000002 9.5000000000000018 15.500000000000002 16.500000000000004 60.000000000000007 1.0000000180025095e-35 18.500000000000004 60.500000000000007 2.5000000000000004 0.012903762981295587 33.500000000000007 1.0000000180025095e-35 60.000000000000007
decision_type=2 2 2 2 2 2 2 2 2 2 2 2 2 2 2 2 2 2 2 2 2 2 2 2 2 2 2 2 2 2 2 2 2 2 2 2 2 2 2 2 2 2 2 2 2 2 2 2 2 2 2 2 2 2 2 2 2 2 2 2 2 2
left_child=1 4 3 11 15 24 7 14 -7 -10 21 -2 17 -11 -3 -1 20 18 -9 42 -12 -6 -19 27 25 -5 -23 -8 29 -29 -16 -32 -26 35 -35 36 -13 -36 39 -4 -40 -34 43 -20 -44 -24 -42 -45 -41 -25 -28 52 -31 54 57 56 59 -22 -57 -56 -59 -15
right_child=2 6 38 5 10 8 23 12 9 13 16 33 -14 61 30 -17 -18 22 19 -21 53 26 45 49 32 -27 50 28 -30 51 31 -33 41 34 37 -37 -38 -39 40 48 46 -43 44 47 -46 -47 -48 -49 -50 -51 -52 -53 -54 -55 55 58 -58 60 -60 -61 -62 -63
leaf_value=0.06482684029611388 0.031447097990289295 0.034844378638265387 -0.075787859563918064 -0.0040146267799500649 0.044973548271222255 -0.027771069362541485 0.068936799536098117 0.0026305115248046497 -0.033757608257319889 -0.092469019108820591 -0.033026325174532196 -0.10255658247941178 -0.01567485128778753 -0.03947011469502773 0.040591622820198452 0.043977970260357317 0.050223490319586311 -0.032073928900299052 -0.10236025019063258 0.019120373103204594 0.074322937648011941 0.045793822880311842 0.031285729652927856 -0.037885405245782315 -0.053590204241915795 -0.10090097409874051 0.038744989401675055 -0.04227216833179126 0.026687313623754951 0.01889234262434486 -0.00550940220370447 0.048406933089928522 0.017089176393368023 0.013101982448075014 0.010721857395879129 0.023781098552933134 -0.011128566950592887 -0.034758533995570613 0.034109927477714699 -0.10290266509591167 0.0079213233829444115 -0.033536267910562932 -0.10290544820120212 0.064220015830438917 -0.033095018615417186 0.0055550883836177796 -0.1006314315378752 -0.042513623313714791 0.019559377126822628 0.049106719874035719 0.017809413057722347 0.025380095732489977 -0.10241816528662372 0.035417749285796885 0.0076414910308171078 -0.10137700341904397 -0.008741645964399072 0.022756035322008868 0.022475174091138351 -0.10221520616514024 -0.10288358032070138 -0.059066977304453809
leaf_weight=737.86903376947157 142.20479109941516 463.14752064505592 24.400145785883069 19.989197198767215 487.19315169902984 796.488834245014 30.105817875359207 362.90799343364779 638.70545228384435 163.95172185939737 88.433261049212888 11.119322185404597 1143.838747722737 190.52136542927474 55.867115736473352 724.71817700052634 71.883233053144068 72.522303021047264 6.1924299243837586 78.603495553717948 29.575942303286865 189.18714484467637 113.64700157917105 9.3301388248801214 22.317047977703623 19.33476114901714 194.37855128746014 46.253356334287673 247.89807743497659 14.959554637549447 291.92802403029054 30.145889584207907 184.71565691474825 77.62670309166424 43.760879193199798 109.86745495174546 77.155691628693603 294.41267750167754 230.52812819124665 4.8711854335851958 165.84273877809756 35.820504728006199 16.576365231070668 21.196233475115154 302.14381881570444 1463.7159977847477 6.1064467306714496 8.5043037405703199 69.153042670106515 199.35703101137187 698.43614110792987 67.819080857792869 11.335894086398183 70.279722771956585 7.9784505194984368 7.0062221325933924 70.842751785414293 14.897722406312825 109.14119505370036 26.417914931662381 6.7226423728279761 1502.3454610982444
leaf_count=2084 5031 2711 1446 831 2736 182347 358 4678 152414 63347 1995 367 152149 42298 304 4349 556 2445 94 3499 72 1096 2258 588 901 3244 1464 585 3152 137 5107 1298 10699 2190 2026 8598 6410 65764 23639 191 3398 7981 267 67 4042 81107 353 101 1430 5631 8433 2434 252 2034 68 437 656 132 2006 437 174 528792
internal_value=-6.62558e-05 0.0176399 -0.0315589 -0.0369562 0.0378386 -0.0437502 0.00352332 0.000181879 -0.047114 -0.0532876 0.0260825 -0.00484216 -0.00486117 -0.0600055 0.0217061 0.0544961 0.00697238 0.000195686 -0.0111564 -0.0227058 -0.000236199 0.0322104 0.00567344 0.0271347 -0.00450698 -0.0516516 0.0264635 0.0181149 0.0141742 -0.00792457 0.00560579 -0.000462872 0.0031269 -0.0132477 -0.0210368 0.00309765 -0.022645 -0.0288732 0.0151019 -0.0101388 0.0212745 0.00886636 -0.0319769 0.0101918 -0.0367258 0.00740895 0.00406628 0.0336584 0.0115007 0.0452174 0.0223674 0.00895584 -0.0334043 0.00822124 0.00120919 -0.00684744 -0.030964 0.0360482 0.0150042 -0.0767333 -0.0163104 -0.0568615
internal_weight=13424.2 8592.96 4831.24 4330.34 3534.96 3574.19 5058 4430.94 3292.01 2495.52 2072.37 756.148 3589.85 1856.82 841.089 1462.59 503.179 2446.01 796.125 433.217 431.296 1569.19 1649.89 627.059 282.177 39.324 1082 418.372 388.266 140.368 377.941 322.074 242.853 613.943 415.8 198.142 88.275 338.174 500.902 98.4244 402.477 220.536 354.613 35.893 318.72 1577.36 171.949 29.7005 74.0242 208.687 892.815 94.1145 26.2954 342.863 272.583 221.387 105.239 51.1963 116.147 34.3964 21.6204 1692.87
internal_count=1415690 301993 1113697 1083240 28729 992854 273264 260127 969198 786851 22296 90386 250707 634437 9420 6433 8567 98558 12748 8070 8011 13729 85810 13137 23656 4075 10993 6918 6560 3408 6709 6405 19581 85355 69980 15375 6777 67790 30457 3067 27390 18680 4571 262 4309 83365 3751 168 1621 6219 9897 2823 389 6016 3982 3604 1161 378 2443 505 306 571090
is_linear=0
shrinkage=0.05


Tree=2
num_leaves=63
num_cat=0
split_feature=23 2 18 23 14 23 2 18 2 4 10 2 2 2 2 18 19 18 17 18 4 10 17 6 18 6 18 4 4 18 12 19 18 19 18 18 2 14 4 6 18 18 6 6 4 6 3 4 8 8 18 18 6 17 18 8 6 12 18 4 10 18
split_gain=3713.44 869.13 572.39 346.647 142.629 136.367 127.84 119.055 80.3464 77.0201 73.7854 65.0925 62.2563 59.1469 58.1481 49.946 35.8332 33.6075 32.0393 32.7788 30.736 33.1413 30.8534 29.9256 33.2228 31.0701 42.1044 29.87 31.4355 29.7734 29.0599 26.8838 30.8751 26.6884 43.8178 43.4406 31.9831 30.7363 29.6815 27.9372 27.3589 27.3283 26.9917 26.7502 26.1647 27.1155 42.0241 29.8593 26.0616 24.8943 32.8718 31.9931 25.6707 25.297 24.8171 24.6347 24.311 23.6845 23.1901 33.0096 34.7246 27.7387
threshold=3.5000000000000004 10.500000000000002 56.500000000000007 1.5000000000000002 10.500000000000002 6.5000000000000009 96.500000000000014 70.500000000000014 62.500000000000007 22.500000000000004 10.500000000000002 1.5000000000000002 92.500000000000014 6.5000000000000009 25.500000000000004 29.500000000000004 3.5000000000000004 43.500000000000007 0.012903762981295587 71.500000000000014 77.500000000000014 3.5000000000000004 0.013793759513646366 10.500000000000002 73.500000000000014 12.500000000000002 29.500000000000004 63.500000000000007 4.5000000000000009 49.500000000000007 3.5000000000000004 3.5000000000000004 43.500000000000007 3.5000000000000004 19.500000000000004 37.500000000000007 38.500000000000007 3.5000000000000004 23.500000000000004 97.500000000000014 4.5000000000000009 68.500000000000014 2.5000000000000004 1.0000000180025095e-35 91.500000000000014 32.500000000000007 0.010811126790940763 45.500000000000007 60.000000000000007 18.500000000000004 62.500000000000007 69.500000000000014 100.00000000000001 0.013986697886139156 82.500000000000014 12.500000000000002 35.500000000000007 5.5000000000000009 65.500000000000014 27.500000000000004 3.5000000000000004 67.500000000000014
decision_type=2 2 2 2 2 2 2 2 2 2 2 2 2 2 2 2 2 2 2 2 2 2 2 2 2 2 2 2 2 2 2 2 2 2 2 2 2 2 2 2 2 2 2 2 2 2 2 2 2 2 2 2 2 2 2 2 2 2 2 2 2 2
left_child=2 4 3 6 11 14 17 8 -4 13 -11 -2 44 29 -3 -13 54 -1 19 33 22 -22 30 -6 25 26 -25 28 -21 -5 -7 -8 -33 37 40 38 -37 39 42 43 -35 -38 -36 -16 45 46 -12 -47 -18 50 53 -52 -51 -20 -9 -23 -10 -14 59 -39 -61 -60
right_child=1 5 7 9 23 20 31 16 56 10 12 15 57 -15 18 -17 48 -19 49 27 21 55 -24 24 -26 -27 -28 -29 -30 -31 -32 32 -34 34 35 36 41 58 -40 -41 -42 -43 -44 -45 -46 47 -48 -49 -50 52 51 -53 -54 -55 -56 -57 -58 -59 61 60 -62 -63
leaf_value=-0.042329861223680952 0.060356497669181719 0.0097223858889890144 0.0061600726090540701 0.047831245936654956 0.035771809137295406 0.02694148291209212 -0.069011926589557668 0.01612663457774333 0.00031670801780113011 0.025893288119069276 0.044729271989573924 0.055476249526771326 0.017145311346027144 -0.012676704735524905 0.069999476072312133 0.034204963674477729 -0.094062071676187256 -0.017592001633308617 0.016661077362626408 -0.10372892404698766 -0.078639381127454444 0.029812118531271498 0.033871329991507458 0.028402514711217478 0.056083335341005507 0.022226345509891225 -0.064341637663735907 -0.036835510811602544 0.040027674256335501 -0.10362512507605406 0.0083237448984624651 -0.061163048502665698 -0.040236009508002706 0.0029735519853738381 0.006593022475279463 0.014211517399277363 -0.011069336718234577 -0.01392808339678276 -0.021803633267050808 0.027215539954967519 0.046813421345542554 -0.10163882233658952 -0.093095487743593636 -0.10430716760759361 -0.013357029676241784 -0.018318720550676099 -0.09967479592078185 -0.049413210664998597 0.0027180357581341034 0.0060170195030528504 0.047606877168861389 -0.10301589588768539 0.04386063426180907 -0.10485187007091748 0.04866554731368939 -0.10197203934969945 -0.031242199441790294 -0.046129786352199331 0.049629301893340423 0.038264691440432555 -0.049291461922322595 -0.041047709323576875
leaf_weight=541.97037675208412 794.92362449411303 887.6583263016073 262.88108910806477 62.926577759440988 921.38860551314428 359.8289640576113 668.4806881765835 224.21367379138246 69.659554845420644 58.500648860819638 23.304783735424284 432.22267074999399 15.213805798906831 269.62620003626216 2.9717556759715071 763.33841826254502 7.1181478819344184 183.87368362146663 5.9722379788290736 4.0106566911563268 16.031177990138531 24.808097152621489 340.65060728765093 23.945384591817856 67.702349877916276 686.27174383657984 25.028783635934815 19.379548375494778 73.380487121758051 3.4212645981460801 502.00426737300586 697.72456255694851 235.8227539549116 109.16307859215885 8.6153763667680305 153.59141673077829 320.25041809841059 174.24530740594491 107.1445377136115 51.489751839777455 52.801240478409454 8.5513261698652041 32.050889723002911 8.4877564869821054 397.25230686983559 132.59370013308944 6.4278883062070227 184.82676843530498 305.64683287974913 182.7968713552691 17.375587628688667 4.4228419065475455 59.364678669720888 15.144278317922724 79.331650411942974 4.1376319653354576 492.2404435230419 529.61892518517561 20.7933381695766 12.071149610215796 182.98211130243726 14.189270969014613
leaf_count=130537 2445 26773 27895 1051 8879 3741 233273 22016 10358 5039 1649 1981 2740 27454 14 5245 2312 37802 230 166 376 541 3334 334 563 13056 778 2085 1568 212 9680 260686 81582 7150 261 5721 21731 7313 10295 2088 1849 872 3217 435 54713 13731 991 31331 33509 4195 253 326 907 822 3880 255 117351 141635 515 278 22783 888
internal_value=0.00012927 0.0229777 -0.0312611 -0.0409707 0.0401491 0.00608615 -0.0534707 -0.00423256 -0.0166556 -0.0236884 -0.0290277 0.0492678 -0.0315199 -0.00226995 -0.000587062 0.041895 0.0123927 -0.0360632 -0.00616287 -0.00936581 0.0196144 -0.0209668 0.0211322 0.0296228 0.0225668 0.0194806 -0.0189954 0.0186769 0.0325777 0.0400213 0.0160969 -0.0613576 -0.0558767 -0.0115206 -0.00593064 -0.0118921 -0.00462556 -0.0209981 -0.0356072 0.0115015 0.0172656 -0.0134248 -0.0719759 -0.0591048 -0.02212 -0.0321476 0.0135106 -0.0364243 0.000515439 0.00907419 -0.0260242 0.0170459 0.0152942 -0.0704852 0.0246307 0.0109743 -0.0273298 -0.0443629 -0.0260584 -0.0297441 -0.0438729 0.0128499
internal_weight=12943.9 7491.19 5452.68 4011.58 3714.82 3776.36 2327.87 1441.09 824.781 1683.71 1347.74 1990.48 1289.24 335.974 2528.9 1195.56 616.31 725.844 1641.25 1356.17 1247.46 44.9769 1202.48 1724.34 802.948 735.246 48.9742 96.7707 77.3911 66.3478 861.833 1602.03 933.547 1259.4 792.168 630.204 482.393 467.23 147.811 62.9493 161.964 328.802 40.6663 11.4595 744.405 347.153 29.7327 317.42 312.765 285.076 42.9149 21.7984 242.162 21.1165 303.545 28.9457 561.9 544.833 404.281 369.299 195.053 34.9826
internal_count=1415690 173943 1241747 1024426 33281 140662 743880 217321 155604 280546 251829 9671 246790 28717 122735 7226 61717 168339 95962 89229 17927 1172 16755 23610 14731 14168 1112 3819 1734 1263 13421 575541 342268 85410 51096 42097 28324 34314 13773 2537 8999 22603 3478 449 102415 47702 2640 45062 35821 6733 1631 579 5102 1052 25896 796 127709 144375 31777 30374 23061 1403
is_linear=0
shrinkage=0.05


Tree=3
num_leaves=63
num_cat=0
split_feature=23 4 18 23 2 2 21 18 14 2 18 14 6 21 21 2 10 16 6 2 21 21 18 23 21 17 21 4 21 23 6 9 16 22 6 18 2 14 6 2 18 2 6 12 10 18 10 7 4 6 18 10 14 21 23 16 16 2 16 16 2 18
split_gain=3630.85 684.626 396.506 221.814 172.755 157.497 132.118 88.8757 87.9616 78.88 70.2611 68.1169 63.9081 45.33 44.7355 42.9497 41.3334 40.0547 39.9624 38.2259 53.3202 47.5061 33.7924 29.5393 29.3505 37.5391 28.5384 28.3438 24.3563 24.314 24.0943 27.7868 23.36 22.2752 22.2625 21.5588 21.5335 20.5131 21.5464 24.7924 20.1724 27.1905 21.3475 26.7593 22.4342 19.5279 19.2995 23.8759 19.1569 20.7274 19.1515 18.8537 18.5208 18.5004 25.6771 21.996 18.3879 18.174 23.6423 24.1252 21.0983 19.1922
threshold=2.5000000000000004 9.5000000000000018 52.500000000000007 4.5000000000000009 7.5000000000000009 60.500000000000007 8.6437592506408709 80.500000000000014 2.5000000000000004 65.500000000000014 73.500000000000014 17.500000000000004 15.500000000000002 6.6062858104705819 8.6437592506408709 36.500000000000007 4.5000000000000009 60.000000000000007 19.500000000000004 31.500000000000004 11.297235012054445 10.306714534759523 75.500000000000014 1.5000000000000002 6.7328264713287362 0.014389234129339458 5.5188379287719735 3.5000000000000004 7.5652642250061044 1.5000000000000002 100.00000000000001 0.012903762981295587 1.5000000000000002 1.0000000180025095e-35 94.500000000000014 64.500000000000014 95.500000000000014 7.5000000000000009 58.500000000000007 9.5000000000000018 57.500000000000007 58.500000000000007 25.500000000000004 6.5000000000000009 10.500000000000002 80.500000000000014 15.500000000000002 0.0062696540262550124 63.500000000000007 83.500000000000014 45.500000000000007 16.500000000000004 9.5000000000000018 10.984781265258791 1.5000000000000002 7.5000000000000009 18.500000000000004 17.500000000000004 4.5000000000000009 60.000000000000007 20.500000000000004 64.500000000000014
decision_type=2 2 2 2 2 2 2 2 2 2 2 2 2 2 2 2 2 2 2 2 2 2 2 2 2 2 2 2 2 2 2 2 2 2 2 2 2 2 2 2 2 2 2 2 2 2 2 2 2 2 2 2 2 2 2 2 2 2 2 2 2 2
left_child=2 4 5 7 8 -1 12 14 24 57 13 -6 -7 29 15 46 -17 -14 -10 -5 21 22 -21 26 27 -26 34 -2 -24 36 -25 -32 -15 -20 -19 -31 -11 -16 50 -40 41 -18 -43 44 -44 -13 47 -3 49 -12 -39 -34 -48 55 -55 -50 -22 -4 -59 -60 -61 -62
right_child=1 3 9 19 11 6 -8 -9 18 10 48 45 17 32 37 16 40 23 33 20 56 -23 28 30 25 -27 -28 -29 -30 35 31 -33 51 -35 -36 -37 -38 38 39 -41 -42 42 43 -45 -46 -47 52 -49 53 -51 -52 -53 -54 54 -56 -57 -58 58 59 60 61 -63
leaf_value=-0.025683203890031165 0.06466301746742896 0.056717631356508258 0.018561336385000172 0.023003675873963514 0.031263333507612782 -0.0018104694548137742 0.037223691715809533 0.04171376146789732 0.039678220120752838 -0.016652740516198826 -0.10181435068764236 0.0092638713405880976 -0.082973303110843763 -0.101504391204322 -0.10804749894082384 0.016808853573264764 -0.0094130873886906635 -0.070808425883710252 0.018798750845286823 0.0005016433394429918 0.035798349697759101 -0.10408769689218032 0.059271218704255141 -0.057070665306982828 -0.10515506810753135 0.036387712860552986 0.072068870250920222 0.038330073831558099 -0.10593152837520342 -0.034591988585101256 -0.02904421840564049 -0.087656475254019484 -0.10277871087117457 -0.10601134431526377 -0.055996475576548424 0.003842126320721527 -0.048016673113742796 -0.10046927373609747 -0.10365699380312077 0.042505164584659014 -0.005413852686470007 -0.0087599140574778425 -0.062579240201985534 -0.040665937170106824 0.024969121909210065 -0.10372174137431661 -0.10610490231360037 -0.10386481993210446 -0.1022905096452391 0.034798150658513334 0.0067387153546494471 0.017479168246547563 -0.00172555631076028 0.04639215081892159 -0.10194867007828268 -0.010472328156367242 -0.099242545558464235 0.06769087078728879 -0.10417038730727644 -0.075328767532377577 -0.019056094504456254 0.0079821487552195532
leaf_weight=613.17464214388747 585.68063261406496 23.835752166574824 124.5851952272933 1402.9353239793563 712.78866512875538 53.387086088303477 38.790813079569489 102.58110991748981 1405.8210111724911 64.731068634428084 2.9477518659550688 611.71598567732144 140.79684973950498 4.8773565439041695 2.9409763985313466 92.184410992078483 250.65693381370511 318.84280939330347 215.66981412214227 532.72746779595036 166.35796411777847 10.395228208974002 36.054012242238969 205.01898997928947 5.0439126137644044 65.709521608427167 4.1626602383330455 123.78542122826912 2.3782648176420471 95.973285779356956 234.92094381060451 22.125444073695689 3.4255352783948174 3.6351402979344121 1241.2923813869711 58.865253278287128 354.07240471523255 4.8526604388607657 2.996590355411171 91.215036124689505 228.04863479186315 93.012391931493767 9.7384734828956407 308.71829255111516 29.432908445596695 3.8483340051025143 4.2651326674967995 2.5637180872727177 6.8139315370935938 47.803794505540282 29.426788163371384 67.117890725843608 1183.0134098018752 25.291981958784167 3.2975322646088889 152.59632712625898 2.559606220573186 11.066182205453513 6.2206932103727004 10.190964984707533 104.60577659396222 176.14712307567243
leaf_count=117554 1295 430 8186 21351 7689 15540 3137 2185 8622 15373 506 20013 57324 785 160 6659 26126 128117 2332 19882 2565 503 458 63394 66 309 336 602 129 24293 54214 9007 414 49 425512 10004 121089 582 160 2374 21799 15281 1799 67414 3306 196 188 209 939 2780 1132 6481 55724 578 216 24705 157 113 298 1572 17905 13572
internal_value=0.000227319 0.0192971 -0.0377317 0.00641383 0.035214 -0.0481569 -0.0542561 -0.00384549 0.0432065 -0.0150557 -0.0235878 0.0207414 -0.0558542 -0.0321187 -0.0058284 -0.00750244 -0.01511 -0.0571856 0.0365814 0.0181314 0.00902308 0.00184033 0.00376825 -0.0553938 0.057006 0.0262973 -0.0586747 0.0600685 0.0490481 -0.0369099 -0.0442862 -0.0340893 0.00432268 0.0167299 -0.0590236 -0.0199804 -0.043169 0.0225172 0.0255056 0.0378562 -0.0183096 -0.0225622 -0.0300375 -0.0357264 0.00320355 0.00855752 -0.00116034 0.0411231 -0.000395846 0.0268634 -0.00843784 0.0116395 -0.00210052 -0.00775463 0.0292824 -0.0143971 0.0337521 0.00244565 -0.00406822 -0.00674047 -0.00465732 -0.00209204
internal_weight=12539.7 8346.59 4193.14 4612.89 3733.7 2872.51 2259.34 2459.48 2405.35 1320.63 887.814 1328.35 2220.55 649.063 2356.9 2225.47 1011.79 2167.16 1625.13 2153.41 750.473 581.555 571.16 2026.36 780.219 70.7534 1564.3 709.466 38.4323 573.642 462.065 257.046 75.4208 219.305 1560.14 154.839 418.803 131.432 128.491 94.2116 919.608 691.559 440.902 347.89 39.1714 615.564 1213.68 26.3995 238.751 50.7515 34.2794 70.5434 1187.28 188 28.5895 159.41 168.918 432.816 308.231 297.165 290.944 280.753
internal_count=1415690 291746 1123944 250573 41173 874135 756581 205528 13275 249809 208163 27898 753444 178439 203343 198935 142384 737904 11003 45045 23694 20972 20469 680580 2272 375 553965 1897 587 170759 126615 63221 7680 2381 553629 34297 136462 4408 4248 2534 135725 113926 87800 72519 5105 20209 56551 639 29724 3286 1714 6895 55912 26438 794 25644 2722 41646 33460 33347 33049 31477
is_linear=0
shrinkage=0.05


Tree=4
num_leaves=63
num_cat=0
split_feature=23 23 18 5 2 21 2 1 1 21 2 23 23 2 6 15 10 18 2 1 19 1 1 19 2 6 10 19 18 21 2 10 8 18 5 6 6 6 6 6 18 21 23 18 19 21 1 5 18 6 21 16 16 12 1 18 19 19 6 10 19 1
split_gain=3234.17 559.522 350.92 248.417 190.109 140.234 130.782 83.6195 68.6839 68.9032 63.1225 55.3816 46.6081 39.945 38.5132 38.3948 37.7483 50.388 35.9071 46.3179 35.7887 35.3308 44.1883 36.7516 33.767 33.0769 37.4666 31.7064 45.1468 31.4369 30.4671 40.1156 32.0334 32.3675 30.2847 30.9837 50.508 30.152 30.7696 29.1143 28.625 28.2365 27.9106 26.9642 43.2422 32.9384 30.8966 25.9618 25.1052 24.7286 24.7142 43.2023 32.185 24.4667 35.4831 39.784 23.9044 23.876 23.6407 22.7078 22.4187 22.3292
threshold=2.5000000000000004 4.5000000000000009 64.500000000000014 0.015749008394777778 66.500000000000014 5.5188379287719735 2.5000000000000004 0.012579114176332952 0.012422839645296337 4.9026587009429941 16.500000000000004 1.5000000000000002 1.5000000000000002 22.500000000000004 19.500000000000004 0.015504807699471714 4.5000000000000009 49.500000000000007 98.500000000000014 0.0080322581343352812 4.5000000000000009 0.015268065501004459 0.012270400300621988 1.5000000000000002 8.5000000000000018 97.500000000000014 10.500000000000002 5.5000000000000009 59.500000000000007 11.722662448883058 32.500000000000007 5.5000000000000009 17.500000000000004 57.500000000000007 0.01197647722437978 54.500000000000007 100.00000000000001 5.5000000000000009 6.5000000000000009 17.500000000000004 25.500000000000004 10.673779487609865 8.5000000000000018 69.500000000000014 6.5000000000000009 7.9144067764282235 0.010471491608768703 0.012739370577037336 26.500000000000004 39.500000000000007 7.0399386882781991 17.500000000000004 3.5000000000000004 7.5000000000000009 0.0087337908335030096 51.500000000000007 4.5000000000000009 6.5000000000000009 2.5000000000000004 9.5000000000000018 5.5000000000000009 0.012270400300621988
decision_type=2 2 2 2 2 2 2 2 2 2 2 2 2 2 2 2 2 2 2 2 2 2 2 2 2 2 2 2 2 2 2 2 2 2 2 2 2 2 2 2 2 2 2 2 2 2 2 2 2 2 2 2 2 2 2 2 2 2 2 2 2 2
left_child=2 6 4 7 13 11 37 16 9 30 15 18 50 48 57 -5 24 20 -6 -20 25 22 -12 -24 -3 47 -27 28 -10 -7 -8 32 33 40 -9 59 -37 -2 -39 56 -32 -15 -22 45 -45 -11 -47 -18 -1 -49 51 -4 -52 -33 -55 -56 -26 -13 -58 -36 -38 -19
right_child=1 3 12 10 5 29 8 34 27 43 21 14 -14 41 -16 -17 17 61 19 -21 42 -23 23 -25 39 26 -28 -29 -30 -31 31 53 -34 -35 35 36 60 38 -40 -41 -42 -43 -44 44 -46 46 -48 49 -50 -51 52 -53 -54 54 55 -57 58 -59 -60 -61 -62 -63
leaf_value=-0.033445927133546709 0.04076006782943941 0.046758560190513963 -0.086979863273273852 0.040488367540465073 -0.040707242335841672 -0.012903495109752295 -0.0030402653370877426 0.014309505233496375 -0.0065838383473568367 -0.054698633089242332 0.019032478519987409 -0.023221857239950097 0.010828412800598571 -0.031677431736988566 -0.042842148336337864 0.057732946747935755 -0.044526950902686158 0.021279217096542818 -0.063432212675716831 -0.039573395503806341 0.0097139089928843219 0.035955470010268588 0.048779493181335065 -0.10522295622369851 0.0091598575802728077 -0.10431415722232434 0.040624851592566041 0.018954529607196468 0.02462668066215358 0.045101042792822538 -0.07635199564114406 0.010430480889703032 0.055977139838523905 -0.10012251004248862 0.03732768599594969 -0.10662006115581775 0.049455768394812569 -0.1070610033464444 0.017934156603551729 0.022203063447362718 0.018855959383807418 0.054458754816279743 -0.10311899279377451 0.0478244167721147 -0.046702053423953747 0.018675572986974486 -0.10012313200225718 0.0035148207000451383 0.0020576004143046359 -0.10318802728550541 -0.0654928785555111 -0.015633788556098312 0.029483680106600997 -0.033235905298292866 -0.024316635750252783 0.012143350986942148 0.011128168924790753 0.047403914114270071 -0.10495590875508387 0.025311406945760145 -0.10807292708882235 -0.03998101189274153
leaf_weight=65.754234688356519 214.39051254233345 123.36161599354818 22.488788288785145 580.90993359778076 294.38570670015179 70.792262464063242 660.82645408657845 313.95159246632829 454.05423932534177 21.254962449893355 36.518228949280456 32.724227806553245 280.17034251487348 526.19357797029079 483.58614158374257 726.405726486817 104.57508155493997 428.91425744933076 1317.3513195475098 240.565700013889 284.36238268960733 82.70707769296132 5.0034342845901874 17.16226580645889 27.822905788430944 5.1204307479783884 34.504711329238489 443.28307474520989 155.5669046510011 34.862536733737215 9.1370588450226915 57.316612203838304 29.566784536931664 8.0603582353796792 922.44416348543018 10.633543551201003 17.077962344046686 5.0177282579243174 262.21908513619564 275.10387113597244 58.066314983647317 9.6895505180582386 5.5884303688071659 95.104284105822444 13.862256636610253 112.61707752710208 5.7525989399291566 65.202306587598287 205.11499860032927 5.9230971508659414 10.695571111515163 375.52203943987843 53.728301415685564 411.20828450715635 206.52678486867808 117.3229190998245 6.8238775026984539 18.865502549335361 12.275829408317803 685.21889605734032 2.6027693813666692 15.409360072575508
leaf_count=12847 1251 769 8124 3064 83586 8987 37498 5704 20865 2187 594 8398 23744 120612 142261 1894 5614 9992 532161 81258 8495 676 30 583 475 359 695 17082 3703 1201 1205 7181 621 1764 7207 384 120 117 4713 5111 4122 149 171 1470 676 3935 544 1462 23863 300 968 69659 3501 74865 33378 10345 85 2625 475 9349 104 512
internal_value=0.000235906 0.0183969 -0.0363187 0.0293409 -0.0433072 -0.050134 0.00268868 0.021854 -0.00137112 -0.00728689 0.0466379 -0.0526286 -0.00526455 -0.02221 -0.0384612 0.0500703 0.0125053 0.00687243 -0.0567219 -0.0597481 -0.00392818 0.014902 -0.0147701 -0.0704602 0.0245151 -0.0193698 0.0218956 0.00877943 0.00138066 0.00623606 -0.0111873 -0.0171879 0.0118792 -0.00544432 0.0285352 0.0312618 -0.0188173 0.0267926 0.0155872 0.0159941 0.00591136 -0.03012 0.0075392 0.0171588 0.0357992 0.00261131 0.0129021 -0.0286762 -0.00656098 -0.00537105 -0.0150146 -0.0196651 0.0137158 -0.0210335 -0.0234869 -0.0111081 -0.0204087 0.00260481 -0.0634818 0.0322061 0.0286227 0.0191547
internal_weight=12179.3 8136.78 4042.49 4795.62 3299.89 2493.13 3341.15 3346.92 2859.53 1806.62 1448.71 2387.48 742.605 806.752 535.176 1307.32 1394.99 949.6 1852.3 1557.92 505.276 141.391 58.6839 22.1657 445.388 215.326 39.6251 1052.9 609.621 105.655 1558.03 897.205 104.831 75.2637 1951.93 1637.98 30.3143 481.627 267.237 322.026 67.2034 535.883 289.951 248.591 108.967 139.625 118.37 175.7 270.869 71.1254 462.435 398.011 64.4239 792.375 735.058 323.85 46.9226 51.5897 19.0997 1607.66 19.6807 444.324
internal_count=1415690 291746 1123944 64224 1017948 860477 227522 57383 221441 179791 6841 850289 105996 157471 153284 4958 34515 27600 697005 613419 17096 1883 1207 613 6915 8430 1054 41650 24568 10188 170979 133481 7712 7091 22868 17164 608 6081 4830 6146 5327 120761 8666 8812 2146 6666 4479 7376 36710 1762 82252 77783 4469 125769 118588 43723 1035 11023 560 16556 224 10504
is_linear=0
shrinkage=0.05


Tree=5
num_leaves=63
num_cat=0
split_feature=4 2 15 21 10 18 18 2 0 0 12 0 18 2 0 4 10 19 2 21 2 2 6 18 18 17 21 18 21 18 2 6 18 12 18 18 10 17 10 18 18 6 6 19 2 19 0 4 18 12 6 1 12 18 10 6 19 18 15 8 4 15
split_gain=2844.65 589.805 416.684 412.236 212.628 174.372 155.471 138.648 117.598 88.9646 66.3617 66.3514 66.3265 60.4627 53.889 48.9291 42.8084 42.1922 40.8228 40.1218 39.6124 32.7622 32.0054 31.0308 30.8247 28.415 28.0198 27.6737 27.6434 26.7574 26.0824 26.041 35.9962 25.1125 24.9432 31.9438 24.3775 32.1478 23.3011 23.0332 22.2058 21.7043 26.3059 22.2619 21.2793 22.2005 21.1946 20.7812 31.4994 38.4581 20.7766 20.7283 20.7084 30.3313 25.4781 20.6377 22.1993 20.6194 20.6174 23.9612 23.6318 20.9492
threshold=36.500000000000007 65.500000000000014 0.012579114176332952 7.247831106185914 13.500000000000002 49.500000000000007 57.500000000000007 5.5000000000000009 36.500000000000007 58.500000000000007 60.000000000000007 1.0000000180025095e-35 49.500000000000007 93.500000000000014 66.500000000000014 1.5000000000000002 18.500000000000004 2.5000000000000004 9.5000000000000018 1.0000000180025095e-35 97.500000000000014 1.0000000180025095e-35 7.5000000000000009 26.500000000000004 43.500000000000007 0.012739370577037336 15.077745437622072 25.500000000000004 10.154716968536379 38.500000000000007 23.500000000000004 27.500000000000004 37.500000000000007 7.5000000000000009 63.500000000000007 61.500000000000007 11.500000000000002 0.013245614245533945 3.5000000000000004 71.500000000000014 60.500000000000007 1.5000000000000002 15.500000000000002 4.5000000000000009 69.500000000000014 3.5000000000000004 29.500000000000004 4.5000000000000009 39.500000000000007 60.000000000000007 36.500000000000007 0.0099504948593676108 3.5000000000000004 55.500000000000007 2.5000000000000004 10.500000000000002 6.5000000000000009 87.500000000000014 0.015749008394777778 1.5000000000000002 30.500000000000004 0.013793759513646366
decision_type=2 2 2 2 2 2 2 2 2 2 2 2 2 2 2 2 2 2 2 2 2 2 2 2 2 2 2 2 2 2 2 2 2 2 2 2 2 2 2 2 2 2 2 2 2 2 2 2 2 2 2 2 2 2 2 2 2 2 2 2 2 2
left_child=2 5 8 4 17 10 14 15 11 -8 24 39 13 33 -6 -4 47 -3 22 -7 -16 46 -12 -19 -2 57 -14 38 -20 30 -29 -23 50 -10 35 36 40 -38 -9 -1 -21 43 -43 -35 -32 -46 -18 -13 49 -49 -33 -26 -25 54 -54 56 -15 -11 59 61 -61 -17
right_child=1 3 7 -5 6 19 9 27 12 25 18 16 26 55 20 58 21 23 28 34 -22 31 -24 52 51 -27 -28 29 -30 -31 44 32 -34 41 -36 -37 37 -39 -40 -41 -42 42 -44 -45 45 -47 -48 48 -50 -51 -52 -53 53 -55 -56 -57 -58 -59 -60 60 -62 -63
leaf_value=0.0427457358601879 0.013386905380515594 -0.039462016106735831 0.054524311047316615 0.014427436783551843 -0.039981717772965122 0.0033684792432860954 0.0080461642930877101 0.051034133674782246 0.054259588816510718 -0.035356800234497519 -0.10764724840241829 0.048653159798158228 0.0052650937402693295 -0.064824093107069658 -0.044729195370388053 0.079468608691230611 0.035054647896757489 0.038532049451660583 -0.030554290530882374 -0.075828082043943659 -0.062830682352032013 0.011651590085009201 0.0016236169950133777 0.019903019850539466 -0.013203510204364138 -0.086317216852932213 0.052934665419568573 0.01785032350732798 0.024286877063180463 0.025821890487451534 -0.034229737982657528 -0.06425724054867353 0.0067920146121347837 -0.10417255553676419 0.036713729422653718 -0.10461213127073964 -0.044435596411776912 0.037159581228784003 0.02640733846603719 -0.10683590303875186 0.0524189327702618 -0.054014424236423678 -0.0082337703227250997 0.072134369042142682 0.042138719309217587 -0.041934283402254385 -0.10792342650242681 -0.10236265275211978 0.034984996375233515 0.0081608875393541242 -0.014850248915580131 -0.10462465070736074 0.0061593255678064167 0.010262197089039343 -0.061443112925892066 -0.055741713009341665 0.053761989716939976 0.039515243989610337 0.046716537231222516 0.033462851889696645 -0.10656218323378869 -0.10696052039851954
leaf_weight=232.54673040285707 193.25036745541729 66.637040092842653 792.46418260876089 332.06508422852494 495.21875989297405 751.39776866976172 149.07788906665519 165.00161087722518 15.639515998773275 376.1241665284906 6.9704435574822119 103.76563229947351 348.86076266679447 6.7429442401044097 391.49405121058226 2.0658738240599623 141.20555989514105 54.872220752295107 774.55740116443485 12.572692094836386 1325.5832168137422 1022.1429471330484 173.51400523469783 58.913392926333472 19.541613656561825 27.294519017450511 33.81435076566413 237.53808704542462 23.680825386429206 939.47920947347302 52.578265649499372 26.940258854883723 278.06841195106972 2.0755015928298226 180.22447811835445 6.1033488628454498 14.451743408106266 73.294290831079707 229.85279593709856 2.6023802272975436 4.6139738420024505 35.402025204151869 276.07591260422487 13.036655216012148 24.819568789564073 11.485996310133485 2.6404175525531164 9.4432311756536347 119.86531094415113 47.267564264242537 101.24507330032066 9.081810125615446 20.481802514987066 57.118374691810459 43.619766616728157 110.80775748309679 9.5159844169393164 9.4259710393380356 369.14727021683939 540.08193651610054 3.0300925616174927 5.569035456283018
leaf_count=2105 5162 11443 2000 18585 147938 64947 21694 931 212 107089 367 920 27309 1326 107999 6 1059 4262 145848 360 534098 30530 13288 3232 830 10001 423 2948 741 12913 1695 2306 13164 149 3237 364 989 1068 3394 89 52 2802 22053 173 411 583 88 546 2098 1301 7783 434 1508 7571 11197 42425 389 840 1560 3808 108 100
internal_value=0.000375163 -0.0253933 0.0234428 -0.0384986 -0.0442124 -0.00548378 -0.0485473 0.035435 0.00968263 -0.0250614 -0.0184748 0.016071 -0.005972 -0.0185697 -0.0545127 0.0454181 0.0128953 -0.00434474 -0.0240717 0.00947502 -0.0587035 0.00968589 -0.00259651 0.00561295 0.00621446 -0.0370165 0.00947732 0.0251417 -0.0289274 0.021537 0.00920465 0.00739543 -0.00331314 -0.00763403 0.0252287 0.00658728 0.0130551 0.0237209 0.0366984 0.0410903 -0.0413986 -0.0105979 -0.0134371 0.0479204 -0.0139005 0.0155405 0.0324302 0.0308949 0.0204592 -0.010243 -0.0252339 -0.0422102 -0.00441487 -0.0162335 -0.0398427 -0.048023 0.00458167 -0.0335263 0.0375734 0.0314451 0.0326816 -0.056516
internal_weight=11964 5651.18 6312.82 3407.93 3075.86 2243.25 2774.22 3373.11 2939.7 561.923 1200.6 2087.73 851.971 469.296 2212.3 1712.36 1852.58 301.643 978.723 1042.66 1717.08 1572.24 180.484 235.006 221.874 412.845 382.675 1660.76 798.238 1265.9 326.422 1428.4 406.254 342.23 291.261 111.036 104.933 87.746 394.854 235.149 17.1867 326.59 311.478 15.1122 88.8838 36.3056 143.846 280.342 176.576 56.7108 128.185 28.6234 180.133 121.22 64.1016 127.067 16.2589 385.55 919.894 550.747 543.112 7.63491
internal_count=1414851 1225144 189707 987457 968872 237687 929659 30457 159250 139624 166670 61989 97261 69529 790035 7582 59795 39213 160244 71017 642097 54930 13655 27770 6426 117930 27732 22875 146589 18550 5637 53783 23253 25389 6070 2833 2469 2057 4325 2194 412 25177 24855 322 2689 994 1147 4865 3945 1847 10089 1264 23508 20276 12705 44140 1715 107929 5582 4022 3916 106
is_linear=0
shrinkage=0.05


Tree=6
num_leaves=63
num_cat=0
split_feature=23 2 18 14 2 23 18 5 2 0 23 0 10 14 6 18 2 5 5 17 0 17 18 10 6 17 5 18 0 2 6 18 5 18 17 2 18 18 5 0 18 19 5 17 18 19 6 18 5 17 0 19 2 18 23 10 12 19 2 18 19 2
split_gain=3099.46 520.423 362.979 190.072 152.246 143.788 74.4312 73.5492 66.571 49.0769 45.9532 41.7834 40.01 39.7483 36.7723 36.5143 33.212 33.6309 32.7738 30.2887 29.6629 28.9989 27.8991 27.5523 41.8809 26.6009 26.5615 26.188 26.1704 26.1371 25.8143 25.359 44.9498 25.1501 23.7883 23.4656 26.6145 23.3417 23.2413 22.8982 22.4049 21.1884 28.0665 26.7417 21.1061 25.4508 29.3988 23.8474 21.7546 21.0392 20.0165 24.7589 19.2982 21.9213 31.9428 25.0816 28.204 27.1542 20.6342 19.2801 18.7011 19.5387
threshold=2.5000000000000004 15.500000000000002 62.500000000000007 11.500000000000002 66.500000000000014 4.5000000000000009 51.500000000000007 0.015504807699471714 2.5000000000000004 15.500000000000002 1.5000000000000002 16.500000000000004 3.5000000000000004 1.0000000180025095e-35 5.5000000000000009 45.500000000000007 32.500000000000007 0.011696306522935631 0.011428944766521456 0.015268065501004459 44.500000000000007 0.016261236742138866 82.500000000000014 6.5000000000000009 25.500000000000004 0.013606071937829258 0.016001024283468727 51.500000000000007 16.500000000000004 39.500000000000007 22.500000000000004 66.500000000000014 0.0082988981157541292 75.500000000000014 0.012579114176332952 14.500000000000002 36.500000000000007 71.500000000000014 0.016261236742138866 65.500000000000014 84.500000000000014 2.5000000000000004 0.016001024283468727 0.014815627597272398 75.500000000000014 4.5000000000000009 12.500000000000002 81.500000000000014 0.013793759513646366 0.015268065501004459 73.500000000000014 1.5000000000000002 92.500000000000014 40.500000000000007 7.5000000000000009 3.5000000000000004 3.5000000000000004 4.5000000000000009 82.500000000000014 53.500000000000007 3.5000000000000004 34.500000000000007
decision_type=2 2 2 2 2 2 2 2 2 2 2 2 2 2 2 2 2 2 2 2 2 2 2 2 2 2 2 2 2 2 2 2 2 2 2 2 2 2 2 2 2 2 2 2 2 2 2 2 2 2 2 2 2 2 2 2 2 2 2 2 2 2
left_child=2 3 4 8 19 6 7 12 26 31 15 27 -3 37 -9 39 22 28 21 20 -1 -12 -4 -13 -25 -17 -2 -10 -18 -14 38 32 -5 49 40 -34 -37 -7 -16 -6 -11 59 -43 -44 -8 46 -46 -47 -48 50 52 -52 58 -54 55 -55 -57 -58 -15 -29 61 -51
right_child=1 5 16 9 10 13 44 14 11 34 18 23 29 33 30 25 17 -19 -20 -21 -22 -23 -24 24 -26 -27 -28 41 -30 -31 -32 -33 35 -35 -36 36 -38 -39 -40 -41 -42 42 43 -45 45 47 48 -49 -50 60 51 -53 53 54 -56 56 57 -59 -60 -61 -62 -63
leaf_value=0.011542468797843142 0.040554515382093342 0.019892279851358698 0.003420551594620735 -0.054278164939836886 -0.042311151840264988 0.041439807765016851 0.0028390641421291983 0.040855492118533121 0.040486462841140491 0.0049211460622532732 -0.044024999158918207 0.0244367397707736 -0.0098740669382177283 0.0092141389491423777 -0.10543362222285502 -0.045677520303894811 0.026209043921412961 0.027024080338497503 -0.0045310643447571712 0.061217235105201079 -0.028462613380692656 0.046137998491056043 0.055764761337285723 -0.06689243658964919 0.014655978942569059 0.00059564724424040051 0.056453844004595424 -0.10481424956550739 -0.017397790042432467 -0.027024303097185193 0.014042923014558352 0.044804186192512384 0.025070154278462643 0.038052984728195682 0.030019263311803893 0.016590996863750641 -0.10427995902930971 -0.10476907142026509 0.0087491356461652185 -0.061361720650952904 0.069423135917963702 0.016255539563921489 -0.11206325654632054 0.022375322870054611 -0.10389109519861058 0.011094474934619831 0.044645287463397638 -0.077585560174257329 -0.10348230387574293 0.018102729020569679 -0.0740599109625069 -0.0017951475390423921 0.043730961501508035 -0.10884287672636844 0.067092578115553914 0.050507708277437217 0.0048688288438967229 -0.10446217833011016 -0.052662615751350596 0.047753980662231681 0.032070827856823345 -0.069018652368782893
leaf_weight=49.629418964264914 477.42184536450077 65.643026967765763 125.00736557040364 18.576740502379835 183.71447452460416 155.92561576305889 599.72209938336164 86.926958205644041 777.11099712504074 684.0297558424063 451.72786241606809 145.66500778496265 359.19568289839663 836.47267805761658 11.10881067812443 432.86494551971555 36.598290994763374 52.204457531450316 65.835079370182939 10.133779764175413 698.37920607207343 9.0975424246862513 31.965517815668136 24.218605170026422 44.995785193517804 33.459065713919699 584.02308097039349 2.1426752228289834 574.53404123382643 582.29138730675913 33.123172122985125 148.74595440621488 1118.0208013651427 90.713443687651306 123.23715600837022 11.611999057698997 7.4929478489793828 2.7784011489711693 7.4421580256894222 1115.3817113165278 13.733128700405357 102.88479559333064 8.9388133473694307 6.3102145260199896 3.6133491182699791 33.964868342969567 104.21891127177514 9.7593846390955132 2.5390654555521897 18.909314620308582 12.728715419420039 172.22655944502912 87.93898141477257 6.2582477373071006 15.524622332304714 15.935348446480921 15.602973139612013 8.9294143426232022 13.693828532472251 61.662269721273333 172.14079899596982 9.7558211418800038
leaf_count=5625 2480 3404 8802 1049 62974 1645 48344 1170 4798 23408 138613 1430 30823 21347 884 165135 2256 3285 13908 104 148376 170 625 706 837 5233 1247 48 110828 104304 1419 1329 13977 1330 2027 306 341 142 211 456751 70 1044 158 34 217 2182 2131 781 148 314 996 6968 1814 327 108 206 726 715 842 335 2543 501
internal_value=0.000525126 0.0184921 -0.0361276 0.0300496 -0.0440681 0.00423499 -0.00512199 -0.0131501 0.0402283 0.0193444 -0.0504926 0.0320236 -0.0178497 0.0151024 0.0209988 -0.0543594 -0.00660177 -0.0114959 -0.0375306 -0.0246451 -0.0258083 -0.042245 0.0140798 0.0120951 -0.0138784 -0.0423574 0.0493026 0.0364887 -0.0147863 -0.0204812 -0.0124043 0.0253719 0.0228709 0.0125472 0.00976747 0.0241312 -0.0308145 0.0388802 -0.0596265 -0.0586676 0.00619065 0.0194129 0.00687295 -0.0564311 0.00707999 0.0235852 0.0363748 -0.00869918 0.0411223 0.010878 0.00834252 -0.00676845 0.0111364 0.0276592 0.00495515 -0.0156899 -0.00128398 -0.034926 0.00821748 0.0426305 0.0258442 -0.0115479
internal_weight=11766.4 7895.91 3870.53 4360.82 3050.22 3535.08 1899.55 1145.73 2235.37 2125.45 2292.08 1173.93 1007.13 1635.53 138.601 1765.42 820.31 663.337 526.66 758.142 748.009 460.825 156.973 214.879 69.2144 466.324 1061.44 959.05 611.132 941.487 51.6741 1304.45 1155.7 1476.83 821 1137.13 19.1049 158.704 18.551 1299.1 697.763 181.939 118.134 15.249 753.818 154.096 110.371 43.7243 106.758 1386.12 1185.31 184.955 1000.36 150.19 62.2506 46.726 40.4677 24.5324 850.167 63.8049 200.806 28.6651
internal_count=1414851 292166 1122685 55624 996889 236542 196018 142215 13117 42507 842784 9390 138531 40524 3684 690093 125796 116369 152691 154105 154001 138783 9427 2973 1543 170368 3727 6417 113084 135127 2514 17002 15673 38737 25505 14624 647 1787 1095 519725 23478 1619 1236 192 53803 5459 2496 2963 2279 37407 34049 7964 26085 3896 2082 1974 1647 1441 22189 383 3358 815
is_linear=0
shrinkage=0.05


Tree=7
num_leaves=63
num_cat=0
split_feature=4 21 2 14 12 18 4 2 18 6 0 18 0 2 0 10 0 14 4 6 6 19 2 21 21 21 17 6 18 10 21 2 4 21 18 4 10 19 10 18 2 4 4 0 9 10 9 9 10 9 9 6 1 2 10 1 18 18 9 18 6 6
split_gain=2443.8 519.51 459.428 366.659 193.281 135.806 119.557 106.9 55.2323 78.6601 53.1954 51.8069 52.2381 46.7547 46.4394 44.5589 34.083 33.0644 32.7782 28.9794 27.768 27.1936 27.0478 26.7364 25.0992 25.0141 26.0247 24.0933 23.8141 23.4241 23.3892 22.9065 25.1305 22.8635 23.3621 26.7983 27.6948 22.7418 27.709 22.6144 22.4512 22.398 21.6487 30.0448 21.4747 21.1564 20.9926 22.7206 20.5957 20.4362 28.0865 23.5872 21.6227 20.4257 20.3029 22.0497 19.4893 20.3317 19.2579 19.1463 18.7349 19.5099
threshold=36.500000000000007 1.0000000180025095e-35 56.500000000000007 18.500000000000004 8.5000000000000018 53.500000000000007 2.5000000000000004 26.500000000000004 62.500000000000007 53.500000000000007 58.500000000000007 70.500000000000014 69.500000000000014 2.5000000000000004 70.500000000000014 4.5000000000000009 29.500000000000004 3.5000000000000004 4.5000000000000009 82.500000000000014 14.500000000000002 2.5000000000000004 97.500000000000014 22.897786140441898 10.291841983795168 23.131584167480472 0.015749008394777778 25.500000000000004 55.500000000000007 3.5000000000000004 39.709615707397468 100.00000000000001 49.500000000000007 27.546543121337894 70.500000000000014 17.500000000000004 3.5000000000000004 1.5000000000000002 17.500000000000004 36.500000000000007 37.500000000000007 38.500000000000007 98.500000000000014 100.00000000000001 0.012739370577037336 9.5000000000000018 0.015504807699471714 0.015038444194942715 4.5000000000000009 0.015749008394777778 0.016261236742138866 13.500000000000002 0.0098524559289217013 3.5000000000000004 10.500000000000002 0.0077822189778089532 51.500000000000007 52.500000000000007 0.013423423748463394 88.500000000000014 14.500000000000002 100.00000000000001
decision_type=2 2 2 2 2 2 2 2 2 2 2 2 2 2 2 2 2 2 2 2 2 2 2 2 2 2 2 2 2 2 2 2 2 2 2 2 2 2 2 2 2 2 2 2 2 2 2 2 2 2 2 2 2 2 2 2 2 2 2 2 2 2
left_child=3 2 11 6 37 14 17 13 9 18 -7 12 -2 -5 -6 28 29 23 21 -11 -16 27 -22 -1 -21 26 41 56 -14 44 -25 -12 -33 34 35 -15 -37 -4 58 -38 -23 59 43 -40 -8 -24 47 -43 -48 51 -51 52 -19 -36 55 -28 -9 -58 -39 -3 -56 -62
right_child=1 25 4 7 5 10 16 8 -10 19 31 -13 15 33 20 -17 -18 49 -20 24 22 40 45 30 -26 -27 54 -29 -30 -31 -32 32 -34 -35 53 36 39 38 42 -41 -42 46 -44 -45 -46 -47 48 -49 -50 50 -52 -53 -54 -55 60 -57 57 -59 -60 -61 61 -63
leaf_value=0.052591714999138006 -0.00086204298274273933 -0.10218411761361668 -0.046377764708001201 0.028548142626342733 -0.038187698292817374 -0.0035599248409953969 0.057997698141423464 -0.10858845312309161 0.015883892057749906 -0.069115876606123866 -0.01854917973531443 0.016205263678198922 0.036807950409101196 0.012931761016961522 -0.0096707139044623688 -0.023239796017511017 0.010676469049132204 -0.11381792199737456 -0.0076357797485010377 -0.029814195193598944 -0.045601485971750511 -0.031649817715603754 -0.025145536956045791 -0.10738987176247464 0.049101932304361467 0.042101758719538585 0.03142538363030993 0.039054283382785202 -0.11117441382100557 0.023993376472941613 0.040210025810979252 0.007836279691083468 -0.044439553720096329 0.05178590110447976 -0.11112187807720819 0.065892403964292412 -0.025522697675263419 0.051702600378097346 -0.097639731701539889 0.0024151854253720417 0.037275290147852726 0.015524071207956845 -0.044886141429389854 0.069240960516679759 0.03229952195229914 -0.061680117463249855 0.05875085394773092 -0.10609930464562678 -0.10336383120582611 -0.10906749937877476 0.048830130133435283 0.0034543836575279888 0.041083082881019715 0.036654316503215427 0.036268464959315704 -0.10967201442061358 0.087995085773238432 -0.10785114861656829 0.0089332690205037382 0.093123955054125601 -0.10599036969539839 -0.027447541145130556
leaf_weight=792.40183237066958 629.46143185906112 6.6982645103707892 21.516015796922147 542.52871194900945 514.14984602830373 190.63068657321855 95.857625388540328 9.7564242212101835 260.56580589676742 47.349703247891739 161.82239067670889 190.63077178527601 43.127079149708152 825.16697082889732 32.452236888697371 731.59188117529266 315.15155229705852 2.2642960250377646 362.83189970999956 189.3200423149392 424.02465554117225 13.242173326201735 41.093508632155135 4.8963345345109683 10.641915131825952 79.730864999815822 27.808461838867519 8.4602632436435652 2.901560354512184 1040.5141799908597 5.9402447110041976 24.591990386135876 352.92116172856186 33.619385926518589 2.3953839475288978 13.759435078129171 106.33718931628391 33.249520838260651 3.5965891084633741 227.18075663573109 109.60349564254284 502.12544477707706 36.643501679413021 10.784257835941389 535.11358829168603 1109.2038368554786 40.925811186432838 3.869545890018343 2.0576703213155261 5.7219215389341098 5.5462156757712364 48.071696825325489 447.35605966392905 98.202131097204983 7.8582776538096359 3.0750733013264826 3.2877891957759848 2.2200261643156409 126.28677645418793 1.5440969467163084 10.71355482470244 30.175618603359908
leaf_count=2322 44484 418 4096 5793 156577 30297 427 743 12319 9609 35134 9620 510 20084 11577 134825 7328 90 35885 53128 124927 575 9765 83 200 973 548 315 133 13448 24 5590 121735 243 92 87 6528 1129 457 8969 2828 28005 10402 478 3797 481130 544 363 179 112 22 621 2183 1722 128 171 9 121 7184 1 787 2977
internal_value=0.000621418 -0.0239464 -0.030016 0.0221287 -0.0412928 -0.0448648 0.0334949 0.00904798 -0.00397036 -0.0108069 -0.0262632 -0.00825593 -0.0115699 0.0162097 -0.051267 -0.0202376 0.0257589 0.0452071 0.000425473 -0.033943 -0.0554522 0.020381 -0.0563959 0.0515249 -0.0256143 0.0156998 0.0123944 -0.0286265 0.0274794 0.0286026 -0.0264806 -0.0342878 -0.0410342 0.0110867 0.0100119 0.00802782 -0.00362444 0.00258592 0.00758925 -0.00649239 0.0298455 0.0162154 -0.0244833 0.0275048 0.0362036 -0.0603749 0.0174437 0.014594 0.0509902 0.0352363 -0.0313497 0.0367438 0.040303 0.0331355 -0.0143428 0.0173763 -0.0661388 0.00905566 0.017847 -0.0655957 -0.0344382 -0.0480269
internal_weight=11562.6 5397.26 4680.68 6165.31 3082.97 2850.89 3298.84 2866.47 1017.28 756.714 729.966 1597.71 1407.08 1849.19 2120.92 777.621 1986.64 1312.2 509.402 247.312 1606.77 146.57 1574.32 803.238 199.962 716.583 636.852 23.7245 46.0286 1671.49 10.8366 539.336 377.513 1306.66 1273.04 1172.44 347.277 232.077 210.561 333.518 122.846 557.221 51.0243 14.3808 630.971 1150.3 548.978 505.995 42.9835 508.96 11.2681 497.692 449.62 100.598 79.631 30.8835 15.2642 5.50782 159.536 8.24236 48.7475 40.8892
internal_count=1414851 1225144 1190050 189707 1000478 976732 30457 159250 115732 103413 192756 189572 179952 43518 783976 135468 25000 5457 40476 62937 627399 4591 615822 2429 53328 35094 34121 1188 643 17672 107 162459 127325 37725 37482 35668 15584 23746 19650 15497 3403 29510 11337 935 4224 490895 29091 28368 723 3028 134 2894 2273 1814 4611 719 873 130 8313 419 3892 3764
is_linear=0
shrinkage=0.05


Tree=8
num_leaves=63
num_cat=0
split_feature=23 4 18 23 21 3 14 18 0 4 21 3 4 18 3 21 3 21 0 3 6 21 10 18 0 3 3 10 3 0 0 13 18 13 13 8 6 18 18 11 6 20 18 21 18 0 6 14 3 0 8 8 18 6 18 6 7 18 23 10 18 6
split_gain=2684.03 449.18 300.331 165.416 147.055 130.586 127.953 90.6074 55.593 51.1258 40.9034 40.5137 33.1313 33.0137 30.1222 28.2897 26.8584 40.9209 29.6821 26.7152 25.7098 24.8549 24.3303 23.9773 22.6722 28.823 22.5671 22.3525 31.7242 21.8484 18.0542 23.6887 18.054 17.7458 20.4435 20.0287 17.6689 20.4594 17.9003 17.4681 18.0348 17.2054 47.3159 30.0352 26.8726 21.1969 20.4145 20.7294 20.0002 19.8686 18.019 17.864 16.6366 16.5962 16.347 27.4672 26.6905 17.2293 17.131 17.0912 19.6298 16.2565
threshold=2.5000000000000004 7.5000000000000009 61.500000000000007 4.5000000000000009 8.6437592506408709 0.0082305916585028189 3.5000000000000004 52.500000000000007 1.0000000180025095e-35 20.500000000000004 4.4047374725341806 0.014185110572725536 19.500000000000004 80.500000000000014 0.0093898782506585139 13.562873363494875 0.0062696540262550124 5.9743168354034433 7.5000000000000009 0.016261236742138866 7.5000000000000009 16.062327384948734 1.0000000180025095e-35 80.500000000000014 66.500000000000014 0.0062696540262550124 0.014815627597272398 3.5000000000000004 0.010471491608768703 70.500000000000014 19.500000000000004 0.013072453904896976 57.500000000000007 0.013245614245533945 0.013423423748463394 13.500000000000002 9.5000000000000018 47.500000000000007 45.500000000000007 0.014599318150430919 100.00000000000001 2.5000000000000004 63.500000000000007 11.485530853271486 54.500000000000007 42.500000000000007 13.500000000000002 8.5000000000000018 0.011173533275723459 10.500000000000002 1.5000000000000002 17.500000000000004 49.500000000000007 6.5000000000000009 29.500000000000004 58.500000000000007 1.0000000180025095e-35 45.500000000000007 8.5000000000000018 3.5000000000000004 32.500000000000007 15.500000000000002
decision_type=2 2 2 2 2 2 2 2 2 2 2 2 2 2 2 2 2 2 2 2 2 2 2 2 2 2 2 2 2 2 2 2 2 2 2 2 2 2 2 2 2 2 2 2 2 2 2 2 2 2 2 2 2 2 2 2 2 2 2 2 2 2
left_child=2 6 4 7 5 12 20 9 36 30 19 15 -1 16 -5 -10 17 18 -4 23 -2 22 -16 29 -14 53 -7 -11 -29 -9 -3 61 -28 -24 35 -35 37 -8 39 40 -38 44 43 -43 48 -46 47 -44 49 -36 -50 -52 -39 -26 58 59 57 -57 -13 60 -56 -32
right_child=1 3 13 14 -6 26 8 10 11 27 -12 54 24 -15 21 -17 -18 -19 -20 -21 -22 -23 33 -25 25 -27 32 28 -30 -31 31 -33 -34 34 41 -37 38 52 -40 -41 -42 42 46 -45 45 -47 -48 -49 50 -51 51 -53 -54 -55 55 56 -58 -59 -60 -61 -62 -63
leaf_value=-0.015943869029408125 0.048694221208021575 0.013266536596513986 0.031290090878721748 0.0059049389337694049 0.023795048121915831 -0.027589441635807749 0.050233784220625743 0.0038528564806471518 0.0061004859048049663 0.011308853697775147 0.028364376163205425 0.035889960403099212 -0.040049866998481842 0.013238089515973581 0.037838200912187994 0.04281208629859256 -0.0011972980500115967 0.0085822811996261981 -0.034035187676730527 0.045153318002590641 0.02951251018623597 0.03361843124614329 0.0085493899675743168 0.030487857078018078 0.0019517373759229909 -0.041653692926771485 0.0069789512730491351 -0.026918477263174367 -0.0082736320177998045 -0.019018529935972181 -0.049496588722222526 0.063876453330027491 -0.10611255360134129 -0.043687657250280509 0.02539326728531981 0.057995995156702812 -0.11652729725395312 -0.1147083192407254 0.039621485711274197 0.039218670268608535 0.04229769829166144 0.016801222727843134 -0.11249286889170727 -0.10840970994479729 0.052818631716157055 -0.027623247736115727 -0.10903165241649598 0.033213340175141555 0.050853700245051515 -0.078260242621750367 -0.0014356854574433591 0.033850182327024241 0.022586246663990655 -0.057692897584950623 -0.10603123949224152 -0.11452295925631464 -0.11242637941769261 0.025355030384718875 -0.10991902966248322 0.020293942206036052 0.047013218286064751 -0.005846299091037838
leaf_weight=69.113586761523038 946.82304265978746 249.00904518202879 18.525094646494836 476.17938203003723 82.056908103171736 551.77793082059361 288.16275677666999 441.87289589911234 528.88863682874944 68.798663909547031 232.35711819329299 345.2859888439998 377.36337560717948 149.69655084726401 133.52940757526085 58.256272313185036 291.22289964230731 88.796608614036813 283.51550128462259 37.395325995516032 214.2104346640408 284.22628292138688 549.87040764815174 64.94820173503831 11.768800055375321 389.08059439749923 72.348124356009066 490.19792885216884 426.77266272308771 136.72733751614578 25.716167147736996 10.647469507995991 3.7099852785468093 5.3294141511432818 8.1910995654761809 53.030127294827253 6.9498757058754546 2.3044646400958291 18.008797504007816 5.1170525364577761 2.4061888912692666 395.60630400595255 3.5701903318986297 4.8481554517056784 103.30463858833537 8.8944178111851198 10.799413312692193 7.717986582778396 39.781019031535834 10.613662189804016 87.904354018857703 60.593814697582275 51.890659826342016 1295.5033556034323 2.1447506668046108 2.610588295850909 7.0852256254293016 14.046888058539478 2.0262608891353002 555.15814759756904 90.652689202921465 125.0625292599434
leaf_count=20950 3172 9177 813 18392 4985 125955 1142 25745 16961 3535 6375 2651 130859 12320 1017 604 34552 7292 79807 371 1500 2885 13554 1498 4264 121311 7343 98591 31092 20403 2954 196 417 175 107 565 243 44 175 26 32 6545 113 172 759 274 564 85 229 667 1545 826 416 571817 40 123 300 199 41 5508 414 10164
internal_value=0.000631234 0.0174332 -0.034462 0.0073988 -0.0421702 -0.0441238 0.0319754 -0.00199492 0.0242509 -0.0100048 0.0102501 0.0202045 -0.0499995 -0.00802489 0.0170668 0.009743 -0.0126916 -0.0212564 -0.0300286 0.00406902 0.0451552 0.0200733 0.0174783 0.00168169 -0.0511345 -0.0536003 -0.02407 -0.0161785 -0.0182409 -0.00155181 0.00482316 -0.00820123 0.00146254 0.0154646 0.0202166 0.0487102 0.0415893 0.044933 0.00634646 -0.0350574 -0.0756807 0.017975 0.0113558 0.0152853 0.0267349 0.0464417 -0.059887 -0.0128702 0.0160577 -0.0331102 0.0209684 0.0129625 0.0167483 -0.0571559 0.0262323 0.0216785 -0.0311413 0.00343311 0.0350393 0.023614 0.043476 -0.0132911
internal_weight=11380 7695.52 3684.48 4553.5 2852.72 2770.67 3142.03 2309.51 1981 1396.2 913.301 1606.16 2142.83 831.757 2243.99 587.145 682.06 390.837 302.041 680.944 1161.03 1767.81 1483.58 643.548 2073.72 1696.35 627.836 985.769 916.971 578.6 410.435 161.426 76.0581 1350.06 800.185 58.3595 374.84 342.358 32.4819 14.4731 9.35606 741.825 422.542 400.454 319.283 112.199 22.0876 11.2882 207.084 18.8048 188.279 148.498 54.1951 1307.27 1019.01 671.698 23.7427 16.6575 347.312 647.956 92.7974 150.779
internal_count=1414851 292166 1122685 258575 987901 982916 33591 210101 28919 155709 54392 26841 849201 134784 48474 17565 122464 87912 80620 48017 4672 30082 27197 47646 828251 697392 133715 133218 129683 46148 22491 13314 7760 26180 12626 740 2078 1602 476 301 275 11886 7479 6717 4407 1033 762 198 3374 774 2600 2371 460 576081 9276 6584 622 322 2692 5962 454 13118
is_linear=0
shrinkage=0.05


Tree=9
num_leaves=63
num_cat=0
split_feature=2 14 21 4 10 18 0 4 2 21 4 18 2 0 4 18 14 21 13 2 18 2 19 18 0 18 2 0 0 13 0 0 2 2 18 18 21 21 3 6 2 6 2 21 0 14 13 10 21 6 18 18 13 5 2 2 18 13 14 4 18 18
split_gain=2153.31 414.073 294.699 311.083 162.9 122.422 121.456 100.372 63.0365 62.1331 55.9999 58.2217 48.9622 46.4808 45.9921 53.3031 39.1186 39.0196 35.3793 38.4652 35.8436 32.7384 31.2391 29.8778 28.307 28.0425 27.5819 27.2561 26.5784 24.9993 24.569 23.2746 22.9641 21.9771 21.723 21.5557 20.8279 20.4145 20.0981 20.0636 19.9824 19.7578 19.3794 17.7988 29.3574 25.8229 20.3593 17.5359 17.3777 31.7842 24.6196 17.0532 17.0448 27.4815 20.7771 23.5726 19.2602 16.9586 16.8723 16.5689 16.5618 16.5191
threshold=45.500000000000007 15.500000000000002 6.9773094654083261 38.500000000000007 13.500000000000002 49.500000000000007 29.500000000000004 2.5000000000000004 100.00000000000001 4.9026587009429941 4.5000000000000009 75.500000000000014 52.500000000000007 58.500000000000007 3.5000000000000004 65.500000000000014 5.5000000000000009 13.211727142333986 1.0000000180025095e-35 13.500000000000002 49.500000000000007 49.500000000000007 2.5000000000000004 26.500000000000004 64.500000000000014 71.500000000000014 3.5000000000000004 70.500000000000014 95.500000000000014 0.015038444194942715 17.500000000000004 37.500000000000007 5.5000000000000009 18.500000000000004 8.5000000000000018 86.500000000000014 10.499359607696535 6.4822971820831308 0.0088890646584332007 34.500000000000007 97.500000000000014 14.500000000000002 40.500000000000007 9.2478289604187029 18.500000000000004 5.5000000000000009 0.014815627597272398 1.0000000180025095e-35 8.6952891349792498 45.500000000000007 79.500000000000014 36.500000000000007 1.0000000180025095e-35 0.010050504934042694 24.500000000000004 40.500000000000007 54.500000000000007 0.013793759513646366 16.500000000000004 2.5000000000000004 78.500000000000014 28.500000000000004
decision_type=2 2 2 2 2 2 2 2 2 2 2 2 2 2 2 2 2 2 2 2 2 2 2 2 2 2 2 2 2 2 2 2 2 2 2 2 2 2 2 2 2 2 2 2 2 2 2 2 2 2 2 2 2 2 2 2 2 2 2 2 2 2
left_child=1 7 3 10 22 12 14 26 57 18 21 16 24 -10 60 17 -12 33 19 -8 31 -2 -5 34 38 61 -1 -14 39 40 -18 -21 -9 58 -24 -17 43 -11 -6 -25 -29 -13 -28 -4 -45 46 -46 -38 49 -39 -51 -32 54 -54 -35 -56 -55 -7 -16 -49 -3 -23
right_child=2 6 36 4 5 8 9 32 13 37 11 41 27 -15 15 35 30 -19 -20 20 -22 25 23 28 -26 -27 42 29 -30 -31 51 -33 -34 52 -36 -37 47 48 -40 -41 -42 -43 -44 44 45 -47 -48 59 -50 50 -52 -53 53 56 55 -57 -58 -59 -60 -61 -62 -63
leaf_value=0.049185795731075704 -0.11004901986157074 0.028489672934208118 0.0074313390016853362 -0.036044451306139341 0.067623430660029779 -0.01167528959008265 0.0014101749629261294 0.032181799473354665 -0.013009216146700539 0.053881799037923152 0.017660927064180675 -0.10624177732553493 -0.039213278298420251 -0.044610905508358292 -0.058770543756749352 0.033772292902228516 -0.0033933668439965099 0.035615688237518039 0.018793495124601066 0.0064308485876747121 -0.0038673790333451281 0.039763052183327902 -0.0019344952086774309 -0.053757551990883182 -0.034634516863155079 -0.11252784365772839 0.033996376507874342 -0.044795237297415844 -0.017683122403121251 0.0017525509547500603 -0.041053620688853758 -0.030305570764383494 0.020751384740827748 -0.039770617442901904 0.055378758317998433 -0.10805922517539537 -0.10517894697793065 0.025940962343509816 -0.0073180061884004916 0.03663940367168611 -0.058003206396229946 0.035300541196401046 -0.11186484857359605 0.031861381038331603 0.067653119415659865 -0.064003774729451221 -0.11667145728557532 -0.10885801015349238 0.021318215871550743 -0.10122519696277082 0.021421366711120084 -0.019130533830275572 -0.10180757786072861 0.032824107989252449 0.0011481080648314747 -0.061854101112954765 -0.10292396638025965 0.049419136567727347 0.0087307314177173904 0.022304452806724509 -0.11050359434936451 0.011420420830974254
leaf_weight=798.73596745170653 4.8481991617009035 551.89469867642038 186.84651839639992 57.139261959353462 13.549145894590763 351.89817830279935 478.04415631643496 722.85870339069515 158.94972545758355 38.230994904879481 74.849331331206486 2.5516946744173756 455.80624638870358 434.22771215368994 9.3694586846977455 241.39196084043942 142.60938754491508 104.78631700295955 120.12166126468219 48.618925713468343 311.43778884061612 91.358250693418086 27.23249953368213 7.0982733475975683 70.007231294293888 3.8407004782930008 403.0864222610835 406.20075769675896 131.31387624004856 20.325641678413376 146.87408301769756 380.85741714481264 1120.5661601953907 60.330998027930036 42.079736133804545 2.7089646477252236 2.7778057968243948 21.879383635241538 26.335918604629114 45.383489219937474 970.63660192606039 72.993328895652667 2.2901291465386739 17.320428099948913 7.3189118928275985 35.719826519722119 1.8836449296213684 2.4300103215500704 165.18637312646024 12.96692030830309 5.9781938758678725 223.96751993428916 4.5806887485086909 50.582410757080652 143.91020390612539 16.554838293232024 2.755294239614158 11.737549538724123 774.33985456975643 263.02804667828605 2.1515422794036558 117.56907419161871
leaf_count=2119 332 5795 12576 11694 564 63742 33259 4986 33332 663 1557 191 145134 165208 328 3856 10582 1207 4010 4380 32841 2557 2883 563 16752 358 2401 125468 21958 4170 41040 77991 16799 5005 1546 92 190 675 3376 1647 448162 1737 55 297 88 3824 133 86 3404 1295 148 43697 348 1118 10057 2319 149 522 20221 7933 97 5334
internal_value=0.000704204 0.019049 -0.0254384 -0.0299136 -0.0370985 -0.0407589 0.00743983 0.0325673 -0.0260945 -0.00286598 -0.0035862 -0.0108018 -0.0479071 -0.0361428 0.0157424 0.01095 -0.016108 0.00650626 -0.00709611 -0.00964739 -0.0167818 0.0184253 -0.0026518 0.00488662 -0.0154802 0.0213528 0.0437947 -0.0498303 -0.00566282 -0.0532939 -0.0210307 -0.0261468 0.0252336 0.00363521 0.0328606 0.0321983 0.0101282 0.0203261 0.01814 0.024413 -0.0541065 0.0305196 0.0331723 -0.000282836 -0.02344 -0.0447622 0.0299243 0.019796 0.0140989 -0.0151121 -0.0625237 -0.0278133 -0.00842358 0.0157185 -0.0147564 -0.0053517 0.0258117 -0.00970326 0.00792374 0.0211038 0.0279499 0.0238139
internal_weight=11224.9 6596.22 4628.71 4111.38 3229.92 2919.67 3548.68 3047.54 956.813 1583.32 881.462 663.845 1962.86 593.177 1965.36 1411.31 588.3 1167.21 1339.08 1218.96 740.914 217.616 310.247 253.108 109.892 212.768 1204.11 1852.97 183.796 1397.16 513.451 429.476 1843.42 1062.42 69.3122 244.101 517.325 244.242 39.8851 52.4818 1376.84 75.545 405.377 249.089 62.2428 44.9224 9.20256 268.236 206.011 40.8245 18.9451 370.842 278.714 57.9184 220.796 160.465 53.3377 363.636 783.709 265.458 554.046 208.927
internal_count=1414851 235618 1179233 1154106 1046721 1006430 209258 26360 262804 158666 107385 98804 743626 198540 50592 44700 96876 40752 152481 148471 115212 8581 40291 28597 20692 8249 4575 722934 24168 577800 95319 82371 21785 39545 4429 3948 25127 6185 3940 2210 573630 1928 2456 16918 4342 4045 221 8209 5522 2118 1443 84737 18996 1615 17381 12376 1267 64264 20549 8019 5892 7891
is_linear=0
shrinkage=0.05


Tree=10
num_leaves=63
num_cat=0
split_feature=23 23 2 18 15 18 10 2 2 21 4 21 2 21 4 21 21 2 4 18 18 4 7 10 21 21 18 7 12 7 9 7 15 21 9 11 19 18 15 12 4 21 4 2 19 7 16 7 18 7 4 18 2 2 7 10 19 9 18 12 2 2
split_gain=2270.69 345.325 309.549 134.446 96.7808 89.2989 75.9136 66.7105 61.1377 45.602 43.8736 40.6454 38.5819 49.6193 37.3855 36.4624 33.2287 31.2264 28.7941 28.519 28.1523 24.583 24.1749 23.7651 23.6318 22.6601 22.0641 22.5626 22.2311 21.61 21.0463 28.8559 28.0214 25.5607 22.6369 23.1042 20.8477 20.5091 20.4715 20.0447 21.5357 23.9805 19.8548 25.6276 18.9956 18.4414 18.4147 18.1254 17.49 17.7656 20.9579 19.0944 17.4865 20.0477 17.3407 17.2181 17.0462 16.8576 18.0061 20.0883 16.624 18.4574
threshold=3.5000000000000004 1.5000000000000002 9.5000000000000018 54.500000000000007 0.015749008394777778 70.500000000000014 14.500000000000002 47.500000000000007 22.500000000000004 9.0672383308410662 35.500000000000007 8.6437592506408709 59.500000000000007 7.0399386882781991 8.5000000000000018 3.6435018777847294 12.287635803222658 26.500000000000004 44.500000000000007 17.500000000000004 48.500000000000007 59.500000000000007 0.013606071937829258 10.500000000000002 4.4047374725341806 8.9144048690795916 74.500000000000014 0.016001024283468727 1.5000000000000002 0.015749008394777778 1.0000000180025095e-35 0.013986697886139156 0.016261236742138866 9.5697541236877459 0.016001024283468727 0.015268065501004459 7.5000000000000009 77.500000000000014 0.012903762981295587 60.000000000000007 6.5000000000000009 10.673779487609865 1.0000000180025095e-35 40.500000000000007 4.5000000000000009 0.016001024283468727 60.000000000000007 0.016261236742138866 58.500000000000007 0.0063092110212892303 69.500000000000014 14.500000000000002 2.5000000000000004 3.5000000000000004 0.015268065501004459 3.5000000000000004 6.5000000000000009 0.013423423748463394 51.500000000000007 12.500000000000002 2.5000000000000004 8.5000000000000018
decision_type=2 2 2 2 2 2 2 2 2 2 2 2 2 2 2 2 2 2 2 2 2 2 2 2 2 2 2 2 2 2 2 2 2 2 2 2 2 2 2 2 2 2 2 2 2 2 2 2 2 2 2 2 2 2 2 2 2 2 2 2 2 2
left_child=1 3 4 8 14 7 16 39 19 46 29 57 -5 37 23 17 30 26 47 -1 -11 -20 52 -2 -7 -13 27 28 -8 54 38 -32 33 34 -33 -36 -34 -14 -4 -3 -41 -42 43 -19 -28 -40 -10 -17 49 50 -44 -52 -6 -54 -9 -26 -39 58 59 -12 -25 -62
right_child=2 5 6 12 22 24 15 10 9 20 11 25 13 -15 -16 18 -18 42 21 -21 -22 -23 -24 60 55 -27 44 -29 -30 -31 31 32 36 -35 35 -37 -38 56 45 40 41 -43 48 -45 -46 -47 -48 -49 -50 -51 51 -53 53 -55 -56 -57 -58 -59 -60 -61 61 -63
leaf_value=-0.06191145082599897 0.037560006315592281 0.039393022952535779 0.01093804166941839 0.00037452107463319714 0.038418698753190372 0.0025485169629119934 -0.10848457708513351 -0.0099494957990735391 -0.069179251489052407 0.03573098726029271 0.010071470199885468 0.057558680748785798 -0.039026622678096215 0.0065383438005543392 0.016494534533391295 0.024511291677566875 0.032892769051576162 -0.11247709510537146 -0.050798993973145627 0.0033128329528465819 -0.10626888286278607 0.0070301379051586239 0.046660063358649313 0.030914397074005763 -0.10857817363121852 -0.0093373178518811311 0.052964800955725026 0.030780114425849128 0.0011009761780014879 0.026804514878705773 0.0026102993434575714 0.021137257172508125 0.049676670602634587 -0.068530957065411915 0.026900497876238119 -0.08181438724095165 -0.10982426639655336 -0.0015945353527640344 0.040735498417832049 0.025066931483003298 -0.010285672849997539 0.040781350589209758 0.035222356724187796 0.042921166662099795 -0.1113135007521299 -0.11136023749304469 -0.048487283391843994 -0.11146166322202194 0.0036401126136930183 -0.018447286866985262 0.035369399957077212 -0.070708602223870487 -0.1198938616383801 0.0081873864865963548 -0.083752885051977824 0.033381527391051782 -0.087195909312653128 -0.064218721945248997 -0.018488909364326053 -0.038400952216063232 0.013044947092545143 0.043443415339499164
leaf_weight=20.903843536740169 568.91804601775948 26.621730051701888 127.36569990764838 166.62208783844835 71.481932838913053 219.71680287609342 4.6647079102694979 237.62542999675497 115.58280700654723 23.616175131406639 22.38086085440591 17.120428375899792 363.75612210459076 89.983149242820218 872.53305745916441 279.14144751452841 267.12040488235652 2.9164893981069318 25.354526024777442 84.528926230035722 4.0957768508233121 66.780719391535968 828.88200090522878 472.56989063951187 2.1778038269840172 48.578734117560089 32.955900391796604 67.339236345607787 588.42072842433117 40.960954822134227 551.11180558602791 191.15111190499738 84.611595997121185 9.3730207779444736 8.6008164295926708 11.318410822190343 2.0995038393884888 63.429529666784219 139.59946472628508 54.232629460282624 512.48694540036377 24.068470252212137 34.240260349120945 29.379515844862908 1.8589350385591377 2.0218268013559273 1541.9293514155434 2.4725944888778022 154.00377593864687 486.33868772501592 6.7568371477536884 11.399046040605752 3.2751052649691692 45.490876655094326 8.2347364823799563 111.20278001553379 6.4028243708889923 40.711157647543587 200.9801339864498 475.28874897269998 361.7735372283496 57.931456280872226
leaf_count=6244 3076 978 4718 20014 331 16226 199 42153 57172 1540 3783 284 129769 6942 16023 6221 2984 178 1223 13847 529 2607 2496 3159 138 2606 330 966 24802 1270 26532 2688 390 246 87 267 52 10220 2061 1934 63231 346 1420 392 152 69 642817 109 8525 52062 652 3542 101 505 862 2893 2371 16532 44401 152227 4473 556
internal_value=0.00038458 -0.0267943 0.0193819 -0.0393294 0.030159 -0.0115681 0.00828555 -0.0161834 -0.0465558 -0.0488667 -0.0236112 -0.0295936 -0.020581 -0.0272499 0.0246841 0.00148382 0.0170368 -0.00217282 0.0153793 -0.00961899 0.0147437 -0.00888375 0.0436207 0.0295744 0.0121154 0.00809499 0.00539825 0.00335314 0.000239069 -0.00681957 0.0132794 0.00945469 0.0217352 0.0122636 0.0158514 -0.034873 0.0458147 -0.034262 0.0254831 -0.00304753 -0.00495996 -0.00799494 -0.00943276 0.0288879 0.0441932 0.0385641 -0.0499302 0.0233174 -0.0112193 -0.015467 0.0121955 -0.0312309 0.0226701 -0.000414503 -0.0124214 0.0306548 -0.0094432 -0.0329426 -0.0311201 -0.0362211 0.0244827 0.0172408
internal_weight=10994.5 4523.24 6471.25 2480.85 3282.86 2042.39 3188.4 1709.29 1790.66 1685.22 1091.88 805.06 690.194 523.572 2333.73 1794.02 1394.37 1420.27 373.749 105.433 27.712 92.1352 949.13 1461.19 333.097 65.6992 695.24 660.425 593.085 286.821 1127.25 858.266 307.154 220.443 211.07 19.9192 86.7111 433.588 268.987 617.41 590.788 536.555 725.035 32.296 34.8148 141.621 1657.51 281.614 692.739 538.735 52.3961 18.1559 120.248 48.766 245.86 113.381 69.8324 739.361 698.65 497.67 892.275 419.705
internal_count=1415523 1241329 174194 891465 30720 349864 143474 330607 722149 702058 264118 219833 169316 149302 27287 103380 40094 93220 10160 20091 2069 3830 3433 11264 19257 2890 26449 25967 25001 44285 37110 30262 3730 3288 3042 354 442 142360 6848 66489 65511 63577 66771 570 482 2130 699989 6330 66201 57676 5614 4194 937 606 43015 3031 12591 216943 200411 156010 8188 5029
is_linear=0
shrinkage=0.05


Tree=11
num_leaves=63
num_cat=0
split_feature=23 23 21 2 2 0 2 23 4 21 2 21 4 11 4 21 2 4 11 15 19 7 0 8 4 7 0 15 8 0 2 19 2 7 5 16 0 7 3 7 0 2 2 7 12 0 15 9 7 8 12 0 3 7 2 7 21 15 16 21 0 21
split_gain=2111.97 398.811 177.32 157.802 154.041 112.325 58.7232 57.7156 53.1334 37.3115 36.8199 33.3588 32.356 29.0449 26.7448 25.7128 26.5797 25.1352 24.9671 24.5257 20.3171 20.151 19.1762 19.047 19.0012 19.887 28.6504 19.4903 28.5357 25.5513 22.9557 17.7375 22.4052 18.2845 17.3935 17.1229 16.8622 23.7144 20.176 16.2786 24.9119 17.0107 28.0476 22.2534 21.0736 16.0923 15.3899 23.3894 15.5972 15.1681 23.7847 24.1668 24.1044 20.7561 23.9054 19.7943 19.4686 15.4649 15.0779 15.0403 15.683 15.0351
threshold=2.5000000000000004 4.5000000000000009 5.0407307147979745 98.500000000000014 9.5000000000000018 4.5000000000000009 34.500000000000007 1.5000000000000002 1.5000000000000002 33.838602066040046 22.500000000000004 5.5188379287719735 29.500000000000004 0.015749008394777778 2.5000000000000004 4.9026587009429941 1.0000000180025095e-35 19.500000000000004 0.015268065501004459 0.015038444194942715 3.5000000000000004 0.010929288342595102 11.500000000000002 18.500000000000004 16.500000000000004 0.013793759513646366 21.500000000000004 0.014389234129339458 9.5000000000000018 61.500000000000007 92.500000000000014 4.5000000000000009 16.500000000000004 0.014185110572725536 0.0071175277698785075 60.000000000000007 62.500000000000007 0.0063898416701704272 0.015268065501004459 0.013423423748463394 2.5000000000000004 19.500000000000004 12.500000000000002 0.0096620614640414732 1.0000000180025095e-35 6.5000000000000009 0.014599318150430919 0.013793759513646366 0.0079052620567381399 60.000000000000007 16.500000000000004 28.500000000000004 0.0064725596457719812 0.0082305916585028189 42.500000000000007 0.0082988981157541292 29.203536033630375 0.015504807699471714 12.500000000000002 20.155447959899906 5.5000000000000009 23.847738265991214
decision_type=2 2 2 2 2 2 2 2 2 2 2 2 2 2 2 2 2 2 2 2 2 2 2 2 2 2 2 2 2 2 2 2 2 2 2 2 2 2 2 2 2 2 2 2 2 2 2 2 2 2 2 2 2 2 2 2 2 2 2 2 2 2
left_child=2 5 3 10 8 14 15 22 19 13 -1 24 -12 49 -2 16 -7 -9 21 -3 -13 36 -5 -19 25 -8 45 29 -29 30 -26 32 33 -16 -23 -24 -10 38 -38 40 -15 42 43 -42 -44 -27 47 48 -43 50 -6 52 -52 -53 55 -55 57 59 -58 -51 -61 -21
right_child=1 4 -4 7 9 6 11 17 18 -11 12 20 -14 39 31 -17 -18 23 -20 61 -22 34 35 -25 27 26 -28 28 -30 -31 -32 -33 -34 -35 -36 -37 37 -39 -40 -41 41 46 44 -45 -46 -47 -48 -49 -50 56 51 53 -54 54 -56 -57 58 -59 -60 60 -62 -63
leaf_value=-0.0065269846498444547 0.034008018666799048 0.029781193528838235 0.0082552751829894806 -0.0027752290605135622 0.0094945065765868353 0.024891486050392778 0.0094297269230115104 0.003454329536562618 0.011723062289304323 0.051247506083097576 0.015692025544301914 0.034093258503374954 -0.02816292930416224 -0.11302193535817373 0.027994122890633612 0.028147332866557875 -0.00066604737816333389 -0.071336320700885733 0.035263796696122618 0.048854555384517398 -0.0033572859281088699 -0.11946008607325448 -0.06726412487097054 -0.029383404210062081 -0.006313036908233198 -0.10918152115162194 -0.10037664163686276 -0.016716475681447112 0.040046690146338548 -0.034810482099283266 -0.03361360843341455 0.022678387766044306 -0.036833882856297268 -0.017323311641880331 0.025796473859741986 -0.047807945918242445 0.038801594347511265 -0.1109874645500486 -0.11291400381283395 0.035072606027378307 -0.11457402940770399 -0.1046065246297454 0.0086491702004933071 0.044493508939419994 -0.1092647820156481 0.0022873099360739605 0.028744816356993608 -0.10643500821390102 0.031167167157336619 0.011912728773285841 -0.109218689727683 -0.099714066712829272 0.0056859063424962858 0.079066156015711223 0.010896562376954494 -0.098108099057119244 -0.10592668747563364 0.049997057209328198 0.062157748248512557 -0.10288514592134482 0.04045357585373674 -0.035468041794124848
leaf_weight=313.20729691744782 247.11378258350305 252.31597822718322 256.97738689300604 22.334022365510464 645.5368604362011 112.10623007873073 126.52193403523415 55.313102233456448 106.09313127398491 67.055168852675706 44.02410928288009 52.822399458149448 942.16408684221096 3.6989668142050496 57.263551387470216 99.441567299421877 1099.2054811767302 29.317818744108081 653.89697750797495 641.65861708950251 115.18513963953592 2.066215251106768 123.57680823816918 350.46900816494599 262.8143720657099 3.5658068652264765 10.703085632296277 72.393745257286355 31.896005114074796 257.19805389479734 108.90684160380624 160.19828450400382 34.339952477021143 36.411311824806035 799.87666826625355 1331.848249804927 9.3888963782228547 7.193312185117974 2.8585491171106687 201.05378746427596 2.504664680920544 2.4475885843858185 6.2047798465937367 18.001574727706611 9.7331592943519336 35.200122367823496 172.7337693318259 5.3371438723988822 15.576323701301588 562.39816483424511 4.775972513947635 11.846614708192645 102.91943192284089 1.8197608431801189 20.696339232847095 11.790441704681141 5.5646357787773013 32.511842921609059 1.7550058234482993 1.9631329867988814 68.298654230311513 5.330312054604291
leaf_count=41579 2069 1368 21510 6819 17102 1514 11206 9294 1735 350 5205 1348 250446 112 765 2609 57264 14246 3667 1436 5817 105 63145 113306 33369 351 1937 11943 2110 61293 24685 4728 2843 634 7833 597775 96 294 97 1707 79 165 84 125 337 1542 2726 367 268 16497 394 1193 2588 13 1155 901 195 284 13 68 759 58
internal_value=0.000464968 0.0155899 -0.0317107 -0.0349079 0.0250031 0.00123828 -0.00340226 -0.0440417 0.0332998 0.0145886 -0.021462 -0.0120514 -0.0262052 0.013301 0.0219385 0.00370579 0.00169929 -0.0280357 0.0277815 0.0430034 0.00841735 0.0225063 -0.0487544 -0.032622 -0.0158337 -0.00108005 -0.0279599 -0.019375 0.000643986 -0.0226946 -0.0143116 0.0115902 -0.00228564 0.0103793 0.0254222 -0.0494599 0.00387866 -0.0389303 0.00339123 0.0246155 0.0157158 0.0177636 -0.0136055 0.0250647 -0.0633598 -0.00796593 0.0235936 -0.0144952 0.0127295 0.00993955 0.00528407 -0.0123826 0.000590228 -0.0426539 -0.0229501 -0.0744189 0.0154735 0.0163659 -0.0656256 0.0146376 0.0364487 0.0481599
internal_weight=10849.4 7380.19 3469.23 3212.25 4456.9 2923.29 2387.96 1912.86 2480.68 1976.22 1299.4 1077.21 986.188 1909.17 535.327 1310.75 1211.31 435.1 1581.37 899.305 168.008 927.477 1477.76 379.787 909.2 175.991 49.469 733.209 104.29 628.919 371.721 288.213 128.015 93.6749 801.943 1455.43 125.534 19.4408 12.2474 437.292 236.238 232.539 36.4442 20.5062 15.9379 38.7659 196.095 23.3611 18.0239 1471.88 799.385 153.849 107.695 46.1532 34.3065 13.6102 672.491 665.172 7.31964 632.66 70.2618 646.989
internal_count=1415523 292198 1123325 1101815 64171 228027 216988 804585 16689 47482 297230 155601 255651 47132 11039 61387 58778 136846 13827 2862 7165 10160 667739 127552 148436 15036 3830 133400 14053 119347 58054 8970 4242 1399 7938 660920 2222 487 193 5970 4263 4151 625 204 421 1893 3526 800 433 41162 23346 6244 2982 3262 2069 914 17816 17608 208 17324 827 1494
is_linear=0
shrinkage=0.05


Tree=12
num_leaves=63
num_cat=0
split_feature=23 23 21 2 2 0 23 4 2 21 21 2 21 10 4 12 6 0 4 2 21 6 15 0 8 4 8 2 17 21 17 2 17 10 17 21 0 15 19 21 21 12 2 0 10 1 8 17 21 0 0 0 4 4 19 4 0 4 0 6 15 23
split_gain=1986.34 377.841 153.792 142.515 132.487 98.9491 53.4176 49.5765 46.0289 37.1029 34.9375 31.5141 28.2456 25.0156 24.4979 23.7673 23.4739 21.2854 21.2055 20.3766 23.5224 18.9692 18.2791 34.5064 24.4842 17.6336 17.2821 30.3326 17.1098 16.7217 16.1901 16.1123 20.5728 37.3567 24.5359 25.7493 18.2922 17.4407 16.0476 18.7397 19.6203 15.8236 16.1468 15.8101 15.6559 15.506 14.8618 14.7271 14.2136 13.8939 23.6237 21.3599 15.9138 14.7166 13.7695 33.7802 23.6887 18.0687 15.574 21.1664 13.6188 14.8049
threshold=2.5000000000000004 4.5000000000000009 5.0407307147979745 98.500000000000014 9.5000000000000018 4.5000000000000009 1.5000000000000002 2.5000000000000004 33.500000000000007 23.847738265991214 7.8042240142822275 22.500000000000004 33.838602066040046 2.5000000000000004 32.500000000000007 1.5000000000000002 8.5000000000000018 15.500000000000002 3.5000000000000004 1.0000000180025095e-35 9.9847898483276385 3.5000000000000004 0.014389234129339458 54.500000000000007 17.500000000000004 12.500000000000002 60.000000000000007 2.5000000000000004 1.0000000180025095e-35 15.889181137084963 0.016001024283468727 22.500000000000004 0.015749008394777778 10.500000000000002 0.012739370577037336 8.3865404129028338 1.5000000000000002 0.012739370577037336 7.5000000000000009 7.7796866893768319 13.902594566345217 7.5000000000000009 45.500000000000007 11.500000000000002 13.500000000000002 0.0078432578593492525 18.500000000000004 0.013986697886139156 7.5956928730010995 23.500000000000004 33.500000000000007 25.500000000000004 2.5000000000000004 12.500000000000002 4.5000000000000009 15.500000000000002 6.5000000000000009 7.5000000000000009 7.5000000000000009 1.0000000180025095e-35 0.014815627597272398 5.5000000000000009
decision_type=2 2 2 2 2 2 2 2 2 2 2 2 2 2 2 2 2 2 2 2 2 2 2 2 2 2 2 2 2 2 2 2 2 2 2 2 2 2 2 2 2 2 2 2 2 2 2 2 2 2 2 2 2 2 2 2 2 2 2 2 2 2
left_child=2 5 3 11 7 18 28 9 19 15 22 -1 13 49 -13 -3 -17 -8 21 -7 -21 -2 23 -10 41 -19 -18 -28 43 38 -11 -15 34 -34 35 36 -33 45 -4 47 -41 -24 -43 -5 -20 -35 -27 -40 54 -6 51 53 -52 -51 -38 56 57 -56 59 -57 61 -58
right_child=1 4 29 6 12 8 17 -9 10 30 -12 14 -14 31 -16 16 26 25 44 20 -22 -23 24 -25 -26 46 27 -29 -30 -31 -32 32 33 37 -36 -37 48 -39 39 40 -42 42 -44 -45 -46 -47 -48 -49 -50 50 52 -53 -54 -55 55 58 60 -59 -60 -61 -62 -63
leaf_value=-0.0074617125477501088 0.038245336658868909 0.049868255296628763 0.0056680685617970768 -0.0047723433474592056 0.030962479461808818 0.022548132362517098 0.0058938363219916291 0.025438081909322358 -0.0082430551389364327 -0.10716452898099456 0.013848791710778486 0.0081499287094530665 0.045467289373728237 0.016394678425058606 -0.02762071756424414 0.038292826946819292 0.023006966236554228 0.0054932814442228183 0.0758091295100283 -0.00043796850677239234 0.035076402009052314 0.011202577191134102 0.0017175411256322903 -0.028903012461540551 0.044613356823717067 -0.069459053749048205 0.013189092922802931 -0.1159762709608395 -0.065841329872685816 0.034321007489146849 0.0078249494192980835 0.03064582475287932 -0.10993787093847898 0.032302733227923562 0.02117787147692269 -0.095375551921807522 -0.010118227047603186 0.034706475541406483 -0.040954052255534661 -0.10264060680929528 0.015161238119538321 0.063436259501749401 -0.072763652966984907 -0.046687131186972812 0.0070776773031889385 -0.075020050190760038 -0.031339604673714098 0.066317383481222569 0.052497488532412755 0.049846956873216018 -0.1207212519648888 -0.083050468749965356 0.021611326197338465 -0.10407781546722479 0.025357791928239334 0.07880230476119543 -0.10544393848333 -0.10884064238165654 0.019935722319371303 -0.10822724288880162 -0.11271670670856854 -0.015968285899289048
leaf_weight=312.11108797136694 199.42601940315217 428.73755257343873 186.74103709612973 22.8959871949628 270.3700896819355 121.75338179524988 42.987403307342902 1319.8188631039811 487.55083046574146 5.8330201278440637 125.52280088840052 50.514826343627647 71.629855058155954 622.76165968016721 912.38512448690017 623.36825389391743 63.555607193615288 30.184233712032437 8.5890988197643292 1113.7508369617863 48.661607930902392 96.092554862378165 70.07809813763015 345.20623475708999 28.527336204773746 27.731511799851432 13.64897266123444 6.8145564519800237 117.88484984985553 43.120158443460241 6.4413775121793151 54.095477757975459 10.51330013212282 5.020729627460244 233.29043252184056 6.7273815320804706 231.97325192706194 16.365211722906679 6.491335656493904 12.060903488891201 4.9999128514900795 2.5644030002877125 14.370081179076806 1293.6624069166137 234.2237162955571 10.208873391617088 327.92750072199851 6.309475495480001 12.573868071660398 7.5778062259778398 1.9904197794385243 11.434648832771925 147.05537088960409 1.9530880211386827 22.41603509220295 2.1269270107150069 6.0072283404879299 2.82428443012759 182.74269431713037 5.2387330415658653 7.5823179157450786 20.065033065155149
leaf_count=41579 1255 881 16314 6819 2374 1581 8082 12588 62509 101 4763 5979 350 11949 249672 2389 400 4846 54 57335 779 1368 8695 75555 783 14243 106 167 63145 990 57 641 561 107 4960 534 11189 284 1244 2519 237 33 4955 597775 8362 585 109675 206 267 31 59 427 2976 103 301 11 557 163 7402 381 458 812
internal_value=0.000509396 0.0151596 -0.0310893 -0.0341494 0.0243363 0.00111484 -0.0429634 0.0320481 -0.00330093 0.0396449 -0.0109403 -0.0212688 0.0146472 0.013481 -0.0257441 0.040579 0.0349489 -0.0274797 0.0204567 0.00308714 0.00104876 0.029452 -0.0142216 -0.0168073 0.00441509 -0.0311979 0.0101395 -0.0298242 -0.0475922 0.00588641 -0.0468202 0.0103161 0.00575395 -0.0282966 0.00757428 0.00184964 0.00304397 -0.00113019 0.0002258 -0.0338077 -0.0681171 -0.00876404 -0.0521388 -0.0459582 0.00950894 -0.039639 -0.0343119 0.0119197 1.868e-05 0.02392 0.0127202 -0.0369747 0.0197106 0.0183044 -0.00135324 0.00681228 -0.0262749 0.0103416 0.0170626 -0.0542201 -0.0537366 -0.0365841
internal_weight=10727.1 7329.08 3398.01 3138.28 4432.76 2896.32 1863.27 2468.22 2357.99 1148.4 1073.82 1275.01 1964.54 1892.91 962.9 1136.12 707.387 428.831 538.331 1284.17 1162.41 295.519 948.297 832.757 115.54 385.843 84.0191 20.4635 1434.44 259.723 12.2744 1452.53 829.772 42.1081 787.664 554.373 547.646 31.5948 216.603 29.8616 17.0608 87.0126 16.9345 1316.56 242.813 15.2296 355.659 12.8008 493.55 440.381 170.011 20.9655 149.046 9.53089 480.977 249.003 58.8949 25.2403 190.108 7.36566 33.6546 26.0723
internal_count=1415523 292198 1123325 1101815 64171 228027 804585 16689 216988 4101 157293 297230 47482 47132 255651 3943 3062 136846 11039 59695 58114 2623 152530 138064 14466 128764 673 273 667739 21510 158 41162 29213 1537 27676 22716 22182 976 20520 4206 2756 13683 4988 604594 8416 692 123918 1450 21541 5970 3596 561 3035 134 21274 10085 2291 464 7794 392 1827 1369
is_linear=0
shrinkage=0.05


Tree=13
num_leaves=63
num_cat=0
split_feature=23 23 5 23 18 18 2 2 15 21 11 5 2 21 0 11 16 21 18 18 0 6 2 21 2 15 21 18 5 18 21 5 18 19 19 19 2 12 2 2 18 18 2 18 21 6 0 2 18 19 6 18 11 6 5 9 21 0 15 18 9 18
split_gain=1848.26 276.154 227.357 125.297 121.67 94.4638 53.6161 50.8188 48.4788 44.7749 40.026 38.1315 37.7567 29.5533 28.3742 47.7188 35.5887 26.8731 23.7812 33.375 27.6275 23.9423 23.6507 23.6101 30.5918 23.1534 22.0946 21.9996 22.1539 21.4118 24.3238 22.3307 21.3388 21.6387 20.209 20.0702 19.9197 23.8392 19.8625 19.6949 24.4314 30.6905 24.573 21.9749 19.3312 18.8287 23.0357 18.7887 18.7346 18.6851 18.5989 18.535 18.1383 18.0064 17.9258 20.0049 17.3996 20.5858 18.4697 28.8262 22.8846 21.8943
threshold=3.5000000000000004 1.5000000000000002 0.015749008394777778 4.5000000000000009 61.500000000000007 63.500000000000007 49.500000000000007 22.500000000000004 0.015038444194942715 9.0672383308410662 0.015038444194942715 0.010152545757591726 13.500000000000002 8.6437592506408709 29.500000000000004 0.015268065501004459 1.5000000000000002 10.247822284698488 28.500000000000004 48.500000000000007 14.500000000000002 55.500000000000007 35.500000000000007 13.749909400939943 95.500000000000014 0.013986697886139156 4.4047374725341806 77.500000000000014 0.011050061322748663 63.500000000000007 8.110326290130617 0.014815627597272398 77.500000000000014 6.5000000000000009 3.5000000000000004 5.5000000000000009 64.500000000000014 3.5000000000000004 3.5000000000000004 3.5000000000000004 60.500000000000007 57.500000000000007 5.5000000000000009 28.500000000000004 23.847738265991214 8.5000000000000018 1.0000000180025095e-35 98.500000000000014 82.500000000000014 5.5000000000000009 1.5000000000000002 17.500000000000004 0.015268065501004459 48.500000000000007 0.0088107436895370501 0.016261236742138866 13.749909400939943 46.500000000000007 0.015504807699471714 53.500000000000007 0.016001024283468727 59.500000000000007
decision_type=2 2 2 2 2 2 2 2 2 2 2 2 2 2 2 2 2 2 2 2 2 2 2 2 2 2 2 2 2 2 2 2 2 2 2 2 2 2 2 2 2 2 2 2 2 2 2 2 2 2 2 2 2 2 2 2 2 2 2 2 2 2
left_child=1 4 3 12 7 6 -3 51 14 47 18 13 27 -8 39 16 -16 29 20 -20 21 -5 -12 24 -6 26 48 28 -2 30 34 -31 -26 -34 -14 38 45 -38 -22 -4 41 43 -42 52 -10 46 -21 -9 -7 -29 -45 -1 -41 -15 55 -40 57 -24 59 -59 61 -60
right_child=2 5 8 10 23 25 11 9 44 -11 22 -13 17 53 15 -17 -18 -19 19 36 35 -23 56 -25 32 -27 -28 49 -30 31 -32 -33 33 -35 -36 -37 37 -39 54 40 42 -43 -44 50 -46 -47 -48 -49 -50 -51 -52 -53 -54 -55 -56 -57 -58 58 60 -61 -62 -63
leaf_value=-0.05627715779615429 -0.0097261622041134137 -0.0052120467249053594 0.034073641747884742 0.033547900284520059 0.00089915886870935505 -0.0029267877833626822 -0.034332172263526563 -0.037465718784014806 0.042061008447368403 0.0090834337934544065 0.028741648572261136 -0.0086429016466246546 -0.022048153545873531 -0.10799826933002626 0.063948244321888434 0.071807292735641598 -0.081105095211162048 0.026728867466945389 0.0011108078301228352 -0.11489736652999046 -0.11402740932772598 -0.10406577081522868 0.018056902086994883 0.034326074803028919 -0.03475708875243573 -0.087525714399290203 0.024544085561480744 0.051722289192283125 0.012161754597958749 0.010704445499908264 -0.10058501854649103 -0.10980147904514569 0.0080422998012530163 -0.085620183592536481 -0.0042750889754661191 0.024045691777082261 -0.11079802669966676 0.00031618516813508324 -0.096841644780358865 0.032125891478334993 -0.1154115042993865 -0.11432842387625625 0.05245367464554257 0.023633868958602262 -0.047548191734549265 0.023769841677040694 0.0067849042421159805 -0.049069941571082056 0.032049138719676386 -0.12113286191057082 -0.012106248519144406 -0.0022498224080529021 -0.11249040478016373 0.013494207739573631 0.0049983503360282993 0.06195526442412496 0.035191416121407741 -0.10901031461917242 0.038804697497683616 -0.001614420214230052 -0.035947936916108411 -0.11426700740743204
leaf_weight=18.848576385527849 149.78996434737928 555.78466488886625 402.1243250221014 298.14147077675443 163.25171351688914 287.5958678756142 607.96973613603041 491.6160918805399 886.38087477278896 38.138474471401423 941.48533775482792 259.06081876670942 264.43774585099891 3.261843458749353 5.2413928937166956 10.653474647086112 21.883764986414462 58.253796861041337 598.35474659234751 4.0019283508881918 4.3733860552310935 3.1945594507269552 120.74101339781191 24.52166477474384 199.23181918822229 6.2890956825576714 156.02916894014925 39.471808831673115 506.57258684956469 160.21339535387233 7.7157296827062956 3.9388852352276436 58.474707196466625 6.8934693096671245 404.74450022995006 85.435351541382261 5.1659924476407459 73.597574745770544 9.0728098521940392 120.73213376756757 2.2630996885709456 4.7586744045838705 59.446933296276256 58.105815773829818 6.0597327863797537 548.88751978008077 138.37538144527934 1200.9355347979581 44.166194299701601 1.6278769429773081 97.450417373795062 100.61344219418243 2.207866999320685 46.907772590406239 69.33250066335313 2.5381609983742228 61.423702989704907 11.361614662688227 31.727921991609037 13.882811676478012 24.246424270793796 2.5217094174586228
leaf_count=6244 5973 64503 2049 3372 24123 31829 198515 162097 2949 2810 8062 44363 30744 387 33 46 1260 1465 17719 121 163 180 2222 599 67149 1943 4666 231 10811 8740 1022 332 9466 2516 46264 2206 444 3431 1008 1183 72 193 541 544 124 9900 2163 600713 1690 88 2099 15748 60 1968 2465 15 642 1043 569 604 828 214
internal_value=0.000537456 -0.0248784 0.0177023 0.0120042 -0.0366317 -0.0111207 -0.0174666 -0.042315 0.0334809 -0.0444922 0.0179484 -0.0248923 0.000658269 -0.0312885 0.0244167 -0.0178596 -0.0530764 -0.00611274 0.0133075 0.00996911 0.0229839 0.032089 0.0250227 -0.0133875 -0.0161221 0.00779811 0.00902712 0.00938877 0.00716666 -0.00838745 -0.0123161 0.00781287 -0.0266238 -0.00183498 -0.0112984 0.00691552 0.0168525 -0.00697164 -0.0102384 0.0265545 0.0177895 0.0115787 0.0462975 0.0137301 0.0414526 0.0195671 0.00336467 -0.0456994 0.00172942 0.0448758 0.00124396 -0.0107742 0.0295287 0.00559521 -0.0046307 -0.0621286 0.0118549 0.00484493 -0.0142047 -0.0499495 0.0012212 0.0275344
internal_weight=10591.5 4269.59 6321.94 4644.63 2302.53 1967.07 1472.98 1850.15 1677.31 1730.69 3047.86 917.2 1596.77 658.139 784.868 37.7786 27.1252 899.304 1840.47 1368.38 472.088 301.336 1207.39 452.373 427.852 494.08 487.791 697.462 656.363 841.05 676.898 164.152 264.6 65.3682 669.182 170.752 770.028 78.7636 85.3169 747.089 344.965 283.255 61.71 278.496 892.441 691.265 142.377 1692.55 331.762 41.0997 155.556 119.462 122.94 50.1696 80.9435 11.611 265.905 204.481 83.7405 25.2444 58.4961 34.2496
internal_count=1415523 1241329 174194 163041 891465 349864 309736 787612 11153 765620 57371 245233 105670 200870 8080 1339 1293 88567 43187 33778 9409 3552 14184 103853 103254 40128 38185 17103 16784 87102 78030 9072 79131 11982 77008 5857 16059 3875 3651 6741 4692 4079 613 3886 3073 12184 2284 762810 33519 319 2643 21992 1243 2355 3488 1023 6122 5480 3258 1647 1611 783
is_linear=0
shrinkage=0.05


Tree=14
num_leaves=63
num_cat=0
split_feature=23 23 4 18 13 18 23 2 2 4 21 21 2 18 16 0 2 21 14 21 21 2 13 23 0 16 4 13 13 2 2 13 18 6 0 8 18 0 0 2 18 2 10 2 10 0 13 1 2 1 18 4 2 4 0 6 13 2 0 18 20 9
split_gain=1750.38 245.854 225.049 116.087 84.3764 82.0612 79.8075 54.4846 48.6244 48.0004 45.685 41.9468 40.5225 34.5152 28.968 25.6982 24.3173 23.1281 24.5842 22.6839 22.3163 28.7547 21.6819 21.0339 36.0537 20.6661 22.334 20.5549 19.6439 19.5785 27.0551 22.6227 19.4888 18.8744 17.9546 24.1944 17.9417 32.3502 22.1354 17.1904 17.141 16.9115 16.4637 19.3389 15.7457 16.2694 22.8093 18.7286 18.2598 15.7186 15.7072 19.3702 15.5517 15.4771 27.2658 21.7356 17.9076 22.3551 17.0987 16.83 16.469 15.8
threshold=3.5000000000000004 1.5000000000000002 10.500000000000002 61.500000000000007 0.016001024283468727 70.500000000000014 4.5000000000000009 7.5000000000000009 22.500000000000004 14.500000000000002 8.6437592506408709 9.5697541236877459 41.500000000000007 52.500000000000007 60.000000000000007 2.5000000000000004 34.500000000000007 5.8006949424743661 1.0000000180025095e-35 37.00029373168946 7.2904567718505868 95.500000000000014 0.012579114176332952 5.5000000000000009 18.500000000000004 5.5000000000000009 20.500000000000004 1.0000000180025095e-35 1.0000000180025095e-35 1.0000000180025095e-35 8.5000000000000018 0.014599318150430919 73.500000000000014 1.0000000180025095e-35 1.0000000180025095e-35 4.5000000000000009 43.500000000000007 4.5000000000000009 100.00000000000001 98.500000000000014 50.500000000000007 1.0000000180025095e-35 1.0000000180025095e-35 11.500000000000002 11.500000000000002 34.500000000000007 0.014815627597272398 0.0083683477714657801 1.5000000000000002 0.014599318150430919 80.500000000000014 12.500000000000002 22.500000000000004 60.500000000000007 73.500000000000014 53.500000000000007 0.015749008394777778 67.500000000000014 92.500000000000014 5.5000000000000009 1.5000000000000002 0.015749008394777778
decision_type=2 2 2 2 2 2 2 2 2 2 2 2 2 2 2 2 2 2 2 2 2 2 2 2 2 2 2 2 2 2 2 2 2 2 2 2 2 2 2 2 2 2 2 2 2 2 2 2 2 2 2 2 2 2 2 2 2 2 2 2 2 2
left_child=1 3 4 8 7 9 13 15 -1 -3 12 39 41 25 22 -2 50 34 -19 42 21 -5 -8 24 -24 52 40 -7 -12 31 33 49 -23 -31 35 -9 -35 -38 -39 -10 -27 -11 -6 -44 -17 -46 47 48 -47 -16 51 -15 -4 54 56 -56 -32 59 -57 -58 -60 -61
right_child=2 5 6 20 19 27 14 17 11 10 28 -13 -14 16 29 44 -18 18 -20 -21 -22 32 23 -25 -26 26 -28 -29 -30 30 53 -33 -34 36 -36 -37 37 38 -40 -41 -42 -43 43 -45 45 46 -48 -49 -50 -51 -52 -53 -54 -55 55 58 57 -59 60 61 -62 -63
leaf_value=-0.010781417535813872 0.034624516785790864 0.0043539965392429469 -0.11250083943835205 -0.0018535464207512457 0.050342093085768071 0.013281475706685404 0.011784881997542684 -0.11920704573785286 -0.036660375922303 0.029840716573868789 0.016930130949972363 0.011442151809406963 -0.028397560557894021 -0.059275622814550677 0.02177209757002346 0.029110869188111968 -0.0065963408266328421 -0.10342125697230967 0.028031465713549919 -0.10632963065133927 0.012906936663517887 -0.041074819102071114 0.069075735091765358 0.032771565450906641 -0.078680127789074031 0.0052804999762445974 -0.016469047672574177 -0.089748360847308542 -0.11825889624525916 -0.11782916266264871 0.0075673396217406158 -0.11739473487087343 -0.0098352829563832633 0.031590621212348888 0.004868558876154807 0.03276624625643413 -0.11963220915753155 0.016962396352500183 -0.1195062866671506 -0.047901624876290357 -0.095880670187467737 -0.012084718013279663 0.039248158850350545 0.0070166016232719635 0.018435298158549936 -0.11977031733553743 0.052277859360300584 -0.084431380863061165 0.018928060449137821 -0.12161891017885867 0.047649785437098996 0.015502242010421 0.057396873906156866 0.016683298881105771 -0.086253859976981456 -0.10021324112309103 -0.11679517812289678 -0.11117829114694051 -0.10612574896751709 -0.054940595838062635 0.013862414762291622 0.010053845908182514
leaf_weight=121.7594407228753 719.99757773242891 247.08697980851866 1.4668991733342434 162.94785875128582 313.27713588485494 316.19526711478829 279.7941642254591 2.6966857090592375 479.42728379488108 25.567509196698666 96.257530203089118 34.03630726179108 854.33533500391059 9.0017738007009012 11.026420340873303 402.25347000756301 171.71484943723772 3.6119547067210069 232.86773580941372 2.5998623948544255 70.657850918360054 136.95833220612258 6.6107097258791336 359.32478560367599 10.995690785581246 199.0113031398505 506.0951885097893 4.9162099740933618 2.7642722355667493 2.3766432274132958 493.59984522196464 6.4070535292848936 78.563162635313347 215.99248296394944 615.89148676279001 90.805508181685582 4.8953295992687336 87.513204381335527 3.0758383134379974 1170.2040560145397 4.2774407966062418 406.01712398015661 378.05948511511087 53.071161967236549 429.09603116032667 2.8336915550753536 9.4711002181284112 12.181130762211977 14.595450374297796 2.3119461275637141 37.10041414713487 228.23585914552677 16.467708257492632 219.28019077866338 14.369897726224734 4.850317512638866 3.5253672688268116 6.1413589287549248 3.2031580619514015 11.952825728803871 26.675232505891472 42.952074361033738
leaf_count=21992 3508 19904 89 23974 827 17900 5982 87 162107 751 3490 2179 254633 416 146 2591 15517 55 3212 41 4811 56068 25 4088 989 10286 59031 1357 270 75 15322 155 19000 2185 17697 835 163 1153 144 601334 494 51559 1264 713 4864 92 52 452 269 74 315 7553 404 8411 1368 379 155 388 309 496 904 619
internal_value=0.00056339 -0.0243863 0.0172972 -0.0356355 0.0263347 -0.011401 0.00737396 0.0219848 -0.0412944 -0.0159471 -0.019569 -0.043501 -0.022089 -0.00279048 0.0139383 0.0276363 0.00815984 0.0124821 0.0260237 0.0411041 -0.0128879 -0.0177036 0.0223297 0.0301571 -0.0232019 -0.00950613 -0.0108462 0.0117041 0.0131562 0.00918824 0.0100429 -0.0401745 -0.0296872 0.0225408 0.00796793 0.0283832 0.0236119 0.00556335 0.0123288 -0.0446346 0.00315195 -0.00960101 0.041619 0.0352805 0.0218558 0.0156224 -0.0152622 -0.0368655 -0.00362201 -0.00308194 0.0173961 0.0126649 0.0435007 0.0052973 0.0011859 -0.0345362 0.00432814 -0.020433 -0.0131367 -0.0108952 0.000998902 -0.00409548
internal_weight=10481.2 4207.69 6273.56 2254.55 3283.31 1953.14 2990.25 2536.3 1805.43 1632.03 1384.94 1683.67 1285.92 1173.37 1816.87 1590.43 446.053 945.873 236.48 747.008 449.127 378.469 656.725 376.931 17.6064 727.319 709.384 321.111 99.0218 1160.15 1140.4 19.7454 215.521 313.853 709.394 93.5022 311.477 95.4844 90.589 1649.63 203.289 431.585 744.408 431.131 870.431 468.177 39.0814 29.6103 17.4291 13.3384 274.338 237.238 17.9346 826.55 607.27 49.0986 558.171 64.5716 34.7287 58.4303 29.8784 54.9049
internal_count=1415523 1241329 174194 891465 36559 349864 137635 33714 787612 330607 310703 765620 306943 94105 43530 11828 23801 21886 3267 2845 103853 99042 11084 5102 1014 70304 69811 19257 3760 32446 32071 375 75068 3720 18619 922 3645 1460 1297 763441 10780 52310 2804 1977 8320 5729 865 813 361 220 8284 7969 493 28351 19940 2960 16980 1658 1592 1270 1213 1115
is_linear=0
shrinkage=0.05


Tree=15
num_leaves=63
num_cat=0
split_feature=23 4 18 23 2 2 18 11 18 0 4 11 11 23 2 19 2 19 18 16 0 0 2 16 6 8 2 19 18 18 18 11 2 0 18 23 11 19 18 18 2 5 2 19 19 2 0 18 23 4 18 8 18 7 8 6 6 18 0 8 2 15
split_gain=1629.11 336.86 193.837 125.804 90.7434 66.9055 61.6854 47.4118 34.7099 32.3309 31.4932 28.2775 28.1123 27.4028 26.3589 26.0887 24.5661 23.6027 22.0565 20.6963 20.658 17.9888 22.7268 17.8228 17.2966 17.2629 17.0553 17.8302 16.8328 21.5993 49.346 23.8051 34.9878 22.8423 18.7379 20.6069 16.8053 16.6129 16.555 17.6462 31.7309 24.9226 19.1613 44.2408 16.6459 16.5013 16.1706 17.9441 16.3066 16.0136 16.7715 26.7495 15.9272 15.9063 15.7744 15.7435 15.64 35.8408 17.9937 15.3853 20.2904 15.3184
threshold=2.5000000000000004 9.5000000000000018 61.500000000000007 4.5000000000000009 3.5000000000000004 47.500000000000007 70.500000000000014 0.015038444194942715 80.500000000000014 21.500000000000004 1.5000000000000002 0.013423423748463394 0.015504807699471714 1.5000000000000002 65.500000000000014 5.5000000000000009 2.5000000000000004 7.5000000000000009 54.500000000000007 5.5000000000000009 1.0000000180025095e-35 18.500000000000004 66.500000000000014 7.5000000000000009 19.500000000000004 7.5000000000000009 21.500000000000004 7.5000000000000009 65.500000000000014 47.500000000000007 49.500000000000007 0.015268065501004459 1.5000000000000002 91.500000000000014 62.500000000000007 7.5000000000000009 0.014815627597272398 7.5000000000000009 61.500000000000007 43.500000000000007 4.5000000000000009 0.012270400300621988 20.500000000000004 2.5000000000000004 6.5000000000000009 1.0000000180025095e-35 46.500000000000007 71.500000000000014 3.5000000000000004 11.500000000000002 52.500000000000007 1.0000000180025095e-35 36.500000000000007 0.0086581707000732439 2.5000000000000004 100.00000000000001 33.500000000000007 74.500000000000014 79.500000000000014 4.5000000000000009 29.500000000000004 0.015504807699471714
decision_type=2 2 2 2 2 2 2 2 2 2 2 2 2 2 2 2 2 2 2 2 2 2 2 2 2 2 2 2 2 2 2 2 2 2 2 2 2 2 2 2 2 2 2 2 2 2 2 2 2 2 2 2 2 2 2 2 2 2 2 2 2 2
left_child=2 4 5 6 10 52 9 20 16 -3 45 54 14 55 19 56 -4 -10 25 53 -6 -18 -23 36 37 61 -9 -28 29 -12 -31 32 33 34 -32 -36 -22 -15 39 42 41 44 -13 -44 -41 -2 48 -48 -17 -42 51 -51 -1 -11 -5 -7 57 -8 -59 -52 -61 -14
right_child=1 3 8 11 7 13 15 26 17 12 28 38 18 24 -16 46 21 -19 -20 -21 23 22 -24 -25 -26 -27 27 -29 -30 30 31 -33 -34 -35 35 -37 -38 -39 -40 40 49 -43 43 -45 -46 -47 47 -49 -50 50 59 -53 -54 -55 -56 -57 -58 58 -60 60 -62 -63
leaf_value=-0.028244427894937925 0.04828607315910597 0.001134221575036295 -0.11427386128330728 0.034778714174313018 0.028799316702502232 -0.053847832755828752 -0.090908131181827251 0.033628446530143109 0.018844460910459354 0.042424485349542483 0.028041974632856237 0.026730086999697422 -0.099119436441515191 -0.018526649606090555 -0.0272576038845742 0.038459316824137113 0.022461899273176295 -0.09234854045182754 -0.09395929087544995 -0.012124402018010969 0.029970305861888688 0.00038960185171809476 -0.02090498212112863 0.007031984851949548 -0.032798731465446158 0.049301451236553384 0.01734101791647763 -0.062884646777193576 0.046433555996666848 -0.11792905137515881 -0.11965438559161973 0.039792702506520276 0.020178416379086253 0.065949643864959787 -0.12082688340313903 0.057625537506809522 -0.10622960393257215 0.051102192619341992 0.029085523939768355 0.01679386538840609 -0.04811171389056932 -0.11218599412372197 -0.052818534788995723 0.016331285279390772 -0.11884554409510217 0.03406010074109881 0.033381510056664572 -0.070264499581209228 -0.042058439802554137 -0.11111078201369506 0.040995455136077906 0.0033879709615734412 -0.0095808030935444106 -0.10337208638825207 0.003467566526279857 -0.040906453840354046 0.029837850131370428 0.02620845970776833 -0.10924793838775021 0.025112606451544079 -0.032128831588295985 0.010129347376900565
leaf_weight=226.91282965487335 398.85868676565588 529.79133297724184 5.8448777529411009 42.642906612716615 158.51538452669047 291.32777739712037 9.1713109570555371 467.63906678697094 139.57177206873894 25.800816567149017 474.11062627134379 357.38916689576581 3.5951267294585696 31.997062834911048 343.00884832395241 17.64499716181308 37.061036614235491 4.9414740048814556 4.2342324794735751 698.78366692061536 119.50140860956162 191.80904271255713 361.3350610245252 916.45491569035221 461.42595859919675 33.146758662071079 109.16151983686723 7.3949849703349164 91.157377124764025 7.7582501117140046 11.487403712468227 45.977517956402153 39.00149011425674 3.1006290665827683 2.7157618077471843 4.0011696945875883 2.3085605399683109 11.698637445457278 251.12772116879933 11.914439980871977 11.545852995011954 9.7057128245942277 26.376279961783439 187.9498270410113 2.7919514607638112 416.90902902465314 5.4102008338086334 18.305176132591441 9.7697464823722857 5.3400342392269513 67.403149545192719 113.95428929757327 230.35629404254723 2.0169966770336023 709.41880374518223 1215.6137827811763 184.35292510781437 40.342250544577837 2.6102954675443462 51.620541210751981 22.113252920564264 29.84697584877722
leaf_count=53787 1061 34784 580 784 1385 167131 737 2793 11063 415 3326 3872 660 9815 82714 537 2874 1277 1088 71730 1443 20467 98654 26189 155872 782 1267 193 486 178 340 203 403 34 63 13 87 1324 4166 144 344 261 1625 5064 79 1668 287 2797 550 226 860 3481 42777 168 22418 557308 5126 751 236 726 1178 2284
internal_value=0.000185375 0.0135411 -0.0293778 0.003471 0.0253112 -0.0361065 -0.00538934 0.0176868 -0.00694149 -0.00907221 0.0343936 0.0127411 -0.0138136 -0.04003 -0.0158337 0.0159982 -0.0122715 0.0150423 0.016694 -0.0104407 0.0119871 -0.0112614 -0.0135208 0.00942029 -0.0299515 0.0237302 0.0293633 0.0122511 0.0264412 0.0233426 0.00380591 0.012692 -0.0079695 -0.0594979 -0.0808646 -0.0145256 0.027389 0.000115061 0.0177794 0.0145087 0.00460799 -0.0499984 0.0196415 0.00782129 -0.00895675 0.0410157 -0.0163874 -0.0466197 0.00976534 0.00950934 0.0120639 -0.0017374 -0.0188423 0.0318532 0.00524295 -0.0434083 0.0230005 -0.00118195 0.0179766 0.0237293 0.00794552 -0.00161523
internal_weight=10315.1 7105.18 3209.9 3829.13 3276.05 2469.33 1957.83 1780.98 740.563 1670.22 1495.08 1871.29 1140.43 2012.06 1069.61 287.607 596.05 144.513 70.8231 726.601 1196.78 590.205 553.144 1038.26 505.122 66.5889 584.196 116.557 679.31 588.153 114.042 106.284 60.3065 21.305 18.2043 6.71693 121.81 43.6957 1119.23 868.104 296.389 24.4121 571.715 214.326 14.7064 815.768 51.1301 23.7154 27.4147 271.977 260.431 119.294 457.269 27.8178 752.062 1506.94 236.477 52.1239 42.9525 141.137 73.7338 33.4421
internal_count=1414935 292006 1122929 250874 41132 988014 205646 33357 134915 194625 7775 45228 159841 891450 155027 11021 122575 12340 4814 72313 29104 121995 119121 27719 167011 3726 4253 1460 5046 4560 1234 1056 853 450 416 76 1530 11139 22026 17860 7299 484 10561 6689 223 2729 4171 3084 1087 6815 6471 3707 96564 583 23202 724439 6850 1724 987 2764 1904 2944
is_linear=0
shrinkage=0.05


Tree=16
num_leaves=63
num_cat=0
split_feature=23 18 2 23 14 10 1 4 18 2 18 16 16 2 4 2 2 23 4 1 6 18 2 10 9 19 18 9 16 6 4 18 1 4 18 2 2 6 2 1 1 5 12 4 18 2 16 2 14 10 18 18 12 6 2 1 14 4 5 6 7 12
split_gain=1514.1 239.301 236.145 154.369 68.7463 62.826 40.6101 35.7394 35.2473 33.4938 31.9606 33.6811 33.1191 30.7471 30.66 28.1331 23.538 24.547 22.5032 20.7175 19.9087 19.5907 19.3959 19.0922 29.2208 18.5574 19.9863 18.1401 17.8772 25.5068 17.7365 22.1775 17.9754 17.5671 17.5193 17.3501 17.9187 15.4116 15.2017 14.8985 14.7651 27.9425 17.9807 16.1791 14.3198 19.4812 15.3725 14.223 22.8248 19.9214 13.9501 13.9497 22.7654 20.0714 18.9316 14.6424 13.8503 13.6814 21.4971 24.6657 15.8354 13.6658
threshold=3.5000000000000004 61.500000000000007 7.5000000000000009 1.5000000000000002 11.500000000000002 13.500000000000002 0.015268065501004459 8.5000000000000018 70.500000000000014 22.500000000000004 73.500000000000014 8.5000000000000018 7.5000000000000009 4.5000000000000009 8.5000000000000018 66.500000000000014 55.500000000000007 6.5000000000000009 1.5000000000000002 0.015038444194942715 2.5000000000000004 77.500000000000014 19.500000000000004 60.000000000000007 0.012739370577037336 1.5000000000000002 43.500000000000007 0.012739370577037336 18.500000000000004 6.5000000000000009 21.500000000000004 63.500000000000007 0.0093025267124176043 11.500000000000002 78.500000000000014 2.5000000000000004 95.500000000000014 100.00000000000001 70.500000000000014 0.0073261056095361718 0.010929288342595102 0.0069204980973154315 7.5000000000000009 36.500000000000007 80.500000000000014 9.5000000000000018 1.5000000000000002 3.5000000000000004 5.5000000000000009 60.000000000000007 22.500000000000004 24.500000000000004 18.500000000000004 100.00000000000001 100.00000000000001 0.0066007319837808618 3.5000000000000004 40.500000000000007 0.0083683477714657801 83.500000000000014 0.01197647722437978 60.000000000000007
decision_type=2 2 2 2 2 2 2 2 2 2 2 2 2 2 2 2 2 2 2 2 2 2 2 2 2 2 2 2 2 2 2 2 2 2 2 2 2 2 2 2 2 2 2 2 2 2 2 2 2 2 2 2 2 2 2 2 2 2 2 2 2 2
left_child=1 3 4 9 18 22 10 25 20 -1 12 -12 -7 -10 -6 61 19 30 47 40 -3 -8 34 24 -17 26 -5 44 29 33 31 -18 -32 -24 56 -22 39 -11 -28 -37 50 -42 43 -43 45 -15 -47 -2 -49 -50 -14 52 53 -30 -55 -56 -4 -58 59 60 -59 -9
right_child=2 8 5 7 14 6 21 15 13 37 11 -13 16 27 -16 23 17 -19 -20 -21 35 -23 28 -25 -26 -27 38 -29 51 -31 32 -33 -34 -35 -36 36 -38 -39 -40 -41 41 42 -44 -45 -46 46 -48 48 49 -51 -52 -53 -54 54 55 -57 57 58 -60 -61 -62 -63
leaf_value=-0.014421188349636894 0.043389416185952323 0.051866792665753093 0.031209033881934578 -0.096287377555418108 0.024082114390181195 0.016115741950175493 0.017999249103909831 0.024681155054672443 0.046023616702316028 -0.052840314573747715 -0.073315975524908678 0.030547146198387283 0.0087936769496257308 -0.083046344601347036 0.0074040079725528037 0.018304176146914462 0.0081216930585253557 -0.098652645213276588 0.028444700736906373 -0.053711462833789636 -0.11091086287705021 -0.11544568098888969 -0.0066658323773081318 -0.030261723612569399 -0.070541880503282903 0.01172607382104578 0.030685302924899016 -0.073482234206289368 0.033712016170475693 0.02519773165160968 -0.014809644595386121 -0.10760521456691528 -0.048991277512603917 -0.11233849885717556 -0.10850312006126524 -0.01137905669178195 -0.024039447049979734 -0.039937269488355215 -0.10671728604981026 0.019874641242163385 -0.099876466307451381 0.033698722040423172 0.00060563157133532587 -0.11012232134657869 0.014693052224200372 -0.10143393408973943 0.00042465802086110528 0.031305486383071186 -0.11211226558590404 0.023851976075191319 -0.01444621249989194 0.00065241444032312652 -0.054153922000141887 -0.11263494666205381 -0.035062832476196223 0.051850859382016938 0.018606848818193116 0.047881508791344576 -0.10597721111972334 -0.11735072416905173 -0.12538370405864044 -0.014045199847939555
leaf_weight=116.31134183175163 584.36003497173078 11.428162315860389 255.31238017999567 8.7957352702505904 705.98394524853211 177.9196390172001 336.63180984696373 23.79926322796382 43.86025635804981 281.0438743957784 8.4119788259267789 108.27351308683865 80.392721686512232 7.3403435144573441 451.97904795804061 45.102031159447506 77.231595318997279 9.6180319762788695 905.6601089774631 20.148997776675969 4.6656215339899054 2.772988883778452 17.921068060211841 603.34648740745615 11.64378657308407 133.5785513476003 9.7778270195703936 7.7439516989979884 106.04054495773744 251.42060588765889 113.47517106449232 4.3743209736421695 58.18293876061216 5.0386802004650226 2.5674887606874099 141.73452863655984 210.45480128261261 1310.6819226820371 2.5348559301346532 52.165267694042996 6.6056137057021251 60.041563463862985 543.03025991853792 2.0212877304293206 188.06826726300642 3.7458139420486978 333.0722700250335 82.883970354683697 5.5423591784201562 5.2422948731109482 328.14305747812614 434.26168406428769 9.9313191601540876 4.2555415737442699 10.864025854738431 8.7479714257642609 319.41437733150087 14.184398973826324 5.6202681646682313 3.3705853270366779 1.4538646591827262 532.10084277609712
leaf_count=21979 1409 332 1989 1156 6542 3834 7217 1263 731 167131 411 2502 5849 636 10457 6187 5346 934 6227 1149 583 125 313 196493 5122 8114 206 2830 1440 4499 18811 438 9889 188 139 22130 62839 598329 375 3958 811 956 25783 134 13215 681 43508 337 116 36 25558 22668 662 248 2145 112 4336 159 272 172 96 82828
internal_value=0.000208884 -0.0233797 0.0159222 -0.0302932 0.0268315 0.00709329 0.00120163 -0.017795 -0.00218587 -0.0403228 -0.00213478 0.0230595 -0.00411955 0.00576325 0.0175723 -0.0206746 -0.00688203 -0.0202497 0.0336017 -0.00350433 -0.0132239 0.016909 0.0149627 -0.0276539 7.36781e-05 0.00484175 -0.0387237 0.00249301 0.0100926 0.0205909 -0.0172722 0.00191838 -0.0263954 -0.0298565 0.0218275 -0.0150426 -0.0139364 -0.0422155 0.00239774 -0.00297081 -0.00251277 0.00240292 0.00351948 0.0290147 0.00359846 -0.00246427 -0.00070813 0.0404901 0.0224023 -0.0460216 -0.00987301 0.00507521 0.0188099 0.0243879 -0.0170381 0.0037052 0.0223858 0.0158382 -0.020069 0.00533114 0.0317733 -0.0123872
internal_weight=10212.3 4083 6129.33 3078.72 2741.65 3387.68 1937.28 1370.68 1004.28 1708.04 1597.87 116.685 1481.19 583.831 1157.96 1215.99 1303.27 262.882 1583.69 1040.38 420.448 339.405 1450.4 660.092 56.7458 154.687 21.1084 539.971 848.481 274.38 253.264 81.6059 171.658 22.9597 601.923 409.02 404.355 1591.73 12.3127 193.9 1020.23 611.699 605.093 62.0629 532.227 344.158 336.818 678.029 93.6686 10.7847 408.536 574.101 139.839 129.908 23.8675 19.612 599.356 344.043 24.6291 19.0088 15.6383 555.9
internal_count=1414935 1240626 174309 1089183 25124 149185 109747 301744 151443 787439 102405 2913 99492 61601 16999 291893 95658 35418 8125 60240 89842 7342 39438 207802 11309 9851 1737 60870 32275 5000 34484 5784 28700 501 7163 89510 88927 765460 581 26088 59091 27684 26873 1090 58040 44825 44189 1898 489 152 31407 27275 4607 3945 2505 2257 7024 5035 699 427 255 84091
is_linear=0
shrinkage=0.05


Tree=17
num_leaves=63
num_cat=0
split_feature=23 3 18 23 4 21 3 18 15 21 6 10 0 3 19 8 4 18 6 0 18 15 10 18 3 16 21 10 10 3 18 18 0 4 3 21 16 21 0 19 18 0 15 19 18 16 19 6 19 21 3 19 4 12 18 3 0 6 3 3 23 6
split_gain=1424.22 303.413 167.025 96.1481 95.9711 65.2088 57.8148 56.4903 42.4009 36.062 29.924 34.6792 28.2649 28.0288 27.8637 32.8377 24.9563 22.6383 22.6159 21.4545 23.9589 21.1222 20.9908 20.9566 20.3539 19.5296 18.6791 18.5797 24.2915 19.9327 18.514 18.1812 17.9605 31.2483 17.9138 20.0697 18.2803 19.6328 17.8091 20.0024 18.1941 17.1076 16.6893 16.582 15.9104 15.8219 15.3775 15.918 15.5509 15.5331 32.4014 17.7474 15.2521 15.1152 16.6147 14.6128 14.5637 14.8794 14.4027 17.3916 16.844 16.6439
threshold=2.5000000000000004 0.013793759513646366 61.500000000000007 4.5000000000000009 2.5000000000000004 8.84729051589966 0.0092167854309082049 55.500000000000007 0.013423423748463394 20.155447959899906 2.5000000000000004 3.5000000000000004 66.500000000000014 0.016261236742138866 3.5000000000000004 13.500000000000002 4.5000000000000009 62.500000000000007 15.500000000000002 53.500000000000007 69.500000000000014 0.015504807699471714 8.5000000000000018 73.500000000000014 0.0062696540262550124 5.5000000000000009 5.4512367248535165 60.000000000000007 9.5000000000000018 0.0070672258734703073 51.500000000000007 25.500000000000004 15.500000000000002 57.500000000000007 0.0063092110212892303 15.482731819152834 7.5000000000000009 7.0399386882781991 2.5000000000000004 1.5000000000000002 71.500000000000014 9.5000000000000018 0.014815627597272398 5.5000000000000009 84.500000000000014 13.500000000000002 2.5000000000000004 60.500000000000007 5.5000000000000009 4.9026587009429941 0.014599318150430919 3.5000000000000004 10.500000000000002 3.5000000000000004 56.500000000000007 0.016001024283468727 30.500000000000004 95.500000000000014 0.0081634009256958979 0.0070176301524043092 7.5000000000000009 67.500000000000014
decision_type=2 2 2 2 2 2 2 2 2 2 2 2 2 2 2 2 2 2 2 2 2 2 2 2 2 2 2 2 2 2 2 2 2 2 2 2 2 2 2 2 2 2 2 2 2 2 2 2 2 2 2 2 2 2 2 2 2 2 2 2 2 2
left_child=2 3 5 7 13 6 12 10 17 21 16 42 -1 22 30 -16 -2 32 31 26 -21 25 -3 34 -20 53 44 28 -17 -29 41 -14 33 -6 35 36 -4 -38 -24 40 -40 -13 -12 -22 -9 -7 -19 49 -49 50 -48 -51 -18 -5 -55 -8 57 -34 59 60 -27 -61
right_child=1 4 23 9 8 45 55 19 -10 -11 11 14 18 -15 15 27 52 46 24 20 43 -23 38 -25 -26 58 -28 29 -30 -31 -32 -33 56 -35 -36 -37 37 -39 39 -41 -42 -43 -44 -45 -46 -47 47 48 -50 51 -52 -53 -54 54 -56 -57 -58 -59 -60 61 -62 -63
leaf_value=-0.026632256228056886 0.028945662090734486 0.035640699927256436 -0.091708825466359112 -0.11133923164494659 0.01425343844495551 0.021534817152109736 -0.02171633973011482 0.0095165640796263246 0.024063514006761242 0.029225184243741976 0.045415667336022321 -0.067069981890214778 0.029885922139438206 0.04365690467374933 -0.070305999848073564 -0.088414101265170297 -0.10641030688466929 0.038075911054072167 -0.047423665646111335 -0.021433525891214018 0.019850422863866676 0.017558398768729441 0.02873165770833655 0.0023687442446244534 -0.034550561705128213 -0.0051754261014359494 0.036377757377937268 -0.027847872713122852 0.043843812588867222 -0.0055560775906288813 0.0017229716066836445 -0.037331920337585721 -0.010474841445107866 -0.077706545588655807 -0.0031912619761017796 0.040064851493403608 -0.029881367114812984 0.016405791905296455 -0.12188380966915735 0.011651715222408777 0.030022777178052865 -0.028249566626106143 -0.0036341517857805868 -0.029229178563458375 -0.11236203507665872 -0.087991188712922885 -0.11507486575026167 -0.0055004476099974097 -0.11046361892671593 -0.10498694683302071 0.014832850002375324 0.044516069625922167 -0.0087941171388894387 0.00038175589153946227 -0.04764568821620857 0.017639975769367305 0.0057465584455330138 -0.0836564871120756 0.0091715940591204966 -0.059890430026907582 0.044606026079882982 0.0037182114261932646
leaf_weight=337.83967783814296 72.657721042865887 473.61776899849065 10.496697603492064 4.1243659197352818 516.20539332274348 59.970620056381449 409.37684241135139 297.77041670796461 1014.2780375177972 229.94282263331115 32.923424598760903 31.40247735613957 18.999401143984869 458.43435136787593 22.204592549242079 3.9421839835122219 5.1906156700570163 106.08840665547177 1042.4577633183217 115.89216307783499 93.44849744415842 411.25695099518634 249.09325537458062 320.42535845027305 435.26800777134486 113.74261692189611 74.57451404677704 128.73686715145595 29.094573479844257 453.67057539802045 46.543763305060565 21.380665181437507 136.29378703562543 9.406127324793486 189.20008893636987 11.634720723144708 183.13044142560102 26.184280364541337 5.447218665853141 158.99715915322304 3.0888841999694705 294.82952841510996 36.644451201893389 21.09464436233975 2.7020273632369927 3.4891925177071235 5.4804260656237593 18.017179768998179 4.3882210063748053 2.0645915176719418 38.655808788258582 51.530968349426985 17.467568227322772 62.741539126960561 25.256462501129135 25.027411852031946 251.94413339998573 7.3187451977282754 794.54683615133399 25.620568198617548 19.976562834344804 17.18002079310827
leaf_count=135586 988 1763 3259 241 8632 3854 94551 16322 8645 2249 1015 3490 4657 1339 8921 1041 562 1176 579562 16998 4300 7211 1288 36708 156899 6863 1529 32128 2507 54776 4517 10358 4327 804 26959 258 65689 2042 169 1971 20 46468 2811 3221 166 753 396 510 394 91 811 427 2018 1769 990 1794 9799 584 22328 2242 286 903
internal_value=0.000275646 0.01277 -0.0279661 0.00231949 0.0231457 -0.0344837 -0.0358689 -0.00580518 0.0166155 0.0108084 -0.012197 -0.0145672 -0.0397122 0.0336123 -0.0169181 -0.0105696 0.0146584 0.0100316 -0.042623 0.00660207 -0.00540527 0.00793622 0.0284398 -0.00726501 -0.0436319 0.00421422 0.0139796 -0.00841442 0.0280618 -0.0104835 -0.0277775 -0.00570496 0.00655112 0.0126078 -0.0146035 -0.0239326 -0.02732 -0.0240911 0.0202538 0.00764862 -0.0669147 -0.0319863 0.019579 0.0108118 0.00842056 0.0155128 0.0242037 0.0119536 -0.0260581 0.020668 -0.00129788 0.038757 -0.0311564 -0.0177874 -0.0134027 -0.0194489 -0.00149689 -0.0142043 0.00630144 -0.00661761 0.00226152 -0.0343581
internal_weight=10090.4 6995.53 3094.88 3485.18 3510.35 2353.81 2290.35 1780.79 2161.67 1704.39 1175.31 1079.99 1855.95 1348.68 1010.42 637.649 95.3159 1147.39 1518.11 605.482 230.435 1474.45 890.244 741.072 1477.73 1063.19 375.047 615.444 33.0368 582.407 372.776 40.3801 921.168 525.612 420.646 231.446 219.811 209.315 416.627 167.533 8.5361 326.232 69.5679 114.543 300.472 63.4598 226.226 120.137 22.4054 97.7318 44.1362 53.5956 22.6582 92.1224 87.998 434.404 395.557 143.613 971.067 176.52 133.719 42.8006
internal_count=1414935 292006 1122929 248860 43146 988014 983407 203778 36596 45082 161242 157674 887062 6550 153848 99373 3568 27951 751476 42536 24519 42833 5211 134915 736461 35622 18017 90452 3548 86904 54475 15015 24146 9436 98207 71248 70990 67731 3448 2160 189 49958 3826 7521 16488 4607 3805 2629 904 1725 1207 518 2580 3000 2759 96345 14710 4911 32622 10294 7149 3145
is_linear=0
shrinkage=0.05


Tree=18
num_leaves=63
num_cat=0
split_feature=23 2 21 4 21 2 0 0 10 12 8 10 23 4 4 20 0 0 4 14 4 0 0 2 8 2 6 2 4 2 2 8 1 8 4 21 20 21 10 0 21 12 20 21 21 2 0 2 2 2 6 20 10 12 0 4 1 21 14 12 2 2
split_gain=1342.87 282.831 130.682 91.5969 87.6718 85.7449 59.4754 43.5521 36.5885 32.5174 28.5591 26.0465 25.4002 22.7157 22.5698 22.3722 25.3637 18.5417 17.9325 18.5692 17.1421 27.0061 15.8295 18.3662 17.1973 15.9086 15.5462 13.9984 16.5926 14.3445 13.4963 13.3252 15.8994 13.2846 15.4918 13.1825 15.1811 14.9973 24.2465 16.419 16.8476 21.8645 21.106 15.1477 14.1162 17.0324 12.5543 12.4291 18.1487 12.2766 15.4536 13.4339 12.1387 26.6094 18.0351 13.443 22.7785 13.0002 12.7073 12.0316 11.8317 11.6298
threshold=2.5000000000000004 11.500000000000002 1.0000000180025095e-35 2.5000000000000004 8.26232957839966 97.500000000000014 31.500000000000004 21.500000000000004 9.5000000000000018 16.500000000000004 1.0000000180025095e-35 18.500000000000004 1.5000000000000002 48.500000000000007 8.5000000000000018 1.0000000180025095e-35 33.500000000000007 85.500000000000014 9.5000000000000018 1.5000000000000002 2.5000000000000004 7.5000000000000009 41.500000000000007 20.500000000000004 5.5000000000000009 80.500000000000014 63.500000000000007 16.500000000000004 8.5000000000000018 38.500000000000007 61.500000000000007 17.500000000000004 0.013793759513646366 1.0000000180025095e-35 100.00000000000001 20.155447959899906 4.5000000000000009 12.287635803222658 2.5000000000000004 3.5000000000000004 9.9846076965332049 5.5000000000000009 5.5000000000000009 8.3681254386901873 17.852640151977543 20.500000000000004 14.500000000000002 9.5000000000000018 48.500000000000007 1.0000000180025095e-35 34.500000000000007 5.5000000000000009 6.5000000000000009 17.500000000000004 9.5000000000000018 30.500000000000004 0.0078432578593492525 18.747741699218754 12.500000000000002 4.5000000000000009 12.500000000000002 14.500000000000002
decision_type=2 2 2 2 2 2 2 2 2 2 2 2 2 2 2 2 2 2 2 2 2 2 2 2 2 2 2 2 2 2 2 2 2 2 2 2 2 2 2 2 2 2 2 2 2 2 2 2 2 2 2 2 2 2 2 2 2 2 2 2 2 2
left_child=2 3 5 10 6 12 9 -7 -5 -3 -2 15 -1 -9 -10 33 -17 -15 22 -20 21 -11 26 24 -24 -25 -13 -14 29 -29 -22 61 -33 -8 -35 36 44 38 -38 -40 42 -42 43 -41 -6 -46 -44 -4 -49 50 -12 -52 58 -54 -55 57 -57 -56 -39 -27 -18 -23
right_child=1 4 47 8 35 7 11 13 14 20 49 18 27 17 -16 16 60 -19 19 -21 30 31 23 25 -26 59 -28 28 -30 -31 -32 32 -34 34 -36 -37 37 52 39 40 41 -43 46 -45 45 -47 -48 48 -50 -51 51 -53 53 54 55 56 -58 -59 -60 -61 -62 -63
leaf_value=-0.026091090213524532 0.047772361254077154 0.014949944501628998 -0.10673078842316622 0.024433600373477395 0.022932980337719025 -0.0055323471240236099 0.01327656115146374 -0.023881625624255099 0.019157833996802039 0.025679741659921557 0.038784092247906798 0.043874816897234575 0.003442414028932703 -0.032907372979037321 0.0057906276423701809 -0.10227954626437696 -0.10726561402439734 -0.045888449446548463 0.043978612216223623 -0.018472356385107455 0.00018134552862155229 0.070736150956051833 0.06690132151300783 0.017482997737744491 -0.10672608045110235 0.04904349073611608 -0.099819908133374505 -0.099683783314941987 -0.018409377296250622 0.058188873966006999 -0.015179411243076913 -0.020681399572062636 -0.11468316738650706 -0.013087422009583467 -0.072417746985182427 0.027187853165225595 -0.11403195843308288 0.043356983220276861 0.043162738955732638 0.05713728065700388 0.033118096677575211 -0.075023149011774745 -0.10701492082925301 -0.10545245523687759 0.026549664880533737 -0.10293781768102593 0.028273133919722832 0.03973862066763869 0.0028877708108047545 0.02569607679223861 -0.12278839823342738 0.027264456910324888 -0.10796955906003861 -0.10668044408816227 0.048375521151673477 0.020028245642143807 -0.097620008541247638 -0.10243683640460705 -0.10830906472157945 -0.079776749098627628 0.0068107704508372424 -0.10455839970264746
leaf_weight=701.2185151798767 256.05466206045821 534.02209412393859 2.3384673167020074 813.86244887881912 252.36554451147094 98.287140973843634 14.244342197198419 194.33192438294645 515.7880276797805 121.22044503176585 320.803648264613 29.525474944151942 122.91604115162045 385.55608529481106 814.34995614318177 5.4748984342440954 2.2868587253615251 960.08557316905353 12.100998962996526 727.25012285052799 607.83300214319024 5.2544475588947526 1.7603325201198456 39.388573026983067 7.5121783004142326 2.3213192629627875 2.0104418401606372 1.642256227787583 331.10291920651798 11.616250542458145 186.98837061447557 20.585990892956037 5.7560639516450456 22.36472335876897 21.656386308255605 254.31540595111437 5.5891312039457253 36.169891194673255 13.867526638321577 1.850053827278314 6.1781642730347839 19.199222309049219 1.8142493702471245 6.3473267843946815 5.1603180770762247 5.0004682652652264 31.285080551635474 40.193144233897328 198.0041437856853 754.61250965576619 2.7776999222114673 3.2215367257595062 5.100274186115711 3.0384132461622348 27.76125172665343 15.12219915026799 5.6520329355262211 1.5064855096861709 1.4359013219363976 8.2703138971701247 374.4967429919634 1.1539822658523915
leaf_count=204864 529 10935 269 6529 5787 28738 448 77814 6687 1659 1042 977 11203 168850 23380 456 140 532485 673 117084 34357 13 9 2484 685 43 282 324 75677 570 25138 1019 395 1061 8156 2700 333 358 147 32 109 1471 153 658 64 264 1217 1292 20843 4885 69 25 344 144 404 485 451 67 95 1743 25732 88
internal_value=0.000274665 0.012433 -0.02739 0.0224889 0.00229199 -0.0304212 -0.00172197 -0.0378018 0.0160833 0.00508055 0.0327572 -0.00966024 -0.0200733 -0.0398614 0.010974 0.000166739 0.00456586 -0.0421691 -0.0148751 -0.0174502 -0.000474378 0.0147954 0.00609617 -0.0091351 -0.0737639 0.00285507 0.0347142 -0.0110428 -0.0162131 0.0386341 -0.0034324 -0.0254912 -0.0412219 -0.0286943 -0.0422752 0.0181091 0.0129141 0.00181309 -0.0133264 -0.00633803 -0.0166337 -0.048696 0.00306904 -0.0687578 0.0206065 -0.0371755 0.0208577 0.00797979 0.00910594 0.0292019 0.0372972 -0.0422113 0.0154265 0.00111637 0.011598 0.0187795 -0.0119802 0.0406128 0.0375659 -0.0515438 0.00611839 0.0391704
internal_weight=9981 6933.71 3047.29 3481.47 3452.24 2806.76 2753.48 1638.26 2144 1482.81 1337.47 1270.66 1168.5 1539.97 1330.14 440.524 382.259 1345.64 830.14 739.351 948.792 153.971 90.7886 59.2527 9.27251 49.9802 31.5359 467.277 344.361 13.2585 794.821 32.7505 26.3421 58.2655 44.0211 698.759 444.444 181.917 86.1308 80.5416 66.6741 25.3774 41.2967 8.19738 262.526 10.1608 33.0993 240.536 238.197 1081.42 326.803 5.99924 95.7864 58.1807 53.0804 50.042 20.7742 29.2677 37.6058 10.5916 376.784 6.40843
internal_count=1414935 292006 1122929 43146 248860 1100525 233577 807887 36596 73604 6550 159973 292638 779149 30067 35993 26328 701335 123980 117757 62669 3174 6223 4964 694 4270 1259 87774 76571 894 59495 1515 1414 9665 9217 15283 12583 6468 4120 3787 3640 1580 2060 690 6115 328 1370 22404 22135 6021 1136 94 2348 1895 1551 1407 936 471 453 1786 25872 101
is_linear=0
shrinkage=0.05


Tree=19
num_leaves=63
num_cat=0
split_feature=23 5 23 2 12 2 0 0 16 19 2 16 5 6 14 0 6 16 12 2 6 1 0 23 16 0 10 10 8 5 8 5 10 0 0 10 19 5 6 19 0 5 2 7 2 13 2 0 5 2 2 23 16 16 2 0 0 5 5 14 2 0
split_gain=1252.23 248.017 102.574 77.261 76.8289 46.6147 38.6467 36.2444 28.3292 31.8789 24.2746 31.9739 24.1174 23.1288 31.1084 21.3561 22.9708 19.4546 29.686 18.8732 18.6847 29.5047 20.387 18.5488 18.5464 17.6224 26.7431 17.5534 16.2461 15.6217 15.5119 15.035 14.7069 18.2282 19.5093 18.5288 15.1175 14.5966 31.3162 17.762 14.2452 14.2031 25.7567 13.2145 13.1834 13.1665 13.052 12.8291 13.2561 13.0157 14.5208 12.4649 12.2806 12.0653 11.9523 11.5399 24.7022 20.901 34.6822 13.0537 11.2351 11.1684
threshold=2.5000000000000004 0.014185110572725536 4.5000000000000009 68.500000000000014 1.5000000000000002 2.5000000000000004 72.500000000000014 18.500000000000004 14.500000000000002 2.5000000000000004 39.500000000000007 12.500000000000002 0.011050061322748663 10.500000000000002 1.5000000000000002 34.500000000000007 1.5000000000000002 60.000000000000007 18.500000000000004 8.5000000000000018 29.500000000000004 0.0094788861460983771 1.5000000000000002 1.5000000000000002 17.500000000000004 75.500000000000014 10.500000000000002 1.0000000180025095e-35 13.500000000000002 0.012121656909585001 12.500000000000002 0.01197647722437978 4.5000000000000009 54.500000000000007 48.500000000000007 60.000000000000007 2.5000000000000004 0.016001024283468727 20.500000000000004 1.5000000000000002 2.5000000000000004 0.016261236742138866 43.500000000000007 0.013606071937829258 46.500000000000007 0.013606071937829258 70.500000000000014 17.500000000000004 0.0062696540262550124 79.500000000000014 55.500000000000007 3.5000000000000004 13.500000000000002 60.000000000000007 87.500000000000014 6.5000000000000009 1.5000000000000002 0.013072453904896976 0.011696306522935631 60.000000000000007 70.500000000000014 41.500000000000007
decision_type=2 2 2 2 2 2 2 2 2 2 2 2 2 2 2 2 2 2 2 2 2 2 2 2 2 2 2 2 2 2 2 2 2 2 2 2 2 2 2 2 2 2 2 2 2 2 2 2 2 2 2 2 2 2 2 2 2 2 2 2 2 2
left_child=3 2 10 23 6 20 -3 -5 9 -9 -2 29 -10 15 43 -7 -17 18 61 55 40 -22 -23 -1 -16 26 28 -26 31 -12 -24 -20 -13 34 35 -34 -37 -29 -39 -40 -6 42 -41 -15 -36 46 -43 60 49 50 -49 -44 -25 -32 -28 56 59 58 -58 -19 -38 -4
right_child=1 4 17 7 5 13 -8 8 12 -11 11 32 -14 14 24 16 -18 19 25 -21 21 22 30 52 27 -27 54 37 -30 -31 53 -33 33 -35 44 36 47 38 39 41 -42 45 51 -45 -46 -47 -48 48 -50 -51 -52 -53 -54 -55 -56 -57 57 -59 -60 -61 -62 -63
leaf_value=-0.020905900221523718 0.00017382366463929199 0.037760665497131564 0.033075215359318601 -0.0013083679147323883 0.034952343035368663 0.018784905276842855 -0.13327544091408744 -0.063831238738047136 -0.036906571098084089 -0.0078648539386438187 0.020301610987791208 0.0061723612867131752 -0.013947266688356575 -0.11884405287979245 0.024103700065914446 0.024242782366656696 -0.068718496489367467 0.037789413323438492 -0.10492357959573143 0.003723686263015267 -0.11984735872432731 -0.13726749351060386 -0.12631803531559002 0.030559406653275303 0.053038184439548247 0.033167497278687778 0.0079894890287494722 0.0035220473028338335 -0.076195710685428492 -0.10491671770892336 -0.10792298087907747 0.031190460163463475 0.04914482211314921 -0.025880190759632462 -0.076087745593198919 -0.035209435723048764 0.022456331855230657 -0.091212916902809832 -0.1168113810478205 -0.11564439155645932 0.021704384127234938 0.047099198208574951 -0.11540126655935007 0.014864210714954713 0.024964985872267725 -0.12476252439059528 -0.12435458991279665 -0.050763580632422395 -0.026496340214480735 -0.073008500695036477 0.06049104791562885 0.050173221156547612 -0.0084471365528443563 0.031241847887520869 -0.10102148816407937 0.021695416472587985 -0.12489667022008036 -0.08646891461170389 0.028198513885314459 -0.12071858328449875 -0.013666802209690122 0.014560798111713303
leaf_weight=484.66595477447845 1038.1927222218364 695.64573539816774 269.32984677632339 92.46015651000198 468.90361641556956 1005.1935441212263 3.3185143116861573 29.680094216950238 1678.8653631902998 178.28404757787939 88.19212734606117 76.0995702969376 122.74321467033587 7.1126851276494545 119.60421688854694 12.188652323093267 14.611454229569061 29.45542906597257 2.6229523234069374 818.94611613580491 4.8632836183533064 2.2176871849223962 1.766424718312918 21.307169910287485 16.194395622704178 46.840157998260111 175.87219537352212 375.87806046404876 17.262427871115506 2.5631571216508737 1.6273656915873278 8.9562804163433594 11.117225155467166 311.47085675620474 3.4494930501095942 79.776528612710536 45.071627604309469 13.197625340893863 3.1543324938975266 5.6744841923937193 357.70733215333894 21.881772842723883 1.3618712085299174 2.4964656913653016 50.159432782325894 1.3064830936491478 1.1693166689947236 3.7840217419434401 109.89452381362207 3.3092914926819494 13.039198956452308 6.8744332958012819 380.84006741657504 36.262630708049983 2.5509719150140873 293.61505712964572 4.6569853434339192 11.32859241357073 17.989467795006931 1.3588001909665752 41.202452607452869 116.76842417079024
leaf_count=122615 62982 2639 2629 24241 1848 13613 113 17111 818319 40288 3136 6771 39519 246 1491 401 1434 170 104 29179 234 65 53 597 62 778 4344 13623 719 240 34 91 738 77072 686 11346 3702 734 228 398 2667 336 167 28 5983 67 186 789 22916 1127 1053 139 60239 326 210 3562 155 338 167 75 7105 2707
internal_value=0.000323686 0.0120699 0.00325944 -0.0266956 0.0223062 0.0181815 0.0369486 -0.0319171 -0.0333254 -0.0158522 -0.00493772 -0.0112619 -0.0353424 0.0131307 0.00510321 0.0176105 -0.0264398 0.0117262 0.0187412 0.00791161 0.0274804 -0.00327613 0.0102625 -0.014319 0.00661696 0.00546945 -0.000790081 0.00193479 -0.0454614 0.0167651 0.0185128 0.00035762 -0.0146607 -0.0170189 -0.00936929 -0.0142263 -0.0166058 1.23971e-05 -0.0241398 -0.00276973 0.0292194 0.00663035 -0.0336768 -0.0841065 0.0184627 0.0296501 0.0384018 -0.00974432 -0.0196632 0.017636 0.0354667 0.0227955 -0.00638043 0.0252648 0.00643092 0.0174809 -0.00161857 -0.0310209 -0.00328377 0.0307998 0.00520478 0.0274759
internal_weight=9863.93 6875.09 3694.88 2988.85 3180.21 2481.25 698.964 2102.03 2009.57 207.964 1877.32 839.13 1801.61 1607.9 575.906 1031.99 26.8001 1817.55 640.203 1177.35 873.348 46.7374 41.8741 886.813 566.297 254.105 207.265 446.693 28.8417 90.7553 39.6564 11.5792 748.374 672.275 360.804 307.195 296.078 430.498 54.6203 41.4227 826.611 38.2684 13.9108 9.60915 53.6089 24.3576 23.0511 216.301 130.027 20.1325 16.8232 8.2363 402.147 37.89 178.423 358.404 64.7893 33.975 22.6465 30.8142 86.2741 386.098
internal_count=1414935 292006 250874 1122929 41132 38380 2752 939478 915237 57399 205646 142664 857838 33153 17705 15448 1835 45228 11582 33646 5227 712 478 183451 17431 6246 5468 15940 914 3376 413 195 139288 132517 55445 48776 48038 15878 2255 1521 4515 1293 704 274 6669 589 522 36692 25885 2969 1842 306 60836 360 4554 4467 905 660 322 245 10807 5336
is_linear=0
shrinkage=0.05


end of trees

feature_importances:
popularity=181
rank_biencoder_nv_embed_top100=175
rank_biencoder_large_top100=108
pmi_sum=101
rank_biencoder_top100=86
rank_biencoder_stella_top100=84
rank_cf_bpr=68
n_legs_containing=57
turn_number=53
score_biencoder_stella_top100=38
rank_pmi_leg=33
rank_decay_descending=31
rank_metadata_qwen3=30
rank_bm25_norepeat=29
score_biencoder_nv_embed_top100=24
score_biencoder_large_top100=23
score_biencoder_top100=22
score_bm25_norepeat=21
score_metadata_qwen3=21
score_pmi_leg=19
score_decay_descending=17
score_cf_bpr=12
n_prior_accepts=6
is_in_all_legs=1

parameters:
[boosting: gbdt]
[objective: lambdarank]
[metric: ndcg]
[tree_learner: serial]
[device_type: cpu]
[data_sample_strategy: bagging]
[data: ]
[valid: ]
[num_iterations: 500]
[learning_rate: 0.05]
[num_leaves: 63]
[num_threads: 44]
[seed: 0]
[deterministic: 0]
[force_col_wise: 0]
[force_row_wise: 0]
[histogram_pool_size: -1]
[max_depth: -1]
[min_data_in_leaf: 10]
[min_sum_hessian_in_leaf: 0.001]
[bagging_fraction: 0.8]
[pos_bagging_fraction: 1]
[neg_bagging_fraction: 1]
[bagging_freq: 5]
[bagging_seed: 3]
[bagging_by_query: 0]
[feature_fraction: 0.8]
[feature_fraction_bynode: 1]
[feature_fraction_seed: 2]
[extra_trees: 0]
[extra_seed: 6]
[early_stopping_round: 0]
[early_stopping_min_delta: 0]
[first_metric_only: 0]
[max_delta_step: 0]
[lambda_l1: 0]
[lambda_l2: 0]
[linear_lambda: 0]
[min_gain_to_split: 0]
[drop_rate: 0.1]
[max_drop: 50]
[skip_drop: 0.5]
[xgboost_dart_mode: 0]
[uniform_drop: 0]
[drop_seed: 4]
[top_rate: 0.2]
[other_rate: 0.1]
[min_data_per_group: 100]
[max_cat_threshold: 32]
[cat_l2: 10]
[cat_smooth: 10]
[max_cat_to_onehot: 4]
[top_k: 20]
[monotone_constraints: ]
[monotone_constraints_method: basic]
[monotone_penalty: 0]
[feature_contri: ]
[forcedsplits_filename: ]
[refit_decay_rate: 0.9]
[cegb_tradeoff: 1]
[cegb_penalty_split: 0]
[cegb_penalty_feature_lazy: ]
[cegb_penalty_feature_coupled: ]
[path_smooth: 0]
[interaction_constraints: ]
[verbosity: -1]
[saved_feature_importance_type: 0]
[use_quantized_grad: 0]
[num_grad_quant_bins: 4]
[quant_train_renew_leaf: 0]
[stochastic_rounding: 1]
[linear_tree: 0]
[max_bin: 255]
[max_bin_by_feature: ]
[min_data_in_bin: 3]
[bin_construct_sample_cnt: 200000]
[data_random_seed: 1]
[is_enable_sparse: 1]
[enable_bundle: 1]
[use_missing: 1]
[zero_as_missing: 0]
[feature_pre_filter: 1]
[pre_partition: 0]
[two_round: 0]
[header: 0]
[label_column: ]
[weight_column: ]
[group_column: ]
[ignore_column: ]
[categorical_feature: ]
[forcedbins_filename: ]
[precise_float_parser: 0]
[parser_config_file: ]
[objective_seed: 5]
[num_class: 1]
[is_unbalance: 0]
[scale_pos_weight: 1]
[sigmoid: 1]
[boost_from_average: 1]
[reg_sqrt: 0]
[alpha: 0.9]
[fair_c: 1]
[poisson_max_delta_step: 0.7]
[tweedie_variance_power: 1.5]
[lambdarank_truncation_level: 20]
[lambdarank_norm: 1]
[label_gain: ]
[lambdarank_position_bias_regularization: 0]
[eval_at: ]
[multi_error_top_k: 1]
[auc_mu_weights: ]
[num_machines: 1]
[local_listen_port: 12400]
[time_out: 120]
[machine_list_filename: ]
[machines: ]
[gpu_platform_id: -1]
[gpu_device_id: -1]
[gpu_use_dp: 0]
[num_gpu: 1]

end of parameters

pandas_categorical:null
