tree
version=v4
num_class=1
num_tree_per_iteration=1
label_index=0
max_feature_idx=11
objective=lambdarank
feature_names=rank_cf_bpr score_cf_bpr rank_metadata_qwen3 score_metadata_qwen3 rank_pmi_leg score_pmi_leg popularity turn_number n_prior_accepts pmi_sum is_in_all_legs n_legs_containing
feature_infos=[0:101] [0:0.016393441706895828] [0:101] [0:0.016393441706895828] [0:101] [0:0.016393441706895828] [0:93] [1:8] [0:7] [0:70.463592529296875] [0:1] [1:3]
tree_sizes=6869 6864 6854 6844 6831 6912 6830 6823 6863 6887 6852 6886 6882 6823 6903 6876 6835 6863 6852 6844 6865

Tree=0
num_leaves=63
num_cat=0
split_feature=11 3 9 5 3 0 5 0 6 6 5 3 7 9 6 6 6 3 6 9 7 0 7 9 9 5 5 9 0 7 3 3 3 0 9 3 6 9 6 1 7 6 6 1 3 6 9 6 0 5 3 0 9 9 9 9 3 3 6 7 6 6
split_gain=1216.14 238.172 214.556 341.517 152.016 31.1799 29.4513 28.6361 24.9599 17.7284 15.3439 14.2476 19.3239 13.8691 13.7628 13.7135 12.2807 11.917 14.5496 11.7096 10.5247 9.97889 7.51261 10.4651 8.97385 7.37163 6.95417 6.97745 6.68568 6.62688 6.60478 6.55428 6.51203 11.6686 6.1423 5.97817 10.1324 8.60179 5.6996 5.64789 5.62528 6.36035 7.84024 7.06083 5.56634 5.52059 5.52005 5.49282 5.33159 4.93143 7.06497 6.18528 5.63528 5.05089 5.67456 7.22176 5.02276 4.92257 4.81503 8.03126 4.79554 4.78761
threshold=1.5000000000000002 0.014389234129339458 1.0000000180025095e-35 1.0000000180025095e-35 0.015504807699471714 9.5000000000000018 0.013606071937829258 3.5000000000000004 23.500000000000004 30.500000000000004 0.013423423748463394 0.015038444194942715 6.5000000000000009 4.2388713359832773 70.500000000000014 56.500000000000007 26.500000000000004 0.013606071937829258 43.500000000000007 10.577779293060305 2.5000000000000004 5.5000000000000009 2.5000000000000004 8.7217597961425799 9.2098617553710955 0.012903762981295587 0.014389234129339458 16.0822286605835 3.5000000000000004 5.5000000000000009 0.014185110572725536 0.015038444194942715 0.013072453904896976 14.500000000000002 6.9633197784423837 0.012739370577037336 31.500000000000004 5.1193742752075204 75.500000000000014 0.015749008394777778 3.5000000000000004 15.500000000000002 3.5000000000000004 0.014389234129339458 0.016001024283468727 80.500000000000014 5.1193742752075204 87.500000000000014 15.500000000000002 0.015268065501004459 0.015038444194942715 10.500000000000002 29.708264350891117 6.9086942672729501 8.0172181129455584 8.5697569847106951 0.014815627597272398 0.016001024283468727 66.500000000000014 3.5000000000000004 67.500000000000014 23.500000000000004
decision_type=2 2 2 2 2 2 2 2 2 2 2 2 2 2 2 2 2 2 2 2 2 2 2 2 2 2 2 2 2 2 2 2 2 2 2 2 2 2 2 2 2 2 2 2 2 2 2 2 2 2 2 2 2 2 2 2 2 2 2 2 2 2
left_child=1 2 3 7 5 28 17 16 44 20 14 47 15 21 22 -13 -1 35 -19 -12 30 -6 25 39 -25 -4 27 34 -2 -18 -9 48 33 40 -15 36 -7 -37 -38 -24 61 42 -42 -43 -3 -16 -47 60 -20 50 51 56 53 -53 -55 -56 -8 -29 -17 -60 -10 -22
right_child=4 8 10 -5 13 6 49 9 11 -11 19 12 -14 26 45 58 29 18 31 -21 32 -23 23 24 -26 -27 -28 57 -30 -31 -32 -33 -34 -35 -36 37 38 -39 -40 -41 41 43 -44 -45 -46 46 -48 -49 -50 -51 -52 52 -54 54 55 -57 -58 -59 59 -61 -62 -63
leaf_value=-0.099999999999999811 0.045878541704671365 0.049201942183101269 0.057960371364956513 -0.099306336326896338 0.075528472581762096 -0.075049172359427971 -0.099999999999999978 -0.05860434847374596 -0.012844558381153032 -0.039482987342715527 -0.0096120147881583566 0.046848684741360169 -0.10000000000000001 -0.09999999999999909 0.022661821912747189 -0.07112220144946893 0.01204401850949363 0.026645644416806211 0.0017343479385558726 0.018785586669309028 -0.099999999999999853 0.05062547718924372 -0.091808922793586253 0.028948833056933299 -0.045258154933978126 -0.099999999999999922 0.057117466709152111 0.0092896550033737448 0.030256955989408016 0.066890723066884983 0.051037931247082349 -0.10000000000000001 0.010942249911138752 -0.038450543119431364 0.044328703184531082 -0.021165201549142334 0.017979582678641779 -0.10000000000000001 -0.10000000000000001 0.053672958529640616 0.0091593865619647597 -0.060630893350649667 0.083266844777702104 0.023394107332905957 0.089954093353339759 0.066110871421690948 -0.057171607437177786 0.096649059930148482 -0.058566035594759827 0.045508675082013797 -0.10000000000000001 -0.10000000000000001 -0.10000000000000001 0.078234564130680223 -0.099999999999999686 0.031031680501716868 0.08176578030920989 -0.09999999999999995 0.06712268780489182 -0.099999999999999922 -0.10000000000000001 0.0035648169652496954
leaf_weight=1.9078861199086556 102.80087154667126 22.381780774972867 3.2813184666447333 301.69960907619679 245.05528873146977 3.7653924363548894 1.6325342659838491 17.285947928146928 26.192362092842821 263.19556108204415 62.106989124615211 44.068064388702624 2.7241811163257799 0.76997767039575293 17.032298483187336 3.4405158428708082 15.271536711778028 51.600540614628699 15.963688607269438 87.366142052575015 2.2201920541701865 48.127527789154556 12.21563959115883 5.379391769529323 16.789886661223136 0.95314027625136066 59.564959737414028 2.7143136127269818 205.21851471922128 8.6138657610863429 1.4921069350093592 2.3632574250223106 28.721827735018451 33.025024893111549 17.29898430837784 41.564239553117659 23.927429338975347 3.7743416150333351 1.0694489856250573 0.70566483668517399 12.025125289219437 5.0513669406645914 5.075316075468435 4.95054193562828 13.393653380451722 1.1229061817284662 4.7440889031859115 1.083495714701711 4.7583406724152146 46.441547454509418 1.1585132412146766 0.70231490978039701 0.81643310055369411 6.366969311842694 1.0914629279868702 28.756468410545494 0.49539699312299479 1.6607112275669349 2.2377745315898214 1.0591072449460623 1.6795007332693774 2.2436232243780978
leaf_count=671 6139 1901 123 63400 9843 807 189 2916 4685 50855 11662 4053 796 213 1691 794 2363 4553 2451 6942 610 3222 3425 464 1361 96 1907 99 16370 564 95 622 3681 5538 851 6518 2166 418 200 48 1563 1060 206 569 297 146 930 33 864 2105 129 114 49 251 206 1497 11 99 255 353 492 362
internal_value=4.53932e-05 -0.0371913 -0.0458261 -0.0591185 0.0418697 0.0249898 0.0113249 -0.0288884 0.0295796 -0.032391 -0.00169896 0.0144517 0.0297351 0.0663562 -0.0225622 0.0366915 0.0220728 -0.00221032 0.0118846 0.00698621 -0.0157386 0.0714405 -0.0405062 -0.0480979 -0.0272518 0.0224048 0.04818 0.0244603 0.0354706 0.0318236 -0.0498922 -0.0211094 -0.00886561 -0.0176736 0.0381784 -0.0164165 0.00141403 -0.027728 0.012932 -0.0838638 0.00406359 0.0126296 0.0311541 -0.0190419 0.0644588 0.00825318 -0.0335761 -0.0138026 -0.0121123 0.0343505 0.0217176 0.0252552 0.0299324 0.0328059 0.0353814 0.0262402 -0.0576837 -0.0321955 -0.0297448 0.0134353 -0.0180964 -0.0479458
internal_weight=1952.2 1032.74 914.477 702.78 919.459 544.268 236.248 401.08 118.26 375.287 211.697 82.485 53.5296 375.192 62.2243 50.8055 25.7933 148.787 74.6858 149.473 112.091 293.183 39.325 35.0906 22.1693 4.23446 82.0089 22.444 308.019 23.8854 18.7781 23.0853 93.313 64.5912 18.069 74.1009 28.7623 45.3386 24.9969 12.9213 31.5662 27.1024 17.1004 10.0019 35.7754 22.8993 5.867 28.9554 20.722 87.4616 41.0201 39.8616 37.7336 36.9172 36.2149 29.8479 2.12793 4.37502 6.7374 3.29688 27.8719 4.46382
internal_count=236893 175000 161341 134453 61893 45659 23150 71053 13659 67455 26888 11461 6251 16234 8284 5455 3598 18599 8490 18604 16600 13065 5517 5298 1825 219 3169 1262 22509 2927 3011 3937 13589 9908 1064 10109 3173 6936 2366 3473 4370 3398 1769 1629 2198 2767 1076 5210 3315 4551 2446 2317 2117 2068 1954 1703 200 198 1402 608 5177 972
is_linear=0
shrinkage=0.05


Tree=1
num_leaves=63
num_cat=0
split_feature=11 9 5 0 7 2 5 6 6 9 9 2 7 0 5 9 6 7 9 6 6 7 6 9 7 2 6 6 6 6 6 6 6 6 6 0 6 6 9 0 6 6 7 6 2 2 2 6 9 9 6 7 6 9 9 6 2 2 5 0 2 5
split_gain=684.564 341.837 681.948 107.09 134.855 87.2579 61.3829 59.6932 45.5006 38.0793 37.3049 32.3946 31.4394 30.4396 26.6263 29.944 25.7377 25.6691 25.2793 25.0505 25.7957 23.2487 21.7855 31.224 20.2103 19.6722 23.8157 19.6131 26.4305 18.9892 18.8569 20.028 18.4433 17.1618 16.6704 18.4634 15.8646 15.7733 25.4778 15.4506 15.7463 15.071 14.8299 20.936 14.7938 14.5197 14.4803 25.7877 14.2268 19.9389 14.0787 19.9846 19.1393 16.6168 27.8146 25.3581 39.1046 24.2063 16.1838 13.8405 14.8959 13.7539
threshold=1.5000000000000002 4.2388713359832773 1.0000000180025095e-35 1.0000000180025095e-35 2.5000000000000004 2.5000000000000004 1.0000000180025095e-35 62.500000000000007 35.500000000000007 7.1103279590606698 14.495828628540041 14.500000000000002 1.5000000000000002 3.5000000000000004 0.012903762981295587 10.891676902770998 22.500000000000004 6.5000000000000009 14.618670940399172 51.500000000000007 55.500000000000007 2.5000000000000004 80.500000000000014 1.0000000180025095e-35 1.5000000000000002 10.500000000000002 33.500000000000007 6.5000000000000009 21.500000000000004 56.500000000000007 70.500000000000014 65.500000000000014 30.500000000000004 17.500000000000004 54.500000000000007 3.5000000000000004 20.500000000000004 49.500000000000007 8.6680073738098162 1.5000000000000002 42.500000000000007 1.0000000180025095e-35 1.5000000000000002 21.500000000000004 3.5000000000000004 11.500000000000002 1.0000000180025095e-35 36.500000000000007 27.319148063659672 36.592109680175788 64.500000000000014 2.5000000000000004 41.500000000000007 17.411015510559086 16.338591575622562 57.500000000000007 1.0000000180025095e-35 3.5000000000000004 0.016261236742138866 4.5000000000000009 1.5000000000000002 0.014815627597272398
decision_type=2 2 2 2 2 2 2 2 2 2 2 2 2 2 2 2 2 2 2 2 2 2 2 2 2 2 2 2 2 2 2 2 2 2 2 2 2 2 2 2 2 2 2 2 2 2 2 2 2 2 2 2 2 2 2 2 2 2 2 2 2 2
left_child=1 2 5 4 29 32 8 14 12 -9 -11 19 -5 -13 33 -16 21 22 37 27 -21 -15 23 24 30 -14 -27 41 44 42 31 34 -1 -6 35 39 -35 38 -3 40 -10 -7 -2 -44 -29 -24 47 -19 -17 -50 52 -52 -8 54 55 -54 -57 61 -53 -48 -61 -55
right_child=3 18 -4 6 7 11 50 9 17 10 -12 13 25 16 15 48 -18 46 -20 20 -22 -23 45 -25 -26 26 -28 28 -30 -31 -32 -33 -34 36 -36 -37 -38 -39 -40 -41 -42 -43 43 -45 -46 -47 59 -49 49 -51 51 58 53 57 -56 56 -58 -59 -60 60 -62 -63
leaf_value=0.036825229966808946 0.065905506701408434 -0.073902414453077117 -0.091165274679233022 -0.0072870213689725924 0.052570481850370603 -0.020831110976748109 0.026932487141008279 -0.10213310258329558 -0.10077103373807719 0.038961023835956593 -0.073231526741510553 0.0021252717105960345 0.020538776314930302 -0.067016972906088393 -0.10201715838486997 0.025286394947129833 -0.035381977674145457 0.078055177691785119 0.03017169394308887 -0.082169402638798905 -0.019101294843483777 -0.0051234392829348782 0.05988542869973075 -0.075255469525460361 0.006552035083255363 0.0032366062809524193 -0.099432409661804083 -0.10102102201162351 -0.0060372793303645287 0.083958442188673599 0.039795009668876821 -0.099487539472220721 0.0025034288526060728 -0.10168534927053824 0.011399914183264862 -0.007785201147486669 0.023508865089102271 0.013320282656495323 0.00036633613992469237 -0.072923566095496162 0.012606686098423126 -0.099942363179804608 -0.046063176563548906 0.04485129038941077 0.035328781597192292 -0.097777655653908835 -0.0011610893411077795 -0.10200579552383689 -0.10077134000023923 0.011252844964734521 0.052103575493181176 0.017796456371261191 0.01321387070110072 -0.10070966188333647 -0.10020510713993853 0.070616582195107344 -0.046045706844745231 0.031706945965718325 0.062938285516001238 -0.10151312898368288 -0.02110349029695547 -0.0005300989171777167
leaf_weight=79.251016153022647 93.272413677535951 13.779968426795675 375.46000495331828 155.22837517084554 58.463976301252842 68.924039222998545 262.85058676428162 15.581748329102991 3.9432868827134397 18.40012297406793 12.404224813450126 83.293053507339209 671.76265036128461 17.07151067070663 7.552915825508534 30.85921332007274 506.88691781368107 2.4595588482916346 180.13279852643609 21.061738339485601 70.428400895325467 136.37220348324627 22.264664431568239 13.1923098010011 628.75622125924565 102.14799751760438 5.9789966281969091 2.0604417379945508 278.0590232872637 74.893155939877033 15.871223303489385 7.0864081983454517 77.338589960243553 2.5609858371317378 47.139748926274478 69.098271586000919 212.3238726449199 245.39177766558714 71.279123777523637 26.894285958260298 13.708973636850713 6.5962815275415769 7.1586775174364439 54.862292479723692 57.658908660290763 1.5627892175689329 121.08675896003842 10.381083745509384 6.4636603542603579 10.304391995072363 73.100613319315016 208.39075800543651 161.74845839780755 3.6584538049064568 6.6762304534204295 8.5976381227374059 43.65616456605494 137.68460049550049 21.945546034257859 6.0757092405110589 110.69412024086341 53.961407529190183
leaf_count=715 522 1761 63439 5416 331 2516 2797 553 86 183 158 3619 7502 1531 188 222 44293 15 3917 2031 5763 6509 240 671 11912 3146 378 66 14274 240 416 385 2076 33 1330 3857 1681 16643 4542 460 163 379 65 270 926 144 2254 290 44 24 545 3190 2964 76 193 44 1428 1293 207 180 5562 235
internal_value=0.000428896 -0.0209628 -0.0313054 0.0139573 0.0331548 -0.015309 0.0101077 0.0146594 0.00515366 -0.0384362 -0.00621642 -0.019722 0.0132626 -0.026358 0.0221562 -0.00952528 -0.0299508 -0.00173849 0.015103 -0.00994627 -0.0336201 -0.0120095 0.00241033 0.00105015 0.0022891 0.0173528 -0.00244059 -0.0047057 0.000444525 0.063279 -0.0122984 -0.0172236 0.0198739 0.0285516 -0.0135979 -0.0239669 0.0220168 0.00688885 -0.0116655 -0.0490671 -0.0127204 -0.027741 0.0533059 0.0343576 0.0306244 0.0495447 -0.0157973 -0.067516 0.00514244 -0.0319296 0.0203729 0.0293261 0.0163708 0.00969703 0.00029585 0.00343118 -0.0268505 0.0203196 0.0220974 -0.0130053 -0.0252873 -0.00689079
internal_weight=5913.75 2291.05 1780.46 3622.71 605.102 1405 3017.6 374.915 2035.33 46.3861 30.8043 1248.41 935.118 743.624 328.529 55.1802 660.331 1100.22 510.584 504.789 91.4901 153.444 849.518 825.691 812.498 779.89 108.127 413.299 337.778 230.187 183.742 167.871 156.59 273.349 160.785 113.645 214.885 330.451 85.0591 44.5465 17.6523 75.5203 155.293 62.021 59.7194 23.8275 250.697 12.8406 47.6273 16.7681 982.27 303.437 678.834 415.983 220.678 214.002 52.2538 195.304 230.336 237.857 116.77 57.6199
internal_count=236893 175000 148137 61893 4514 84698 57379 3417 44407 894 341 81907 16442 55952 2523 478 52333 27965 26863 25955 7794 8040 19664 19280 18609 11026 3524 18161 15266 1097 6697 6281 2791 2045 5896 4566 1714 22946 6303 709 249 2895 857 335 992 384 8301 305 290 68 12972 3942 9030 6233 4629 4436 1472 1604 3397 7996 5742 311
is_linear=0
shrinkage=0.05


Tree=2
num_leaves=63
num_cat=0
split_feature=11 9 4 2 7 2 7 6 1 6 2 6 6 6 1 7 1 1 6 9 1 9 1 6 9 6 6 9 7 6 9 1 6 9 2 6 6 3 7 7 6 9 2 1 2 9 9 9 9 7 9 6 6 9 4 3 9 1 6 7 7 6
split_gain=579.052 203.767 561.927 137.726 110.988 100.859 41.9091 27.2691 26.2092 24.3534 23.807 22.3608 21.3866 17.407 26.6416 17.0915 28.8433 29.7247 15.9412 15.8972 15.644 15.2617 14.9731 14.9455 14.9208 16.5708 14.1247 21.7481 14.0635 37.9369 13.9509 18.1415 13.7783 12.8706 18.6506 23.8339 21.2333 36.361 24.3023 19.3705 17.9485 26.0298 16.2734 15.149 21.3454 17.1866 17.9517 28.632 16.0527 13.2037 23.779 12.6395 15.8075 12.4803 17.2644 17.27 14.381 12.4455 12.111 14.8838 14.6778 11.6697
threshold=1.5000000000000002 1.0000000180025095e-35 60.000000000000007 1.5000000000000002 2.5000000000000004 8.5000000000000018 1.5000000000000002 73.500000000000014 0.016261236742138866 78.500000000000014 1.5000000000000002 40.500000000000007 21.500000000000004 2.5000000000000004 0.015749008394777778 3.5000000000000004 1.0000000180025095e-35 0.015749008394777778 1.0000000180025095e-35 31.842773437500004 0.012903762981295587 8.26232957839966 0.014389234129339458 49.500000000000007 41.323984146118171 17.500000000000004 59.500000000000007 27.995016098022464 3.5000000000000004 26.500000000000004 8.7217597961425799 0.014815627597272398 79.500000000000014 6.804225206375123 8.5000000000000018 61.500000000000007 71.500000000000014 0.015038444194942715 3.5000000000000004 4.5000000000000009 63.500000000000007 7.5518369674682626 12.500000000000002 0.012739370577037336 18.500000000000004 9.2098617553710955 22.863738059997562 25.580387115478519 41.323984146118171 5.5000000000000009 21.641689300537113 18.500000000000004 25.500000000000004 18.646760940551761 3.5000000000000004 0.013072453904896976 21.969841957092289 0.015504807699471714 59.500000000000007 2.5000000000000004 7.5000000000000009 54.500000000000007
decision_type=2 2 2 2 2 2 2 2 2 2 2 2 2 2 2 2 2 2 2 2 2 2 2 2 2 2 2 2 2 2 2 2 2 2 2 2 2 2 2 2 2 2 2 2 2 2 2 2 2 2 2 2 2 2 2 2 2 2 2 2 2 2
left_child=1 2 -1 4 8 10 9 12 -2 -5 28 15 13 14 -6 16 18 -18 -7 23 -14 -10 -17 -3 -21 -26 27 -22 -4 -30 31 -28 -9 34 35 61 37 39 -38 -37 41 -35 -43 44 45 -44 -47 -48 -46 50 -45 -20 -53 -51 -55 -56 -57 -41 59 -13 -60 -8
right_child=3 19 5 6 7 11 33 32 21 -11 -12 58 20 -15 -16 22 17 -19 51 24 26 -23 -24 -25 25 -27 30 -29 29 -31 -32 -33 -34 40 -36 36 38 -39 -40 57 -42 42 43 49 48 46 47 -49 -50 53 -52 52 -54 54 55 56 -58 -59 60 -61 -62 -63
leaf_value=-0.087432483450543941 0.036874193492961449 -0.011814429525562123 0.03895432366425218 -0.014475562900005776 -0.047669127439633523 -0.059332541614248613 0.010327106799174673 -0.10170890362126346 0.067497762923114546 0.051077703788705534 -0.00032150410857051561 -0.060490386507033603 -0.10094265105606733 0.053123987336535963 0.032908499728416328 -0.014440676330685421 -0.063803101748667337 0.019105316942887099 0.035907673327906321 0.052220122906136313 0.012275954663536329 -0.023708226753390016 0.012725849478651994 0.0085359932918969827 0.085677041660433495 -0.099869701318203608 0.068195295120981214 -0.10075310451865899 0.041139285566497048 -0.073248506628665597 0.050462758762705166 -0.016972622315707887 -0.00055580351695206167 -0.099649411945112509 -0.0032874806343097343 -0.10048668414984659 0.057673460276856096 -0.10057848714757173 -0.032621966627136699 -0.031842684765600753 0.023557760474731737 0.015348446655178228 0.061532414740151802 -0.0017161920653561589 -0.10110506797593928 -0.071134051598533685 0.088508726450053643 -0.10190912559204926 0.023873040842088675 0.036747790774943605 -0.10224188958076225 -0.095867229471964355 -0.003554203000449006 0.018757087965169155 -0.10069410557124575 0.070188572696165755 -0.1005208714339771 0.07952238288635867 -0.016795550504726399 -0.031834036513495034 -0.094201355830956887 0.031901439737866778
leaf_weight=326.45060388359707 150.19608501298353 116.04788961354643 76.080653611570597 276.1804251272697 12.652218361385165 13.397418292239307 723.31554087763652 7.0330882370471937 176.34800138138235 14.934183757286517 281.26784781226888 57.70786203769967 2.9448616029694668 71.72208184748888 54.213931495323777 240.21520865126513 66.838191674323753 12.896903147920964 18.393288112012669 30.217644072137773 449.80972534650937 4.7091293409466735 64.296205255202949 405.37631518929265 1.8062161952257145 3.6049459995701909 8.7686699507758039 4.2964550051838151 19.71411665529013 11.463123256573452 49.298335192259401 21.790675763273612 6.4574635876342654 5.4883881784044197 392.23037564964034 3.1440887711942223 13.972861934453251 16.334984097164124 15.966825104318557 3.8750163894146663 300.87763098883443 427.01716216327623 7.7419963390566435 73.87952072545886 12.279038220643995 10.434253855608405 5.9645275343209487 2.9507820904254913 3.2492181062698355 45.222622939152643 6.3916841140016905 5.0856436910107723 52.617284296546131 33.51371818780899 7.2114214422181231 3.875405331607908 1.8098686477169392 7.1151896808296442 141.05857609631494 210.94253846211359 6.4022224773652843 68.626076247543097
leaf_count=63400 1312 7229 832 11429 238 1058 11187 211 811 125 11891 4662 137 289 351 17596 5966 546 384 196 3753 24 2923 19521 4 61 120 75 141 672 298 640 324 452 14240 175 166 804 819 259 3875 4527 157 1496 406 319 12 34 6 948 96 379 2828 198 140 16 42 79 12211 21293 1207 1303
internal_value=0.000509659 -0.01984 -0.0288839 0.0130655 0.0285321 -0.0139327 0.00671191 0.0170973 0.0523159 -0.0111127 0.00732155 -0.0232128 0.018503 0.0360142 0.0176618 -0.0157845 -0.028524 -0.0503929 -0.00903977 0.00621475 0.0139829 0.0651256 -0.00870459 0.00400681 0.0385277 -0.0379352 0.0146168 0.0112065 0.0273643 -0.000918362 0.0340088 0.00746538 -0.0532904 0.00907863 0.00573535 0.00988743 -0.0203855 -0.0497702 0.00951894 0.00894893 0.0134683 0.00877654 0.00970412 -0.00153109 -0.0282158 -0.00142649 -0.0266171 0.0254844 -0.074954 0.00508477 -0.00972066 -0.000185277 -0.0116902 0.0180544 -0.000160487 -0.0493202 0.0158444 0.0402564 -0.0316698 -0.0379896 -0.0201562 0.0121966
internal_weight=5665.72 2161.88 1604.83 3503.84 1020.24 1278.38 2483.6 688.988 331.253 291.115 388.526 889.851 675.497 138.588 66.8661 473.74 169.229 79.7351 89.4936 557.053 536.909 181.057 304.511 521.424 35.6288 5.41116 533.964 454.106 107.258 31.1772 79.8577 30.5593 13.4906 2192.49 1244.58 852.351 60.409 30.4693 29.9397 14.1343 947.907 647.03 641.541 214.524 42.6198 27.0916 19.3496 8.91531 15.5283 171.904 80.2712 76.0962 57.7029 91.633 46.4104 12.8967 5.68527 10.9902 416.111 268.65 147.461 791.942
internal_count=236893 175000 147989 61893 8583 84589 53310 6436 2147 11554 13536 71053 5901 878 589 31680 11161 6512 4649 27011 5023 835 20519 26750 261 65 4886 3828 1645 813 1058 760 535 41756 29032 14792 2302 1317 985 513 12724 8849 8397 3870 934 522 365 46 412 2936 1592 3591 3207 1344 396 198 58 338 39373 25955 13418 12490
is_linear=0
shrinkage=0.05


Tree=3
num_leaves=63
num_cat=0
split_feature=11 9 4 2 7 2 7 6 6 0 9 6 0 0 2 0 6 4 6 9 4 4 6 7 0 9 9 0 7 0 6 0 7 0 9 9 6 6 7 9 9 6 7 0 0 6 6 6 6 9 9 5 0 7 0 0 6 6 0 6 6 6
split_gain=530.286 147.287 459.085 116.932 87.6353 83.9045 40.1308 22.3519 21.2224 28.9203 20.5563 18.8732 17.2638 17.1546 15.993 15.8793 17.679 17.5078 19.7696 15.5955 18.5638 15.4545 15.015 17.8813 19.6193 15.1557 16.5725 14.3332 17.9133 21.8971 13.8619 13.739 13.7254 13.7084 22.5992 18.0275 17.5482 13.2426 13.0727 20.6524 16.0816 12.8656 12.6443 12.6316 12.0008 11.6072 13.0954 11.4149 18.3963 12.1927 14.6599 16.2779 11.9641 17.2498 14.3363 10.9987 11.2445 10.9581 34.2413 10.5398 10.4078 11.4862
threshold=1.5000000000000002 1.0000000180025095e-35 60.000000000000007 1.5000000000000002 1.5000000000000002 5.5000000000000009 1.5000000000000002 78.500000000000014 29.500000000000004 3.5000000000000004 20.13523101806641 56.500000000000007 14.500000000000002 1.0000000180025095e-35 15.500000000000002 6.5000000000000009 80.500000000000014 12.500000000000002 74.500000000000014 18.646760940551761 4.5000000000000009 13.500000000000002 21.500000000000004 2.5000000000000004 1.0000000180025095e-35 19.846727371215824 41.323984146118171 14.500000000000002 3.5000000000000004 4.5000000000000009 25.500000000000004 13.500000000000002 6.5000000000000009 13.500000000000002 8.7831611633300799 7.3838927745819101 58.500000000000007 35.500000000000007 3.5000000000000004 6.717886447906495 7.9144067764282235 61.500000000000007 4.5000000000000009 1.5000000000000002 7.5000000000000009 24.500000000000004 21.500000000000004 44.500000000000007 34.500000000000007 10.318618297576906 10.891671657562258 0.015268065501004459 14.500000000000002 3.5000000000000004 12.500000000000002 3.5000000000000004 16.500000000000004 22.500000000000004 9.5000000000000018 78.500000000000014 6.5000000000000009 14.500000000000002
decision_type=2 2 2 2 2 2 2 2 2 2 2 2 2 2 2 2 2 2 2 2 2 2 2 2 2 2 2 2 2 2 2 2 2 2 2 2 2 2 2 2 2 2 2 2 2 2 2 2 2 2 2 2 2 2 2 2 2 2 2 2 2 2
left_child=1 2 -1 4 13 11 7 55 14 32 15 -4 31 -2 60 16 45 19 21 47 -21 -19 25 24 -24 -6 -27 28 43 -30 -26 37 -10 35 36 -3 42 -11 -38 -40 -41 -42 -35 -16 -20 46 -8 48 52 -50 51 -51 53 -17 -55 -5 -57 58 -25 -47 -7 -62
right_child=3 33 5 6 22 8 10 -9 9 12 -12 -13 -14 -15 27 17 -18 18 44 20 -22 -23 23 57 30 26 -28 -29 29 -31 -32 -33 -34 34 -36 -37 38 -39 39 40 41 -43 -44 -45 -46 59 -48 -49 49 50 -52 -53 -54 54 -56 56 -58 -59 -60 -61 61 -63
leaf_value=-0.083534975021957447 0.071590985168156179 0.051065217856621097 0.014578692996240367 0.010292288129647602 0.037366991022480242 -0.016818192908105805 0.01437529810084057 0.051156582288862329 -0.006136342282992549 -0.079030130491711648 0.02093103047893095 -0.040669717652690784 -0.024338613796523991 0.033224667055374295 0.029162927484260321 -0.099619309020984759 0.045657504671428109 -0.097778608712264403 0.026569327459590005 -0.10226678141842838 0.0093948467407903597 -0.0013376869897709263 0.058783338414142787 -0.10176701951951608 -0.10071572540356495 -0.10105301502845201 0.072806200071522387 -0.037076190244219452 -0.097279469076439501 0.010912245998702649 0.022806716073591488 -0.09192722865236036 0.050203287551418445 -0.027117524688455755 0.006814372758456662 -0.097035123779202634 0.010112699417576525 -0.033207806047244347 -0.097334413109234602 0.010356101237415384 0.014894641288616074 -0.078710730925691225 -0.095234285132177382 -0.062342961480097825 -0.098007493633535503 0.0077096052934168356 0.04626321790465926 0.020713625826025941 -0.099521455278832716 0.068481296088559754 -0.050124130740793249 -0.10291334150704251 0.039041016060393417 0.029101077770464719 -0.10106602166750162 -0.049247679354053518 -0.014355856298172221 0.014397959643084261 0.081741453697193836 -0.055933015319435224 0.040780091837965493 0.00136811792508969
leaf_weight=293.73173924756702 115.15401032939553 23.478153532370929 246.3296753661707 39.310109750367701 158.6784970164299 44.148563636699691 165.06117481691763 13.78418123256415 52.413397300057113 18.145807720255107 316.15848462795839 16.492732203565538 433.59820466511883 39.00391523167491 4.6497624944895533 4.37387602683157 36.260734244249761 4.1885185851715496 2.4994523925706735 6.4112663120031348 8.8744224668480438 504.85611701826565 49.397263843566179 7.0844722203910333 2.3310120701789847 4.0811847778968504 2.0637995153665543 71.739301833324134 4.9999254811555138 72.341917937621474 88.647716725245118 13.573073874693362 13.619237322360275 20.290742641314868 400.86511978227645 2.2518476443365207 55.008646382484585 120.29033372877166 8.2359428773634118 30.326966288965195 5.2891652989201274 11.997612591832874 10.256574606988577 19.963682741858065 8.5330814900808019 727.81202775915153 39.998357960954309 200.44651411194354 5.723228836432102 6.8084333539009112 13.457526388578115 1.73916036542505 26.680543498601764 15.373156419023873 2.4528090059757224 26.070222483947873 202.01609974075109 520.63719050795771 3.9645539969205856 6.5640847380273035 26.081164784729481 63.488637477625161
leaf_count=63400 624 753 5881 1269 946 2680 2125 125 2524 2074 2387 1567 39299 657 178 144 475 233 98 119 79 17218 189 47 17 41 6 6287 567 2988 545 2046 241 1414 14142 276 2152 13249 1576 2467 350 1515 2366 2160 847 12785 250 3414 249 48 273 53 325 227 59 1499 8661 5505 6 348 277 2571
internal_value=0.000564633 -0.0192712 -0.0274093 0.0128051 0.027241 -0.013917 0.00680773 -0.0109334 -0.020776 -0.0258846 0.00917836 0.0111117 -0.0294217 0.0618838 -0.00994701 0.00710036 0.0113999 0.00193673 -0.00356636 0.0117268 -0.0374393 -0.00213122 0.0208596 0.0175429 0.0334155 0.0343833 -0.0426622 -0.0199534 -0.00790515 0.00391797 0.0196419 -0.0439209 0.00548371 0.002444 0.000751997 0.0381037 -0.016434 -0.0392141 -0.00718797 -0.0242281 -0.0115826 -0.0500707 -0.0499884 -0.0450564 -0.0697843 0.0100776 0.0205953 0.0144394 -0.0019772 -0.0345085 -0.0175995 0.033608 0.0164768 -0.0106416 0.0111904 -0.0141341 -0.018344 0.0133523 -0.0359215 0.00714075 0.00305084 0.0128442
internal_weight=5460.11 2083.61 1515.61 3376.5 991.044 1221.88 2385.45 281.181 959.053 651.64 2104.27 262.822 585.607 154.158 307.413 1788.11 975.696 812.418 520.077 292.341 15.2857 509.045 836.886 672.062 140.376 164.823 6.14498 173.695 101.955 77.3418 90.9787 152.009 66.0326 568.001 542.271 25.73 141.406 138.436 110.858 55.8497 47.6137 17.2868 30.5473 24.6134 11.0325 939.436 205.06 277.055 76.6087 27.7283 22.0051 8.54759 48.8804 22.1998 17.826 267.396 228.086 531.686 11.049 734.376 133.718 89.5698
internal_count=236893 175000 147989 61893 8583 84589 53310 11554 77141 59433 41756 7448 56668 1281 17708 39369 15983 23386 18396 4990 198 17451 7302 6309 751 993 47 12180 5893 3555 562 17369 2765 27011 25982 1029 11840 15323 8060 5908 4332 1865 3780 2338 945 15508 2375 4792 1378 623 374 101 755 430 286 11429 10160 5558 53 13133 5528 2848
is_linear=0
shrinkage=0.05


Tree=4
num_leaves=63
num_cat=0
split_feature=2 9 4 0 7 2 7 7 10 0 0 0 7 9 9 4 4 9 7 9 9 2 3 7 2 7 4 0 4 9 4 9 0 0 4 9 4 9 9 9 0 2 9 2 3 9 1 4 4 2 9 9 0 9 5 0 2 2 4 9 0 9
split_gain=423.412 293.004 403.501 57.9817 79.2668 49.1145 19.799 18.2555 16.9704 16.4356 23.5196 15.2227 13.9028 19.0212 18.3905 30.8091 22.521 14.4253 14.4242 24.7894 19.5309 16.2122 18.7158 13.7527 13.3637 45.0242 18.8011 12.8163 22.976 11.9183 20.4261 12.1402 11.9318 10.9644 10.5396 10.1246 9.40535 20.5541 19.1965 13.8995 12.2736 9.27449 9.25408 18.2579 15.9895 10.0501 25.4079 10.6298 10.6517 12.9156 10.0474 9.8131 15.4372 19.4577 38.1837 12.9937 13.3666 11.9896 14.122 10.561 8.88044 10.9006
threshold=5.5000000000000009 1.0000000180025095e-35 60.000000000000007 1.5000000000000002 1.5000000000000002 14.500000000000002 2.5000000000000004 6.5000000000000009 1.0000000180025095e-35 15.500000000000002 17.500000000000004 5.5000000000000009 2.5000000000000004 10.833029270172121 10.499359607696535 9.5000000000000018 17.500000000000004 10.721748352050783 3.5000000000000004 9.8916802406311053 10.136792182922365 13.500000000000002 0.014389234129339458 2.5000000000000004 2.5000000000000004 4.5000000000000009 1.5000000000000002 11.500000000000002 1.5000000000000002 21.346418380737308 2.5000000000000004 12.828980922698976 1.0000000180025095e-35 1.0000000180025095e-35 1.5000000000000002 10.306714534759523 11.500000000000002 9.7623982429504412 7.2775239944458017 9.7217559814453143 1.5000000000000002 6.5000000000000009 23.368283271789554 1.5000000000000002 0.015268065501004459 28.862533569335941 0.015749008394777778 3.5000000000000004 1.0000000180025095e-35 2.5000000000000004 25.580387115478519 9.3475546836853045 4.5000000000000009 14.977418899536135 0.013793759513646366 6.5000000000000009 2.5000000000000004 1.5000000000000002 5.5000000000000009 10.891671657562258 5.5000000000000009 9.0829286575317401
decision_type=2 2 2 2 2 2 2 2 2 2 2 2 2 2 2 2 2 2 2 2 2 2 2 2 2 2 2 2 2 2 2 2 2 2 2 2 2 2 2 2 2 2 2 2 2 2 2 2 2 2 2 2 2 2 2 2 2 2 2 2 2 2
left_child=3 2 8 4 33 6 41 -7 -2 -8 -11 -9 13 27 15 18 17 -16 19 -14 21 22 -20 -6 29 34 -27 -3 -29 30 31 -25 -33 -1 -26 36 38 39 -17 40 -38 -4 51 -44 50 46 -46 48 49 -47 -45 57 -53 55 -55 56 -54 58 -5 -58 61 -42
right_child=1 12 5 42 23 7 9 11 -10 10 -12 -13 14 -15 16 35 -18 -19 20 -21 -22 -23 -24 24 25 26 -28 28 -30 -31 -32 32 -34 -35 -36 -37 37 -39 -40 -41 60 -43 43 44 45 47 -48 -49 -50 -51 -52 52 53 54 -56 -57 59 -59 -60 -61 -62 -63
leaf_value=0.069887706385577647 -0.080232781846489742 0.042755975863425111 -0.045421471342361214 -0.10281816887911788 0.036554524714644834 -0.026945528609812825 0.0058234758161902003 0.020896646763869944 0.091272133463481578 -0.075904898050255826 -0.0070709193561689018 -0.016121213731793121 -0.099601162673101651 -0.098942477884018346 0.044904062448265843 -0.098013543027841044 -0.05412291585717896 0.010453867325959515 0.050547964583495621 0.016553513924575661 -0.077223284599112374 -0.019545057644282215 -0.10172341162805686 -0.10203237705920157 -0.10202625159557976 0.052990442419718509 -0.057830887539255138 -0.097370462335275382 0.018923501339515071 0.047969460429009805 0.020500011442335559 -0.10354202223241993 0.036458466542536053 0.037774912425025411 0.038427849910606902 -0.099788644401828996 -0.10234000216501771 -0.096820575973204828 0.035675673870002284 0.079317937855178877 0.038633251363883882 -0.014295536923064895 -0.10092672865404334 0.012209110583848421 -0.10052636974983753 0.05970991172897297 0.04254899626728461 -0.035288547279781084 0.055898818768142823 -0.10238716320597321 -0.10078969980184516 0.036482080487194507 -0.1022258516510888 0.056766988746025399 -0.081161507693223667 0.034477934549380765 -0.10049704214849467 0.0066224100143348584 0.018275303447398902 0.041831444435176474 -0.00077231665634202521 -0.099399445179120791
leaf_weight=108.99821180291474 271.14800385670969 61.44641026481986 26.714527689386159 2.422503773123025 119.40374243725091 610.27905247057788 367.29871030594222 35.311327308416367 1.4500910704955448 13.021669103298334 264.09567302768119 130.07486279890873 14.083745421376081 3.1398343215696505 31.780453571118414 2.847853008657693 13.124437709804623 692.79250678326935 17.099011676386002 6.8166204160079351 11.417786735109983 64.728122843429446 2.2879736591130486 5.2495217933319491 1.3821933940052975 4.383556122891604 30.152475625742227 4.4907129900529972 78.315106599126011 37.569703102577478 422.98955493047833 2.1183233894407749 5.4054227024316788 35.153543543070555 39.675916797481477 2.1565572326071552 2.7008219826966515 4.9820565283298484 47.002506102435291 6.2640646230429402 25.70688917813823 229.79915553564206 4.8514659516513339 3.0104864947497827 5.9237653594464046 2.3345625139772954 6.5163793321698904 5.5822502961382261 21.439144732430577 2.5946180745959282 5.6764560341835022 98.346549678593874 3.7673498447984439 7.7070782785303917 14.379942224361001 45.020410160534084 1.6459046714007852 693.96773245139048 392.76148817967623 6.2624793015420437 116.27241655578837 1.5145659307017911
leaf_count=624 63438 657 1224 42 610 50193 10559 1005 13 956 18348 13001 1376 135 825 473 675 11788 263 191 840 5953 152 101 32 32 734 250 1757 265 3640 36 27 657 350 90 209 396 1628 46 554 9670 68 21 86 8 20 46 67 19 80 732 68 49 256 394 41 16768 4829 58 9428 40
internal_value=0.000721885 -0.0109022 -0.0229025 0.0179139 0.028429 -0.0137295 -0.00578887 -0.0229524 -0.0793205 -0.00111241 -0.0103054 -0.00821759 0.00841358 0.022805 0.0064192 -0.00347297 0.0107891 0.0119649 -0.0240925 -0.0617175 -0.0158611 -0.00753176 0.0325775 0.021176 0.0178308 -0.00169084 -0.0437647 0.025455 0.0126167 0.0209485 0.0186189 -0.0436758 -0.00295891 0.0620565 0.0336996 0.00798957 0.00911084 0.00311787 0.0280383 0.00638366 0.00325862 -0.0175371 0.0114622 -0.00808005 0.000406426 0.0125464 -0.0255808 0.0273915 0.0406611 -0.0256146 -0.0616296 0.0123562 0.0232708 0.00677886 -0.0330325 0.0222881 -0.0247146 0.0105812 0.017533 0.0122098 0.00524618 0.0309533
internal_weight=5296.86 3160.16 1949.19 2136.69 812.482 1676.59 900.93 775.665 272.598 644.416 277.117 165.386 1210.97 147.392 1063.58 325.881 737.697 724.573 116.433 20.9004 95.5329 84.1151 19.387 668.33 548.927 75.5941 34.536 144.252 82.8058 473.333 435.763 12.7733 7.52375 144.152 41.0581 209.448 207.291 157.441 49.8504 152.459 146.195 256.514 1324.21 57.9291 53.0777 44.3907 12.4401 31.9506 26.3683 4.92918 8.68694 1266.28 177.13 78.7832 22.087 56.6961 11.6757 1089.15 395.184 7.90838 143.494 27.2215
internal_count=236893 206133 168407 30760 7108 104956 40757 64199 63451 29863 19304 14006 37726 2799 34927 21639 13288 12613 8775 1567 7208 6368 415 5827 5217 1148 766 2664 2007 4069 3804 164 63 1281 382 12864 12774 10673 2101 10277 10231 10894 23652 415 347 246 106 140 94 27 101 23237 1598 866 305 561 167 21639 4871 99 10022 594
is_linear=0
shrinkage=0.05


Tree=5
num_leaves=63
num_cat=0
split_feature=11 0 7 7 6 2 0 6 7 2 0 7 7 0 4 4 6 6 7 4 2 7 6 7 6 7 6 2 4 0 0 6 6 6 6 0 6 6 0 4 7 6 2 6 7 6 4 7 0 7 6 6 7 6 6 6 0 4 6 4 6 0
split_gain=455.655 114.543 71.5108 49.2823 47.9317 110.749 51.5873 37.6055 35.0789 33.9956 32.3023 30.4724 25.3772 21.1608 19.5249 18.8148 19.6944 23.48 17.2378 16.9317 16.8868 15.5732 15.5559 19.1907 18.0985 14.6436 14.2205 18.9317 18.4584 13.9494 14.2395 16.7565 13.9316 13.4034 13.2963 13.1973 12.9097 12.8873 21.6971 12.6947 12.558 12.2264 11.8066 11.2157 26.2963 12.2936 11.1706 23.3664 11.1379 11.0832 19.6149 10.514 10.7667 10.3878 12.5071 13.5695 10.1062 10.0889 9.9772 9.82558 9.80832 10.5426
threshold=1.5000000000000002 2.5000000000000004 1.5000000000000002 1.5000000000000002 52.500000000000007 17.500000000000004 8.5000000000000018 46.500000000000007 1.5000000000000002 18.500000000000004 1.0000000180025095e-35 5.5000000000000009 3.5000000000000004 11.500000000000002 9.5000000000000018 5.5000000000000009 38.500000000000007 21.500000000000004 7.5000000000000009 14.500000000000002 2.5000000000000004 5.5000000000000009 25.500000000000004 3.5000000000000004 28.500000000000004 6.5000000000000009 26.500000000000004 10.500000000000002 14.500000000000002 13.500000000000002 11.500000000000002 14.500000000000002 64.500000000000014 44.500000000000007 24.500000000000004 1.0000000180025095e-35 6.5000000000000009 22.500000000000004 5.5000000000000009 1.5000000000000002 3.5000000000000004 62.500000000000007 9.5000000000000018 65.500000000000014 5.5000000000000009 64.500000000000014 2.5000000000000004 5.5000000000000009 3.5000000000000004 2.5000000000000004 83.500000000000014 66.500000000000014 7.5000000000000009 60.500000000000007 34.500000000000007 44.500000000000007 1.0000000180025095e-35 1.0000000180025095e-35 51.500000000000007 13.500000000000002 36.500000000000007 9.5000000000000018
decision_type=2 2 2 2 2 2 2 2 2 2 2 2 2 2 2 2 2 2 2 2 2 2 2 2 2 2 2 2 2 2 2 2 2 2 2 2 2 2 2 2 2 2 2 2 2 2 2 2 2 2 2 2 2 2 2 2 2 2 2 2 2 2
left_child=2 3 -1 10 5 7 12 20 13 22 -2 29 -7 41 -10 16 17 -13 -17 32 33 36 -5 -24 35 -11 27 28 -16 30 60 -32 -6 -4 -15 -25 40 -14 -39 -34 -22 -3 -9 45 48 -21 47 -26 56 -28 -51 52 -41 54 -12 -56 -45 -18 -57 -29 -8 -62
right_child=1 8 4 9 19 6 11 42 14 25 53 15 37 34 26 18 57 -19 -20 43 21 -23 23 24 46 -27 49 59 -30 -31 31 -33 39 -35 -36 -37 -38 38 -40 51 -42 -43 -44 44 -46 -47 -48 -49 -50 50 -52 -53 -54 -55 55 58 -58 -59 -60 -61 61 -63
leaf_value=-0.075790599127549152 0.067766080458476791 -0.009840455264220227 0.017337120004441698 0.031846852856260412 0.012241927746332325 -0.041683797618754868 -0.088547164936000108 -0.025054494727866736 0.014302961342877042 -0.10196014673375597 0.030028578906108539 0.0037788570176174362 0.035419568019188885 -0.087675999638320845 -0.10034474158374673 -0.049746792159701757 -0.047492835164854044 -0.087316911981906969 -0.016601617611483026 -0.019676879342783653 -0.056534055168291179 -0.025416845535589389 0.028432514615922735 -0.10197050528621872 0.062205293490525074 0.037697275594065924 0.012379639862079983 0.046557542738224017 0.019491261653686236 -0.057295524707005635 0.040257141236115172 -0.037533535309474883 -0.047061890019241229 -0.10308398273404061 -0.027371583973461011 -0.0073515914604361911 0.0032054778109740856 0.014072379421476667 -0.05492061561909483 -0.045022091023729588 -0.0011916860627815792 0.028490543590004153 -0.068211781192424589 0.042070220492353719 -0.040151364578861128 -0.075117597627843161 0.010762566658826564 0.0014375721178801039 0.0099171928516630856 -0.0021671999423111135 -0.099668227711583887 0.0028356989257265178 0.026700480022945196 0.057784828073293985 -0.10051204263252872 0.023569309541934133 -0.097609850664988007 0.026712467918206154 -0.098566915347929995 -0.023404930352686454 0.017256359854493898 -0.066895461225243508
leaf_weight=53.729981050593778 97.500957241281867 122.34268242120743 114.58440334210172 252.71368929743767 157.14235601294786 36.464247160591185 12.390652236994358 41.348822448402643 566.05650621373206 8.0466460119932872 20.978285398334265 15.309384298976513 28.74397013685666 10.628709835000334 3.2556298505514851 110.57063102046959 5.3108899020589879 13.149123496143146 60.794536612462252 171.58645560801961 19.262900867499411 86.798745159525424 267.72416168544441 5.6131635084748295 33.173926879651845 2.4480202216655007 142.91011777613312 5.6491858186200252 247.5133449039422 274.31996871007141 11.86348620709032 16.621723459102213 18.811276826541871 2.3582955431193104 65.283608669415116 10.729783278889952 241.60096970433369 39.513674834743142 16.013717253692448 24.405321639264006 21.909312591888011 25.065907524898648 25.695461977273226 1.8082909518852819 40.021234479499981 10.617859250400214 434.3982739248313 30.239037463441491 118.05986129911616 706.03586311382242 5.1962697892449787 125.84262339188717 6.6605772045440963 12.312447842210529 4.6604257710278025 9.0888114217668754 4.5617427392862737 33.305881371721625 2.0490605421364299 44.946230822009966 6.8552945526316753 8.1427301671355945
leaf_count=12682 631 5136 1525 1704 5387 3501 1530 2361 7651 304 520 1276 996 1081 79 16890 582 2484 8026 16010 1343 7088 2001 87 176 30 2550 85 3219 41076 394 1794 1318 104 4057 151 10765 1806 1785 3855 1167 580 3205 90 5224 1426 6177 276 8201 22397 325 7522 585 140 293 203 395 1134 142 1871 493 947
internal_value=-9.21317e-05 0.0117559 -0.0188972 0.0239625 -0.0173071 -0.0231447 -0.036519 -0.00648905 0.00427665 0.0201544 0.0511119 -0.0428216 -0.00683561 -0.0143675 0.00669516 -0.0292008 -0.00675116 -0.0383115 -0.037988 -0.00662942 -0.00165126 -0.00689128 0.0210627 0.0175771 0.0119245 -0.0693832 0.00296828 0.0123064 0.0179355 -0.0526574 -0.0298861 -0.00513537 0.00142505 0.0149087 -0.035815 -0.0398495 -0.00120475 0.00824322 -0.00582472 -0.00824825 -0.0270843 -0.00332251 -0.041595 -0.0143634 -0.00489678 -0.0229077 0.0136243 0.0332277 0.0064424 -0.000326466 -0.00287954 -0.003595 -0.0296447 0.0180333 0.00472493 -0.0288754 -0.0579582 0.0165072 0.00109962 -0.0155933 -0.0556278 -0.0284314
internal_weight=5112.74 3136.56 1976.18 1191.68 1922.45 1242.93 689.37 553.559 1944.88 1045.09 146.59 568.634 120.736 223.321 1721.56 238.44 67.0753 28.4585 171.365 679.518 486.515 369.572 1034.59 781.878 514.154 10.4947 1155.51 301.364 250.769 330.194 55.8739 28.4852 332.862 116.943 75.9123 16.3429 282.773 84.2714 55.5274 175.72 41.1722 147.409 67.0443 346.655 164.451 182.204 497.811 63.413 124.43 854.142 711.232 156.909 31.0659 49.089 36.7766 15.7983 6.37003 38.6168 11.1379 50.5954 27.3887 14.998
internal_count=236833 61866 174967 12835 162285 112272 84714 27558 49031 10906 1929 76626 8088 10854 38177 30392 5476 3760 24916 50013 21992 20363 10572 8868 6867 334 30526 5254 3298 46234 5158 2188 18667 1629 5138 238 13275 4587 3591 13280 2510 5716 5566 31346 13910 17436 6629 452 8686 25272 22722 11962 4440 1298 1158 638 485 1716 345 1956 2970 1440
is_linear=0
shrinkage=0.05


Tree=6
num_leaves=63
num_cat=0
split_feature=11 9 5 0 7 2 7 0 6 0 6 0 9 6 6 6 0 7 6 2 7 5 6 5 7 6 6 0 6 6 3 9 9 2 0 6 6 1 2 9 5 3 0 0 5 0 7 0 7 6 6 6 7 0 9 6 6 9 9 6 6 1
split_gain=375.356 162.476 308.67 100.32 47.8324 39.2252 29.6483 28.1268 19.2429 16.5501 16.3954 15.83 17.0706 24.3381 14.9442 27.8131 17.0105 13.8286 13.5385 18.7525 12.9104 12.3703 11.6463 13.7356 14.3369 11.3182 11.2124 15.5912 11.0315 23.5332 11.1599 11.0099 12.3302 10.7739 10.5595 20.0053 10.4351 10.8108 10.4204 12.8667 18.0424 16.3117 24.1131 14.7723 12.3911 15.4387 23.2433 21.148 24.1173 25.251 24.9948 14.8089 14.8662 14.151 13.5356 12.1258 11.3487 10.8933 10.3218 10.2544 10.1005 13.8817
threshold=1.5000000000000002 5.4152839183807382 1.0000000180025095e-35 2.5000000000000004 1.5000000000000002 9.5000000000000018 1.5000000000000002 1.0000000180025095e-35 26.500000000000004 8.5000000000000018 27.500000000000004 13.500000000000002 8.515780448913576 59.500000000000007 15.500000000000002 6.5000000000000009 5.5000000000000009 5.5000000000000009 8.5000000000000018 1.0000000180025095e-35 2.5000000000000004 0.015504807699471714 36.500000000000007 0.015749008394777778 5.5000000000000009 80.500000000000014 62.500000000000007 13.500000000000002 59.500000000000007 42.500000000000007 0.015749008394777778 16.91951942443848 12.828980922698976 13.500000000000002 7.5000000000000009 55.500000000000007 72.500000000000014 0.016261236742138866 5.5000000000000009 23.952761650085453 0.016261236742138866 0.013245614245533945 10.500000000000002 5.5000000000000009 1.0000000180025095e-35 3.5000000000000004 3.5000000000000004 5.5000000000000009 3.5000000000000004 56.500000000000007 52.500000000000007 44.500000000000007 4.5000000000000009 6.5000000000000009 10.984781265258791 76.500000000000014 46.500000000000007 31.842773437500004 5.8179178237915048 29.500000000000004 35.500000000000007 0.014599318150430919
decision_type=2 2 2 2 2 2 2 2 2 2 2 2 2 2 2 2 2 2 2 2 2 2 2 2 2 2 2 2 2 2 2 2 2 2 2 2 2 2 2 2 2 2 2 2 2 2 2 2 2 2 2 2 2 2 2 2 2 2 2 2 2 2
left_child=1 2 5 4 7 8 9 -2 18 -5 -10 34 13 -13 15 -7 -16 -12 19 -1 -17 58 -6 25 31 36 -11 -28 29 -26 -30 32 -25 -27 35 -3 -24 -38 44 40 -40 42 -42 56 -8 46 -46 57 53 50 54 -48 -53 -49 -50 -54 -41 -47 -15 -19 61 -55
right_child=3 11 -4 6 22 14 38 -9 10 26 17 12 -14 21 16 20 -18 59 -20 -21 -22 -23 23 24 28 33 27 -29 30 -31 -32 -33 -34 -35 -36 -37 37 -39 39 43 41 -43 -44 -45 45 47 51 48 49 -51 -52 52 55 60 -56 -57 -58 -59 -60 -61 -62 -63
leaf_value=0.044896650577818012 0.065268540200207184 0.066319153321300284 -0.07603706649348102 0.00059746514054115243 0.024437072209559593 -0.02042541663725499 0.0061781455512773592 0.017787305323612192 -0.098572445139378032 -0.033631305895248341 -0.0038009569648757174 -0.064524960662069586 0.0087463914578408252 -0.095293799034841226 -0.0052544407107752962 -0.088898060365181886 -0.028681139913788841 0.051464922956761472 0.024583444276248367 -0.027044809441041179 0.039629468570355347 -0.094624086178216466 0.010338323181534862 0.030603911543888064 0.032099605306779314 0.050126842968590934 0.036628960262685181 -0.085315369718026002 -0.10582477286659953 -0.10373088364014349 0.049180361941253962 0.0649797928088168 -0.10692213463309433 -0.099387324179437783 0.065490519741253916 -0.10080472521186329 -0.006862503836426179 -0.10043171968875886 0.0015269409461467261 -0.029080641810779358 0.033472357063376729 -0.10092836054234025 -0.10286693834342042 0.0076137813804934206 -0.1027061587340308 0.050593485779630958 0.04268670481240866 -0.097926277789281882 -0.10131244668012468 -0.10007081954779058 0.072033929058784127 0.041093460389532606 -0.10332248988821731 -0.10133530161812679 -0.007342725633552618 0.040394771032761921 0.05720592550264493 -0.019626068852877893 0.0049316387087352835 -0.047404160162200497 0.048069697448124948 0.079661834147416122
leaf_weight=12.19130180031061 94.022598835639656 4.1428356701508191 256.54789353592787 102.99408625159413 456.66278668073937 95.698080104310066 477.39380136225373 46.672788609750569 5.1776608135551205 96.028372777160257 204.67289623012766 19.393718047533184 401.66551777743734 2.6566246459260574 91.048739952966571 2.0788409970700732 520.27530665020458 2.874097801744937 87.973188220988959 35.246172474231571 32.49044942157343 3.4832416861318043 459.7855884344317 19.87330588884652 6.8825698606669921 24.699000479653481 12.736559705808761 3.3003965420648447 1.2856227103620756 5.9416479803621769 11.998748669400809 33.859758405014873 1.7754322178661812 1.2666815221309651 17.824931953568012 3.1537956334650517 12.444796123541893 4.1052720919251433 848.34804164990783 4.3908771704882374 9.6844121199101227 8.0355042833834869 4.8757942952215663 106.41094652283937 5.650036495178937 75.241751255933195 14.820815699175002 1.9258905481547106 4.6224610749632147 7.4850552394054821 9.1917936187237483 4.6555275702849022 6.421767406165598 2.7297341953963032 22.413945123553276 1.9024967299774287 28.837546778842807 5.9606528645381323 77.758980957791209 29.968008161289617 41.641043442301452 1.7311872188001869
leaf_count=89 631 70 63713 3777 3387 7876 9130 1298 303 6375 8920 3433 15402 411 5647 173 54636 118 1134 1599 696 522 5866 210 29 210 331 371 44 121 67 106 38 76 439 289 414 338 25193 45 110 287 201 817 92 569 68 68 137 318 57 36 161 67 239 17 119 54 5930 3567 382 10
internal_value=-5.97893e-05 -0.0175086 -0.0265678 0.0107025 0.0221553 -0.0152333 0.00361721 0.0495176 -0.00212697 -0.0138709 -0.0105525 0.00601167 0.00408443 -0.0140442 -0.0219156 -0.00653962 -0.025192 -0.00863375 0.0129739 -0.00855605 0.0319004 -0.00237523 0.0184557 0.0137778 0.0328021 0.0106866 -0.0271681 0.0115329 0.00224629 -0.0308326 0.0341794 0.0471742 0.0193253 0.0428331 0.0447502 -0.00591618 0.00893427 -0.0300725 0.00583691 0.00261151 0.000352456 -0.0437432 -0.0121838 0.0167014 0.0106038 0.0208404 -0.0102537 0.0268545 0.0104049 -0.0164666 0.000806795 0.00853584 -0.0304589 0.0348624 -0.0234089 -0.0704761 0.0458038 0.045439 0.00162057 -0.0387519 0.0404096 -0.0310942
internal_weight=4997.03 1906.32 1376.24 3090.71 1181.28 1119.69 1909.43 140.695 378.103 215.059 242.693 530.08 504.958 103.293 741.591 130.267 611.324 237.515 135.411 47.4375 34.5693 83.8988 1040.58 583.918 81.6171 502.301 112.065 16.037 26.1086 12.8242 13.2844 55.5085 21.6487 25.9657 25.1216 7.29663 476.336 16.5501 1694.37 1010.58 870.944 22.5957 14.5602 139.639 683.788 206.394 33.4506 172.944 91.7411 43.7133 36.2282 27.8006 12.9798 48.0279 27.0364 8.32426 33.2284 81.2024 80.4156 32.8421 46.102 4.46092
internal_count=236833 174967 148471 61866 12835 84758 49031 1929 15730 10854 12908 26496 25698 10296 69028 8745 60283 12605 2822 1688 869 6863 10906 7519 615 6904 7077 702 261 150 111 354 248 286 798 359 6618 752 38177 26772 25791 598 311 981 11405 2275 374 1901 1278 751 433 282 214 527 376 178 164 623 6341 3685 459 77
is_linear=0
shrinkage=0.05


Tree=7
num_leaves=63
num_cat=0
split_feature=11 9 4 2 2 7 2 7 9 6 4 7 6 6 6 6 6 6 7 6 10 2 2 2 9 4 6 6 6 4 9 6 9 4 6 6 2 6 9 6 9 5 4 7 6 7 5 7 9 7 6 10 4 6 6 2 6 6 9 6 6 6
split_gain=337.204 136.897 277.229 83.6595 42.7704 37.2118 37.4057 26.7328 17.6828 16.5208 16.0604 17.8276 15.5111 14.2736 13.4322 23.3752 12.3938 12.3895 20.7889 18.0531 11.589 11.3916 11.2851 11.0589 11.0357 17.2674 12.1373 14.2458 10.6985 10.2753 10.1253 13.1063 10.717 29.5649 10.0929 9.88548 14.1737 10.0975 9.64772 17.8526 10.7973 27.0101 17.4046 9.43559 9.40509 9.99205 12.311 10.1213 9.01774 11.4897 18.344 16.0518 14.7575 13.0769 17.4932 12.4393 10.0004 12.6635 9.38953 9.07745 8.9075 8.85525
threshold=1.5000000000000002 1.0000000180025095e-35 60.000000000000007 3.5000000000000004 9.5000000000000018 1.5000000000000002 1.0000000180025095e-35 1.5000000000000002 17.257849693298343 23.500000000000004 1.5000000000000002 3.5000000000000004 25.500000000000004 85.500000000000014 15.500000000000002 10.500000000000002 62.500000000000007 75.500000000000014 4.5000000000000009 81.500000000000014 1.0000000180025095e-35 4.5000000000000009 8.5000000000000018 13.500000000000002 23.071245193481449 2.5000000000000004 71.500000000000014 36.500000000000007 59.500000000000007 3.5000000000000004 15.255860328674318 42.500000000000007 8.3681235313415545 60.000000000000007 2.5000000000000004 16.500000000000004 1.5000000000000002 14.500000000000002 24.329642295837406 71.500000000000014 27.995016098022464 0.015749008394777778 1.5000000000000002 5.5000000000000009 47.500000000000007 5.5000000000000009 0.016261236742138866 3.5000000000000004 17.411015510559086 6.5000000000000009 59.500000000000007 1.0000000180025095e-35 5.5000000000000009 52.500000000000007 36.500000000000007 16.500000000000004 69.500000000000014 71.500000000000014 18.128026962280277 31.500000000000004 74.500000000000014 20.500000000000004
decision_type=2 2 2 2 2 2 2 2 2 2 2 2 2 2 2 2 2 2 2 2 2 2 2 2 2 2 2 2 2 2 2 2 2 2 2 2 2 2 2 2 2 2 2 2 2 2 2 2 2 2 2 2 2 2 2 2 2 2 2 2 2 2
left_child=1 2 -1 5 9 6 -2 16 17 35 -7 -12 34 29 15 -6 22 -9 21 20 -20 -19 -5 -18 25 26 27 -3 30 -10 32 -32 33 -27 -13 36 37 -4 -26 40 41 -40 -43 -11 -29 47 -47 -46 -31 50 51 -50 56 54 59 -56 -52 -58 -51 -53 -8 -16
right_child=3 24 4 7 14 10 60 8 13 43 11 12 -14 -15 61 -17 23 18 19 -21 -22 -23 -24 -25 38 28 -28 44 -30 48 31 -33 -34 -35 -36 -37 -38 -39 39 -41 -42 42 -44 -45 45 46 -48 -49 49 58 52 53 -54 -55 55 -57 57 -59 -60 -61 -62 -63
leaf_value=-0.074282668051937492 0.063084042002192892 -0.095739753151395712 0.036399139995603562 -0.0053202482537534996 -0.017707607775013533 0.037962195465143372 0.0066020990783317085 0.00081905569431107983 0.024172925114961122 -0.0044155236947810098 0.023461609343927582 0.0081475102935112311 0.0059603550079958927 -0.10146369488049876 -0.068721864627659224 0.035815869275517713 0.02431780230953225 -0.10514686577430665 -0.023252211568085664 -0.10138976315212299 0.06580883720514287 0.045680763384107009 -0.032541929473763907 -0.080741607477149924 0.050291335462608666 -0.086305755364782549 -0.097996893339170332 0.023213103921861225 0.011666079700675961 0.062551247507715443 -0.095202374235071052 -0.014869316670659214 0.0093979343035915947 0.028775723265868237 0.0305280398143538 0.030813226764970537 -0.01653297589223187 -0.10159813792873088 -0.098661010972109886 -0.097544603459646995 0.027963955477454762 -0.099885579618729861 0.07567979284537632 -0.033579711839917509 -0.058328043819415469 -0.099832402943289461 -0.0032443089936364678 0.018180871644502546 -0.099904002390268754 -0.10408592140133924 -0.098325118932320571 -0.034201359014132432 -0.10080434769702905 0.04810822533929144 -0.099314870239673642 0.054447619101364232 0.084090356448855111 -0.10312840486926118 0.020400355102952603 0.058263332788377323 0.064362079437618389 -0.02414822521003394
leaf_weight=237.88254704419523 90.868780504912138 5.1989113548770538 26.567501410841945 66.700892176479101 103.94357546186075 81.107565171085298 57.168987429700792 1080.9564176804852 181.67068990785629 211.52539770351723 401.70560580305755 82.057665841653943 544.67586336797103 2.5802086624316862 11.364568719174711 25.379712548106909 26.756570509634916 1.2874358724802721 10.611663117073482 4.988748059840872 5.569910589605569 45.328208816703409 88.706347611732781 2.7635577470064154 20.637036063708365 11.21965612960048 5.0233124881051472 15.791209327057002 238.20719623495825 6.5355750601738682 6.0012165717780581 32.978923811111599 96.038194944849238 11.10459653637372 130.47054709866643 52.033621325157583 41.535924314521253 1.3952138647437085 6.3180363792926064 3.5690497504547229 51.875896841287613 1.7951512457802872 6.607802115380764 31.918788596056402 5.9179111137054887 7.4838362112641317 5.8997706612572074 16.036131559871137 3.3911977624520651 1.5546706560999144 1.9554820079356421 4.0551180616021174 9.1914672930724901 15.682594907470046 6.60497849434614 1.6424092873930929 3.5218001157045364 1.2147747110575435 58.989275769330561 7.683832161128521 7.5572045296430579 570.36894963192753
leaf_count=63371 631 712 222 2831 8161 582 1867 30703 1284 9357 3059 936 8414 60 1096 582 662 47 693 438 92 676 6375 371 206 2630 731 806 12106 36 263 710 5654 521 738 530 1731 9 193 108 435 92 22 3871 427 644 318 584 103 27 44 55 195 77 111 14 10 33 628 28 46 58875
internal_value=7.22493e-05 -0.0166817 -0.0254358 0.010347 -0.014637 0.0193449 0.0423934 0.00268966 0.00496551 -0.000723128 0.0164528 0.0149474 0.0104305 0.0156405 -0.0217788 -0.00720362 -0.0152169 0.00211938 0.0228551 -0.0182332 0.00740377 0.0415152 -0.0208584 0.0144826 0.0043189 0.0011549 -0.023526 -0.0168847 0.00498299 0.0166354 -0.00513479 -0.0272371 0.00214411 -0.0290616 0.0218869 0.0143328 0.00199386 0.0295137 0.0202394 0.0114006 0.0172392 -0.0205541 0.0381732 -0.00823934 -0.00886655 -0.0232019 -0.0572544 -0.0024428 0.00541344 0.00217995 -0.0143752 0.004048 -0.0596808 0.0139312 -0.0128864 -0.0686942 -0.00319802 0.0360749 0.0172037 0.0263222 0.013346 -0.025019
internal_weight=4897.18 1861.62 1313.92 3035.56 1076.03 1395.61 155.595 1639.94 1455.02 364.976 1240.02 1158.91 757.204 306.274 711.057 129.323 184.927 1148.74 67.786 21.1703 16.1816 46.6156 155.407 29.5201 547.704 456.901 61.3511 56.3278 395.55 303.694 157.343 38.9801 118.362 22.3243 212.528 121.532 69.4986 27.9627 90.803 70.1659 66.5969 14.721 8.40295 243.444 51.1289 35.3376 13.3836 21.954 122.023 115.488 54.9437 39.0601 15.8835 35.6689 19.9863 8.24739 6.69206 4.73657 60.5439 11.739 64.7262 581.734
internal_count=236833 174967 147805 61866 84434 16273 2544 45593 35354 15720 13729 13147 10088 2705 68714 8743 10239 32649 1946 1223 785 723 9206 1033 27162 26106 4222 3491 21884 2645 9778 973 8805 3151 1674 2492 1962 231 1056 850 742 307 114 13228 2779 1973 962 1011 1361 1325 670 388 282 285 208 125 87 43 655 83 1913 59971
is_linear=0
shrinkage=0.05


Tree=8
num_leaves=63
num_cat=0
split_feature=11 9 4 0 2 4 2 2 0 6 9 0 9 6 6 0 9 6 9 6 5 9 9 2 9 6 6 0 6 2 0 6 0 6 9 5 9 6 9 6 4 6 6 6 9 9 9 6 0 5 6 6 9 4 4 5 4 9 9 6 9 6
split_gain=294.416 137.021 245.507 81.7034 38.6985 33.7335 28.4138 26.3042 19.4874 16.3523 15.6805 20.3119 14.5634 14.4003 14.4715 15.5166 13.3055 16.0792 17.8567 15.0637 13.953 14.6027 14.661 13.0473 12.698 12.101 19.7748 15.2691 11.22 13.9195 16.4674 10.974 11.105 11.4354 10.8975 11.5114 10.6446 10.5407 10.385 10.3679 10.2229 12.9232 12.4792 10.0083 9.97014 9.18451 12.684 8.86744 10.9246 9.89913 8.76818 8.72805 8.58658 22.1904 14.9076 16.4685 12.0702 9.84611 9.83898 16.7077 9.42241 9.41777
threshold=1.5000000000000002 1.0000000180025095e-35 60.000000000000007 2.5000000000000004 9.5000000000000018 60.000000000000007 1.0000000180025095e-35 8.5000000000000018 4.5000000000000009 23.500000000000004 20.360419273376468 13.500000000000002 16.59635162353516 26.500000000000004 36.500000000000007 13.500000000000002 7.2555055618286142 54.500000000000007 16.481663703918461 74.500000000000014 0.014389234129339458 5.8179178237915048 6.9824380874633798 3.5000000000000004 38.683982849121101 15.500000000000002 3.5000000000000004 3.5000000000000004 29.500000000000004 1.5000000000000002 12.500000000000002 46.500000000000007 14.500000000000002 54.500000000000007 14.741303920745851 0.015268065501004459 6.8472936153411874 49.500000000000007 4.2388713359832773 41.500000000000007 7.5000000000000009 23.500000000000004 33.500000000000007 57.500000000000007 7.6062848567962655 10.577779293060305 9.3998298645019549 51.500000000000007 14.500000000000002 0.013245614245533945 86.500000000000014 35.500000000000007 12.40655565261841 6.5000000000000009 8.5000000000000018 0.013245614245533945 1.5000000000000002 13.842842578887941 8.7831611633300799 59.500000000000007 13.503902912139894 79.500000000000014
decision_type=2 2 2 2 2 2 2 2 2 2 2 2 2 2 2 2 2 2 2 2 2 2 2 2 2 2 2 2 2 2 2 2 2 2 2 2 2 2 2 2 2 2 2 2 2 2 2 2 2 2 2 2 2 2 2 2 2 2 2 2 2 2
left_child=1 2 -1 6 9 23 24 13 44 -4 11 -3 34 -7 15 28 19 18 -18 38 21 -21 -23 -5 -2 26 -6 43 29 30 -15 39 33 -33 40 -36 -10 -34 -13 -16 41 -8 -43 -27 -9 46 -42 48 -25 -50 -45 -17 58 56 -55 -56 57 -54 59 -19 -58 -57
right_child=3 10 4 5 25 7 12 8 36 -11 -12 16 -14 14 31 51 17 52 -20 20 -22 22 -24 47 -26 27 -28 -29 -30 -31 -32 32 37 -35 35 -37 -38 -39 -40 -41 45 42 -44 50 -46 -47 -48 -49 49 -51 -52 -53 53 54 55 61 60 -59 -60 -61 -62 -63
leaf_value=-0.072279123863725772 0.031572566490185382 0.038416917854021231 0.013747110517475937 0.025419662817359863 -0.021003788428525658 0.01388659619121177 0.047894882849523458 0.010024574822848298 -0.015517516871500587 -0.0088739955000503561 0.021285606347148947 0.10719926422377501 0.032937161707232369 -0.10347762319422889 -0.00087163911688105692 -0.10043426474909999 -0.0077775137667719253 -0.090094593668677711 -0.073125978048064838 -0.092253606316837239 -0.095020543315424061 0.041735987739650843 -0.098220759074521088 -0.006256664075717489 -0.099890213081756329 0.0095903758644645554 0.021062854822753153 -0.027378602808837412 -0.02078949719806257 0.020526786930446773 0.06724320854493758 -0.015814796374108753 0.0045148072827411664 0.0091363890532221836 -0.10169143799098997 0.045901213798309498 -0.091017423167068331 -0.095013028183800627 -0.061080030572563795 0.024817151733330201 0.013795391517895989 -0.10295556502196793 -0.011879272576249383 -0.06795991791310417 0.093543852375883613 0.048396047536398971 -0.063628277523358243 0.013728236941012906 -0.092867510746285936 0.020099096764827032 0.064373333553132447 0.0094553098807439642 0.035014586686160108 -0.098688464519023966 -0.093548074494982369 0.0067055209337475389 -0.10180430717304495 -0.098177431530375947 0.025644646333998874 0.0074545685551651005 0.03445967220002874 -0.097083878335854912
leaf_weight=223.92603268974926 398.78912427090108 32.983237009495497 120.28875338844955 141.29061577981338 88.321771527640522 231.15239912923425 8.069412815384565 48.366481570526958 348.17491049994715 237.87477678409778 117.74781420500949 0.95398765243590133 93.048001539427787 5.0502037368714801 68.249598831869662 7.6662264186888915 97.555349550209939 4.7794372555799773 11.708313087467102 2.8852813835255864 3.4086957294493905 18.750254839891571 2.0786150218918911 161.54171226802282 1.8453386686742295 46.664488250389695 40.861572785302997 510.15720328153111 86.793225506786257 40.868571315892041 1.9609813243150709 76.274946045130491 4.6268928404897434 115.39223227393813 4.1557214916683725 1.9368183519691227 4.7319569063838562 6.2586687277071178 23.536197303328663 92.526757210260257 569.69875662075356 4.2050485983490935 35.625711971428245 7.8999429005198163 3.8583375345915547 19.014882247895002 5.3394990647211662 328.69125192426145 1.9935291176661838 71.24234253494069 1.4874101607128976 2.3641850659623742 2.2548882393166414 6.7303577046841374 5.8958870079368344 26.508157644420866 1.3122015018016089 3.607318221591413 93.217619642149657 53.79270922485739 38.218587127048522 2.3820629175752392
leaf_count=63371 3232 996 2492 1293 7696 3595 73 1312 18417 13228 1579 7 622 100 1899 347 7563 906 573 554 378 851 227 2762 22 2233 1047 56840 2260 671 5 2357 131 3574 80 50 393 642 3179 2007 7800 61 661 856 26 123 111 5787 162 1225 42 66 65 305 349 547 99 352 4030 3795 694 113
internal_value=6.02761e-05 -0.0157493 -0.0247345 0.00972211 -0.0146292 0.00322829 0.0202391 -0.00207164 -0.0123114 -0.00127673 0.00510879 0.000705264 0.0144396 0.00354053 -0.00116688 -0.0145387 -0.00240767 0.00110631 -0.01478 -0.0260981 -0.000430503 0.013166 0.027769 0.0118338 0.030967 -0.0215065 -0.00769782 -0.024657 -0.0100704 0.00936053 -0.0557282 0.00415874 -0.00358312 -0.000793064 0.0117837 -0.0547717 -0.0165299 -0.0527089 -0.0545249 0.0139123 0.0124153 -0.00980491 -0.0214945 0.000114181 0.0161949 0.014207 0.0130765 0.00842711 0.00100546 0.0170241 -0.0469919 -0.0745331 0.00837822 -0.00415441 -0.0305726 -0.0173937 0.0200077 -0.0469453 0.015554 -0.00050536 0.0299365 -0.00185215
internal_weight=4818.59 1827.79 1277.48 2990.8 1053.56 1849.08 1141.73 1144.32 405.132 358.164 550.307 432.559 741.094 739.185 508.032 144.703 399.576 347.963 109.264 51.613 27.1228 23.7142 20.8289 704.759 400.634 695.392 129.183 566.209 134.673 47.8798 7.01119 363.329 202.553 191.667 648.046 6.09254 352.907 10.8856 24.4902 160.776 641.953 47.9002 39.8308 56.0518 52.2248 594.053 575.038 563.469 234.778 73.2359 9.38735 10.0304 238.699 86.9095 41.5165 34.7861 45.393 5.86221 151.79 58.5721 39.5308 28.8902
internal_count=236833 174967 147805 61866 84434 49031 12835 37802 20148 15720 27162 25583 9581 17654 14059 3449 24587 19391 8136 5196 2010 1632 1078 11229 3254 68714 8743 59971 3036 776 105 10610 6704 5931 8959 130 18810 773 3186 3906 8829 795 722 3131 1338 8034 7911 9936 4149 1387 898 413 11255 2524 1314 1009 1210 417 8731 4701 793 660
is_linear=0
shrinkage=0.05


Tree=9
num_leaves=63
num_cat=0
split_feature=11 9 5 2 7 2 9 1 9 2 6 7 6 2 1 7 6 6 1 1 6 1 1 2 2 7 5 6 6 6 2 9 9 9 6 2 6 1 3 7 1 7 9 6 2 6 6 6 1 7 1 9 6 6 1 9 6 5 7 5 6 1
split_gain=271.692 133.075 219.65 65.7323 45.9507 37.0415 36.9978 21.1026 22.5382 15.9386 14.817 13.8195 16.4924 11.2727 11.176 10.8685 14.7984 15.3205 14.543 12.7522 17.3323 10.597 10.5097 10.3508 11.1901 13.414 10.7784 18.044 9.84539 9.8367 13.0405 11.022 17.294 15.3765 10.2943 18.0024 11.0045 11.7055 11.4461 11.6308 13.3169 13.9758 9.80415 9.48207 9.3799 27.7935 19.9754 15.9842 18.5695 19.9186 11.8086 11.1946 10.3425 9.34524 9.30469 10.8135 19.7006 14.4718 10.2616 9.97775 11.5254 9.27737
threshold=1.5000000000000002 1.0000000180025095e-35 1.0000000180025095e-35 1.5000000000000002 1.5000000000000002 9.5000000000000018 9.3475546836853045 0.015038444194942715 8.9144048690795916 6.5000000000000009 45.500000000000007 3.5000000000000004 71.500000000000014 2.5000000000000004 0.016261236742138866 2.5000000000000004 15.500000000000002 3.5000000000000004 0.016001024283468727 0.015504807699471714 57.500000000000007 0.016261236742138866 0.012903762981295587 12.500000000000002 17.500000000000004 6.5000000000000009 0.014599318150430919 62.500000000000007 32.500000000000007 80.500000000000014 18.500000000000004 8.7189040184021014 8.3042235374450701 8.1912465095520037 25.500000000000004 3.5000000000000004 23.500000000000004 0.015749008394777778 0.015038444194942715 3.5000000000000004 0.016261236742138866 6.5000000000000009 7.8693201541900644 21.500000000000004 3.5000000000000004 25.500000000000004 62.500000000000007 29.500000000000004 0.013423423748463394 2.5000000000000004 1.0000000180025095e-35 9.1103243827819842 75.500000000000014 32.500000000000007 0.013606071937829258 8.515780448913576 70.500000000000014 0.013793759513646366 6.5000000000000009 0.014815627597272398 59.500000000000007 0.016001024283468727
decision_type=2 2 2 2 2 2 2 2 2 2 2 2 2 2 2 2 2 2 2 2 2 2 2 2 2 2 2 2 2 2 2 2 2 2 2 2 2 2 2 2 2 2 2 2 2 2 2 2 2 2 2 2 2 2 2 2 2 2 2 2 2 2
left_child=1 2 5 4 14 10 7 23 29 53 13 22 -13 -1 -2 18 17 -17 -7 -18 21 28 -6 44 26 -26 -25 -28 43 30 31 32 33 34 35 -9 37 -37 39 -39 41 -41 -36 -21 45 -5 50 48 -46 -50 -47 52 -49 -8 55 56 57 -3 -56 60 -59 -43
right_child=3 54 -4 6 11 15 9 8 -10 -11 -12 12 -14 -15 -16 16 19 -19 -20 20 -22 -23 -24 24 25 -27 27 -29 -30 -31 -32 -33 -34 -35 42 36 -38 38 -40 40 -42 61 -44 -45 47 46 -48 51 49 -51 -52 -53 -54 -55 58 -57 -58 59 -60 -61 -62 -63
leaf_value=0.017523535257354506 0.022978325780237278 -0.06521321732787165 -0.070541387258390265 -0.08211097250591376 -0.10405824255732524 -0.038396832371031774 0.0012894444448983079 0.029668826725925412 -0.10239485825907912 0.0084833228160831661 -0.019016933744991735 0.012861366217506677 -0.060470511419712249 -0.0037459240808150095 0.059770013830779338 -0.015705253428810819 -0.025330886686874637 0.023009322962526349 0.026466262493832174 0.065198821011852245 -0.091301674165249397 -0.096778720754033501 0.026794229424925115 -0.027779031844891017 -0.011642115423398212 0.035050511294324467 -0.099367910829060463 0.057241744793941923 0.029762796785862196 0.04048962061367635 -0.063900199378010988 0.061581376738913243 -0.099368479813987165 0.083260419515856013 0.0024154045586795413 0.0074487562736812356 0.038201870746202043 -0.10273236381423761 -0.077301090465805425 -0.10518214505124771 0.056191920699295572 0.050177504528972176 -0.10047383051532754 -0.096647785320284299 -0.029589689153527905 0.075332456801813191 -0.098755439520420915 -0.0074303079651475675 -0.01294088055226391 0.033062894733186583 -0.0028245534134301109 -0.098374179114044114 0.028966623261643312 0.028504076731243499 0.038169166735681596 0.0075598764971926569 0.0086451346674253464 -0.081555645093180723 -0.094255604789662564 -0.063338079836724209 0.026731619711221202 -0.10312251346026124
leaf_weight=101.96085049863905 27.133478172123432 21.268822035286576 211.8251999974018 13.75844241119921 1.543675374239682 128.07193381432444 36.949487987905741 104.85591138340533 4.7211701823398462 400.33757820678875 89.680260463152081 462.80242110555992 7.7964015160687259 160.13212866289541 86.261255580931902 72.658593990141526 389.39996058749966 39.417559027206153 9.2669962635263783 1.2723213918507088 4.3474619062617412 2.0448801014572373 258.07665417622775 124.58306921075564 63.698274044785649 20.278437737375498 2.33663186430931 8.6400738395750505 32.226006672717631 21.533367692492902 6.5766524253413072 9.0745962094515544 3.8640136336907736 6.4970196522772303 459.16961652063765 44.527220005169511 14.983792396262286 2.9616859108209672 9.8025549352169019 4.0020549055188912 7.2082481123507014 4.489839319139719 2.3270497070625416 3.1344118532724679 20.491370292380452 5.290842590853571 5.1326733082532874 258.57093311427161 31.234209808520973 95.386153276078403 55.83095345646143 3.2249976946040979 21.111644543241709 215.64987416192889 30.2134507233277 406.63622576952912 59.214699002914131 2.9194372752681437 1.5373483318835486 6.2907209191471329 15.519888003356753 1.2649716585874555
leaf_count=1574 652 3830 63371 358 76 12098 359 895 237 6043 7000 5038 558 7146 631 6235 46842 830 399 40 681 220 1659 8263 3382 879 100 71 1084 317 426 71 148 36 10429 901 134 84 164 99 55 36 131 285 789 20 355 11287 1523 1615 1331 115 552 2013 687 15416 4201 849 211 1191 777 34
internal_value=0.000208858 -0.0151485 -0.0241577 0.00957326 0.0213539 -0.014652 0.0048189 0.000335691 0.00648611 0.0146886 -0.00147417 0.0167555 0.0116465 0.00452844 0.0509664 -0.0214507 -0.0182803 -0.00208921 -0.0340202 -0.0224768 0.00335443 0.013994 0.0260162 -0.00563171 -0.0147093 -0.000366924 -0.0235941 0.023904 0.0201775 0.00721718 0.00616603 0.00684867 0.00610286 0.0067184 0.00595986 0.0156209 -0.000885086 -0.00877221 -0.0330672 -0.0113073 0.00465322 -0.0334229 0.0018966 -0.0499191 -0.0017244 -0.0174437 -0.0040149 0.00120047 0.0145686 0.0217149 0.0039409 -0.00575094 -0.00468291 0.0245232 0.00549242 0.00386317 -0.0104241 -0.0349721 0.0317573 -0.00896347 0.00958686 0.0164805
internal_weight=4723.02 1789.04 1245.44 2933.98 843.614 1033.61 2090.37 1437.43 707.86 652.937 351.773 730.219 470.599 262.093 113.395 681.84 544.501 112.076 137.339 432.425 43.0251 38.6776 259.62 729.569 219.536 83.9767 135.56 10.9767 36.6327 703.139 681.605 675.029 665.954 662.09 655.593 194.096 89.2404 74.2566 29.7294 19.9268 16.9651 9.75687 461.497 4.40673 510.032 80.0129 66.2545 430.019 147.112 126.62 61.1218 282.908 279.683 252.599 543.601 511.85 105.214 45.9989 31.7508 24.73 18.4393 5.75481
internal_count=236833 174967 147805 61866 8614 84434 53252 44837 14197 8415 15720 7331 5596 8720 1283 68714 56217 7065 12497 49152 2310 1629 1735 30640 12695 4261 8434 171 1409 13960 13643 13217 13146 12998 12962 2402 1507 1373 472 308 224 169 10560 325 17945 2064 1706 15881 3927 3138 1351 11954 11839 2372 27162 26264 10848 6647 898 2817 1626 70
is_linear=0
shrinkage=0.05


Tree=10
num_leaves=63
num_cat=0
split_feature=11 9 4 0 3 7 7 6 4 6 3 4 0 6 6 6 4 3 7 9 0 4 0 9 6 0 9 6 6 6 0 0 6 6 6 6 7 0 6 6 6 0 6 9 6 9 6 6 6 6 9 7 1 3 6 7 6 3 3 7 6 3
split_gain=279.117 86.2565 183.021 72.5763 40.6573 30.9696 26.4931 25.1434 25.8765 19.0297 18.135 16.4373 16.7951 15.7297 13.4964 13.7176 13.0369 13.0094 16.8499 18.0105 14.1207 12.2621 11.8804 25.8823 11.694 20.8214 16.5588 15.9633 21.5636 15.068 12.061 15.5519 11.6537 14.4131 11.2786 14.1389 11.1878 19.0952 11.7263 10.9375 10.7162 12.0407 19.6266 10.6195 10.5334 14.5178 12.8304 10.4652 21.0895 10.4358 12.5721 13.1284 17.5494 13.1988 10.6391 10.4353 10.3747 13.9078 15.0179 15.7033 15.5485 10.4521
threshold=1.5000000000000002 7.2555055618286142 60.000000000000007 2.5000000000000004 0.013986697886139156 2.5000000000000004 1.5000000000000002 74.500000000000014 17.500000000000004 71.500000000000014 0.016261236742138866 7.5000000000000009 16.500000000000004 25.500000000000004 45.500000000000007 43.500000000000007 1.5000000000000002 0.014599318150430919 5.5000000000000009 15.941350460052492 4.5000000000000009 1.5000000000000002 7.5000000000000009 30.447804450988773 29.500000000000004 5.5000000000000009 18.646760940551761 59.500000000000007 66.500000000000014 3.5000000000000004 5.5000000000000009 7.5000000000000009 68.500000000000014 89.500000000000014 54.500000000000007 44.500000000000007 2.5000000000000004 1.5000000000000002 22.500000000000004 1.5000000000000002 34.500000000000007 13.500000000000002 33.500000000000007 18.463422775268558 48.500000000000007 14.367736816406252 64.500000000000014 57.500000000000007 70.500000000000014 66.500000000000014 17.257849693298343 4.5000000000000009 0.015504807699471714 0.013606071937829258 62.500000000000007 7.5000000000000009 59.500000000000007 0.015749008394777778 0.015268065501004459 6.5000000000000009 38.500000000000007 0.014389234129339458
decision_type=2 2 2 2 2 2 2 2 2 2 2 2 2 2 2 2 2 2 2 2 2 2 2 2 2 2 2 2 2 2 2 2 2 2 2 2 2 2 2 2 2 2 2 2 2 2 2 2 2 2 2 2 2 2 2 2 2 2 2 2 2 2
left_child=1 2 7 5 36 9 34 -1 -9 10 39 16 17 -6 15 -3 22 20 19 -19 43 47 56 -24 29 26 -26 -27 -29 30 -20 -32 -15 -34 35 -5 37 -4 -38 -2 41 -22 -43 49 -7 -46 -47 -16 -49 50 51 52 53 -13 -53 -25 57 58 59 60 -8 -62
right_child=3 14 4 6 13 44 11 8 -10 -11 -12 12 -14 32 21 -17 -18 18 24 -21 40 -23 23 55 25 27 -28 28 -30 -31 31 -33 33 -35 -36 -37 38 -39 -40 -41 -42 42 -44 -45 45 46 -48 48 -50 -51 -52 54 -54 -55 -56 -57 -58 -59 -60 -61 61 -63
leaf_value=-0.066124017887745704 0.047489963442799168 -0.0073782338966234991 0.030895486336073693 -0.01429599609679312 0.013892191330411039 0.019011225587014336 -0.10009023810110601 -0.055050698499106036 0.057740727049438292 0.06426841408801158 0.043851561923809415 0.043796425218648474 -0.018624270069758451 -0.0046808294456343663 0.0054745235875383992 -0.070201095467046212 0.019373214786095345 0.016418506683804159 -0.053340443003493332 -0.10077385536729311 0.010685901138055932 0.010237600408205634 0.0029143245074249591 -0.10170608270425274 -0.0033452425021356516 -0.048719973796964001 0.061698340684221122 0.047378745061206408 -0.093542286205997333 0.023493536611444234 0.049490305846090696 -0.0407653123477799 -0.072224983253454555 0.098735523476138468 0.0072137385676115011 -0.05888835432600175 -0.0036105676584048695 -0.038525976356615504 -0.020971517250190912 0.010675915577427225 -0.014041579395563034 -0.064847162008419654 0.072842186726011643 -0.10148936634831705 -0.0016663505683267008 -0.0032439811827651224 0.038647383289337887 -0.097911313411672501 0.014765318997355016 0.055164051848166196 0.10055629289725028 0.026639501059132015 -0.099105411559457679 -0.056995659344804342 -0.10055706756275065 -0.018515470727362621 0.040029140310337837 -0.10249594737084006 0.044914308422184086 -0.10221928694843169 0.046551694835127388 -0.044719004048195204
leaf_weight=217.99439772818005 24.328867585398257 68.082786208949983 10.76765272952616 117.15164948580787 137.19806965859607 567.62893337290734 3.1007439987734022 12.421638801693918 8.609502886887638 44.388726464472711 111.93613561429083 8.0040076700970548 84.275387438479811 235.41595351742581 18.316443752963096 9.9604619839228672 331.5401527127251 391.10617335187271 13.48584641329944 3.3061463339254251 106.6141859870404 349.85663528135046 56.561275593005121 9.6942417789250594 74.995957281906158 43.524373598396778 11.253194266930221 10.802715907804666 3.6257461248897007 76.025704730302095 10.465371157974007 8.7745294980704767 11.389687828253951 1.3824763298034675 47.359873502515256 20.955669755581766 127.65203137369826 123.71405683318153 408.58632500632666 118.19109077006578 204.66543117689434 12.440820497693492 3.2679712483659378 1.8673714669421304 168.59627733565867 27.979669497348368 52.715186838526279 9.5811431217007357 7.3297042446210972 16.015758272260427 3.6053395271301261 37.516845474019647 6.1387063479050985 5.4662331417202941 1.7193150604143728 6.1680672205984584 27.325165247544646 3.0375614315271369 16.585354619659483 4.4131836444139472 11.765083292499186 4.2771020438522092
leaf_count=66503 224 4300 411 6899 3155 5269 84 1466 313 212 829 155 4262 13565 749 804 4562 5921 253 75 2877 13974 1025 106 2076 2229 50 341 438 808 136 266 1430 5 2055 1919 8242 11684 47173 1876 9411 785 37 30 3707 324 375 799 572 298 3 860 260 173 61 36 193 64 82 101 87 69
internal_value=0.000777644 -0.0149557 -0.0215782 0.0102687 -0.0126362 0.0202869 0.00405495 -0.0610871 -0.00887736 0.0340596 0.0287898 0.00611221 0.00285491 0.000305977 0.00356387 -0.0153962 0.0139314 0.00457121 0.00897606 0.0154361 -0.0024295 0.00740641 0.00130839 -0.0129147 -0.0010967 -0.0104328 0.0051412 -0.0336109 0.0119665 0.0112827 -0.0170845 0.00832842 -0.00720446 -0.05372 -0.0138418 -0.0210622 -0.0200726 -0.0329676 -0.0168387 0.0169603 -0.00704387 0.0046644 -0.036203 0.0163527 0.0152486 0.00668134 0.0241222 -0.0207113 -0.0490736 0.0191572 0.00992301 0.00437007 -0.0290369 0.00289493 0.0210658 -0.0693574 0.0159187 0.000660787 0.0084668 -0.0171951 0.00240625 0.0222175
internal_weight=4672.92 1758.26 1295.13 2914.66 1056.11 1115.76 1798.9 239.026 21.0311 298.845 254.456 1613.43 1138.96 385.386 463.127 78.0432 474.468 1054.69 647.366 394.412 407.322 385.084 142.928 72.4236 252.953 144.202 86.2492 57.9528 14.4285 108.751 32.7257 19.2399 248.188 12.7722 185.467 138.107 670.72 134.482 536.238 142.52 326.988 122.323 15.7088 80.3336 816.92 249.291 80.6949 35.2273 16.9108 78.4662 62.4504 58.8451 19.6089 13.4702 39.2362 15.8623 70.5042 43.179 40.1415 23.5561 19.1429 16.0422
internal_count=237048 175145 153947 61903 85665 12816 49087 68282 1779 3141 2929 38214 31805 18155 21198 5104 6409 27543 12593 5996 14950 16094 1847 1167 6597 5134 2126 3008 779 1463 655 402 15000 1435 10873 8818 67510 12095 55415 2100 13110 3699 822 1840 9675 4406 699 2120 1371 1810 1512 1509 588 328 921 142 680 487 423 341 240 156
is_linear=0
shrinkage=0.05


Tree=11
num_leaves=63
num_cat=0
split_feature=2 0 4 6 2 7 6 0 7 6 7 4 0 6 7 10 2 6 2 0 6 6 6 2 2 0 4 6 6 2 6 6 4 5 2 2 6 5 7 0 0 7 6 2 2 0 4 4 4 7 6 6 6 6 6 7 2 2 4 6 6 7
split_gain=229.933 55.2444 46.4731 42.4757 42.8981 27.3326 25.3744 23.2707 29.8601 22.1034 19.1819 14.7253 16.8306 13.7769 13.346 26.9444 12.3714 11.6919 23.2852 33.4234 12.5426 15.8125 11.6802 18.4089 11.0607 10.2634 9.84937 13.4753 11.1357 10.1613 9.74581 9.63262 9.22145 16.9648 14.7836 13.3049 9.15166 9.13848 9.008 8.81054 8.65624 8.33471 8.1345 26.3863 20.1501 16.5705 12.4195 13.9227 11.3277 9.01011 8.99825 9.11549 8.3113 8.83359 7.98324 10.0545 7.95687 8.47689 18.7193 9.97449 11.9509 10.941
threshold=7.5000000000000009 6.5000000000000009 7.5000000000000009 48.500000000000007 60.000000000000007 6.5000000000000009 70.500000000000014 1.0000000180025095e-35 1.5000000000000002 28.500000000000004 2.5000000000000004 2.5000000000000004 7.5000000000000009 2.5000000000000004 4.5000000000000009 1.0000000180025095e-35 15.500000000000002 16.500000000000004 18.500000000000004 14.500000000000002 20.500000000000004 21.500000000000004 61.500000000000007 18.500000000000004 8.5000000000000018 7.5000000000000009 10.500000000000002 69.500000000000014 23.500000000000004 2.5000000000000004 74.500000000000014 45.500000000000007 12.500000000000002 0.014815627597272398 1.5000000000000002 4.5000000000000009 76.500000000000014 0.013986697886139156 5.5000000000000009 16.500000000000004 8.5000000000000018 3.5000000000000004 49.500000000000007 16.500000000000004 18.500000000000004 17.500000000000004 13.500000000000002 17.500000000000004 14.500000000000002 5.5000000000000009 32.500000000000007 22.500000000000004 43.500000000000007 47.500000000000007 16.500000000000004 3.5000000000000004 8.5000000000000018 16.500000000000004 4.5000000000000009 81.500000000000014 77.500000000000014 5.5000000000000009
decision_type=2 2 2 2 2 2 2 2 2 2 2 2 2 2 2 2 2 2 2 2 2 2 2 2 2 2 2 2 2 2 2 2 2 2 2 2 2 2 2 2 2 2 2 2 2 2 2 2 2 2 2 2 2 2 2 2 2 2 2 2 2 2
left_child=6 22 3 4 9 31 7 8 -1 -3 13 -5 -13 -4 -8 -16 -15 18 -12 25 -19 -22 23 -2 36 -20 -9 28 29 -28 -18 -6 33 -10 -35 -36 -24 -32 -33 -31 -14 -25 44 -44 46 48 -23 -48 -46 -47 51 -49 -50 -54 -34 -56 -42 -58 -59 60 -60 -61
right_child=1 2 10 11 5 -7 14 26 32 -11 17 12 40 16 15 -17 30 20 19 -21 21 42 24 41 -26 -27 27 -29 -30 39 37 38 54 34 35 -37 -38 -39 -40 -41 56 -43 43 -45 45 49 47 50 52 -51 -52 -53 53 -55 55 -57 57 58 59 61 -62 -63
leaf_value=0.052045397403171524 0.010252498750878034 0.047456753116210754 -0.061592631574988038 -0.0062023957656581917 -0.055686530313165075 -0.0033999416888290065 0.041463688812772778 0.016714043709965081 -0.10056250889301815 -0.015684011251420975 0.012258408099692669 -0.10345200225181433 0.06073643304588483 -0.014251122225456353 -0.052110290650805663 0.032689115363074721 -0.037872978961144166 -0.061712558511441112 -0.094812957259363242 -0.057310853843429876 0.045163951044413654 -0.094968070260258927 -0.10053718982850311 -0.034645361076733841 0.024739240863533969 0.01466372937408552 0.021399719025377194 -0.095219252423032058 0.0040217542109480019 0.01191584676327171 0.016697238391792265 0.023156808045026581 0.035974190759643997 0.018097274415268271 -0.1047574321282273 0.048441420320065265 0.042281331535618805 -0.096328480465180291 -0.099437700463528067 -0.013508119645859802 -0.1008016914811297 -0.0047680399203632673 -0.034977504878917695 -0.0057643804187392624 0.038843489283297034 -0.064055655115646815 0.066288597341784813 -0.092664043474434798 -0.016229858682825331 -0.033970626100094284 -0.019608991683024522 0.0040191532859186075 -0.082242652554462822 -0.012114485896905241 0.029831592923983987 0.0078331445787148922 0.036329346605178219 0.027083334618191138 -0.0058354105417606564 -0.096549319566717487 -0.098554158443215356 0.069146457234737863
leaf_weight=68.163364943116903 213.33068925142288 29.377833760343492 28.242170304758474 102.21318313688971 82.258066041395068 47.185543237254024 110.49428983405232 298.23504473082721 4.226546306628733 26.241061629727483 105.08279547933489 2.8958604293875387 11.199749811552463 143.10789016098715 12.836758572142569 34.66069963760674 158.45314552821219 15.373349365778266 2.2715655956417313 38.041323121869937 10.388571207411585 4.4329781662672749 3.2732899971306315 36.791463356930763 100.81632150709629 37.204557272605598 212.90226510819048 3.2371538733132175 956.2442946350202 127.19491514889523 14.356321967206897 7.3520778790116292 56.165690168738365 34.365327976644039 5.0311983018182209 1.9729999117553232 1.706445626914501 2.0428595934063187 1.8819469241425393 46.546898203901947 1.4556504637002934 63.856485924450681 98.982709378004074 352.81627706042491 7.8060952736996105 46.170065400190651 5.759812277276068 2.5158701301552346 71.99057571857702 53.987320964457467 151.35198619263247 78.677799755241722 11.039101017173381 7.5696506341919294 77.060110501945019 159.35307668428868 43.561367579735816 96.923838496208191 77.801483057206497 1.1514692865312079 3.6379214264452449 7.3914723433554173
leaf_count=609 4532 258 3685 4692 18243 4721 1365 2999 151 567 4473 94 96 8401 1483 438 22185 2484 195 7851 264 206 158 3206 3416 1763 1829 286 25282 2237 694 334 331 230 109 27 52 85 107 1503 48 4170 10040 32216 153 10963 81 215 7986 10157 12960 4384 1924 935 455 1619 421 2586 3582 131 225 156
internal_value=0.000974637 -0.00970545 -0.0131822 -0.000701264 -0.019431 -0.0343096 0.012628 0.0111405 0.0218551 0.0176669 -0.0178595 0.009749 0.0163763 -0.0281255 0.0319359 0.00977106 -0.0251529 -0.0146328 -0.00307694 -0.0238656 -0.0169292 -0.0161672 0.006778 0.00193659 0.0211462 0.00836414 0.00849277 0.00667134 0.00691696 0.0140773 -0.0340754 -0.0502508 0.0157699 -0.00514504 0.00460335 -0.0616031 -0.0515964 0.00261753 -0.00182865 0.00510455 0.0178036 -0.0156896 -0.0168806 -0.0121646 -0.0217089 -0.0335219 -0.0120457 -0.0105032 -0.0189499 -0.0478391 -0.0124052 0.00102332 -0.0239294 -0.053716 0.0190293 0.0150037 0.0157303 0.0164664 0.011837 -0.00458551 -0.00997718 0.046813
internal_weight=4618.66 2409.97 1990.19 542.529 194.297 138.678 2208.69 2050.7 406.338 55.6189 1447.66 348.232 246.019 346.202 157.992 47.4975 317.96 1101.46 182.6 77.5174 918.862 903.489 419.775 313.979 105.796 39.4761 1644.36 1346.13 1342.89 386.644 174.852 91.4921 338.175 45.5961 41.3695 7.0042 4.97974 16.3992 9.23402 173.742 243.123 100.648 893.1 451.799 441.301 198.563 242.738 238.305 98.4054 100.157 232.546 81.1937 90.5993 18.6088 292.579 236.413 231.923 230.468 186.906 89.9823 81.4394 8.54294
internal_count=237048 196095 180561 36261 24230 23405 40953 37667 3531 825 144300 12031 7339 35050 3286 1921 31365 109250 14282 9809 94968 92484 15534 11908 3626 1958 34136 31137 30851 5569 22964 18684 2922 517 366 136 210 779 441 3740 7245 7376 92220 42256 49964 32118 17846 17640 10998 21120 17559 4599 10845 2859 2405 2074 7149 7101 6680 4094 3807 287
is_linear=0
shrinkage=0.05


Tree=12
num_leaves=63
num_cat=0
split_feature=3 9 4 0 7 0 0 6 6 0 4 7 3 6 9 6 9 6 0 6 3 9 9 0 3 6 4 9 9 6 6 0 9 6 4 4 3 0 9 5 9 0 6 3 6 3 6 3 9 4 9 6 4 4 6 6 6 9 7 4 7 9
split_gain=204.831 176.143 162.754 31.9951 26.5672 25.063 17.3397 17.3003 13.9141 13.2658 13.1059 13.0155 12.1291 11.388 12.4221 10.3851 10.9865 13.7258 29.3899 16.8556 16.0434 13.8595 12.9179 9.84309 9.83366 10.2106 9.83166 18.1087 17.51 15.8965 11.5209 9.70239 9.68797 9.48391 9.39379 12.3205 11.9334 13.1726 20.0151 11.8457 11.2284 10.3598 9.89324 9.19364 9.09586 10.7332 9.00543 9.01541 8.88685 8.73712 10.1456 25.2335 16.217 13.006 12.2441 13.1239 11.3517 15.0966 10.9646 9.76884 8.58218 8.27034
threshold=0.014389234129339458 4.2388713359832773 60.000000000000007 2.5000000000000004 1.5000000000000002 3.5000000000000004 1.0000000180025095e-35 43.500000000000007 49.500000000000007 60.000000000000007 9.5000000000000018 2.5000000000000004 0.012579114176332952 26.500000000000004 6.0811200141906747 74.500000000000014 7.2164390087127694 46.500000000000007 3.5000000000000004 51.500000000000007 0.015268065501004459 41.323984146118171 13.967948913574221 8.5000000000000018 0.013606071937829258 72.500000000000014 1.0000000180025095e-35 10.833029270172121 11.891654014587404 38.500000000000007 80.500000000000014 13.500000000000002 45.828233718872077 72.500000000000014 7.5000000000000009 1.0000000180025095e-35 0.012903762981295587 13.500000000000002 11.185775279998781 0.016001024283468727 31.842773437500004 9.5000000000000018 36.500000000000007 0.013793759513646366 89.500000000000014 0.015038444194942715 9.5000000000000018 1.0000000180025095e-35 1.0000000180025095e-35 9.5000000000000018 8.6680073738098162 66.500000000000014 17.500000000000004 10.500000000000002 67.500000000000014 70.500000000000014 57.500000000000007 10.984781265258791 7.5000000000000009 16.500000000000004 7.5000000000000009 22.863738059997562
decision_type=2 2 2 2 2 2 2 2 2 2 2 2 2 2 2 2 2 2 2 2 2 2 2 2 2 2 2 2 2 2 2 2 2 2 2 2 2 2 2 2 2 2 2 2 2 2 2 2 2 2 2 2 2 2 2 2 2 2 2 2 2 2
left_child=1 2 43 4 6 24 -2 11 -9 -10 15 46 31 14 -12 16 -5 -18 -19 20 -20 -21 -22 26 -4 -26 29 -28 -29 -3 -30 -13 -6 -8 35 42 41 38 -38 -40 61 -37 -25 48 45 -15 -7 -48 -1 -36 51 -51 54 -53 -52 -56 -54 -58 -55 60 -57 -39
right_child=3 23 5 10 32 7 33 8 9 -11 13 12 -14 44 -16 -17 17 18 19 21 22 -23 -24 34 25 -27 27 28 30 -31 -32 -33 -34 -35 49 36 37 40 39 -41 -42 -43 -44 -45 -46 -47 47 -49 -50 50 52 53 56 58 55 59 57 -59 -60 -61 -62 -63
leaf_value=-0.065887509160773933 0.053380921948618015 -0.097397918984672982 -0.0047927254020097895 0.072457569761702006 0.015304217473289998 -0.053916980650960983 0.0053732245641324779 -0.041996727222375768 -0.013177012929315583 -0.037781835027009429 0.012315295702926082 -0.007944557265711796 -0.0013167229982724306 -0.0090434740370851623 -0.092976504886484068 0.047951270097453244 0.0237000390866644 -0.10011880108587499 -0.099329846094149674 0.019258941016386408 -0.10227575320961646 -0.1025975901666184 0.029268606627794957 -0.093777843308351622 0.027181863637290662 -0.101903093985836 0.027762579630293001 -0.09960641674437698 0.0046881333096741168 0.055449285256839426 -0.098403105333395066 -0.031910810364428756 -0.097665469174956471 0.066828379430532353 -0.020579958850816083 -0.10119360149579087 -0.10250749934257197 0.033526450994672538 0.027013155838332754 -0.097594869827405548 -0.096910898388581371 0.0077153063034514184 -0.0094835811923142509 0.077359153272596404 0.082814213657896527 0.0040980183516643957 -0.048410986641261061 -0.012902239742563505 0.054399332918732834 -0.049801817356522143 0.021324483561406374 -0.095960293383116957 -0.088014421980262589 0.01467393855969883 -0.095883649302724763 -0.0030766573579631656 0.039100839252097924 -0.087263640143127708 -0.093683631905529557 0.065531259562323682 -0.097840266430548162 0.076787161421238467
leaf_weight=190.21400760614779 81.368088033050299 1.8249456798657799 79.667867998126894 7.6050066128373137 872.90932030323893 22.71392481867224 39.327638514339924 95.303449666127563 202.00373063771985 75.165233900537714 345.46680373884737 99.429295661393553 283.3195833475329 222.74190982524306 2.8241170784458509 24.202800097875297 107.92451037187129 7.0857678125612429 6.7497883168980506 74.838384764268994 2.4173761382699004 2.4085060991346827 8.1872232705354673 3.8818458393216124 50.007671035360545 1.5803515948355187 87.113921278622001 4.6790571920573703 65.071235922630876 25.062879666686058 2.8278530137613407 73.407426778692752 1.9019281119108189 7.4703321903944007 53.903757413150743 2.2000018227845421 4.1046928036958006 46.243695374578238 22.89192472584546 2.0805956944823256 1.450325509533285 291.95255856215954 33.694164416752756 1.1422085780650366 3.3406794145703307 513.7198542887345 21.978158751036972 95.755839485907927 1.5480018267408002 29.662403628230095 120.41732365661301 3.0043179495260111 6.6960454103536931 60.819223643746227 4.220322052016857 19.395502922125168 6.8317235549911839 3.6138543682172894 2.4278043322265139 4.5725494474172583 2.7248696787282816 14.515644907020031
leaf_count=63764 648 63 4438 56 9033 2436 1211 11452 19504 10313 6031 8134 16952 10853 112 197 1039 201 164 905 50 19 49 419 846 60 2211 200 845 173 114 8830 33 41 3114 106 151 512 188 49 18 11081 1645 11 15 15481 2595 5978 36 4634 3506 322 557 3491 223 617 191 291 525 76 196 43
internal_value=0.00108294 -0.00978415 -0.021711 0.0114312 0.0181734 -0.0142841 0.0394336 -0.0170613 -0.0255163 -0.0198496 0.00634488 -0.0117827 -0.00768479 0.00400653 0.0114615 0.016884 0.0134224 0.0112805 -0.00190077 0.0054559 -0.0390717 0.0154595 -0.000717646 0.00683881 0.00622016 0.0232275 0.0171037 0.0123941 -0.00605239 0.0450752 0.000394602 -0.0181235 0.0150586 0.0151833 0.00425523 0.00913754 0.0118018 0.0275945 -0.000186886 0.0166314 0.0405797 0.00690076 -0.0181917 -0.0640741 0.000496793 0.000123391 -0.025092 -0.0195309 -0.0649165 -0.00223349 0.00150705 -0.0114741 0.00889741 0.00568618 0.0141184 -0.0139516 -0.0371949 -0.00461745 0.0105145 -0.000997657 -0.01475 0.0438616
internal_weight=4553.61 2221.12 1293.24 2332.49 1002.98 1100.33 128.166 969.077 372.472 277.169 1329.51 596.604 456.156 1088.09 348.291 241.419 217.217 209.612 101.687 94.6013 17.3544 77.2469 10.6046 927.885 131.256 51.588 186.58 159.692 72.5781 26.8878 67.8991 172.837 874.811 46.798 741.305 423.015 385.439 91.2869 29.0772 24.9725 62.2097 294.153 37.576 192.904 739.802 736.462 140.448 117.734 191.762 318.29 264.386 95.9137 168.472 66.2513 151.331 30.9132 17.1416 10.4456 63.247 26.6929 22.1204 60.7593
internal_count=237048 190910 155349 46138 10966 91538 1900 86194 41269 29817 35172 44925 33916 32492 6143 2680 2483 2427 1388 1187 263 924 99 35561 5344 906 3606 3370 1159 236 959 16964 9066 1252 31955 14212 12148 961 388 237 573 11187 2064 63811 26349 26334 11009 8573 63800 17743 14629 8972 5657 4338 4618 1112 1039 482 4016 889 813 555
is_linear=0
shrinkage=0.05


Tree=13
num_leaves=63
num_cat=0
split_feature=11 9 5 0 2 7 5 0 2 7 6 9 6 6 7 9 5 7 7 6 6 6 7 6 6 6 6 5 6 9 9 6 9 9 9 2 5 0 6 7 0 5 0 2 0 9 5 7 5 9 0 2 2 7 6 6 6 2 2 5 0 0
split_gain=222.863 82.7211 162.958 38.4025 32.2166 32.1194 25.4257 23.5573 16.3447 14.0443 12.3686 10.3932 10.3566 10.8368 10.6547 10.3557 12.8432 22.523 13.7775 12.7935 15.5956 14.049 13.9577 12.1652 9.95946 9.95869 10.9402 10.6263 10.5996 11.3097 21.4073 14.098 14.2615 13.1721 13.5452 10.9277 13.8784 10.5151 9.94177 10.0221 10.9334 9.86045 14.1285 14.1811 9.62957 9.53906 9.89499 9.28857 13.3239 10.4612 9.4002 9.23621 9.65051 10.6841 9.20997 8.98368 10.1382 8.62111 16.0472 11.2854 8.7921 10.3076
threshold=1.5000000000000002 1.0000000180025095e-35 1.0000000180025095e-35 1.0000000180025095e-35 10.500000000000002 1.5000000000000002 0.013606071937829258 16.500000000000004 3.5000000000000004 1.5000000000000002 11.500000000000002 8.3681235313415545 26.500000000000004 3.5000000000000004 4.5000000000000009 19.590009689331058 0.012903762981295587 7.5000000000000009 6.5000000000000009 41.500000000000007 55.500000000000007 61.500000000000007 7.5000000000000009 81.500000000000014 48.500000000000007 65.500000000000014 85.500000000000014 0.016261236742138866 29.500000000000004 16.91951942443848 10.721748352050783 50.500000000000007 11.891638755798342 10.499359607696535 10.304864406585695 5.5000000000000009 0.013986697886139156 4.5000000000000009 30.500000000000004 7.5000000000000009 6.5000000000000009 0.016001024283468727 1.5000000000000002 60.000000000000007 16.500000000000004 8.6062846183776873 0.014815627597272398 5.5000000000000009 0.015504807699471714 7.9144067764282235 13.500000000000002 60.000000000000007 6.5000000000000009 7.5000000000000009 30.500000000000004 40.500000000000007 38.500000000000007 12.500000000000002 13.500000000000002 0.014599318150430919 17.500000000000004 6.5000000000000009
decision_type=2 2 2 2 2 2 2 2 2 2 2 2 2 2 2 2 2 2 2 2 2 2 2 2 2 2 2 2 2 2 2 2 2 2 2 2 2 2 2 2 2 2 2 2 2 2 2 2 2 2 2 2 2 2 2 2 2 2 2 2 2 2
left_child=1 2 4 5 12 -2 7 8 15 -10 -9 -12 13 14 -1 16 18 -18 -5 -20 22 -22 -21 -23 -24 28 47 -28 51 30 33 32 38 34 35 36 -30 -37 -32 55 -41 -34 -43 -44 -36 46 -38 -27 49 -49 -51 52 53 -8 -6 56 -40 60 -59 -60 61 -31
right_child=3 -3 -4 6 54 -7 25 10 9 -11 11 -13 -14 -15 -16 -17 17 -19 19 20 21 23 24 -25 -26 26 27 -29 29 57 31 -33 41 -35 44 37 45 -39 39 40 -42 42 43 -45 -46 -47 -48 48 -50 50 -52 -53 -54 -55 -56 -57 -58 58 59 -61 -62 -63
leaf_value=0.0044692400620918327 0.052011637326906147 0.0035942732988067001 -0.06459327569644209 0.014435176723336865 -0.011012731044194273 0.016960784343285084 0.016021056189920866 -0.087412062413445138 -0.014645100085460064 0.0030791619861703003 -0.011908155761803384 -0.088477909300848603 -0.0076652073949976104 0.019588889619823011 -0.047786088846476255 0.065368487146730242 -0.10032793592845574 0.050297872280223567 0.0066751098625293026 -0.10168595646040468 0.036159117148616964 -0.097837146695463784 0.0030659770876051971 0.060897988703480933 -0.10235885168087636 0.032148099353146616 -0.099137911640486187 0.076162095019624954 -0.10252840903766641 0.025753541313130804 0.074730204020866081 -0.060818700746769809 0.032835759654071678 0.043675695007893117 -0.099355864502429753 -0.062349596361814003 -0.10281887749413364 0.0021119478571809537 -0.069716143688859797 -0.10623373733779028 0.060276740509741515 0.058879874926969368 -0.10646916457118936 0.042314071323212098 0.022883338663866083 0.042227190173176998 0.02295305371304918 0.070129293381460955 0.03048794579089464 -0.012792786017011193 -0.096666708436359938 -0.040834496382848418 0.041840032442567447 -0.10039306319085431 -0.024107701257962317 -0.10168670081731571 0.02259940025701606 -0.10148655942004686 -0.094118670420459308 0.011291277725381731 0.06398025215794223 -0.0040027535011983853
leaf_weight=37.235845279879868 78.863143132999539 504.93476935848594 178.52258947474184 536.55124246142805 200.2439809110947 381.71803695522249 38.560047506354749 6.8970016934908918 132.96273090457544 701.01937367301434 64.260995771037415 4.7600274169817558 233.90002099890262 92.465633396059275 13.217479667160658 8.5387471280992013 6.7003425061702711 3.9418802447617054 95.724976757541299 9.350058569572866 12.880645841360094 4.5320295998826614 9.7561052064411324 1.6451772991567848 2.9079441605135807 150.39006204064935 3.3233553478494278 1.1684170570224521 1.9946872871369112 113.56912514055148 1.8755845874547983 17.680854522623122 20.981067405082285 25.647041846066713 5.1437216848134986 7.3383473744615904 2.4388128323480478 45.874041358940303 7.6408983785659128 1.3251041825860728 3.8507507378235459 3.446518016047774 5.4629742233082652 2.2658035829663277 2.345888813957572 37.328150564804673 4.3587714266031981 3.2434959560632732 35.264970775693655 23.148112085647885 3.9039878249168387 5.0095961336046448 58.054376165382564 2.0770642086863509 407.56491363234818 7.9769785050302735 4.8693828256800771 3.7528509693220249 2.6818243430461726 47.738593534566462 11.223181748762725 39.13098493590951
leaf_count=1120 648 27040 63734 7254 16145 3915 347 647 8313 22501 4565 344 14790 1353 821 37 162 27 1415 404 191 519 239 37 195 1603 153 9 75 739 7 633 209 252 209 281 90 1579 191 40 30 21 155 37 50 338 76 46 340 431 160 261 561 42 50142 273 47 60 116 558 50 421
internal_value=0.00117711 -0.0133051 -0.0206412 0.00975852 -0.0126723 0.0229624 0.00717563 0.00361604 0.00496801 0.000253362 -0.0235684 -0.0171888 -0.00118569 0.00941865 -0.00922032 0.0106456 0.0099625 -0.0445361 0.0108238 -0.00334069 -0.0266842 0.00642989 -0.0553514 -0.0555612 -0.0211419 0.0147599 0.023695 -0.0535382 0.011055 0.00757959 -0.000707048 -0.0216027 -0.00998746 0.0114982 0.00377267 0.00866161 0.0264751 -0.00677773 -0.036396 -0.0445176 0.0176473 0.0126288 -0.0253087 -0.0628512 -0.0610682 0.0323066 -0.0221709 0.0253014 0.0095958 -0.0147233 -0.0248969 0.0253969 0.0287588 0.0100708 -0.0197935 -0.0602229 -0.0337841 0.0155527 -0.00173968 0.0056846 0.0212675 0.0181282
internal_weight=4483.18 1668.09 1163.15 2815.1 984.628 460.581 2354.51 1602.43 1526.51 833.982 75.918 69.021 376.819 142.919 50.4533 692.529 683.99 10.6422 673.348 136.797 41.072 19.0579 22.0141 6.17721 12.664 752.085 220.442 4.49177 531.643 427.942 209.845 77.3759 59.6951 132.469 106.822 99.3328 46.1204 53.2124 27.5387 25.6631 5.17585 32.1564 11.1753 7.72878 7.48961 44.1257 6.79758 215.951 65.5606 30.2956 27.0521 103.701 98.6915 40.6371 607.809 20.4873 12.5103 218.097 54.1733 50.4204 163.923 152.7
internal_count=237048 175145 148105 61903 84371 4563 57340 46850 41294 30814 5556 4909 18084 3294 1941 10480 10443 189 10254 3000 1585 747 838 556 434 10490 2742 162 7748 6537 4593 1643 1010 2950 2698 2439 579 1860 588 581 70 422 213 192 259 504 166 2580 977 637 591 1211 950 389 66287 511 238 1944 734 674 1210 1160
is_linear=0
shrinkage=0.05


Tree=14
num_leaves=63
num_cat=0
split_feature=11 0 7 7 2 6 2 7 0 2 5 0 7 0 6 7 7 6 5 7 6 6 7 6 6 6 2 6 6 2 6 6 5 5 5 2 6 1 6 6 6 6 6 6 2 6 6 6 7 6 6 6 6 6 6 0 6 6 0 0 6 6
split_gain=217.368 33.9983 31.0901 26.5744 25.2311 29.5933 35.9145 19.2763 21.4782 15.3472 14.5632 15.1099 14.3185 13.3632 12.6695 12.0769 10.9847 15.5113 9.78612 9.80167 9.67457 9.52445 8.78949 8.49088 8.39615 9.54143 8.24156 18.3959 13.0289 24.153 10.671 9.60969 8.98933 8.14649 9.53795 13.5083 13.6889 11.5148 10.0827 8.88236 8.07005 8.38544 7.98743 7.90776 8.42981 7.74235 7.51639 12.1687 8.31148 7.43834 11.8318 7.62184 7.30295 12.6683 9.23341 7.19754 13.8335 10.4763 7.06721 6.99653 9.52572 8.33923
threshold=1.5000000000000002 3.5000000000000004 1.5000000000000002 1.5000000000000002 1.5000000000000002 53.500000000000007 15.500000000000002 1.5000000000000002 1.0000000180025095e-35 16.500000000000004 0.013606071937829258 16.500000000000004 3.5000000000000004 8.5000000000000018 36.500000000000007 3.5000000000000004 5.5000000000000009 29.500000000000004 0.016261236742138866 7.5000000000000009 89.500000000000014 56.500000000000007 7.5000000000000009 51.500000000000007 45.500000000000007 55.500000000000007 18.500000000000004 66.500000000000014 56.500000000000007 5.5000000000000009 61.500000000000007 54.500000000000007 1.0000000180025095e-35 0.013423423748463394 0.012739370577037336 8.5000000000000018 44.500000000000007 0.013245614245533945 65.500000000000014 53.500000000000007 11.500000000000002 19.500000000000004 30.500000000000004 47.500000000000007 60.000000000000007 88.500000000000014 41.500000000000007 40.500000000000007 4.5000000000000009 54.500000000000007 44.500000000000007 37.500000000000007 25.500000000000004 35.500000000000007 6.5000000000000009 12.500000000000002 55.500000000000007 52.500000000000007 6.5000000000000009 1.5000000000000002 30.500000000000004 26.500000000000004
decision_type=2 2 2 2 2 2 2 2 2 2 2 2 2 2 2 2 2 2 2 2 2 2 2 2 2 2 2 2 2 2 2 2 2 2 2 2 2 2 2 2 2 2 2 2 2 2 2 2 2 2 2 2 2 2 2 2 2 2 2 2 2 2
left_child=2 7 -1 49 14 6 23 8 -2 20 11 16 43 52 -4 24 33 -18 -9 -20 -7 -10 -15 -6 -16 -26 27 28 31 -30 -31 32 42 34 35 36 46 -38 55 -39 -13 -42 -19 44 -8 -11 47 -5 -48 50 51 -3 54 -54 58 56 -37 -57 -14 60 61 -46
right_child=1 3 4 10 5 9 12 18 21 45 -12 40 13 22 15 -17 17 26 19 -21 -22 -23 -24 -25 25 -27 -28 -29 29 30 -32 -33 -34 -35 -36 38 37 39 -40 -41 41 -43 -44 -45 59 -47 48 -49 -50 -51 -52 -53 53 -55 -56 57 -58 -59 -60 -61 -62 -63
leaf_value=-0.059541953579161283 0.051120637899739953 -0.024067062392121183 0.026781749727163229 0.018234470214067121 -0.0055485722035239129 -0.028630125355061532 -0.018362917838770702 0.012574480408951953 2.91754132211871e-05 -0.0011432165950014575 0.013328060471549592 -0.087554054716519752 0.005672304439540329 -0.029600380773164542 -0.05129597596089544 -0.095861029482423366 0.010251167795454522 -0.095872078334549804 0.038779381767862581 -0.10248576740152802 0.08511452556901182 0.043632513037014875 -0.0099707362530966001 -0.055968615817453375 0.041484173161669941 -0.096686236932859604 0.025111133078003074 -0.072746627475344411 0.044974404925462147 -0.093900144699425259 0.00042761864564431806 -0.096178418406357297 -0.095092218787895227 -0.090651125496214985 0.040806673738428535 -0.00074366803769323195 -0.096187591964132124 -0.018479895787194407 0.028943972469280894 0.013593465985456056 0.050847270715925111 -0.024010997075087408 -0.011176668235767288 -0.016209144570883662 -0.087273733127631259 -0.090631467570940497 0.016858797407192604 -0.097702605305115195 0.066837514454203384 0.0038138221410543198 -0.06180584777413576 0.0065893708418909916 -0.067281352000174988 0.0014264971148683272 0.043563986947605784 -0.062803475857983279 -0.091996543231312941 0.020268565111330857 -0.092068216374959377 -0.052073111781690253 -0.090486902418811369 0.069669944020995855
leaf_weight=35.358509741374291 76.191111408174038 69.615307967178524 59.901031852699816 173.87298277579248 356.88952470314689 73.560451649362221 27.502561628352851 1103.5736915953457 46.507723229005933 504.22335407626815 527.14445830322802 4.500435024034231 7.9630645466968435 267.43586868769489 5.3873944319784703 4.0568296313285819 134.88362777791917 2.854890000075101 48.636190319433808 1.2597240786999453 1.9181801769882429 17.139323316514492 72.482634113170207 8.5500355660915357 10.072824757546185 1.42639701347798 13.801107428036628 12.784664826933293 24.048885888420045 5.4012273694388551 6.7391139199025929 3.8283077962696543 3.4596805260516694 2.0200377828441551 23.752265301765874 72.574495789594948 3.1445212559774509 35.299375740811229 17.034874281845987 55.566617873962969 4.1000618948601177 42.716076398734003 111.68598343268968 32.824209348764271 1.0758470511063922 2.4286640495993188 16.134827218018472 2.293144676834344 17.171683620661497 38.55634381622076 15.761726620607076 28.606035658158362 8.7611888046376389 28.638613363727927 15.965591107495127 13.953414425719531 4.4052716582082203 5.2131964988075188 2.4089040411636233 113.22141799121164 2.1021304558962584 3.9687828030437231
leaf_count=12851 648 4995 593 2412 20937 8783 2411 13762 1621 38909 8351 409 506 45386 155 549 2779 234 335 52 18 274 10510 1280 158 152 561 1335 462 546 474 356 152 164 445 2458 208 895 578 1144 61 3172 5722 4563 132 333 276 113 125 1937 1806 1492 1106 2455 380 891 416 242 262 22424 237 55
internal_value=0.00123092 0.00974501 -0.0131626 0.00460432 -0.0121457 -0.0135824 -0.019023 0.0156792 0.0332107 -0.0047057 0.00685472 0.00265868 -0.0267118 -0.0214752 0.0150778 -0.0183969 0.00442742 -0.00263749 0.0135538 0.0352129 -0.0257395 0.011771 -0.0254146 -0.00672823 0.000213079 0.0243451 -0.0120548 -0.0150578 -0.0103905 0.015952 -0.0415387 -0.0182155 -0.0156861 0.00952905 0.00998854 0.00823173 0.0137296 -0.00212157 -0.00651029 0.00113369 -0.0236027 -0.0174551 -0.0132877 -0.0384099 -0.043338 -0.00157218 0.0208436 0.0167253 0.0426261 -0.0151702 -0.0215919 -0.0151387 -0.000465998 -0.0146688 0.0197023 -0.012792 -0.00596574 -0.0402084 -0.0170281 -0.0490445 -0.00106392 0.0361992
internal_weight=4434.36 2786.23 1648.12 1492.92 1612.77 1531.92 949.79 1293.31 139.838 582.131 1340.39 813.241 584.351 403.656 80.8445 20.9434 761.924 319.487 1153.47 49.8959 75.4786 63.647 339.919 365.44 16.8866 11.4992 184.604 170.803 158.018 36.1892 12.1403 121.829 118.001 442.437 440.417 416.664 303.483 94.0105 113.181 90.866 51.3166 46.8161 114.541 180.695 147.871 506.652 209.473 176.166 33.3065 152.539 113.983 98.2213 63.7374 37.3998 26.3376 96.1464 76.9798 19.1666 10.372 120.368 7.14676 5.04463
internal_count=237048 61903 175145 45211 162294 160687 112644 16692 2543 48043 34981 26630 90427 60605 1607 1014 22988 12621 14149 387 8801 1895 55896 22217 465 310 9842 9281 7946 1482 1020 6464 6108 10367 10203 9758 5173 2247 4585 2039 3642 3233 5956 29822 25259 39242 2926 2525 401 10230 8293 6487 4709 3561 1148 4007 2874 1133 768 22848 424 187
is_linear=0
shrinkage=0.05


Tree=15
num_leaves=63
num_cat=0
split_feature=11 9 4 2 2 4 7 9 7 6 9 4 6 6 6 9 0 9 0 7 2 0 6 7 6 7 2 6 2 4 0 7 6 2 7 9 2 6 2 2 4 6 4 6 0 0 2 6 6 6 0 7 3 7 2 3 9 2 9 0 0 5
split_gain=152.467 62.5747 146.494 40.5321 27.3991 33.9004 21.3819 16.5818 15.8637 15.6124 15.5131 15.1218 13.2618 13.1493 12.5707 12.3094 11.6431 11.4382 9.99781 15.9097 13.6623 10.9261 9.6858 16.5496 11.2544 9.21821 8.91735 10.29 10.8947 8.75058 9.41914 8.66164 8.41916 8.25616 12.5062 8.63925 7.90536 11.4405 7.56107 16.5482 7.49683 7.48375 12.9007 11.7454 23.8841 12.0791 7.44993 7.18324 7.09932 19.7718 18.7777 14.5095 9.65062 8.98969 8.94654 8.93118 8.07816 10.4077 7.71244 7.57945 7.14781 7.07252
threshold=1.5000000000000002 4.2388713359832773 60.000000000000007 10.500000000000002 3.5000000000000004 18.500000000000004 6.5000000000000009 6.0213234424591073 4.5000000000000009 40.500000000000007 18.313127517700199 17.500000000000004 21.500000000000004 81.500000000000014 60.500000000000007 17.567214965820316 18.500000000000004 7.1774418354034433 8.5000000000000018 3.5000000000000004 15.500000000000002 2.5000000000000004 77.500000000000014 4.5000000000000009 76.500000000000014 1.5000000000000002 2.5000000000000004 55.500000000000007 4.5000000000000009 10.500000000000002 60.000000000000007 4.5000000000000009 24.500000000000004 1.0000000180025095e-35 1.5000000000000002 25.580387115478519 6.5000000000000009 19.500000000000004 12.500000000000002 11.500000000000002 9.5000000000000018 26.500000000000004 13.500000000000002 34.500000000000007 11.500000000000002 1.5000000000000002 7.5000000000000009 73.500000000000014 30.500000000000004 37.500000000000007 4.5000000000000009 7.5000000000000009 0.012579114176332952 3.5000000000000004 6.5000000000000009 0.013793759513646366 6.804225206375123 15.500000000000002 4.8596487045288095 15.500000000000002 1.5000000000000002 0.012903762981295587
decision_type=2 2 2 2 2 2 2 2 2 2 2 2 2 2 2 2 2 2 2 2 2 2 2 2 2 2 2 2 2 2 2 2 2 2 2 2 2 2 2 2 2 2 2 2 2 2 2 2 2 2 2 2 2 2 2 2 2 2 2 2 2 2
left_child=1 2 -1 8 6 29 22 11 12 18 15 40 -4 17 26 -9 -11 25 19 21 38 -5 24 -24 33 -7 -10 28 -28 -6 -31 -15 46 34 -2 -36 37 -30 39 -20 -3 42 -8 44 45 -43 -14 -32 52 50 53 -52 -27 55 -53 60 57 58 -51 -59 -50 -12
right_child=4 7 3 9 5 13 41 10 14 16 61 -13 32 31 -16 -17 -18 -19 20 -21 -22 -23 23 -25 -26 48 27 -29 36 30 47 -33 -34 -35 35 -37 -38 -39 -40 -41 -42 43 -44 -45 -46 -47 -48 -49 49 56 51 54 -54 -55 -56 -57 -58 59 -60 -61 -62 -63
leaf_value=-0.063023723968304524 0.043166785539744977 0.047557507060960069 0.022906719138800009 0.0067819691822583088 0.0076463642268138265 -0.016666518116029188 -0.10017745014425646 -0.005172267782826194 0.015291864114687493 -0.020878886534752429 -0.086896151109847886 0.052906081820218387 -0.10291799950326008 0.049634595496156508 -0.081920040847929684 -0.094133539851108464 -0.042175235281057939 -0.051731600386481974 0.0066330140044481237 0.017548535091920232 -0.026646640982318021 -0.066783456651039338 0.052802476387433822 -0.099467916182140972 -0.10847697145453412 -0.088356335508783718 -0.076426211299204488 0.041902080056498189 -0.095500133618726543 0.026043008171874493 -0.086399763304776778 -0.090244683733949727 0.0012230766672080094 0.010837149119975971 0.017587711180126583 -0.049392706423207054 -0.032883339625931457 0.018684662187644981 0.0078716651738606792 -0.072201584753860223 -0.086461088340516107 -0.02756474588999985 0.014401263543411919 -0.0019845964099555221 0.067148870916494061 -0.10221114039114676 0.021511538464156807 0.036336927254365568 0.052367751387209831 0.0015221744138562429 -0.028662210760518288 -0.092990480540250109 0.0050144560800860659 -0.10157619542487691 0.046488747888422693 -0.072945205550818779 0.071529595967245993 -0.04156018237709197 -0.088949037238918172 0.0077085932661381668 -0.095860781652554863 0.016110959946096074
leaf_weight=166.31337052636081 51.60527903214097 1.5317589407786751 89.012792035005987 9.0446725636720675 482.0725310810376 142.07279013795778 2.5380154391750684 315.77035698993132 23.520822664257139 164.21153165819123 1.6897930847480882 25.658552481327206 3.6504686940461388 15.154063866473736 6.7697144644334903 3.9369147215038529 105.35667885909788 13.372810668777673 17.435197826009244 53.629254539031535 155.86846562917344 11.420161920599638 27.749030653387312 1.9070469476282585 1.8719261270016421 2.7984913093969217 9.2159217852167767 6.0900074192322782 2.474322251975539 110.6380280314479 3.354926908388733 1.1939003334846336 174.57297628861852 629.08418761752546 286.64380247239023 4.896393194794654 33.771350111346692 19.33962736139074 60.627457643160596 10.767702237702908 3.273539783898741 12.57776439748705 76.64021388720721 131.75725076114759 4.4573347447440019 9.5224436558783037 1.7941842270083723 1.8491487349383531 3.4265763740986603 293.64983898377977 39.326127842999995 1.2768764821812499 249.16064116824418 10.671127840876578 11.540919699706135 7.0790767073631287 3.7411696952767661 26.61549609573558 2.3746996922418466 11.045715480577199 1.066408581100404 120.37919215345755
leaf_count=63665 634 81 1562 556 8041 10188 71 22903 750 21144 81 799 107 186 1487 266 15529 796 1096 2931 18231 1765 198 180 71 241 937 395 186 2416 335 248 8338 8168 2404 43 3240 1047 3883 1199 537 201 754 3317 50 293 51 52 23 11381 1929 122 5650 548 428 129 95 1906 263 586 39 2076
internal_value=-0.00106837 -0.0132926 -0.019705 -0.0121892 0.0062309 0.00152186 0.0116692 0.00198215 0.000772242 -0.0203449 -0.000478198 0.0376612 0.00711966 -0.00498251 -0.0161048 -0.00626775 -0.0292022 -0.00586857 -0.0128552 0.00323612 -0.0177276 -0.0342704 0.0148613 0.0430107 0.0140043 -0.00510748 -0.0113856 -0.0202368 -0.0260766 0.0106115 0.0229508 0.0394191 -0.000686528 0.0142401 0.0204788 0.0164628 -0.0177288 0.00573286 -0.00207765 -0.0234656 -0.0437407 -0.00182203 0.0107285 -0.00809894 -0.0384334 -0.0597281 -0.0619146 -0.0427881 -0.00263341 -0.00667807 -0.0300118 -0.0136044 0.00397739 -0.068475 0.0325942 -0.0379508 -0.00153406 -0.00235323 0.000796417 -0.0271101 0.0171858 0.014685
internal_weight=4271.86 1597.13 1124.89 958.573 2674.73 1433.48 1241.25 472.24 370.212 588.361 441.776 30.4639 269.03 835.567 101.182 319.707 269.568 819.219 318.793 74.0941 244.699 20.4648 1003.76 29.6561 974.102 805.846 94.4121 70.8912 64.8012 597.915 115.842 16.348 180.018 972.23 343.145 291.54 55.5853 21.8139 88.8304 28.2029 4.8053 237.493 79.1782 158.315 26.5575 22.1002 5.44465 5.20408 663.773 411.814 74.3871 52.1439 251.959 22.2432 12.8178 11.5721 337.427 333.686 296.025 37.6612 4.49298 122.069
internal_count=236828 174842 148099 84434 61986 45602 16384 26743 18100 66334 25326 1417 10058 34758 8042 23169 36673 34324 29661 5252 24409 2321 11698 378 11320 33528 6555 5805 5410 10844 2803 434 8496 11249 3081 2447 4473 1233 6178 2295 618 4686 825 3861 544 494 158 387 23340 17449 3218 2479 5891 739 550 191 14231 14136 11644 2492 62 2157
is_linear=0
shrinkage=0.05


Tree=16
num_leaves=63
num_cat=0
split_feature=11 9 4 2 2 4 7 2 11 2 6 9 7 9 4 7 0 6 0 6 7 2 6 6 6 6 4 4 4 9 6 9 0 2 6 6 4 0 0 6 2 7 6 0 0 7 0 9 1 0 6 7 6 6 9 9 9 9 9 5 0 6
split_gain=134.591 56.6785 137.794 38.6055 23.241 24.3314 17.8976 18.7147 17.507 14.5895 14.3613 13.887 11.958 11.4812 9.96848 9.74854 14.5279 9.59883 9.47872 8.55241 8.47408 8.43867 24.3269 12.2245 8.21839 12.9402 9.59771 11.2881 8.87544 9.74466 11.7447 15.544 8.80831 9.19839 15.0504 11.0411 8.3371 12.5938 8.07149 10.3334 8.03293 11.5247 15.1651 13.5362 9.40226 9.68458 8.13156 8.01612 8.02118 8.00365 7.88564 7.7998 7.74112 8.03495 7.45209 7.37262 7.35056 9.46858 8.42202 8.23911 11.5977 7.17148
threshold=1.5000000000000002 4.2388713359832773 60.000000000000007 10.500000000000002 3.5000000000000004 18.500000000000004 2.5000000000000004 1.5000000000000002 2.5000000000000004 1.5000000000000002 40.500000000000007 6.0213234424591073 5.5000000000000009 18.313127517700199 17.500000000000004 7.5000000000000009 4.5000000000000009 81.500000000000014 18.500000000000004 77.500000000000014 1.5000000000000002 1.5000000000000002 51.500000000000007 1.5000000000000002 33.500000000000007 32.500000000000007 13.500000000000002 4.5000000000000009 1.5000000000000002 19.590009689331058 69.500000000000014 10.891676902770998 1.5000000000000002 2.5000000000000004 54.500000000000007 59.500000000000007 2.5000000000000004 5.5000000000000009 2.5000000000000004 20.500000000000004 15.500000000000002 6.5000000000000009 25.500000000000004 16.500000000000004 8.5000000000000018 3.5000000000000004 11.500000000000002 7.1774418354034433 0.015038444194942715 13.500000000000002 50.500000000000007 5.5000000000000009 50.500000000000007 49.500000000000007 17.567214965820316 10.499359607696535 31.842773437500004 31.161991119384769 23.368283271789554 0.016261236742138866 2.5000000000000004 44.500000000000007
decision_type=2 2 2 2 2 2 2 2 2 2 2 2 2 2 2 2 2 2 2 2 2 2 2 2 2 2 2 2 2 2 2 2 2 2 2 2 2 2 2 2 2 2 2 2 2 2 2 2 2 2 2 2 2 2 2 2 2 2 2 2 2 2
left_child=1 2 -1 9 6 -6 7 -2 19 -4 38 14 -11 54 -3 24 21 20 -12 -9 -7 22 -17 -23 25 26 27 56 29 30 31 -26 33 -30 -35 -36 37 -34 39 -5 -40 42 44 -44 45 -42 -46 -22 -49 -48 -39 -47 53 -50 -13 -10 57 58 59 60 -8 -57
right_child=4 11 3 10 5 17 15 8 55 12 18 13 -14 -15 -16 16 -18 -19 -20 -21 47 23 -24 -25 28 -27 -28 -29 32 -31 -32 -33 36 34 35 -37 -38 50 40 -41 41 -43 43 -45 46 51 49 48 52 -51 -52 -53 -54 -55 -56 61 -58 -59 -60 -61 -62 -63
leaf_value=-0.062111141405927286 0.029503854060133724 -0.036636356156222703 0.019399806785359203 -0.082999453407135826 0.0090729174450664765 -0.016089064778316172 0.012253518864433505 0.005620067064295969 -0.10302807284071164 0.00019277245101084452 -0.020839110791506549 -0.0048237615789299667 -0.027553779206426439 0.012377794263686461 0.044709440766572253 -0.0011450934373244187 -0.06126633056491361 0.033721487388006254 -0.040434815527117765 0.06694351678924286 -0.0018215663092390458 -0.10216783562094285 -0.10065723578328215 0.022257078414442188 0.027612049951229997 0.054419563003070562 0.015516324457967202 -0.10025684775754012 -0.0026003488060322758 0.042064029904990578 0.064728295009607181 -0.10501558880992262 -0.10510007729910997 -0.10510466734159743 0.058519305125472543 -0.096713036932357194 0.010693382603793898 -0.10684843373920633 -0.0020458924963551364 0.030132001518633617 -0.051663723021636333 0.00038698730377742128 -0.063421927589216748 -0.021650905406456963 -0.078587342850681086 0.043496433222023144 0.017915713036879301 -0.082018996303202293 -0.091302800320748459 -0.02880913334784567 0.055992545872685762 -0.035118883294864241 -0.092562155765856649 0.080348648133342304 -0.088061085866960806 -0.10475669920407969 -0.097503986754196581 0.083498764792894545 -0.10367393783553747 0.055160670522341131 -0.10382330071403401 0.081263046519794241
leaf_weight=157.69883899594424 214.44113230705261 4.3590406398288897 83.717849778942764 2.2674933793023255 605.98555052513257 139.87807946233079 7.2098329141736155 92.921351867727935 5.1790686082094899 236.69376278715208 160.66980676457752 311.67163132620044 46.45187975699082 124.89560668589547 27.690032455138862 52.081508569419384 10.930692514404653 16.414847158826888 100.19612186425366 6.0561423934996119 654.75345994485542 2.0742042213678351 6.9625234403647474 40.87916459934786 4.2357705542817694 19.891322199255228 277.95552100799978 3.4632408870384088 171.78456848254427 30.293768793344498 3.6790084559470406 4.6174716595560312 3.9333157017827016 5.8191960519179684 3.7326208092272282 1.6526588927954433 239.68951428029686 0.96122010145336378 88.771821552654728 18.3770860908553 4.5993090677075115 51.85156438453123 38.677728302776814 38.902355932863429 5.8951244349591425 16.65296583482996 12.52839605277404 6.2808369528502208 0.89184246305376325 34.138823658693582 3.2814479246735573 3.8925567790865889 1.5559315867722032 2.8941224198788404 2.71234381571412 0.86286750435829174 1.8985481560230244 3.2611544132232657 2.0826169028878203 5.1364069627597919 3.067427895963192 1.2968039512634277
leaf_count=63665 2164 618 1619 357 10844 10188 48 1807 145 11425 21144 22903 5056 2157 799 626 641 434 15529 24 23340 73 424 653 55 150 2316 101 2157 148 31 123 57 148 29 111 4168 21 6178 713 736 5102 6055 4419 889 460 666 608 49 3879 24 207 133 6 266 21 24 2 17 25 43 8
internal_value=-0.00104747 -0.0126398 -0.0188463 -0.0116209 0.00580908 0.00147016 0.0108433 0.0209999 0.00384744 0.00106256 -0.0196793 0.00187121 -0.00435923 -0.000446981 0.0336455 0.00726557 -0.00648392 -0.0041301 -0.0283656 0.00937227 -0.00490074 -0.000613082 -0.0128797 0.0162486 0.00921217 0.0153491 0.0127933 -0.0161849 0.00501492 0.0267236 -0.0103583 -0.0415608 0.00285712 -0.00546332 -0.0493578 0.0108809 0.00899977 -0.0406508 -0.0125211 0.0177062 -0.0146299 -0.020023 -0.026838 -0.0424759 -0.0112256 0.0139204 -0.023255 -0.00255221 -0.0437124 -0.0162653 0.0190992 0.028602 0.00132738 0.0399135 -0.00554189 -0.0706659 -0.0033335 0.00527966 -0.00929969 0.00345168 -0.0223916 0.00694137
internal_weight=4233.3 1573.31 1101.98 944.285 2659.99 1428.65 1231.33 320.757 106.316 366.863 577.421 471.329 283.146 439.28 32.0491 910.575 112.928 822.669 260.866 98.9775 806.254 101.997 59.044 42.9534 797.647 323.966 304.075 26.1192 473.681 42.826 12.5323 8.85324 430.855 182.989 11.2045 5.38528 247.865 8.17598 316.555 20.6446 295.911 207.139 155.287 77.5801 77.7072 25.1448 52.5623 666.376 11.6227 46.6672 4.24267 20.5455 5.3419 3.78596 314.384 7.33874 22.656 20.7574 17.4963 15.4137 10.2773 2.15967
internal_count=236828 174842 148099 84434 61986 45602 16384 4169 2005 18100 66334 26743 16481 25326 1417 12215 2417 34758 36673 1831 34324 1776 1050 726 9798 2726 2576 260 7072 357 209 178 6715 2445 288 140 4270 102 29661 1070 28591 22413 17311 10474 6837 1403 5434 24136 796 4545 45 667 188 55 23169 174 159 135 133 116 91 29
is_linear=0
shrinkage=0.05


Tree=17
num_leaves=63
num_cat=0
split_feature=11 9 4 3 3 9 7 6 0 9 9 9 3 7 0 6 9 3 0 6 6 0 3 7 0 9 9 6 10 9 0 6 7 6 3 9 0 6 0 9 6 6 6 7 7 9 7 4 0 9 6 7 7 0 0 6 0 6 7 6 6 0
split_gain=120.446 52.1248 128.903 32.9238 23.7613 21.6773 14.9234 13.0378 12.3997 11.8542 11.7342 14.0009 11.4484 10.1051 9.38587 9.32881 8.43936 8.25022 8.22984 7.72292 8.90048 7.51912 10.9222 10.7337 8.79753 7.44058 25.4452 9.84301 9.42487 14.2165 11.6699 9.51539 11.0531 8.26638 25.5506 14.5004 10.17 9.41234 8.69698 7.85917 6.94923 10.1433 8.79007 7.78398 6.79566 15.0293 6.89621 6.73501 11.7106 6.7127 6.39406 11.1397 8.86227 9.80958 7.34765 7.0833 29.3654 11.124 6.03657 6.00734 6.53464 8.15444
threshold=1.5000000000000002 4.2388713359832773 60.000000000000007 0.013986697886139156 0.015504807699471714 4.2388713359832773 2.5000000000000004 40.500000000000007 1.5000000000000002 10.718293190002443 6.0811200141906747 6.413121461868287 0.016001024283468727 5.5000000000000009 14.500000000000002 81.500000000000014 18.313127517700199 0.015268065501004459 18.500000000000004 71.500000000000014 69.500000000000014 8.5000000000000018 0.013072453904896976 3.5000000000000004 2.5000000000000004 19.590009689331058 17.714847564697269 36.500000000000007 1.0000000180025095e-35 1.0000000180025095e-35 12.500000000000002 66.500000000000014 5.5000000000000009 59.500000000000007 0.016001024283468727 9.5330781936645526 3.5000000000000004 55.500000000000007 8.5000000000000018 8.26232957839966 25.500000000000004 13.500000000000002 10.500000000000002 4.5000000000000009 4.5000000000000009 22.610268592834476 6.5000000000000009 5.5000000000000009 4.5000000000000009 20.360419273376468 42.500000000000007 7.5000000000000009 5.5000000000000009 4.5000000000000009 1.0000000180025095e-35 63.500000000000007 2.5000000000000004 65.500000000000014 7.5000000000000009 82.500000000000014 55.500000000000007 16.500000000000004
decision_type=2 2 2 2 2 2 2 2 2 2 2 2 2 2 2 2 2 2 2 2 2 2 2 2 2 2 2 2 2 2 2 2 2 2 2 2 2 2 2 2 2 2 2 2 2 2 2 2 2 2 2 2 2 2 2 2 2 2 2 2 2 2
left_child=1 2 -1 7 5 14 8 21 19 -10 -3 -12 13 40 -2 -7 -13 44 59 20 -6 23 -23 24 -4 26 27 58 29 50 33 -31 -33 34 37 36 -36 47 39 -35 41 42 43 -5 -17 -46 -47 48 -30 -27 51 52 53 54 -29 -52 -57 -58 -8 60 -9 -62
right_child=4 10 3 12 6 15 25 18 9 -11 11 16 -14 -15 -16 17 -18 -19 -20 -21 -22 22 -24 -25 -26 49 -28 28 30 31 -32 32 -34 38 35 -37 -38 -39 -40 -41 -42 -43 -44 -45 45 46 -48 -49 -50 -51 55 -53 -54 -55 -56 56 57 -59 -60 -61 61 -63
leaf_value=-0.061247243104919337 -0.0023235127467400338 0.029538379390462496 0.0045588744169469163 0.006287454083122636 0.026346953518998753 0.006470112928435811 0.014426118348840198 -0.028832561387499379 0.011500701119492869 -0.10350174465576981 -0.086545182661199149 -0.0039903547335661252 0.016594686324857149 -0.026196784651764289 -0.018752329348637409 0.047891819493676893 0.011357337582689277 -0.098359613728636053 -0.038789807578332086 0.055814773623037134 -0.10040887004303632 -0.02457174000979272 -0.0023398503370776719 0.012898370472803357 -0.0630833555383849 0.060400833382937641 -0.10285874197100248 -0.011226160283758949 -0.10248906652274892 -0.10036831071563329 -0.10825084802834209 -0.10331310979663753 0.067378616871045752 -0.10066268191670941 -0.10855868376358054 -0.10054934038245092 0.05261945791429843 -0.09605943116131764 -0.10123727568551476 0.038363042897816176 -0.00604458462941505 0.030453119220067423 -0.099960781833038956 -0.0916182721690533 -0.093816575123513754 -0.098776832816441437 0.06398333077379155 0.053855773753080538 0.043733175975451372 0.016102766132346406 0.0066285679255238391 -0.068153927139864984 0.013333822955852901 0.016491237657100696 -0.058334375310908626 -0.10139621687802752 -0.10143797069866645 0.032409771542099446 -0.0034568699339082225 -0.081993430511813764 -0.016439591331822687 0.024373928578577793
leaf_weight=149.07852919469588 688.14152987697162 35.395118386950344 9.3092333348467964 31.475437139160931 137.91007230244577 598.15180596627761 349.73267120029777 77.172218073857948 151.63717139139771 2.2743743956089011 4.6658584261313072 303.75302239344455 85.220960043836385 44.468620860017836 99.507774394471198 28.457458264194429 127.0280026588589 1.1795731745660294 95.173024205258116 23.94265347905457 1.3989458084106434 148.1746954631526 88.088161904830486 56.147132939659059 9.9389566462486965 9.4633689075708372 5.3524862667545667 16.214564140886068 2.1122750425711336 6.1532311867922527 1.8651131987571705 1.5812783408910038 2.3697437569499016 1.0396243948489416 1.3400945831090192 7.6485372656024992 3.629155196249485 1.3913184665143479 1.1964950468391169 45.79062922950834 160.63624648470432 38.086297110188752 2.3544279690831891 2.1701090075075617 2.9778316754382086 0.74341286160051812 5.2246665088459849 17.088714012876153 3.892736129462719 88.801188118290156 190.45934713864699 8.1946624540723843 31.977501038461924 12.645527823362498 16.909708026796579 7.8429108145646778 1.7496236152946938 13.764909678604452 54.550664982758462 3.8303952272981396 60.263425499200821 15.357229711255057
leaf_count=63665 25572 1548 556 1010 1658 11552 3148 11200 2328 42 842 22196 1619 5056 7788 250 2157 31 15529 113 28 18231 6178 2931 1765 28 112 102 77 230 62 101 70 127 65 198 23 52 30 469 9439 626 73 277 333 30 46 131 30 680 3211 269 479 206 218 719 112 511 755 762 7797 1385
internal_value=-0.000945017 -0.0120243 -0.0180914 -0.0111576 0.00553511 0.00114685 0.0106505 -0.018732 0.0199832 0.00980129 0.00185269 -0.000397729 0.000553976 -0.00434233 -0.00439905 0.00800719 0.000535348 0.0318365 -0.0271937 0.0295825 0.0250741 -0.0118956 -0.0162828 0.00185241 -0.0303687 0.00737889 0.00579617 0.0065221 0.000928327 -0.00315441 0.0154705 -0.0614876 -0.000935638 0.0181811 0.000454498 -0.0573452 0.00915335 0.0302402 0.0318757 0.0352767 -0.00020196 0.0124662 -0.00656311 -2.73817e-05 0.0359425 -0.00206914 0.0437091 0.0378494 -0.0077008 0.0203689 -0.00118812 -0.0127065 -0.00686226 -0.0209724 -0.0352746 0.00344159 -0.0225454 0.0173153 0.0120131 -0.0201473 -0.0185968 -0.00815108
internal_weight=4194.09 1547.79 1076.95 927.867 2646.31 1424.38 1221.92 563.454 317.163 153.912 470.842 435.447 364.412 279.191 787.649 636.735 430.781 38.5829 251.796 163.252 139.309 311.658 236.263 75.3953 19.2482 904.758 806.494 801.141 396.858 309.863 86.9947 10.1043 3.95102 85.1296 37.1028 12.6178 4.96925 24.485 48.0267 46.8303 234.723 74.0863 36 33.6455 37.4034 8.94591 5.96808 23.0937 6.00501 98.2646 299.759 85.942 77.7473 45.7698 33.1243 213.817 23.3574 15.5145 404.283 156.623 152.793 75.6207
internal_count=236828 174842 148099 84434 61986 45602 16384 66334 4169 2370 26743 25195 18100 16481 33360 12242 24353 690 36673 1799 1686 29661 24409 5252 2321 12215 11507 11395 7492 6228 1264 401 171 1202 576 286 88 290 626 596 11425 1986 1360 1287 659 409 76 238 107 708 5827 1274 1005 526 320 4553 1342 623 3903 21144 20382 9182
is_linear=0
shrinkage=0.05


Tree=18
num_leaves=63
num_cat=0
split_feature=11 9 4 2 2 9 7 2 6 6 1 6 11 1 9 4 4 6 6 6 5 6 9 7 6 1 2 1 2 7 1 2 6 7 2 9 1 4 6 1 7 1 6 6 6 4 4 9 9 9 9 9 9 2 6 2 1 6 1 1 6 1
split_gain=115.945 46.0456 119.281 29.4678 28.4204 18.9064 13.4527 13.2112 11.0047 10.8568 10.8207 9.57466 9.07262 8.30488 7.94202 12.0982 16.5572 18.3731 14.1966 20.6144 8.22139 7.88104 7.79166 7.73598 7.7146 7.68815 7.29161 7.06697 9.51795 9.30479 7.46441 6.78993 6.4988 6.23433 6.39107 10.1837 9.65621 12.8393 7.91441 6.6128 10.3599 15.6992 8.73551 6.25409 11.0587 9.95834 12.5627 11.4528 11.3256 11.3198 8.79132 14.8995 7.36005 11.3819 8.68872 8.67297 10.2748 8.23155 8.04303 6.78882 13.2229 8.23087
threshold=1.5000000000000002 4.2388713359832773 60.000000000000007 10.500000000000002 3.5000000000000004 4.2388713359832773 2.5000000000000004 1.5000000000000002 35.500000000000007 40.500000000000007 0.013606071937829258 81.500000000000014 2.5000000000000004 0.013245614245533945 23.071245193481449 3.5000000000000004 12.500000000000002 42.500000000000007 62.500000000000007 64.500000000000014 0.014815627597272398 38.500000000000007 10.499359607696535 7.5000000000000009 77.500000000000014 0.012579114176332952 1.5000000000000002 0.014389234129339458 18.500000000000004 3.5000000000000004 0.015749008394777778 4.5000000000000009 65.500000000000014 6.5000000000000009 2.5000000000000004 36.592109680175788 0.015038444194942715 2.5000000000000004 54.500000000000007 0.015268065501004459 3.5000000000000004 0.015749008394777778 26.500000000000004 33.500000000000007 32.500000000000007 1.0000000180025095e-35 2.5000000000000004 32.955158233642585 16.91951942443848 25.082406997680668 8.7189040184021014 4.2388713359832773 9.5330781936645526 1.0000000180025095e-35 36.500000000000007 1.5000000000000002 0.014599318150430919 44.500000000000007 0.015038444194942715 0.014185110572725536 63.500000000000007 0.014815627597272398
decision_type=2 2 2 2 2 2 2 2 2 2 2 2 2 2 2 2 2 2 2 2 2 2 2 2 2 2 2 2 2 2 2 2 2 2 2 2 2 2 2 2 2 2 2 2 2 2 2 2 2 2 2 2 2 2 2 2 2 2 2 2 2 2
left_child=1 2 -1 8 6 13 7 -2 26 27 14 -7 24 -6 -3 -16 17 20 -19 -20 -17 -10 -14 -23 32 -11 -4 28 -5 30 -29 -13 -9 34 35 43 37 -36 -39 -38 41 -41 -43 44 -8 48 -47 49 -45 50 51 59 -52 -54 -55 56 -56 -57 -59 -48 -61 -62
right_child=4 10 3 9 5 11 33 12 21 25 -12 31 22 -15 15 16 -18 18 19 -21 -22 23 -24 -25 -26 -27 -28 29 -30 -31 -32 -33 -34 -35 36 -37 39 38 -40 40 -42 42 -44 45 -46 46 47 -49 -50 -51 52 -53 53 54 55 57 -58 58 -60 60 61 -63
leaf_value=-0.060426337798592793 0.02729227696128575 -0.0040050649688271609 0.022948847302173964 -0.0071186021904620748 -0.018229738059846595 0.0055484944848007674 0.011758202067665315 0.0070442807298102348 -0.039309736289578963 -0.037668648193856333 0.030225409333425868 -0.094708267377034513 -0.097257384695590532 -0.0025634793132027875 0.029171722310202763 -0.090175617329216307 0.054562483657743667 -0.098707875841567122 0.057701812367742022 -0.096395347541054943 0.057955004926332758 -0.0036213222171927757 0.033049720996348314 -0.079467998169545848 0.064833151478921797 -0.019321017712335395 0.0018017032792003109 -0.061161192382341349 -0.027417972823152753 0.011301830776101154 0.0020713444615602784 0.034786670884584744 -0.09660015655361523 0.00092443442725478767 0.048764186577037516 -0.097273118132410241 0.054811564129588514 -0.01144980868834037 -0.10158895641945664 -0.10423008605991387 0.030176101285531082 -0.11483087258925549 0.027414984141039701 -0.10744833713193187 0.054871521345037269 -0.050948729702346741 0.023649128824593867 0.082807593583385464 0.056073408727280373 -0.099386303649873317 0.054633451630749591 -0.097067785030478387 0.037805746918643551 0.063521170370225852 0.025130030783391308 -0.10196187754565585 -0.099806816079503424 -0.10421752511709109 0.029029970556718111 -8.2988227657556867e-06 0.0026862812258472168 -0.10405625881884095
leaf_weight=140.99475737317698 209.56717447936535 358.97301092476118 58.7182931676507 126.83805883210152 96.543464394984767 600.699914093595 201.20857746805996 88.738480457104743 19.263858522754163 91.050525108352304 30.023121916223317 1.0404253071174014 3.7716539786197236 683.50028640253004 48.590649384539574 1.0953987948596502 7.6813246160745612 9.4617484249174613 4.905496606603263 3.8924139849841595 6.4649308919906616 147.52856646338478 1.6486350186169145 3.4402782870456567 5.7861699461936942 153.10168477951083 133.29893890232779 9.2868554508313554 106.00746747502126 56.838488279376179 9.3823418300598842 37.416339569259435 1.5386747438460577 228.58412980847061 8.8545297700911743 2.2874614186584941 18.509579472243786 22.368170959874991 2.7326872693374744 3.741204551421105 68.797683616168797 1.1997557841241349 10.75168269779533 1.1464807137381274 16.060969609767199 10.861706709954886 27.802983956411481 4.5192049965262404 13.859243063256143 2.6962080914527169 12.493490489199756 3.9758121469058088 22.025615161284804 3.3660471066832569 2.3053356395103037 1.7026509903371341 5.7505552861839533 1.262133290991186 11.027068600524215 173.9738016272895 2.7988657467067233 5.0908404923975468
leaf_count=63665 2164 24856 567 10402 7788 11552 1536 1696 1223 15529 856 31 145 25572 545 30 79 209 25 104 39 10111 29 766 24 21144 5433 1765 14007 2931 556 659 111 4686 50 25 109 472 191 77 670 18 97 68 86 188 484 8 48 31 98 326 159 11 27 22 136 31 92 2019 53 397
internal_value=-0.000864611 -0.0118181 -0.0176182 -0.01102 0.00551379 0.000721485 0.0111683 0.0201216 6.28974e-05 -0.0182866 0.00118052 0.0070969 0.0053138 -0.00450244 -0.000796554 0.0132337 -0.00988304 -0.0290553 -0.0561951 -0.0104746 0.0364927 -0.0091927 -0.0576232 -0.00534972 0.00886497 -0.0261633 0.00826844 -0.0120498 -0.0163603 0.00124249 -0.0293832 0.0312833 0.00527778 0.00804528 0.0104997 0.00799562 0.0201211 -0.00300212 -0.0212631 0.027744 0.0218142 -0.014845 0.0131355 0.00845522 0.0149452 0.00385701 0.00181324 0.00385421 0.0435799 0.00256271 0.00356746 -0.00117985 0.0204902 0.0114983 -0.0113018 -0.0227251 -0.0640539 0.00107016 0.0153451 0.00063843 -0.00287941 -0.0661894
internal_weight=4148.84 1526.84 1055.75 914.755 2622.01 1419.2 1202.81 311.051 362.25 552.505 471.088 639.157 101.484 780.044 441.065 82.092 33.5013 25.82 18.2597 8.79791 7.56033 170.233 5.42029 150.969 96.0633 244.152 192.017 308.353 232.846 75.5077 18.6692 38.4568 90.2772 891.754 663.17 526.215 136.955 33.9554 25.1009 103 84.4903 15.6926 11.9514 523.928 217.27 306.658 291.652 280.791 15.0057 276.271 273.575 213.642 59.9329 47.4394 25.4138 22.0477 8.05589 13.9919 12.2892 209.666 181.864 7.88971
internal_count=236828 174842 148099 84434 61986 45602 16384 4169 18100 66334 26743 12242 2005 33360 25887 1031 486 407 338 129 69 12100 174 10877 1831 36673 6000 29661 24409 5252 2321 690 1807 12215 7529 5845 1684 713 663 971 862 192 115 5820 1622 4198 4082 3894 116 3886 3855 3279 576 478 319 308 163 145 123 2953 2469 450
is_linear=0
shrinkage=0.05


Tree=19
num_leaves=63
num_cat=0
split_feature=2 9 4 2 6 0 6 6 2 6 0 0 2 2 0 0 6 3 6 2 6 6 1 6 6 9 9 9 9 4 4 6 9 4 0 2 0 10 6 5 9 0 3 6 6 6 9 6 5 6 9 2 6 4 9 9 0 5 9 0 0 1
split_gain=104.595 77.4735 122.496 25.5056 13.7734 11.8452 11.7383 10.6384 13.7905 9.50451 9.07139 8.01295 13.0453 8.16829 7.90954 7.83537 8.36845 8.01084 7.52684 7.4963 8.14675 7.34628 7.82417 12.9108 7.13753 11.2416 11.6362 15.1213 13.3606 11.1709 11.1521 11.0268 10.2643 10.8346 14.1706 9.98967 13.3239 10.4762 10.1082 12.6985 11.6103 11.726 16.7901 12.041 9.3812 8.6655 8.53393 10.9962 8.52114 8.20335 8.58772 8.53862 7.59805 9.96936 9.97747 23.8057 10.8725 8.09192 7.77567 10.4061 9.97016 7.46765
threshold=3.5000000000000004 4.2388713359832773 60.000000000000007 15.500000000000002 70.500000000000014 2.5000000000000004 30.500000000000004 38.500000000000007 5.5000000000000009 89.500000000000014 16.500000000000004 3.5000000000000004 9.5000000000000018 8.5000000000000018 9.5000000000000018 8.5000000000000018 37.500000000000007 0.013423423748463394 43.500000000000007 4.5000000000000009 43.500000000000007 68.500000000000014 0.016001024283468727 49.500000000000007 63.500000000000007 8.7831611633300799 8.8916859626770037 9.3998298645019549 9.2478270530700701 7.5000000000000009 16.500000000000004 30.500000000000004 8.0172181129455584 10.500000000000002 2.5000000000000004 17.500000000000004 2.5000000000000004 1.0000000180025095e-35 73.500000000000014 0.012739370577037336 7.5738229751586923 8.5000000000000018 0.014185110572725536 72.500000000000014 52.500000000000007 55.500000000000007 14.830809593200685 72.500000000000014 0.015038444194942715 71.500000000000014 16.59635162353516 13.500000000000002 68.500000000000014 60.000000000000007 17.257849693298343 14.830809593200685 11.500000000000002 0.013606071937829258 25.082406997680668 7.5000000000000009 7.5000000000000009 0.013606071937829258
decision_type=2 2 2 2 2 2 2 2 2 2 2 2 2 2 2 2 2 2 2 2 2 2 2 2 2 2 2 2 2 2 2 2 2 2 2 2 2 2 2 2 2 2 2 2 2 2 2 2 2 2 2 2 2 2 2 2 2 2 2 2 2 2
left_child=4 2 -2 6 -1 -5 -4 15 14 11 -6 12 13 21 -9 16 -8 -18 -13 20 -16 22 23 -10 25 31 48 28 29 45 -31 -3 33 44 -35 38 -37 52 39 -26 -41 43 46 -42 -33 61 47 -43 -27 50 -48 -52 58 54 55 -54 -56 -58 59 -38 -60 -28
right_child=1 24 3 5 10 -7 7 8 9 -11 -12 18 -14 -15 19 -17 17 -19 -20 -21 -22 -23 -24 -25 35 26 27 -29 -30 30 -32 32 -34 34 -36 36 37 -39 -40 40 41 42 -44 -45 -46 -47 49 -49 -50 -51 51 -53 53 -55 56 -57 57 -59 60 -61 -62 -63
leaf_value=0.0094154799343798071 -0.058873300226566262 0.017287600697140759 0.0021449215232381444 0.0058740928508833716 0.033357761343311226 -0.020781405791911234 -0.047690483775950428 0.016831664256214844 0.025522072650873907 0.078268406313319272 -0.091136601516968174 -0.0018653875571326827 0.02522964955748884 -0.10124309630413125 0.0044365324060332435 -0.01247889067879809 0.068649090313491465 -0.026267068092882463 -0.01971403388634441 0.0069538106473126266 -0.067223735346685964 0.043368099682350003 -0.070865765444671464 -0.096685578979866446 -0.082985828156872832 0.051065774316583407 0.046941944450940409 0.0037542447136183345 -0.091603861047566237 -0.093425197160478812 0.0079763018582390127 -0.081607420241643136 -0.052243592926807164 0.047173515043617664 -0.055091048411970156 -0.098072510237306898 -0.10160503183361169 -0.096913513778584481 0.034535503562292943 0.058136183943131664 0.024738626094810583 -0.10039843880079036 -0.10064687799395389 -0.10020478032382429 0.029546937929874284 -0.10047452653413942 0.082339034943488904 0.054019770425337101 -0.10125859527953596 -0.10216967458176379 0.027477549179191887 -0.10021502425527801 -0.0067109336166861593 0.028565731925896898 -0.099255048059957329 -0.098440902665779415 -0.088883714286246363 0.02659287323906678 0.077999138536553783 0.024952963789880128 -0.058767480639464333 -0.092715914640854366
leaf_weight=1253.9798397966661 134.72963215649361 18.68049554945901 393.95497039868496 45.84401293611154 77.087521414039657 458.67384642723482 38.567337970249355 90.341915723867714 9.4225939884781926 2.9947026018053284 1.491547833662479 82.465922066010535 35.008663198910654 2.8543711043894282 7.0042690252885249 98.868732114788145 3.1985349208116514 7.2885645776987076 208.16789918043651 26.903813239187002 9.1437416994012874 4.818152515217661 6.3652335461229077 2.8044547978788605 3.6525740120559922 16.928347080945972 9.9337812345475012 561.15668627154082 7.2505509573966256 6.3829646180383843 4.7139832735992968 2.1430660444311824 23.995065548224375 4.2095611989498165 17.34639561874792 3.2049349751323453 1.6590377497486759 2.5236311182379714 63.290661287494004 11.832811334170399 44.735333614051342 3.8296829275786939 5.4590440755709997 2.0151745723560444 16.614228478167206 1.3561455383896817 5.0652601253241283 1.6494209282100198 0.97076927311718364 1.2485546329990018 5.600562502630055 1.7085576234385369 105.8456516712904 25.425535762682557 1.9462795862928022 7.5793797103688112 1.5818551266565908 37.038695902563632 1.6937708854675282 77.437837401870638 6.2482302244752645 1.0592430438846339
leaf_count=18799 63720 1022 13863 2681 1486 56786 1920 2354 179 23 299 4916 636 170 258 6833 29 310 19688 1411 1034 108 211 160 388 346 305 13363 674 567 164 471 2647 85 2651 224 108 95 1011 172 443 144 171 32 836 145 20 15 112 31 45 46 7482 677 82 430 78 624 4 3081 86 77
internal_value=-0.000832219 -0.00634549 -0.0131616 -0.00914857 0.010688 -0.0183593 -0.0046377 -0.00883759 -0.00527897 -0.0104305 0.0309947 -0.0111853 0.00524667 -0.0213889 0.00842683 -0.0205846 -0.0369216 0.00268208 -0.0146496 -0.00921024 -0.0361408 -0.0116525 -0.0259109 -0.00250806 0.0038597 0.000736389 0.0030862 0.00188502 -0.0322857 -0.013942 -0.0503498 -0.0165286 -0.0263517 -0.0109404 -0.0351203 0.00898351 0.00327281 0.00448035 0.0193399 0.00825957 0.012268 0.00465707 -0.0233157 0.019353 0.0168473 0.0187741 -0.00121568 -0.0539126 0.0428044 0.0199789 0.0323035 -0.00237148 0.00544066 -0.000440085 -0.00522922 -0.0128406 0.0160522 0.0218631 0.0175629 0.0222984 -0.0295996 0.0334851
internal_weight=4116.99 2784.44 1669.42 1534.69 1332.56 504.518 1030.17 636.219 488.296 354.902 78.5791 351.907 61.2735 26.2648 133.394 147.923 49.0544 10.4871 290.634 43.0518 16.148 23.4104 18.5923 12.227 1115.01 692.741 609.752 591.853 30.6967 23.4461 11.0969 82.9888 64.3083 40.3133 21.556 422.272 272.185 268.98 150.088 86.797 83.1444 71.3116 24.5611 46.7505 18.7573 12.3492 19.102 5.4791 17.8991 13.6229 12.3744 7.30912 266.456 179.417 153.992 113.425 40.5668 38.6206 87.0389 79.0969 7.942 10.993
internal_count=236828 216244 177290 113570 20584 59467 54103 40240 31148 26091 1785 26068 1464 828 5057 9092 2259 339 24604 2703 1292 658 550 339 38954 23465 15753 15295 1932 1258 731 7712 6690 4043 2736 15489 12971 12747 2518 1507 1119 947 472 475 1307 527 301 159 458 142 111 91 12652 9373 8696 7912 784 702 3279 3189 90 382
is_linear=0
shrinkage=0.05


Tree=20
num_leaves=63
num_cat=0
split_feature=2 9 4 2 1 7 1 4 9 6 2 1 6 1 7 6 7 9 4 9 9 6 4 6 6 6 9 6 6 1 6 6 7 2 2 6 6 3 6 6 6 6 9 6 2 2 6 7 1 6 7 6 6 4 9 6 9 9 7 6 3 1
split_gain=111.454 92.0353 118.135 27.0789 20.4386 25.0864 12.9763 12.1132 13.4582 10.724 8.88543 10.4884 10.2946 9.10681 11.4079 9.07908 8.86356 8.47603 8.89119 25.9373 8.47458 9.61127 9.53995 8.69164 17.9109 8.40913 7.95805 8.65293 7.72823 7.69507 13.157 9.98228 9.0917 8.77886 8.7768 9.05846 8.44611 9.27154 7.50979 12.8542 11.2934 10.4595 7.90133 7.4007 7.39662 8.54286 11.5711 9.23468 7.31988 7.28589 6.99398 16.6185 7.04783 6.91971 9.73363 8.35504 8.13713 11.9517 8.38007 8.00255 7.50355 7.12167
threshold=3.5000000000000004 1.0000000180025095e-35 60.000000000000007 15.500000000000002 0.016261236742138866 3.5000000000000004 0.014185110572725536 60.000000000000007 21.104898452758793 71.500000000000014 1.5000000000000002 0.014599318150430919 25.500000000000004 0.015749008394777778 2.5000000000000004 55.500000000000007 6.5000000000000009 31.161991119384769 17.500000000000004 22.863738059997562 32.955158233642585 73.500000000000014 18.500000000000004 31.500000000000004 41.500000000000007 17.500000000000004 7.2164390087127694 61.500000000000007 20.500000000000004 0.015504807699471714 45.500000000000007 89.500000000000014 2.5000000000000004 4.5000000000000009 4.5000000000000009 40.500000000000007 47.500000000000007 0.014599318150430919 44.500000000000007 26.500000000000004 17.500000000000004 1.5000000000000002 9.3998298645019549 53.500000000000007 5.5000000000000009 4.5000000000000009 54.500000000000007 7.5000000000000009 0.013606071937829258 9.5000000000000018 7.5000000000000009 89.500000000000014 75.500000000000014 12.500000000000002 6.6062858104705819 72.500000000000014 7.9491722583770761 8.7624015808105487 5.5000000000000009 71.500000000000014 0.014389234129339458 0.015749008394777778
decision_type=2 2 2 2 2 2 2 2 2 2 2 2 2 2 2 2 2 2 2 2 2 2 2 2 2 2 2 2 2 2 2 2 2 2 2 2 2 2 2 2 2 2 2 2 2 2 2 2 2 2 2 2 2 2 2 2 2 2 2 2 2 2
left_child=4 2 -2 29 7 -6 -5 8 -1 17 -9 38 28 -14 -15 43 -8 18 19 -7 21 53 -23 -22 -25 49 27 -27 -13 30 32 36 34 -34 35 -4 37 -32 39 40 41 -12 48 -16 45 46 -38 -47 -40 -20 52 -52 -10 54 -3 -55 -56 58 60 -59 61 -58
right_child=1 20 3 6 5 9 16 10 50 -11 11 12 13 14 15 -17 -18 -19 25 -21 23 22 -24 24 -26 26 -28 -29 -30 -31 31 -33 33 -35 -36 -37 44 -39 42 -41 -42 -43 -44 -45 -46 47 -48 -49 -50 -51 51 -53 -54 55 56 -57 57 59 -60 -61 -62 -63
leaf_value=0.027450006898723362 -0.058123490682093361 -0.083987398679211456 0.026471447231921741 -0.023716496237808103 0.03736607892372195 -0.10135457830961819 -0.012877139540337396 0.0112354725718074 0.0082944241945601179 -0.092810884540647773 -0.053786767028270281 0.0088194860944373742 0.0084994740162001505 0.012709946857842725 -0.02916679829099908 -0.099465865399121556 0.013854152217895918 0.05777299405652845 0.012685360790683373 0.023576811240856976 0.050190474493302287 0.0097856500465936889 0.037409649355540871 -0.098164524961406957 0.01864269292344552 0.0072455768728559829 0.065346024047566661 -0.097160710171584397 0.039499769476568879 0.0062065726951703905 -0.023197283274324645 0.077808239183700001 -0.020251467106750357 0.0043662391102442313 -0.016020825776038909 -0.093357269098307133 0.013811884654925442 -0.089511107241634941 -0.028506350405081832 0.0098369765342428486 -0.10411295859059942 0.020040290711570759 0.10031480281938926 0.049202350274686432 -0.018510672223537489 0.024703027043503311 -0.068045050758576947 -0.090991049629368506 -0.096979441182926354 0.056451768551081465 -0.1011086916882986 0.082045141766556806 -0.10715192455329772 -0.0048238651027381341 0.02562673274488721 -0.094201867316363597 -0.018001534703929459 0.0065044578910279371 -0.09067017224664152 -0.03581224866062744 -0.093502665947821334 0.058279334978303725
leaf_weight=155.26409436808899 127.35502985754283 3.0421059643849722 20.958335140720013 315.41957617644221 167.89711413485929 6.6578272571787265 135.62169652688317 443.47196100000292 43.967949786223471 2.4377913307398549 9.8567614220082813 58.649131371639669 95.882697112858295 23.721991426311433 37.453597054816782 4.2739899717271319 40.203074113465846 9.9203496677800995 18.977448653429747 11.049431611783801 20.166579948738217 149.55706833256409 39.511718968395144 3.4467405602335921 68.597152141854167 134.41603394597769 5.8320750948041669 2.01423112489283 31.577138571068645 173.92285353410989 16.465283870231364 2.8420574748888603 39.709307851037011 411.4858248999808 143.9546100338921 1.705488760024308 9.1026633996516484 7.7526907385326913 20.636217662598945 48.81038753548637 4.7288002353161565 9.3470265483483654 1.0222647013142694 3.2759617064148179 159.89347514184192 31.298375207465142 8.2120388681068999 1.8253971952944983 4.8134470889344803 19.059258937835693 4.5735273971222332 1.6984519958496092 1.3629922568798054 156.02655801083893 47.455192705616355 2.6592988064512602 20.659838606603454 599.5144358065445 4.3125116555020204 11.384518568869678 2.7747879149392238 3.5917276144027701
leaf_count=1672 63566 422 571 43516 1241 274 12950 6337 328 300 390 722 2061 591 594 285 2594 51 177 68 97 6194 1187 46 463 1131 44 174 198 3709 1799 22 1496 19271 8134 113 525 766 1444 1372 217 131 5 44 15611 1275 802 169 331 44 106 1 20 9343 2524 219 1402 15322 1030 482 138 50
internal_value=0.00144566 -0.00432349 -0.0118658 -0.00799103 0.0130471 0.022953 -0.0176492 0.00931642 0.0200978 0.0114495 0.00651987 0.00061325 0.00598298 -0.00145725 -0.0153484 -0.0301383 -0.00676492 0.0126719 0.0104123 -0.0233967 0.00664828 0.0053608 0.0155585 0.0211761 0.0130544 0.0137327 0.00814917 0.00570414 0.0195569 -0.00338077 -0.00533055 -0.0153354 -0.00148624 0.00219966 -0.0114675 0.0174541 -0.016464 -0.0444258 -0.013179 -0.00488059 -0.034897 -0.0178531 -0.0359823 -0.0228634 -0.0132444 0.00344987 -0.0250113 0.0183273 -0.0414571 0.0346156 -0.00202376 -0.0515106 0.00482323 0.00309626 0.00525364 -0.00632168 0.00564727 0.00417098 -0.0259439 0.00571586 -0.0156157 -0.00670412
internal_weight=4163.08 2780.43 1647.73 1520.37 1382.65 378.262 491.244 1004.39 206.867 210.364 797.521 354.049 254.835 164.608 68.7255 45.0035 175.825 207.927 198.006 17.7073 1132.7 1040.49 189.069 92.2105 72.0439 180.299 142.262 136.43 90.2263 1029.13 855.206 237.392 617.814 451.195 166.618 22.6638 234.55 24.218 99.2149 72.743 23.9326 19.2038 26.4719 40.7296 210.332 50.4385 17.3147 33.1238 25.4497 38.0367 51.6029 6.27198 45.3309 851.421 692.735 158.686 689.693 642.238 31.3389 610.899 27.0264 24.2516
internal_count=236161 215808 176889 113323 20353 3504 59060 16849 2127 2263 14722 8385 4495 3575 1514 923 15544 1963 1912 342 38919 38313 7381 606 509 1570 1349 1305 920 54263 50554 20969 29585 20767 8818 684 20947 2565 3890 2110 738 521 1780 638 18382 2771 1327 1444 1775 221 455 107 348 30932 21370 9562 20948 18424 2620 15804 1590 1452
is_linear=0
shrinkage=0.05


end of trees

feature_importances:
popularity=397
pmi_sum=209
rank_cf_bpr=154
turn_number=151
rank_metadata_qwen3=129
rank_pmi_leg=91
score_pmi_leg=51
score_cf_bpr=50
score_metadata_qwen3=46
n_legs_containing=18
is_in_all_legs=6

parameters:
[boosting: gbdt]
[objective: lambdarank]
[metric: ndcg]
[tree_learner: serial]
[device_type: cpu]
[data_sample_strategy: bagging]
[data: ]
[valid: ]
[num_iterations: 300]
[learning_rate: 0.05]
[num_leaves: 63]
[num_threads: -1]
[seed: 0]
[deterministic: 0]
[force_col_wise: 0]
[force_row_wise: 0]
[histogram_pool_size: -1]
[max_depth: -1]
[min_data_in_leaf: 10]
[min_sum_hessian_in_leaf: 0.001]
[bagging_fraction: 0.8]
[pos_bagging_fraction: 1]
[neg_bagging_fraction: 1]
[bagging_freq: 5]
[bagging_seed: 3]
[bagging_by_query: 0]
[feature_fraction: 0.8]
[feature_fraction_bynode: 1]
[feature_fraction_seed: 2]
[extra_trees: 0]
[extra_seed: 6]
[early_stopping_round: 0]
[early_stopping_min_delta: 0]
[first_metric_only: 0]
[max_delta_step: 0]
[lambda_l1: 0]
[lambda_l2: 0]
[linear_lambda: 0]
[min_gain_to_split: 0]
[drop_rate: 0.1]
[max_drop: 50]
[skip_drop: 0.5]
[xgboost_dart_mode: 0]
[uniform_drop: 0]
[drop_seed: 4]
[top_rate: 0.2]
[other_rate: 0.1]
[min_data_per_group: 100]
[max_cat_threshold: 32]
[cat_l2: 10]
[cat_smooth: 10]
[max_cat_to_onehot: 4]
[top_k: 20]
[monotone_constraints: ]
[monotone_constraints_method: basic]
[monotone_penalty: 0]
[feature_contri: ]
[forcedsplits_filename: ]
[refit_decay_rate: 0.9]
[cegb_tradeoff: 1]
[cegb_penalty_split: 0]
[cegb_penalty_feature_lazy: ]
[cegb_penalty_feature_coupled: ]
[path_smooth: 0]
[interaction_constraints: ]
[verbosity: -1]
[saved_feature_importance_type: 0]
[use_quantized_grad: 0]
[num_grad_quant_bins: 4]
[quant_train_renew_leaf: 0]
[stochastic_rounding: 1]
[linear_tree: 0]
[max_bin: 255]
[max_bin_by_feature: ]
[min_data_in_bin: 3]
[bin_construct_sample_cnt: 200000]
[data_random_seed: 1]
[is_enable_sparse: 1]
[enable_bundle: 1]
[use_missing: 1]
[zero_as_missing: 0]
[feature_pre_filter: 1]
[pre_partition: 0]
[two_round: 0]
[header: 0]
[label_column: ]
[weight_column: ]
[group_column: ]
[ignore_column: ]
[categorical_feature: ]
[forcedbins_filename: ]
[precise_float_parser: 0]
[parser_config_file: ]
[objective_seed: 5]
[num_class: 1]
[is_unbalance: 0]
[scale_pos_weight: 1]
[sigmoid: 1]
[boost_from_average: 1]
[reg_sqrt: 0]
[alpha: 0.9]
[fair_c: 1]
[poisson_max_delta_step: 0.7]
[tweedie_variance_power: 1.5]
[lambdarank_truncation_level: 20]
[lambdarank_norm: 1]
[label_gain: ]
[lambdarank_position_bias_regularization: 0]
[eval_at: ]
[multi_error_top_k: 1]
[auc_mu_weights: ]
[num_machines: 1]
[local_listen_port: 12400]
[time_out: 120]
[machine_list_filename: ]
[machines: ]
[gpu_platform_id: -1]
[gpu_device_id: -1]
[gpu_use_dp: 0]
[num_gpu: 1]

end of parameters

pandas_categorical:null
