tree
version=v4
num_class=1
num_tree_per_iteration=1
label_index=0
max_feature_idx=24
objective=lambdarank
feature_names=rank_biencoder_large_top100 score_biencoder_large_top100 rank_biencoder_mxbai_top100 score_biencoder_mxbai_top100 rank_biencoder_top100 score_biencoder_top100 rank_bm25_norepeat score_bm25_norepeat rank_cf_bpr score_cf_bpr rank_decay_descending score_decay_descending rank_e5_large_top100 score_e5_large_top100 rank_metadata_qwen3 score_metadata_qwen3 rank_pmi_leg score_pmi_leg popularity turn_number n_prior_accepts pmi_sum is_in_all_legs n_legs_containing biencoder_cosine
feature_infos=[0:101] [0:0.016393441706895828] [0:101] [0:0.016393441706895828] [0:101] [0:0.016393441706895828] [0:101] [0:0.016393441706895828] [0:101] [0:0.016393441706895828] [0:101] [0:0.016393441706895828] [0:101] [0:0.016393441706895828] [0:101] [0:0.016393441706895828] [0:101] [0:0.016393441706895828] [0:93] [1:8] [0:7] [0:57.100803375244141] [0:1] [1:9] [-0.35774439573287964:0.94313108921051025]
tree_sizes=7023 6977 7005 7000 6996 7020 6981 6972 6970 6965 6987 7009 6975 6984 6981 6971 7007 6996 6929

Tree=0
num_leaves=63
num_cat=0
split_feature=23 21 12 12 23 23 18 12 14 0 18 0 18 23 0 23 18 8 18 4 8 0 16 8 16 4 0 14 12 13 6 18 18 4 18 12 18 12 2 13 14 0 2 16 19 0 0 2 6 18 8 14 12 18 0 4 18 18 19 14 2 18
split_gain=4063.81 444.301 442.834 357.362 172.988 156.513 91.2884 62.5343 56.8313 50.1787 43.7802 42.0866 40.7809 38.8255 32.1717 31.9641 30.345 29.9683 28.7251 33.7025 27.4311 31.3899 33.1673 18.131 17.9618 16.81 16.5466 16.3039 15.2663 15.8217 15.0684 14.8318 14.4932 19.1654 14.2536 13.6713 13.0435 12.8263 12.8211 12.5031 12.3818 13.2162 12.3641 12.2541 12.2077 16.9076 14.0598 12.1654 14.952 13.9817 12.0002 11.8485 11.6389 11.323 16.4961 10.9851 10.849 10.837 10.7734 10.7581 12.5349 10.5299
threshold=3.5000000000000004 3.9642981290817265 17.500000000000004 45.500000000000007 4.5000000000000009 1.5000000000000002 71.500000000000014 11.500000000000002 18.500000000000004 85.500000000000014 57.500000000000007 35.500000000000007 71.500000000000014 2.5000000000000004 15.500000000000002 1.5000000000000002 43.500000000000007 4.5000000000000009 61.500000000000007 28.500000000000004 2.5000000000000004 31.500000000000004 16.500000000000004 4.5000000000000009 17.500000000000004 89.500000000000014 18.500000000000004 1.5000000000000002 97.500000000000014 0.0082305916585028189 15.500000000000002 27.500000000000004 64.500000000000014 53.500000000000007 42.500000000000007 75.500000000000014 48.500000000000007 27.500000000000004 54.500000000000007 0.0066890381276607522 6.5000000000000009 75.500000000000014 89.500000000000014 60.000000000000007 4.5000000000000009 37.500000000000007 66.500000000000014 100.00000000000001 12.500000000000002 45.500000000000007 8.5000000000000018 4.5000000000000009 6.5000000000000009 27.500000000000004 7.5000000000000009 77.500000000000014 49.500000000000007 23.500000000000004 2.5000000000000004 13.500000000000002 53.500000000000007 21.500000000000004
decision_type=2 2 2 2 2 2 2 2 2 2 2 2 2 2 2 2 2 2 2 2 2 2 2 2 2 2 2 2 2 2 2 2 2 2 2 2 2 2 2 2 2 2 2 2 2 2 2 2 2 2 2 2 2 2 2 2 2 2 2 2 2 2
left_child=1 3 8 7 10 6 9 26 52 34 20 36 15 18 -10 -9 43 -6 19 39 -4 38 -23 -15 -19 31 -1 -25 29 -8 -29 37 33 -16 53 -18 -7 -17 57 -13 -26 56 59 -11 46 -46 -24 49 61 -47 -21 -45 -2 -5 -55 -35 -42 -22 -20 -32 -61 -49
right_child=2 -3 4 5 17 11 28 12 14 16 -12 13 -14 23 32 25 35 24 58 50 21 22 44 27 40 -27 -28 30 -30 -31 42 -33 -34 55 -36 -37 -38 -39 -40 -41 41 -43 -44 51 45 47 -48 48 -50 -51 -52 -53 -54 54 -56 -57 -58 -59 -60 60 -62 -63
leaf_value=0.069052035156814837 0.091298249692024602 0.045890945174634455 0.066496674694681165 -0.044272651787617356 0.074730996502306746 -0.020769898328664355 0.044048720062955113 -0.04424455937806536 0.072457520586331439 -0.10000000000000001 0.03787633010517602 -0.025990952301435524 0.04892992567649776 0.057714917403055455 0.040522278492692812 0.03828748052196719 -0.034774962221414532 0.062635680158449669 0.0096533041540851575 0.011880687366805484 0.045620358826103276 0.075046788337288797 -0.019184927853649239 0.068129900988998834 0.059134676039106118 0.0063996826402519099 0.021784317432173263 -0.081585026229948357 -0.024161980559977161 -0.10000000000000001 0.080596188435293495 -0.048296154860641455 0.07511063551556528 -0.10000000000000003 -0.031180337299526059 -0.064685331102358787 0.014627638060980991 -0.048481853728345209 -0.030232443362894563 0.048122660214326811 0.021981825634884222 -0.014704809881562668 -0.0054253960019015508 0.061783136496099705 -0.082992706523135895 -0.026793483082975435 -0.059542409699568248 0.062580298458774816 0.076712124146414151 0.017771381544963355 -0.064795907615751852 -0.077176178949059329 0.076159005116735012 0.050836805593135886 -0.081140201288289249 0.010429842291643218 0.053071504091771395 0.011104054123730963 -0.035271995595798342 -0.021312904635024083 -0.056367709465115934 -0.056853735276129726
leaf_weight=27.304858011833858 449.36531982966699 135.33442472937168 14.229539656778796 71.177059115594602 111.63594931465923 66.369447182063595 17.090424940193774 81.151826588946278 284.43011893697258 62.830996463060728 88.997082865462289 24.585059129065488 24.501535268616863 6.7702139496104783 91.494081053504487 11.951699673547411 43.273783289580024 85.603443240455817 21.386801752494648 5.2079286356456569 32.260939155850792 9.4778148867189866 59.484729212505044 4.5205920671578488 40.289026531710988 101.53036160665215 57.513627904554596 12.225211329845477 51.933963241899619 2.1455409366171798 2.0031269255559883 33.662779637175845 26.514427010930376 3.8118517586844956 90.877978853750392 326.08397160674213 42.812747568939812 6.617020042758667 13.573794910509603 7.4045876079471773 77.120941755798412 16.265481372334762 57.75250507266901 1.5377945587970305 7.1674464761599657 52.316875972755952 33.868330175770097 2.8208811291988258 9.5082756642950681 26.522628379490925 252.66281899806927 622.49051320862782 176.94174891503644 2.4854356852592892 49.977186805161182 5.5033141571911983 44.110269357348443 77.058410142955836 35.488458603533218 59.301857103331713 44.741444404164213 5.3371088301064447
leaf_count=3456 10019 26987 2452 38991 7429 28325 3610 46441 20176 46300 15672 12638 4363 1343 11810 2775 22182 6931 5247 1721 5019 941 12240 527 4228 32008 18082 8176 23282 1224 279 15058 1504 1639 40833 190500 11988 3473 4288 1839 10535 3949 15915 326 2646 12168 13386 581 986 3907 131247 372636 9295 781 34235 1044 4177 15264 14300 20228 16060 2883
internal_value=-0.00016943 -0.0421817 0.0559326 -0.0472987 0.0281668 -0.0554539 -0.0651741 -0.000268838 0.0775353 -0.0682604 0.00662205 -0.0351758 -0.0124545 -0.0409587 0.0631066 -0.0188569 -0.0727381 0.0530206 -0.0508676 -0.0572424 -0.0014726 -0.00440879 -0.0163158 -0.0226165 0.0438188 -0.00545796 0.0370008 -0.0256289 -0.0100684 0.0279818 -0.0280368 -0.0285075 0.0422174 0.033566 -0.0462135 -0.061181 -0.00688974 0.00736696 0.0155993 -0.008836 0.0347584 0.0276158 -0.0240402 -0.0789529 -0.0207108 -0.00890062 -0.0338266 -0.00339783 0.0341044 -0.0118013 -0.0632474 -0.0768337 0.0870212 -0.0572632 -0.0748877 -0.0347591 0.0332939 0.0212901 -0.0183787 -0.0341777 -0.0363874 -0.0155557
internal_weight=4310.42 2464.71 1845.71 2329.37 807.649 1985.14 1341.9 344.234 1038.06 1270.73 432.624 643.233 259.415 534.051 411.754 234.914 1056.22 375.025 346.736 289.86 343.627 329.397 206.504 187.315 263.389 153.762 84.8185 180.545 71.1699 19.236 176.024 52.2315 127.324 100.809 214.518 369.358 109.182 18.5687 122.893 31.9896 177.786 137.497 163.799 686.859 197.026 103.673 93.3531 96.5058 17.6663 78.8395 257.871 624.028 626.307 123.64 52.4626 9.31517 121.231 109.319 56.8753 106.046 104.043 8.15799
internal_count=1382545 1197376 185169 1170389 129682 1044733 774900 125656 55487 746784 92433 269833 104118 229520 36173 99755 631944 37249 166992 147445 76761 74309 49738 62528 29820 53314 21538 61185 28116 4834 60658 21306 15997 14493 114840 212682 40313 6248 24571 14477 22889 18661 52482 419262 48797 23171 25626 20525 4450 16075 132968 372962 19314 74007 35016 2683 14712 20283 19547 36567 36288 3464
is_linear=0
shrinkage=0.05


Tree=1
num_leaves=63
num_cat=0
split_feature=24 4 21 24 0 18 18 10 10 8 24 21 0 18 4 12 4 18 14 12 12 10 18 12 19 21 4 24 8 18 8 12 19 2 12 24 18 18 8 19 21 18 14 8 0 12 6 24 12 10 0 12 12 8 18 2 21 24 0 14 21 8
split_gain=3831.61 975.935 395.366 330.387 263.026 183.341 174.26 156.619 143.124 133.521 105.318 101.59 99.3304 97.1047 77.8504 74.5725 73.4772 71.2973 70.1258 68.5383 66.9214 66.8152 60.2961 59.8334 70.3169 54.8979 52.4723 49.4843 76.4843 49.2588 48.7046 46.4044 42.7876 42.5965 45.1265 41.1643 40.0081 39.7602 38.4722 45.934 37.4724 37.102 39.5417 49.3427 36.7521 43.7411 54.9688 37.0334 35.7785 72.8258 35.5914 51.3617 41.7465 35.2605 36.3316 34.2733 36.573 33.0581 31.827 31.473 31.4896 31.0189
threshold=0.48201131820678716 4.5000000000000009 3.9642981290817265 0.37844899296760565 29.500000000000004 50.500000000000007 74.500000000000014 2.5000000000000004 15.500000000000002 12.500000000000002 0.53278023004531871 13.724283218383791 2.5000000000000004 48.500000000000007 26.500000000000004 18.500000000000004 3.5000000000000004 79.500000000000014 60.000000000000007 20.500000000000004 3.5000000000000004 17.500000000000004 41.500000000000007 25.500000000000004 1.5000000000000002 16.169581413269047 35.500000000000007 0.69594743847846996 4.5000000000000009 30.500000000000004 60.000000000000007 48.500000000000007 4.5000000000000009 20.500000000000004 44.500000000000007 0.21447120606899264 59.500000000000007 71.500000000000014 1.0000000180025095e-35 7.5000000000000009 27.900065422058109 73.500000000000014 60.000000000000007 5.5000000000000009 1.0000000180025095e-35 5.5000000000000009 15.500000000000002 0.62635374069213878 12.500000000000002 14.500000000000002 3.5000000000000004 4.5000000000000009 4.5000000000000009 60.000000000000007 45.500000000000007 100.00000000000001 8.9916992187500018 0.50583374500274669 69.500000000000014 10.500000000000002 8.1680088043212908 2.5000000000000004
decision_type=2 2 2 2 2 2 2 2 2 2 2 2 2 2 2 2 2 2 2 2 2 2 2 2 2 2 2 2 2 2 2 2 2 2 2 2 2 2 2 2 2 2 2 2 2 2 2 2 2 2 2 2 2 2 2 2 2 2 2 2 2 2
left_child=2 7 3 16 9 10 8 22 29 33 31 -4 20 14 -11 18 -1 19 26 32 37 35 -2 -10 -25 27 36 28 38 -5 -26 -6 41 61 -35 -18 59 -9 -21 -40 -20 42 43 -7 -16 -46 -47 -48 49 -12 52 57 -24 54 -33 56 -34 -52 -50 -15 -61 -3
right_child=1 4 11 6 5 17 -8 12 23 13 48 -13 -14 15 44 -17 21 -19 40 25 -22 -23 50 24 30 -27 -28 -29 -30 -31 -32 53 55 34 -36 -37 -38 -39 39 -41 -42 -43 -44 -45 45 46 47 -49 58 -51 51 -53 -54 -55 -56 -57 -58 -59 -60 60 -62 -63
leaf_value=0.055845853795317237 0.071075020176418521 0.041855066658920193 -0.01627930395383902 0.030037590238309955 -0.008509121143752749 0.021984840039167768 0.0257637140292119 0.055314641773182106 -0.020794898636509136 0.0085388564271357201 -0.089950936964594802 0.042980395409667194 0.022397085236187071 0.032343289026882334 -0.10279384511246609 0.038263365676706899 -0.078262661548125459 0.043538342248277462 0.016253488625750497 0.0060474551097329347 0.018996427799871388 -0.08082718928938798 0.057052958205646855 -0.024722836340924603 -0.0059227712090639921 0.047303280632108501 -0.10278483673435575 0.044473271923214326 0.0088289785152802554 -0.024401634556325661 -0.063065996644114011 0.0035765035443257164 -0.095216349023168154 0.017786296125892786 -0.040308426243513495 -0.03074600129827719 -0.044412509336508837 -0.10288241744608893 -0.092853863526643168 0.017493259090902706 0.079869589723470177 -0.10249265195761839 0.023569965778305002 -0.10241540175749318 0.010857436998765617 -0.10196464255419149 -0.033806189699878593 -0.0025430484684430934 0.0036042919424149559 -0.0082259663991879894 0.093943831516143966 0.036243879768480224 -0.054299323515417601 -0.047508258336722821 -0.10245477018907378 0.0052550378266180021 -0.017448685030373123 -0.10220158236927618 -0.01284484552934142 -0.07511924588768458 0.021819651520679249 0.024954948751226762
leaf_weight=10.700402157148345 532.61933458526619 442.32655505416915 263.05401297577191 72.760969636728987 152.27138371160254 15.601471730973573 96.115492470329627 636.46550497610588 150.37881289492361 981.62573063932359 37.578833357896656 99.745393401943147 840.47041616332717 59.600256376434118 11.644972998416049 361.47380954504479 73.501253821887076 140.34668006072752 439.33832611702383 26.992720250971615 169.49752587289549 1027.0948766669026 166.18409736827016 164.81099266814999 39.096849525813013 95.98094676726032 16.631244911812246 82.893385907169431 771.67038237000816 96.879154942114837 806.39997738855891 65.236163347959518 39.677826208760962 325.23299697914626 37.256209847982973 119.98274246358778 51.402390750590712 3.9967855722643426 40.709646245930344 12.274384841788558 24.435701845446602 8.4435284505598229 86.347162540769204 16.298331460449845 141.69428583560511 20.14038939634338 178.36831353337038 202.00348922028206 664.55817085702438 99.266397784813307 2.5613222122192374 38.678696559742093 8.8661490934900922 343.59083988389466 9.2209092606790346 23.273185103898868 24.424697219394147 13.316087539307771 527.48138195555657 17.309421182377264 16.234707205556333 703.07521657866891
leaf_count=1074 1319 2454 18920 2765 18879 98 8110 2686 17838 26118 598 2384 14554 332 745 24178 15261 5453 8434 353 2121 366458 413 45414 5400 1274 218 3359 115773 7481 269783 2554 1758 3341 1055 16753 553 75 1184 167 103 334 3604 276 2533 1069 28371 15666 76803 6371 1 264 123 106243 606 2079 289 150 113159 286 72 6456
internal_value=0.000244065 0.0155203 -0.0489479 -0.0556314 0.0064238 -0.00407947 -0.0392528 0.0430961 -0.0439502 0.0149836 -0.0141678 1.31208e-05 0.0344387 0.007946 8.2125e-05 0.020187 -0.0746062 0.00975492 0.00973152 0.00594531 0.0469338 -0.0757498 0.0618417 -0.05022 -0.0545998 0.011293 -0.0186794 0.00759465 0.00400514 -0.00105191 -0.0604236 -0.0321408 -0.0197988 0.0267538 0.0118154 -0.0487968 -0.00900246 0.0543274 -0.0425385 -0.0672906 0.0196053 -0.00123454 0.00599589 -0.0415741 -0.0149063 -0.0130187 -0.0214657 -0.0172033 -0.00645426 -0.0306683 0.0404232 0.00516095 0.0514131 -0.0407485 -0.00955462 -0.0467161 -0.0655849 -0.0705597 -0.0036745 0.0105388 -0.0282027 0.0314814
internal_weight=12747.1 9726.59 3020.52 2657.72 7313.93 3284.14 1426.44 2412.66 1330.33 4029.79 1899.2 362.799 1650.43 2521.9 1535.48 986.426 1231.28 1384.93 624.952 1244.59 809.96 1220.58 762.226 1160.69 1010.31 1030.52 161.178 934.541 851.647 169.64 845.497 570.319 214.066 1507.89 362.489 193.484 144.547 640.462 79.9768 52.984 463.774 126.69 118.247 31.8998 553.851 542.206 400.512 380.372 1328.88 136.845 229.606 54.5561 175.05 418.048 74.4571 87.3757 64.1025 15.8774 1192.04 93.1444 33.5441 1145.4
internal_count=1382545 604904 777641 756337 583198 461214 356791 21706 348681 121984 325213 21304 19436 108678 74502 34176 399546 136001 9998 130548 4882 398472 2270 338435 320597 122110 1461 120836 117477 10246 275183 128282 8438 13306 4396 32014 1243 2761 1704 1351 8537 4312 3978 374 48384 47639 45106 44037 196931 6969 951 415 536 109403 3160 4126 2047 151 189962 690 358 8910
is_linear=0
shrinkage=0.05


Tree=2
num_leaves=63
num_cat=0
split_feature=23 12 24 23 14 18 18 24 16 16 24 24 12 14 12 2 14 12 4 8 24 12 4 18 10 2 0 16 6 10 12 10 18 18 8 24 0 24 4 24 2 12 8 2 18 2 24 8 24 0 24 12 6 18 24 0 18 16 24 24 10 6
split_gain=3505.29 793.828 677.651 278.846 250.815 242.65 129.617 125.578 109.954 88.6389 115.244 88.1076 84.484 72.3908 62.8735 54.543 74.0707 53.547 49.9368 46.4517 48.205 46.1856 44.2564 52.741 44.0244 45.1808 39.2723 38.474 37.9979 37.7323 36.8731 36.8623 36.3707 33.8352 33.5143 34.7324 33.4789 38.5941 33.2067 33.976 46.9894 32.795 32.4852 32.4528 33.4638 56.5171 51.8731 46.2361 45.6335 32.2621 32.0234 30.5427 30.2355 29.4363 45.4795 46.2301 31.3418 29.298 49.4738 29.0558 36.2162 28.3973
threshold=2.5000000000000004 4.5000000000000009 0.4338755607604981 4.5000000000000009 5.5000000000000009 57.500000000000007 64.500000000000014 0.55020135641098034 11.500000000000002 16.500000000000004 0.54365476965904247 0.23844056576490405 44.500000000000007 5.5000000000000009 21.500000000000004 4.5000000000000009 60.000000000000007 52.500000000000007 7.5000000000000009 8.5000000000000018 0.27192819118499761 86.500000000000014 11.500000000000002 41.500000000000007 8.5000000000000018 17.500000000000004 13.500000000000002 60.000000000000007 5.5000000000000009 18.500000000000004 16.500000000000004 18.500000000000004 29.500000000000004 74.500000000000014 18.500000000000004 0.63180848956108104 45.500000000000007 0.65455850958824169 10.500000000000002 0.580927073955536 61.500000000000007 3.5000000000000004 60.000000000000007 1.5000000000000002 57.500000000000007 24.500000000000004 0.38800251483917242 17.500000000000004 0.67000854015350353 85.500000000000014 0.64110842347145092 15.500000000000002 60.000000000000007 2.5000000000000004 0.60170400142669689 52.500000000000007 53.500000000000007 5.5000000000000009 0.20072549581527713 0.34642457962036138 16.500000000000004 1.0000000180025095e-35
decision_type=2 2 2 2 2 2 2 2 2 2 2 2 2 2 2 2 2 2 2 2 2 2 2 2 2 2 2 2 2 2 2 2 2 2 2 2 2 2 2 2 2 2 2 2 2 2 2 2 2 2 2 2 2 2 2 2 2 2 2 2 2 2
left_child=2 4 6 9 18 7 13 8 -4 -3 24 -8 27 -1 -15 32 28 -10 -2 20 -16 -9 23 -14 -11 30 -27 31 41 -19 -26 -5 -6 34 50 53 37 -7 -29 -40 52 -17 -31 -24 46 -46 -45 -48 -47 -49 -12 -33 61 -36 -55 56 -56 58 -21 -59 -61 -41
right_child=1 3 5 12 15 36 11 21 17 10 33 -13 22 14 19 16 -18 29 -20 57 -22 -23 43 -25 25 26 -28 38 -30 42 -32 51 -34 -35 35 -37 -38 -39 39 40 -42 -43 -44 44 45 48 47 49 -50 -51 -52 -53 -54 54 55 -57 -58 59 -60 60 -62 -63
leaf_value=0.039833862971544579 0.061758108412743457 0.028611029533575319 0.054014604804974289 0.041711890678848118 0.049939310332469559 -0.037111957638418909 -0.091123537303201441 0.0068891962703134871 -0.021163675374547036 0.0041804906484306636 0.050633231489884058 -0.012249584489284926 0.0033571249490790414 -0.017755876950520333 -0.089669266330649422 -0.10342762484274599 0.0059813953353549734 0.022814409948889662 0.034272583239461321 -0.088162732966779706 0.044359647741429142 -0.023647298638478309 0.058300365428545969 -0.078142351616113825 0.030869772670520108 -0.1018561330352119 -0.033074841830926474 0.026456821625326199 0.041257499856631165 0.024608722403318566 -0.028281921872523957 0.035532406442297985 0.02727406176479933 0.026459064965797908 0.012401634537011184 0.0030439886248682145 0.0088093315862490789 0.030639831787782991 0.032266691634723461 0.035007866252512752 -0.065211839646525743 0.051616747009421288 -0.053719376250246711 -0.10321284744617001 -0.063509037354029324 0.013228277650105839 0.026504899163953662 -0.027822476105959271 -0.066336448656016719 0.04457477375015511 -0.1001524465993269 0.0036820332428424496 0.022344345974182809 -0.0067588165645101539 -0.040804613240151742 -0.0015801439306394633 -0.10118773299983486 -0.082112711999724544 -0.0028399394306126914 0.0016587311945981218 -0.069145607909115045 -0.0061832199139835071
leaf_weight=15.260681343730537 1030.1513168525416 199.60775055224076 28.855156487552449 445.86693451693282 307.7069783154875 87.140780540998094 44.020065875258297 199.66271392954513 189.80958753649611 117.13410333776847 45.951031027361751 180.9539137436077 46.737085906323045 56.08185168041382 11.036256925668569 8.6487533901818079 493.34022393438499 17.061768888030201 196.82890966441482 30.919181732926518 17.108371063834056 326.00254600821063 30.473784422501922 34.507219085935503 50.371344272047281 21.799314547912218 432.46934237261303 715.71498190751299 290.27399216336198 13.47147573600523 55.236874152207747 145.66982397274114 416.68190998677164 116.21230997203384 108.36839213280473 1073.105853936635 572.8765671546571 27.701223542448133 157.55850301485043 48.543761246139184 22.171340581728145 5.631357103586196 760.63702312891837 9.261094276327638 41.296163586433977 132.37254774023313 290.16178510081954 77.405992362648249 20.861195650883019 19.206410906743258 3.8133903862908474 155.74477811530232 246.43960394489113 393.93075307062827 81.442481369012967 57.854427797021344 29.192716759629548 658.80753552063834 37.711846734280698 18.624003894394264 596.62185735697858 303.07137573743239
leaf_count=2332 2970 5524 1278 3607 1697 9864 16806 34651 38104 13165 2263 34172 1051 11479 4401 167 9951 3469 1172 12460 1969 95751 284 1228 1372 2404 67055 8250 1954 2550 7774 1848 3257 2708 8270 60016 79001 1812 3706 414 1211 32 261760 772 1292 2845 7588 3850 451 923 638 2914 5522 36312 8616 7868 2635 251435 3643 3733 209618 6681
internal_value=0.000411569 0.0184413 -0.0388831 0.00784355 0.0405273 -0.0208125 -0.0629812 -0.0318673 -0.0421838 -0.00349252 -0.00596968 -0.0276826 0.0185765 -0.0684877 -0.0696462 0.0269689 0.017951 -0.0450134 0.057349 -0.071769 -0.00819665 -0.0120487 0.00344437 -0.0312585 -0.0236951 -0.029527 -0.0363755 0.0233191 0.0373403 -0.0507352 -6.86785e-05 0.0325813 0.0369018 0.000313617 -0.00138036 -0.00253492 0.00386998 -0.0207694 0.0186847 0.0115328 0.00626571 -0.0422859 -0.0523563 0.0079842 0.00538783 -0.0115945 0.0137294 0.0165296 0.00239636 -0.01343 0.0390787 0.0190749 0.00891555 -0.0114599 -0.0160576 -0.0377981 -0.0567376 -0.0731016 -0.041279 -0.0748158 -0.0670023 -0.000496405
internal_weight=12369.2 8478.82 3890.36 5729.55 2749.26 2223.22 1667.15 1535.5 1009.84 2786.49 2586.88 224.974 2943.06 1442.17 1426.91 1522.28 797.894 980.98 1226.98 1370.83 28.1446 525.665 702.283 81.2443 677.011 559.877 454.269 2240.78 304.554 791.17 105.608 747.282 724.389 1909.87 1793.66 1743.89 687.719 114.842 1493.5 777.785 620.226 14.2801 774.108 621.039 590.565 194.53 396.035 386.774 153.234 96.6124 49.7644 301.415 598.055 670.789 562.42 168.49 110.635 1342.68 68.631 1274.05 615.246 351.615
internal_count=1382545 302257 1080288 281057 21200 528240 552048 437563 307161 226620 221096 50978 54437 501070 498738 17058 12104 305883 4142 487259 6370 130402 20284 2279 91770 78605 69459 34153 2153 267779 9146 8369 4954 129326 126618 123717 90677 11676 25784 17534 13828 199 264310 18005 17721 4588 13133 12361 3296 4773 2901 4762 12617 63701 55431 19119 11251 480889 16103 464786 213351 7095
is_linear=0
shrinkage=0.05


Tree=3
num_leaves=63
num_cat=0
split_feature=23 23 24 21 18 12 12 0 24 14 24 14 21 18 18 21 18 14 19 24 12 12 21 0 8 24 21 0 14 12 14 12 6 24 8 0 12 24 12 8 19 8 10 0 2 24 0 24 8 0 18 24 0 1 17 2 6 19 2 24 21 12
split_gain=3378.39 712.569 554.64 281.895 236.968 214.944 214.363 106.55 90.7646 84.9116 63.6039 77.5676 50.6024 49.4471 47.5793 47.4291 44.7032 43.9851 57.7625 46.2537 43.2155 40.7448 38.4001 38.262 37.2886 35.8053 35.6154 33.6776 37.8248 32.5528 31.4168 29.9272 29.2926 28.3263 27.9931 32.8073 27.0805 26.3416 27.439 27.9542 25.1041 24.697 37.3103 35.6765 24.077 24.0024 23.6433 24.9494 23.1641 22.8959 26.0602 37.3004 35.1094 28.0508 25.6861 24.647 35.1117 30.1175 31.2689 23.9256 22.8688 33.1464
threshold=2.5000000000000004 5.5000000000000009 0.4338755607604981 5.2081100940704355 52.500000000000007 23.500000000000004 6.5000000000000009 1.0000000180025095e-35 0.55182301998138439 2.5000000000000004 0.34642457962036138 12.500000000000002 6.6277177333831796 59.500000000000007 67.500000000000014 30.814871788024906 72.500000000000014 10.500000000000002 1.5000000000000002 0.52325549721717846 16.500000000000004 46.500000000000007 3.9642981290817265 16.500000000000004 60.000000000000007 0.53587010502815258 21.250925064086918 16.500000000000004 1.0000000180025095e-35 95.500000000000014 18.500000000000004 56.500000000000007 1.0000000180025095e-35 0.51466867327690136 2.5000000000000004 70.500000000000014 34.500000000000007 0.59098228812217724 42.500000000000007 14.500000000000002 5.5000000000000009 12.500000000000002 4.5000000000000009 87.500000000000014 2.5000000000000004 0.43679529428482061 98.500000000000014 0.5657562017440797 18.500000000000004 4.5000000000000009 64.500000000000014 0.62365946173667919 5.5000000000000009 0.0065147271379828462 0.014185110572725536 77.500000000000014 15.500000000000002 2.5000000000000004 38.500000000000007 0.51605385541915905 4.9169433116912851 26.500000000000004
decision_type=2 2 2 2 2 2 2 2 2 2 2 2 2 2 2 2 2 2 2 2 2 2 2 2 2 2 2 2 2 2 2 2 2 2 2 2 2 2 2 2 2 2 2 2 2 2 2 2 2 2 2 2 2 2 2 2 2 2 2 2 2 2
left_child=2 5 3 10 8 7 9 -2 12 -3 -1 -12 21 17 25 27 20 18 32 24 40 -4 23 -15 -19 45 30 -8 -29 36 -9 -10 -7 -14 35 -21 -30 -25 -39 -40 -13 42 43 -31 -23 -6 -20 -48 -43 59 51 52 -51 -52 -53 57 -57 58 -54 -32 61 -16
right_child=1 6 4 -5 14 13 15 26 31 -11 11 16 33 22 60 -17 -18 19 46 34 -22 44 -24 37 -26 -27 -28 28 29 41 49 -33 -34 -35 -36 -37 -38 38 39 -41 -42 48 -44 -45 -46 -47 47 -49 -50 50 53 54 55 -55 -56 56 -58 -59 -60 -61 -62 -63
leaf_value=-0.075990878262446951 0.045380178562309602 0.05624427318429788 -0.022605386446660353 0.01640145130533989 0.039421721773363054 0.010391756524289329 0.026702445141686099 0.033131556835428032 0.0046079292985680082 0.035912054767943749 0.053354386091191142 -0.049378083534026992 0.032728633213053346 0.023906230073144626 0.035310838887896642 0.056740490738829669 -0.014467744830380356 -0.0021112289991499751 0.047436733931682115 0.068716475260918258 -0.06441657118669325 0.073569754084240255 0.021083034672956309 -0.030688180160278952 -0.043002673460518177 0.0011315560109196622 0.050674574592949273 0.038845949297542287 0.0022290972790853661 0.024542156897246776 -0.10853707969455506 -0.024450082144591632 -0.090298140806122112 -0.10263643586181169 -0.010940449465261218 -0.10392921714172031 0.022915668392088539 -0.039534180214097124 -0.1028916615821881 0.021426639393856233 0.035156518538572913 0.038008130795396146 -0.088541492512786327 -0.10512407635288711 -0.051900750179951327 -0.030407114889172054 0.014572856219666308 -0.05596814275096515 -0.10064906121168392 -0.10530394322785717 -0.1023783013505109 0.010646988930207256 -0.014947285834264246 0.023969548119126393 -0.056810196373571299 0.075709169026114631 -0.046985163742555423 0.0066282664246011874 -0.10051150731170869 0.01892270210605284 0.032115040434231898 -0.0042853473171128274
leaf_weight=770.71569057775196 267.37346584349871 957.21784376492724 149.86373706872109 111.63243272551335 13.039698186097665 11.201877989340575 866.01584130665287 142.29739659896586 122.46645577182062 1107.7410251242109 16.018930092919618 17.706481660949066 30.108491480350494 85.815944070462137 67.401769228978083 91.588090365286916 54.816756112501025 75.449641069862992 51.581893736263737 19.853746775537733 635.10519810859114 3.8438067981041959 244.86317366571166 127.7510151413735 213.5333978701965 237.92907977849245 56.946391545236111 117.93371074460447 333.22065828437917 23.605654200073335 3.7102190060541025 320.49998953961767 20.336388032883406 4.4338304982520631 1009.7975270629395 3.1944271167740217 301.21384895639494 30.481575000565499 4.7646331819705656 88.745239820796996 17.42554235458374 21.771246627438817 23.417185062542558 6.8424745090305796 723.23914541467093 218.77694190246984 144.70469262800179 13.723538670223205 3.495762964244931 9.4911815291270596 4.4891349668614557 647.20738917239942 61.499317710986361 204.89113256917335 14.426302569452671 6.4445310658775261 61.247933172388002 238.65687336609699 12.92076948774047 480.14502137200907 96.456179295433685 244.85833790409379
leaf_count=301590 2032 3006 30014 12992 1393 348 11141 1884 17508 7451 1379 3152 1048 2635 2349 541 7174 9363 1211 114 224022 578 6048 15088 39286 40856 450 1175 7908 405 253 96199 3878 383 102000 126 7013 1915 392 5060 1739 548 1424 455 254454 48599 10961 871 373 486 485 20924 2664 4178 547 87 6639 12687 1323 6882 3407 31452
internal_value=0.000570292 0.0186996 -0.0380339 -0.0602726 -0.0218655 0.00484777 0.034361 0.0157858 -0.0349832 0.0453371 -0.0659343 -0.0554755 -0.0440063 -0.0064264 -0.00164002 0.0216926 -0.0578799 -0.0110591 0.00855988 -0.0146442 -0.0614305 -0.0463444 0.00600897 -0.00492568 -0.0323265 -0.0124942 0.0117162 0.0198016 0.0126143 0.00827893 0.0105408 -0.0164164 -0.0545347 0.0153533 -0.00969685 0.0447882 0.0120506 -0.0147541 0.00166308 0.0150922 -0.00744878 -0.0219598 -0.0410908 -0.00459717 -0.0512374 -0.0264792 0.0180351 0.00846238 0.0188245 0.00869873 0.0051515 0.00194497 -0.0103145 0.0212606 0.00917615 -0.00794677 -0.0353043 -0.00203162 -0.0298029 0.0179453 0.0108349 0.00426154
internal_weight=12067.9 8211.61 3856.34 1623.42 2232.92 4357.55 3854.06 2211.75 1354.46 2064.96 1511.79 741.073 911.489 2145.8 878.462 1789.1 725.054 1563.38 241.548 1321.83 670.237 876.947 582.422 337.558 288.983 469.746 1944.37 1697.52 831.501 713.567 1887.43 442.966 31.5383 34.5423 1032.85 23.0482 634.435 251.742 123.991 93.5099 35.132 79.1323 53.8653 30.4481 727.083 231.817 210.01 158.428 25.267 1745.13 1261.27 1051.89 390.261 209.38 661.634 380.769 67.6925 313.077 74.4201 483.855 408.716 312.26
internal_count=1382545 302257 1080288 552048 528240 260817 41440 61521 400184 10457 539056 237466 286477 199296 128056 30983 236087 168158 17269 150889 228913 285046 31138 25090 48649 90848 59489 30442 19301 18126 59039 113707 4226 1431 102240 240 14921 22455 7367 5452 4891 3205 2284 860 255032 49992 13043 11832 921 57155 50020 45357 23886 4663 21471 23400 6726 16674 3987 7135 37208 33801
is_linear=0
shrinkage=0.05


Tree=4
num_leaves=63
num_cat=0
split_feature=23 23 21 12 12 12 0 14 16 21 0 21 12 14 6 4 4 10 3 14 12 10 4 8 21 16 8 23 4 4 21 3 19 3 8 12 6 3 19 4 12 14 19 19 7 12 0 3 0 21 3 0 3 3 4 16 6 4 12 3 14 6
split_gain=3281.06 594.178 332.414 230.78 189.379 133.321 66.8054 65.6744 54.563 44.6737 42.3847 41.8837 62.0114 40.316 42.1965 36.6478 50.7311 35.6763 35.366 30.938 32.0314 34.6286 28.8621 28.6743 28.065 36.5184 51.0118 27.9846 26.0339 25.3492 25.2335 25.0303 24.3618 23.7638 24.1156 23.4662 22.7358 27.1791 28.3273 28.8988 27.5977 22.1894 21.9966 22.6094 20.6249 20.4038 23.0194 25.0494 20.3255 20.2889 22.7593 34.8036 20.2871 19.8006 19.1253 23.0262 20.3915 19.9379 27.6666 22.3449 29.1788 22.715
threshold=2.5000000000000004 4.5000000000000009 3.9642981290817265 4.5000000000000009 45.500000000000007 3.5000000000000004 63.500000000000007 3.5000000000000004 60.000000000000007 13.724283218383791 44.500000000000007 7.2502403259277353 51.500000000000007 14.500000000000002 9.5000000000000018 12.500000000000002 16.500000000000004 9.5000000000000018 0.015268065501004459 5.5000000000000009 100.00000000000001 18.500000000000004 37.500000000000007 11.500000000000002 23.163508415222172 1.5000000000000002 10.500000000000002 1.5000000000000002 3.5000000000000004 52.500000000000007 11.494672298431398 1.0000000180025095e-35 1.5000000000000002 0.011050061322748663 60.000000000000007 62.500000000000007 13.500000000000002 1.0000000180025095e-35 2.5000000000000004 21.500000000000004 58.500000000000007 5.5000000000000009 2.5000000000000004 1.5000000000000002 1.0000000180025095e-35 26.500000000000004 97.500000000000014 0.0074907417874783286 1.5000000000000002 5.5924804210662851 0.01197647722437978 40.500000000000007 0.016001024283468727 0.013606071937829258 3.5000000000000004 2.5000000000000004 1.5000000000000002 23.500000000000004 71.500000000000014 0.0066445916891098031 1.0000000180025095e-35 2.5000000000000004
decision_type=2 2 2 2 2 2 2 2 2 2 2 2 2 2 2 2 2 2 2 2 2 2 2 2 2 2 2 2 2 2 2 2 2 2 2 2 2 2 2 2 2 2 2 2 2 2 2 2 2 2 2 2 2 2 2 2 2 2 2 2 2 2
left_child=2 5 4 7 27 18 22 15 -8 10 17 12 33 14 41 -3 -17 -5 -2 44 29 -22 -6 -19 25 26 -4 -1 -20 -21 54 -29 -16 34 -7 -24 -15 -38 52 40 -40 -14 43 -43 -10 -36 -47 -48 -9 50 51 -25 -39 -23 56 -56 -12 58 -57 60 -59 -62
right_child=1 3 24 9 6 11 8 48 19 -11 30 -13 13 36 32 16 -18 23 28 20 21 53 35 49 -26 -27 -28 31 -30 -31 -32 -33 -34 -35 45 -37 37 38 39 -41 -42 42 -44 -45 -46 46 47 -49 -50 -51 -52 -53 -54 -55 55 57 -58 59 -60 -61 61 -63
leaf_value=-0.028993034911487511 0.011525809122918583 0.054825295139757584 0.080463001549824956 0.028152634218314078 0.018897889571786661 0.04819591342998672 -0.080641281196721371 0.04328774345124025 0.03788328798238208 0.034237723926848637 -0.1077340478106622 0.017113495881573071 -0.0025991718477914334 -0.0916861616846633 -0.062287245741462195 -0.10822921999140089 0.031972718513833924 0.024717848526098013 0.045654264258308534 0.0013982623241207586 -0.023071371013378847 -0.055429805988282004 0.0054391419370795361 -0.032611285810105903 0.060502406320380508 0.011719814458108119 -0.090404227546749261 -0.0026240120610670375 0.012636504099494322 -0.042073160185079332 -0.10190755345429472 -0.05530833750116524 0.038867073598068042 0.0076885571703942668 0.00049581805296852039 -0.036669668911808444 0.0016019770231655952 -0.045979601618788141 -0.09693876867486742 -0.02386275726551404 0.014092430012792742 -0.091176373537457667 -0.093167360881073968 0.059643858122294724 -0.08706787130885453 -0.022881209271930596 0.054329654557063956 -0.044194913063042199 0.028364408573676766 0.022523950284369237 0.007884523606946232 0.046429296036586264 0.047070584114427286 -0.011736125249784011 -0.10386191454664542 -0.063572755305484202 0.05006418726724271 -0.10801576455234363 0.016781790650628303 0.015007352837266863 0.030096115685899011 -0.023989051525516291
leaf_weight=235.05166641552933 281.78147693397477 930.76769242994487 5.6529887374490526 896.25898697040975 28.187992400722578 20.677336557768285 143.08333217981271 361.43575491104275 16.251486786408353 499.09802878147457 2.1819608993828288 250.88204876985401 84.128136903047562 10.875573818106202 6.4237799835391334 7.0760765364393583 73.179348947480321 371.72132125636563 210.96065649949014 35.635336271952838 91.615423534414731 1543.2758163065882 35.990147729404271 85.124642561422661 26.104592178948224 272.93461340072099 19.218030966585502 309.12872726470232 83.265082579804584 568.94966079224832 5.5810780660249284 24.318126721307635 81.087586785433814 817.77620910352562 396.70103382668458 409.93004253087565 132.52125913708005 144.09741421870422 5.9672448420897117 339.91513821168337 90.097061744832899 4.0799120878800768 15.541696885600684 6.3561757875140756 4.1448629801161578 230.51157706172671 20.703268648125235 9.3715584995225054 618.79474850883707 145.38270527170971 283.46618489385583 16.651560764294118 6.1058777542784801 26.371831918833777 5.0757463623303911 24.585464180214331 33.178410676773638 7.5226859305985263 18.983246981864795 254.09467766340822 29.645830365363508 56.243274138192646
leaf_count=55732 6572 2566 39 11587 4378 722 63547 1672 1290 5589 53 7359 8640 3376 2169 114 425 5887 1185 6537 25253 560821 5376 4356 225 20050 1825 33209 1025 172443 437 5206 6100 36386 26125 112016 16563 18952 1061 52461 9660 1674 4700 313 1748 28430 1574 2299 5401 3160 6857 388 296 10593 399 1516 381 266 973 9332 495 2761
internal_value=0.000613239 0.0188237 -0.0376509 0.0301404 -0.0421703 0.00236647 -0.0473376 0.0430889 -0.0506881 0.0207124 0.017693 -0.00233396 -0.00434764 -0.0145072 0.00552578 0.05203 0.0196112 0.0210868 0.0241858 -0.0488135 -0.0493653 -0.0529517 -0.0301694 0.0140687 0.0107919 0.00643443 -0.0515674 -0.0157802 0.0363103 -0.0395109 0.00372776 -0.00646626 0.0314418 0.00195021 -0.0049715 -0.0332711 -0.0199335 -0.0188477 -0.0234709 -0.0170193 0.00719548 -0.0150721 -0.0554652 0.000681794 0.0124912 -0.00664407 -0.0175134 0.0236286 0.033867 0.00660859 0.000602457 -0.0196795 -0.042197 -0.0546957 0.00509403 0.00194914 0.040327 0.00332245 -0.0285616 0.00731993 -0.0135911 -0.0053208
internal_weight=11771.7 7975.88 3795.84 4726.05 3471.93 3249.83 2903.44 1991.25 2429.33 2734.8 2235.7 2673.82 2422.94 927.197 197.617 1011.02 80.2554 1798.61 576.007 2286.24 2265.85 1661.26 474.108 902.346 323.91 297.806 24.871 568.499 294.226 604.585 437.092 333.447 87.5114 1495.74 677.965 445.92 729.58 718.704 586.183 435.979 96.0643 110.106 25.9778 10.4361 20.3963 657.287 260.586 30.0748 980.231 530.625 385.242 101.776 150.203 1569.65 431.511 396.151 35.3604 391.075 43.5687 347.506 93.4118 85.8891
internal_count=1382545 302257 1080288 64615 1058149 237642 964002 10178 842232 54437 48848 228860 221501 125965 23596 3105 539 32235 8782 778685 775647 596667 121770 20648 22139 21914 1864 94147 2210 178980 16613 38415 8269 95536 59150 117392 102369 98993 82430 63182 10721 15327 6687 1987 3038 58428 32303 3873 7073 14761 11601 4744 19248 571414 16176 15742 434 15343 2489 12854 3522 3256
is_linear=0
shrinkage=0.05


Tree=5
num_leaves=63
num_cat=0
split_feature=23 23 24 13 18 18 13 18 24 19 16 11 24 9 24 16 11 24 4 24 0 9 13 0 16 24 24 13 0 9 18 24 13 13 19 18 13 24 19 18 1 4 24 4 19 13 5 16 18 11 18 24 0 24 18 0 9 0 18 2 24 9
split_gain=2843.52 514.699 437.126 190.874 189.257 182.032 89.8466 71.242 70.922 70.1413 68.3965 67.6312 60.5292 51.0093 49.991 52.2971 56.9541 74.6561 66.9109 46.5487 43.0737 41.272 41.4136 36.803 36.73 34.079 32.4118 32.3007 31.7222 44.5464 31.1588 29.7399 29.5317 27.689 26.7744 25.7139 29.4355 25.7678 24.9714 36.8368 29.6352 24.833 23.701 28.1794 23.6469 26.7004 23.3957 23.2181 25.8075 23.2082 22.8406 22.358 22.087 21.2843 20.8743 32.4416 27.6097 39.7249 19.8442 24.4731 23.7319 20.1304
threshold=2.5000000000000004 4.5000000000000009 0.46724647283554083 0.015268065501004459 57.500000000000007 73.500000000000014 0.015504807699471714 70.500000000000014 0.59324350953102123 4.5000000000000009 4.5000000000000009 0.016001024283468727 0.20072549581527713 0.015038444194942715 0.62114188075065624 5.5000000000000009 0.013793759513646366 0.25403818488121038 17.500000000000004 0.27618074417114263 2.5000000000000004 0.014389234129339458 0.014815627597272398 2.5000000000000004 11.500000000000002 0.27618074417114263 0.53587010502815258 0.011428944766521456 39.500000000000007 0.015038444194942715 80.500000000000014 0.37653306126594549 0.013793759513646366 0.015268065501004459 3.5000000000000004 29.500000000000004 0.016001024283468727 0.66574555635452282 6.5000000000000009 35.500000000000007 0.0072203108575195083 91.500000000000014 0.67000854015350353 1.0000000180025095e-35 7.5000000000000009 0.0063092110212892303 0.0077221228275448093 7.5000000000000009 65.500000000000014 0.012739370577037336 63.500000000000007 0.51891207695007335 1.0000000180025095e-35 0.38030806183815008 44.500000000000007 10.500000000000002 0.013245614245533945 95.500000000000014 29.500000000000004 4.5000000000000009 0.53278023004531871 0.015268065501004459
decision_type=2 2 2 2 2 2 2 2 2 2 2 2 2 2 2 2 2 2 2 2 2 2 2 2 2 2 2 2 2 2 2 2 2 2 2 2 2 2 2 2 2 2 2 2 2 2 2 2 2 2 2 2 2 2 2 2 2 2 2 2 2 2
left_child=2 6 5 13 8 10 7 14 24 32 12 20 -1 27 15 -2 18 -18 52 -7 -5 22 31 35 -4 -23 30 -3 -22 -30 41 -12 -9 -34 -10 -8 37 -37 39 -16 -40 -6 43 -15 -26 -46 -13 48 -28 -33 -14 -32 -17 -19 55 -20 -56 -58 60 -60 61 -57
right_child=1 3 4 11 26 19 23 9 34 -11 21 46 50 42 38 16 17 53 54 -21 28 25 -24 -25 44 -27 47 -29 29 -31 51 49 33 -35 -36 36 -38 -39 40 -41 -42 -43 -44 -45 45 -47 -48 -49 -50 -51 -52 -53 -54 -55 56 58 57 -59 59 -61 -62 -63
leaf_value=-0.077654271600456112 0.028124608779814032 0.004105934593186175 0.023039428912941876 0.042158477446027909 0.012531638027926218 -0.085121304625817074 0.048479971425917257 0.042149725135227495 -0.029072096873620064 -0.017068757715512903 -0.068074412630744721 -0.10958973721104651 0.024812591993189675 -0.10777811441454957 -0.017335746699448287 0.059448359239980292 -0.071502833711713995 -0.0075975163851321158 -0.098584801168234357 0.010579168757484332 0.026026667023932016 -0.079233967125825588 0.0091430980883112755 0.0068408348110995726 -0.04132772591547923 0.028976780185970743 0.029060626830597056 0.018784450727147343 -0.10798821446353889 0.040504265472206397 0.037368306230842988 -0.056074740066051044 -0.069019406072115028 0.057545456700102263 0.0055791811400426588 -0.11157747665476928 0.030908280874083857 -0.0014556723665519803 -0.092359740348364749 0.0055916828679803098 0.018368925287271947 -0.029896096626758191 0.033883418773426856 0.0199426937088753 -0.038654936424905022 0.011253439941588849 0.054081176923436142 0.018706377463770484 -0.10540375190788216 -0.003644272618096839 -0.10063881165850821 -0.10202072206826716 -0.0007014336492234608 0.03701464360625329 -0.022997459037702183 -0.047000506391558956 0.070835328759408414 -0.023648967738845447 0.039827791900587911 -0.046943935344850307 -0.0079827298532023899 0.033416369002133343
leaf_weight=24.82368041202426 74.726814716355875 602.18865551170893 25.183527369052172 666.01551739033312 47.140014234697446 14.09791020315606 131.26427035452798 189.6048028417863 84.681411097291857 87.727461742702872 862.15833059616853 2.1913799475878468 52.260621855966747 4.3612375981174401 262.74459945457056 16.366886135656387 22.918135789921507 35.754127399530262 18.507736715022475 128.72381921252236 624.72299381205812 10.60102151497267 20.913836706662551 285.07056140177883 760.54749932663981 23.196524553699419 6.3861606498248866 992.50172593072057 10.647504043765368 9.6082668472081405 42.421597300563008 764.1784727795748 12.037467946298422 6.7415123730897895 163.15351477824152 6.4798033148981622 108.34603173611686 29.479468314442784 6.1885842173360279 525.7378271066118 256.24420008133166 128.50013276457321 604.44273866154253 442.37093197088689 60.015111215878278 48.419060744461603 599.69274828257039 312.03930737159681 8.0873307371512038 21.705939966253936 3.8989274939522138 3.0861309585161498 226.0488305578474 105.9971292396076 268.53054480883293 90.219591085566208 20.427499294979498 24.427512254100293 8.5085030319169146 180.72321714111604 138.51923041464761 8.5167563357390446
leaf_count=11267 1594 22533 1018 2970 7479 6249 709 5171 20155 5802 345955 48 3122 101 20229 170 6278 4103 3205 15113 4988 4777 3142 6606 240945 2530 213 18701 359 84 1601 268809 407 59 42995 207 898 361 1389 32349 15038 23857 5146 7932 24148 10622 1544 39936 442 4422 682 428 18455 6814 36031 17817 302 3206 560 33259 15929 333
internal_value=-0.000324089 0.0168398 -0.0369025 0.0275773 -0.01834 -0.0531825 0.00128986 -0.00264236 -0.0299283 0.0204366 -0.0575315 0.0396099 -0.0126363 0.018878 -0.00562518 -0.012424 -0.0150239 0.0122251 -0.0195074 0.00113259 0.0332397 -0.0596667 -0.0607744 0.0194361 -0.0364882 -0.00496487 0.0058243 0.0132415 0.02403 -0.0375512 -0.00895571 -0.0616617 0.036226 -0.0235836 -0.00626063 0.0324657 0.0178987 -0.0212994 0.00239814 -0.00204838 0.0157578 -0.0185089 0.0274289 0.0186958 -0.0382133 -0.0163694 0.0534853 0.0158348 -0.0460738 -0.0546266 0.016103 0.0279156 0.00335963 0.0257621 -0.0268168 -0.0337781 -0.0169319 0.0193803 -0.0309658 -0.0430424 -0.0213337 -0.0400639
internal_weight=11322.8 7706.6 3616.22 4558.74 1689.66 1926.56 3147.86 2587.22 1142 296.111 1783.74 1912.88 80.9832 2645.87 2291.11 1240.19 1165.47 164.669 1000.8 142.822 1310.99 1702.75 1668.96 560.64 894.165 33.7975 547.661 1594.69 644.979 20.2558 221.148 1648.04 208.384 18.779 247.835 275.57 144.305 35.9593 1050.92 788.482 262.433 175.64 1051.17 446.732 868.982 108.434 601.884 326.513 14.4735 785.884 56.1595 45.5077 242.416 141.751 758.381 444.995 313.386 44.855 426.487 189.232 237.256 98.7363
internal_count=1381594 301687 1079907 64406 413839 666068 237281 228500 339883 11439 644706 9993 15071 54413 217061 148056 146462 17195 129267 21362 8401 629635 622328 8781 276733 7307 73956 41234 5431 443 33365 619186 5637 466 63150 2175 1466 568 69005 52578 16427 31336 13179 8033 275715 34770 1592 40591 655 273231 3804 2029 18625 10917 110642 71103 39539 3508 67898 33819 34079 18150
is_linear=0
shrinkage=0.05


Tree=6
num_leaves=63
num_cat=0
split_feature=24 21 15 12 8 24 12 12 18 24 18 15 10 18 5 18 2 15 21 18 5 10 5 18 0 24 24 18 18 21 5 24 15 18 2 5 8 24 0 6 24 7 18 8 12 0 5 18 24 24 2 18 2 18 12 24 24 19 0 0 18 0
split_gain=2352.28 521.954 509.919 338.024 249.789 149.522 143.156 115.07 124.814 103.6 77.3863 72.5815 62.6277 61.0799 52.0397 53.494 44.9944 39.6079 36.5776 34.8252 37.4244 30.6944 30.6932 29.3642 27.872 40.8827 29.6356 29.2751 27.869 27.7452 27.0441 26.6042 27.7186 26.0741 49.4157 25.2464 25.1368 25.084 24.6016 24.1803 27.601 31.9893 24.7979 28.2556 24.9964 24.0558 23.6985 23.6216 23.0053 22.9242 22.5079 21.3613 21.7886 20.9554 20.6315 23.9842 28.8281 20.5732 20.5026 21.0372 20.2137 34.7937
threshold=0.53278023004531871 6.8472936153411874 0.012579114176332952 26.500000000000004 13.500000000000002 0.46858993172645574 11.500000000000002 25.500000000000004 51.500000000000007 0.25403818488121038 73.500000000000014 0.015749008394777778 18.500000000000004 67.500000000000014 0.014815627597272398 36.500000000000007 35.500000000000007 1.0000000180025095e-35 11.955871105194094 81.500000000000014 0.0075472774915397176 3.5000000000000004 0.012121656909585001 77.500000000000014 6.5000000000000009 0.58489835262298595 0.71973007917404186 34.500000000000007 70.500000000000014 17.832159042358402 0.010695492848753931 0.34642457962036138 0.016001024283468727 73.500000000000014 11.500000000000002 0.0071685509756207475 17.500000000000004 0.60170400142669689 2.5000000000000004 60.000000000000007 0.82327347993850719 0.013986697886139156 62.500000000000007 5.5000000000000009 53.500000000000007 15.500000000000002 0.016001024283468727 72.500000000000014 0.59098228812217724 0.28802007436752325 87.500000000000014 45.500000000000007 1.5000000000000002 34.500000000000007 1.5000000000000002 0.63790068030357372 0.54860684275627147 6.5000000000000009 1.5000000000000002 7.5000000000000009 42.500000000000007 3.5000000000000004
decision_type=2 2 2 2 2 2 2 2 2 2 2 2 2 2 2 2 2 2 2 2 2 2 2 2 2 2 2 2 2 2 2 2 2 2 2 2 2 2 2 2 2 2 2 2 2 2 2 2 2 2 2 2 2 2 2 2 2 2 2 2 2 2
left_child=1 3 7 12 9 10 11 14 16 -5 31 22 -1 17 15 54 51 30 21 20 -14 -3 23 35 27 -26 46 -16 -10 39 -7 32 -6 37 -35 -4 50 -17 -24 40 -8 -42 43 44 -41 -15 -27 -39 -48 -12 -18 52 -9 -45 55 56 -2 -54 -22 -60 61 -37
right_child=2 18 6 4 5 13 29 8 28 -11 49 -13 19 45 24 33 36 -19 -20 -21 58 -23 38 -25 25 26 -28 -29 -30 -31 -32 -33 -34 34 -36 60 -38 47 -40 42 41 -43 -44 53 -46 -47 48 -49 -50 -51 -52 -53 57 -55 -56 -57 -58 -59 59 -61 -62 -63
leaf_value=0.036345560602402009 0.049352722076346396 -0.1064741372583876 -0.10834626168861693 -0.071795964292320782 -0.07023129606300875 -0.044964120790859131 0.010035551013110171 -0.099729897785552357 0.003830397498436645 0.010224919388022955 -0.081228134993632517 0.047527736267864384 -0.030268807712796355 0.065469457880040202 0.040510494742544 -0.0087267945444109967 -0.022283285798018942 0.011051929284333011 0.034590435920385257 0.04550074646821551 0.06168826558361306 0.0083658107072835022 0.040314204334663824 0.079604724638637409 0.042765488645399655 -0.012885733400245939 0.019796538403716056 0.016901272335519659 0.022995828951959011 0.03613349480570819 -0.013539830328552258 -0.056287404299366434 0.026903375445935563 -0.10755377633396396 0.043744771459581791 -0.11038707517051627 -0.024111514757218355 0.015240702410572796 0.025327571625087059 0.052269109430276441 0.015238706677902534 -0.10396736072693591 0.052605336712588768 0.024463135553384099 -0.10336794489844919 -0.0064204791734063715 0.052300278250154902 -0.10442164767320235 -0.10706066792212565 -0.0086876649990536396 0.048353457556633457 0.022174124381355721 -0.014359091274187462 -0.016376320658623669 -0.012636409030091901 0.033864151630162362 -0.10928325190778301 0.016466375039024508 -0.10665532461666288 0.0017469975368413955 -0.034797197488804742 0.029927748881423945
leaf_weight=97.960415582288988 4.806721684522925 5.9827122716233125 5.7177892299368969 45.473422708106227 674.11586186545901 566.54177163820714 712.45882501453161 6.2083207168616346 636.75188876676839 251.0226624897914 12.349173848400822 1023.8952430710196 163.43999940378126 13.317850163672118 275.95127514307387 142.42940863524564 21.77341793011874 38.482613405678421 206.18119087221567 27.116598543245345 13.978718318510799 212.0328251470346 483.79659068118781 11.081135145388542 58.988229977665469 69.089534482453018 62.030388147570193 250.49311472522095 270.1579104969278 147.61512785870582 77.878615250112489 971.6550485312473 7.4254118952667332 5.6857083616778246 106.20616682106629 4.8410796187818042 744.75074927625246 637.92234057525638 630.99589841743 57.024412007071078 10.924601096194239 11.607767426408826 65.963980375323445 61.079337361967191 2.70207496266812 92.173827365972102 2.7243842771276858 4.1509927092120043 13.420809987466781 92.246051695547067 23.394784695468843 81.261327031534165 176.89086421811953 64.665527608012781 362.0753148808144 49.831244313623756 7.0853426002431661 77.993730494752526 4.624587132362648 138.9210908471141 27.457640604116023 50.563573979306966
leaf_count=1490 94 492 294 17178 283338 184978 17695 910 72702 19202 5631 3834 32655 342 2347 10530 1241 3628 4311 532 115 15695 2371 33 1078 2183 1151 3089 14869 1195 16539 347568 641 216 1647 104 177256 20746 6243 345 228 357 972 1650 167 12331 39 171 665 12557 1267 6237 22086 3296 21788 583 495 7932 473 10534 704 554
internal_value=-0.000183209 -0.0327059 0.015994 -0.0394387 -0.0457884 -0.0508462 0.0303894 0.00413033 -0.00428235 -0.00235457 -0.0589607 0.037722 0.00102883 -0.032754 0.0124868 0.00655624 -0.0153532 -0.0382239 0.0194927 -0.00891036 -0.0135073 0.00521441 0.0294548 0.00286994 0.0231727 0.00759272 -0.00649602 0.0292767 0.00953956 0.0159165 -0.0411665 -0.0615996 -0.069173 0.0134767 0.0360566 -0.00672938 -0.0219149 0.0102562 0.0318315 0.0128911 0.00831243 -0.0461715 0.0262754 0.0169111 0.045228 0.0026553 -0.0256307 0.0144671 -0.0801697 -0.0172523 0.0143029 -0.000213155 -0.00718087 0.00346105 -0.00808149 0.0186382 -0.0451633 -0.00492661 0.00388372 -0.00174538 0.000282546 0.0176675
internal_weight=11177.4 3712.92 7464.46 3288.72 2842.68 2546.19 3372.39 4092.07 2039.18 296.496 1757.79 2238.35 446.041 788.395 2052.89 1320.19 1132.27 682.903 424.197 348.081 320.964 218.016 1214.45 99.6612 732.698 206.253 147.265 526.444 906.91 1134.04 644.42 1653.2 681.541 896.395 111.892 88.5801 789.919 784.503 1114.79 986.427 734.991 22.5324 251.435 185.471 59.7265 105.492 85.2347 642.073 16.1452 104.595 45.1682 342.354 261.093 125.745 423.799 61.7233 11.8921 254.885 157.524 143.546 82.8623 55.4047
internal_count=1381594 970230 411364 949732 903933 867553 40042 371322 304500 36380 649735 14137 45799 217818 66822 56270 216929 205145 20498 44309 43777 16187 10303 1689 10552 5116 4038 5436 87571 25905 201517 631547 283979 33310 1863 1656 179764 31447 8614 24710 18280 585 6430 5458 512 12673 2887 20917 704 18188 2508 37165 30928 4946 22960 1172 589 30018 11122 11007 1362 658
is_linear=0
shrinkage=0.05


Tree=7
num_leaves=63
num_cat=0
split_feature=23 12 21 23 23 14 21 12 0 12 9 14 6 0 0 12 0 21 9 4 16 21 10 0 0 16 19 2 16 6 4 6 6 12 2 12 10 14 9 19 5 4 2 9 19 16 16 6 9 12 2 6 9 21 6 21 16 0 1 3 19 14
split_gain=2535.97 444.18 252.477 193.249 153.745 94.3474 52.9878 48.0344 42.2467 38.5185 35.9067 34.8174 49.4501 34.7505 33.578 32.6723 31.8301 29.777 28.6394 29.306 27.7648 27.002 27.1288 35.9368 23.6385 23.3973 22.1568 21.7214 21.2723 20.4201 19.7056 37.2208 19.5467 19.3071 18.773 18.2422 18.5128 20.2881 20.5565 18.0517 17.233 17.4697 16.7918 17.6313 17.2647 23.1946 16.6673 16.445 25.5654 16.3456 20.2911 17.1714 20.1905 17.4487 15.7153 15.6518 17.4266 15.601 19.0995 15.5297 15.3672 15.9974
threshold=2.5000000000000004 4.5000000000000009 1.0000000180025095e-35 4.5000000000000009 1.5000000000000002 7.5000000000000009 5.4535977840423593 60.500000000000007 30.500000000000004 100.00000000000001 0.015268065501004459 8.5000000000000018 7.5000000000000009 16.500000000000004 1.0000000180025095e-35 16.500000000000004 38.500000000000007 10.664512634277346 0.013986697886139156 5.5000000000000009 60.000000000000007 3.9642981290817265 6.5000000000000009 74.500000000000014 66.500000000000014 60.000000000000007 4.5000000000000009 3.5000000000000004 1.5000000000000002 60.000000000000007 54.500000000000007 4.5000000000000009 1.0000000180025095e-35 1.0000000180025095e-35 68.500000000000014 22.500000000000004 10.500000000000002 14.500000000000002 0.012579114176332952 1.5000000000000002 0.013793759513646366 28.500000000000004 100.00000000000001 1.0000000180025095e-35 4.5000000000000009 4.5000000000000009 2.5000000000000004 12.500000000000002 0.015268065501004459 86.500000000000014 30.500000000000004 6.5000000000000009 0.013423423748463394 25.779534339904789 60.000000000000007 10.569746971130373 6.5000000000000009 60.500000000000007 0.0085107926279306429 0.016001024283468727 3.5000000000000004 4.5000000000000009
decision_type=2 2 2 2 2 2 2 2 2 2 2 2 2 2 2 2 2 2 2 2 2 2 2 2 2 2 2 2 2 2 2 2 2 2 2 2 2 2 2 2 2 2 2 2 2 2 2 2 2 2 2 2 2 2 2 2 2 2 2 2 2 2
left_child=2 5 4 6 9 16 8 24 -3 33 13 12 32 30 46 26 27 25 19 -9 -11 22 -15 35 57 42 -13 55 -18 -21 -5 -32 -10 -1 40 36 -24 -38 -39 -34 41 -28 -4 44 -44 -46 -7 -17 -49 -23 -51 -52 53 -53 -20 -2 59 58 -6 -57 61 -22
right_child=1 3 17 10 7 14 -8 18 11 20 -12 15 -14 21 -16 47 28 -19 54 29 60 49 23 -25 -26 -27 34 -29 -30 -31 31 -33 39 -35 -36 -37 37 38 -40 -41 -42 -43 43 -45 45 -47 -48 48 -50 50 51 52 -54 -55 -56 56 -58 -59 -60 -61 -62 -63
leaf_value=0.060088131669514835 0.05036977596347425 0.0021486644926192061 -0.10353181851344261 0.021191164975128171 -0.091798861265450157 -0.10735526865824802 0.017323873085779585 0.038940293094608808 0.018086623926437787 -0.072832593008439125 0.025172425069043998 0.021341715091074961 0.042697588983995602 0.015343917086521648 0.019099969367070535 -0.056708996243581992 0.061177607653143423 0.029246475677041906 -0.082131967579091664 -0.076373182658698066 0.024308273482520962 0.021005351657271115 -0.077870159077662413 -0.055716645839460933 -0.022014087328998365 0.016633240933435999 0.043470706415308147 0.035005287357379421 -0.11046156400144827 -0.033127247853282492 0.0541401108148871 -0.065840424207303183 -0.096126403475938649 -0.036591951294325881 -0.093451900331795359 0.0044262679443502892 0.012025927554547788 -0.01130940446062445 -0.085407414483723146 -0.01960764378290554 -0.099656265008304254 -0.039202326781202917 0.011618945428060443 -0.10694264750427394 -0.10423197495549691 -0.014826020698783205 0.039601553230262175 -0.019203212938360345 0.040324340445729218 -0.10153607731721144 -0.10491955952146348 -0.10259631277082182 0.0428385735056315 0.072392515055426765 0.039579061828526128 -0.044192399808204261 -0.11019103465325045 0.040714856159836409 0.0011478031087251363 0.041391912134960351 -0.044217600012737328 -0.055218628808899085
leaf_weight=5.2088951636105767 767.7365924664773 1043.5785566905979 5.4632633591536424 836.91873492940795 5.717240147991105 1.9424715302884568 301.76530811889097 13.601966260932384 29.373860495630652 128.66286813863553 931.43789700022899 90.921511900844052 66.393224283820018 152.13318033749238 928.0675683649024 28.140271690208465 2.6731002228334546 107.87493197305594 3.059998978162187 28.761717525077984 6.3865313611458978 272.26848881412297 12.968178796116261 38.303348742891103 171.95361579151358 84.623928716871887 15.233665916137403 442.88356908038259 5.5597702488303167 535.82985127554275 10.237393578514459 17.537385786883533 9.2467645974829775 598.76743562542833 7.7594390187878153 196.98451440024655 39.475698642898351 25.6141883705277 14.749989149393512 46.307249001692981 4.2574552218429735 11.006989209912716 50.589171497616917 4.8490784228779367 8.6113939794013259 46.031261942349374 287.17052596248686 771.24170108314138 18.468598205130547 5.7092430633492759 3.3545866629574475 5.2957492778077748 18.641603572992608 1.9488002615980802 19.89973979187198 6.3951232610270372 2.477513992227613 24.485946624306962 166.15825439337641 30.966810122132301 852.18116063915659 641.41953968978487
leaf_count=264 2166 64668 844 13476 1381 34 9550 2294 1645 63120 11174 4737 3518 4513 14457 8546 9 3958 1150 14096 464 6005 664 3840 33684 5247 676 2304 209 153807 114 875 2775 192611 1936 8667 1084 1098 1035 6400 513 1689 3798 636 1418 6432 1557 118953 712 653 286 417 502 10 1815 71 38 1988 17166 111 342441 231293
internal_value=-8.51945e-05 0.0163254 -0.0351639 0.007788 -0.0393231 0.0336606 -0.00229176 -0.0226968 -0.0050553 -0.0465427 0.017322 -0.0119 0.0103705 0.0128961 0.0237351 -0.0154585 0.0432588 0.00807058 -0.0314084 -0.0335831 -0.0505421 0.00529727 -0.00210827 -0.0102006 -0.00847801 -0.00334157 0.00790936 0.043904 -0.0547327 -0.0353303 0.0198161 -0.0216173 -0.0149016 -0.0357581 -0.0240135 -0.0041845 -0.0224608 -0.0134608 -0.0383865 -0.0323439 -0.00634674 0.00879241 -0.017971 -0.0137247 -0.00942918 -0.0289159 0.0386142 -0.0191495 -0.0178111 0.0168732 -0.0153168 0.00151748 0.0153107 -0.0555239 0.0233578 0.0487841 0.0182272 0.00337552 -0.00194396 0.0267427 -0.0486301 -0.0544346
internal_weight=11013.3 7503.15 3510.14 5027.27 3202.09 2475.87 2443.69 969.468 2141.93 2232.63 2583.58 1098.35 151.321 1652.14 1217.18 947.03 1258.69 308.043 601.153 578.194 1628.65 787.448 480.229 328.096 368.315 200.168 129.179 1250.46 8.23287 564.592 864.694 27.7748 84.9279 603.976 38.2575 289.793 92.8081 79.8399 40.3642 55.554 30.4981 26.2407 115.544 110.081 105.232 54.6427 289.113 817.851 789.71 307.218 34.95 29.2407 25.8862 7.24455 22.9597 807.576 39.8394 196.361 171.875 37.3619 1499.99 647.806
internal_count=1381594 301687 1079907 280731 1057574 20956 226318 227381 216768 830193 54413 152100 14338 43239 16048 137762 4908 22333 173162 170197 637318 28774 20901 16388 54219 18375 9551 4690 218 167903 14465 989 10820 192875 4814 12548 3881 3217 2133 9175 2878 2365 13128 12284 11648 7850 1591 128211 119665 7873 1868 1215 929 427 2965 2386 220 20535 18547 182 574198 231757
is_linear=0
shrinkage=0.05


Tree=8
num_leaves=63
num_cat=0
split_feature=24 21 12 14 12 2 18 18 14 24 8 24 24 24 11 18 14 4 24 18 4 19 18 4 2 21 18 21 14 19 16 18 12 8 18 16 19 12 8 6 24 2 11 18 4 18 21 18 18 5 12 12 21 18 6 19 18 4 4 18 0 24
split_gain=2029.17 455.89 426.603 288.767 216.924 138.178 136.579 109.323 107.643 94.8457 83.4786 68.9864 51.7536 44.9595 39.3189 38.7247 37.7426 37.3922 36.676 30.9865 30.5971 33.5388 30.5524 35.2891 30.5536 30.1181 31.4528 27.1963 26.7461 26.4995 26.2616 26.094 25.3978 25.3065 29.4571 24.9161 24.8767 32.1332 24.1579 23.7817 23.7486 23.7454 21.6893 21.5229 21.454 21.3308 35.9207 22.0286 20.4327 20.326 20.1499 23.4591 19.2126 25.4833 20.3456 18.927 18.4333 18.28 17.999 17.7912 17.7668 17.6787
threshold=0.53278023004531871 7.3998341560363778 12.500000000000002 12.500000000000002 26.500000000000004 3.5000000000000004 73.500000000000014 52.500000000000007 14.500000000000002 0.46724647283554083 60.000000000000007 0.32337510585784918 0.63790068030357372 0.59098228812217724 0.013986697886139156 34.500000000000007 8.5000000000000018 32.500000000000007 0.42011176049709326 65.500000000000014 9.5000000000000018 6.5000000000000009 81.500000000000014 18.500000000000004 3.5000000000000004 8.2502398490905779 32.500000000000007 6.3294456005096444 1.5000000000000002 7.5000000000000009 60.000000000000007 79.500000000000014 10.500000000000002 8.5000000000000018 30.500000000000004 17.500000000000004 4.5000000000000009 44.500000000000007 2.5000000000000004 17.500000000000004 0.34642457962036138 3.5000000000000004 0.012579114176332952 74.500000000000014 57.500000000000007 75.500000000000014 10.721748352050783 79.500000000000014 10.500000000000002 0.0089687905274331587 15.500000000000002 86.500000000000014 17.832159042358402 49.500000000000007 60.000000000000007 1.5000000000000002 49.500000000000007 1.5000000000000002 14.500000000000002 34.500000000000007 13.500000000000002 0.37844899296760565
decision_type=2 2 2 2 2 2 2 2 2 2 2 2 2 2 2 2 2 2 2 2 2 2 2 2 2 2 2 2 2 2 2 2 2 2 2 2 2 2 2 2 2 2 2 2 2 2 2 2 2 2 2 2 2 2 2 2 2 2 2 2 2 2
left_child=1 3 5 11 14 16 9 8 52 33 19 15 25 31 22 28 32 57 -8 -7 43 -22 23 24 -5 42 -27 -19 -1 -21 -20 -9 -2 34 -6 -3 37 41 -30 -37 -35 -14 50 -18 -43 -15 -47 -48 49 -13 -10 -52 -4 -54 -55 -53 -23 -11 59 -38 -33 -25
right_child=2 35 7 4 6 10 18 13 12 17 -12 48 36 45 -16 -17 20 27 30 29 21 56 -24 61 -26 26 -28 -29 38 -31 -32 60 -34 40 -36 39 58 -39 -40 -41 -42 44 -44 -45 -46 46 47 -49 -50 -51 51 55 53 54 -56 -57 -58 -59 -60 -61 -62 -63
leaf_value=0.048930921627108152 0.045361819189063297 0.022657272718216957 0.010105310561273298 -0.11122790252756663 0.024449341459897415 0.024954844786433464 -0.035816479371052548 -0.0057600942624572741 -0.074445252534881753 0.056816188255389491 0.0082985986940826342 -0.0047079792505155269 -0.071944286091020382 0.016157604811220406 0.053738714405194815 -0.074937032090912736 0.033959224767585595 -0.042039716239220828 -0.10373935020561423 0.0519526912911377 0.015837160073373449 -0.11053718418433417 0.03892036569393427 -0.063774912109862913 0.017883930882211494 -0.10441259483858426 0.032845899239586071 0.034411241859591518 0.046012089183379012 -0.10879812728628571 0.018932608037678475 -0.11017029259017903 -0.052753999450687407 -0.066559714171232451 -0.059168720827844745 0.042669770599424145 0.0074012711320383872 -0.032314178652700351 -0.080319420372827355 -0.069926155945052124 -0.053910686154274093 0.0090800453013396218 0.0074892190024477738 -0.10967821843618875 -0.04696133219735299 0.041671005720654249 0.020549955041673233 -0.10415437445404191 0.019034807404621899 -0.11282501135492073 -0.014097642925786295 0.005286521011275855 0.045432035982984509 -0.10462385194051485 0.06621109222418968 -0.035360068577139178 -0.00038478111067698846 -0.014400218724619824 0.014848630445434245 -0.043124658080206837 0.03214538999582784 -0.021020451746665329
leaf_weight=14.912438558181746 950.07465662434697 374.48415311804274 558.49285676970612 4.8451590035110703 19.858341549290344 932.6158787033055 58.210075943497941 342.00431562471204 18.726598606910557 10.06975043308921 989.06189673754852 21.338264655554671 10.742531785275785 827.82414314197376 25.140730580547825 37.427941261325032 512.22159261791967 592.91074297274463 4.560055316425859 150.61905823554844 67.930799459572881 9.2420099598821235 28.003557940013707 27.672721949755214 84.4176748766331 4.616251118713989 43.535393330734223 11.865611516404895 5.44508038368076 2.6081221443600944 100.88465041154996 2.2655316041782489 6.6417765226215115 630.06710335460957 22.427669982542284 6.9804958272725353 42.615153641905636 110.18190246354789 12.406406726455318 14.289686665870249 902.75035300233867 196.98952410300262 62.107561084441841 2.6213352801278225 18.698842720594257 165.91255149058998 7.1427538935095054 7.0234703347086906 270.86429945984855 5.4593328323680899 425.45890481036622 31.521128383232281 72.956407340243459 5.3463465953245759 2.5857588537037364 313.34219230432063 6.4476424450986078 85.669798308401369 271.65001037553884 29.472082984866574 68.523889953503385 191.47849086322822
leaf_count=586 3379 14967 13715 403 2266 8835 14784 41069 2746 531 29504 1398 604 50516 305 14071 4180 198709 498 888 1035 404 544 9978 3589 494 1517 701 284 92 10092 122 140 279780 6253 302 2186 18495 5205 2251 342140 9217 4564 109 2869 3954 139 253 12887 260 67585 7964 421 93 11 101617 131 17420 28138 2347 2031 30026
internal_value=-2.77271e-05 -0.0309304 0.0151241 -0.0372498 -0.04272 0.0272523 -0.0480772 0.00302801 -0.0039056 -0.05125 0.0188068 0.0043997 -0.0109117 0.0138579 -0.00657722 -0.0401898 0.0385201 -0.0359435 -0.00395911 0.0283785 0.0286716 0.000619038 -0.0110847 -0.0156251 0.0108758 -0.0187835 0.0196871 -0.0405398 -0.000496171 0.0492165 0.0136275 -4.08054e-05 0.0446807 -0.0580574 -0.0199 0.0196673 -0.000506632 -0.0101682 -0.0417856 -0.0329742 -0.0591101 0.000608077 -0.0209598 0.0332279 0.00422161 0.0195502 0.0351457 -0.0412772 0.0149144 -0.0267341 -0.0231991 -0.0219533 0.0134038 0.0361783 -0.048934 -0.0316449 -0.0652702 -0.00690978 0.0089547 -0.0132557 0.0275907 -0.0264192
internal_weight=10834.3 3564.44 7269.82 3168.69 2800.83 3630.08 2439.27 3639.74 2219.04 2275.62 2074.9 367.854 1579.66 1420.7 361.558 70.1919 1555.18 700.516 163.655 1085.84 598.463 83.6205 336.418 308.414 89.2628 899.308 48.1516 604.776 32.7639 153.227 105.445 412.794 956.716 1575.1 42.286 395.754 680.35 336.613 17.8515 21.2702 1532.82 226.431 851.156 514.843 215.688 1007.9 180.079 14.1662 297.662 26.7976 789.049 770.322 639.381 80.8885 7.93211 344.863 15.6897 95.7395 343.737 72.0872 70.7894 219.151
internal_count=1381594 970230 411364 952710 918019 48697 873174 362667 264583 847800 39319 34691 250343 98084 44845 20146 9378 217361 25374 9815 5859 1570 44540 43996 3992 186487 2011 199410 6075 980 10590 43222 3519 630439 8519 17520 63856 31185 5489 2553 621920 12690 184476 4289 12086 54862 4346 392 14545 1658 179912 177166 14240 525 104 109581 535 17951 32671 4533 2153 40004
is_linear=0
shrinkage=0.05


Tree=9
num_leaves=63
num_cat=0
split_feature=23 24 5 21 18 16 18 12 12 24 10 23 16 5 8 6 12 8 3 18 18 16 8 3 18 19 10 0 12 24 18 16 24 24 3 6 0 0 12 3 19 24 12 23 3 3 5 1 10 24 3 24 24 18 18 19 24 16 18 24 0 18
split_gain=2143.82 455.316 262.643 234.127 166.048 89.3764 88.0501 77.1205 65.7872 62.3381 60.6908 42.0194 39.4073 39.3402 36.9067 39.97 36.1103 35.5647 34.4484 31.9518 29.3528 32.1589 29.3424 47.0745 29.2509 36.6719 28.0324 27.0908 26.4051 26.2793 25.5367 24.8665 27.8567 23.9035 22.6494 22.3789 30.5346 22.8651 21.8698 21.8399 21.0351 20.8206 27.845 23.7416 21.1542 20.6141 23.5758 26.4778 19.9718 18.8049 29.9411 22.183 26.324 20.924 20.2227 19.9985 23.0247 18.7867 18.7647 18.6243 22.8621 18.4484
threshold=3.5000000000000004 0.46858993172645574 0.014599318150430919 5.5144779682159433 57.500000000000007 17.500000000000004 73.500000000000014 3.5000000000000004 24.500000000000004 0.59098228812217724 60.000000000000007 1.5000000000000002 13.500000000000002 0.012739370577037336 8.5000000000000018 60.000000000000007 53.500000000000007 5.5000000000000009 0.014389234129339458 77.500000000000014 69.500000000000014 3.5000000000000004 18.500000000000004 0.014185110572725536 75.500000000000014 5.5000000000000009 60.000000000000007 34.500000000000007 41.500000000000007 0.37248791754245764 1.0000000180025095e-35 4.5000000000000009 0.68997997045516979 0.47935767471790319 0.009756329935044052 1.5000000000000002 1.0000000180025095e-35 57.500000000000007 19.500000000000004 0.015749008394777778 1.5000000000000002 0.59098228812217724 1.0000000180025095e-35 6.5000000000000009 0.011299795936793091 0.0071685509756207475 0.010695492848753931 0.015268065501004459 1.0000000180025095e-35 0.4277471005916596 0.0064725596457719812 0.45368580520153051 0.52488538622856151 53.500000000000007 13.500000000000002 1.5000000000000002 0.31144860386848455 16.500000000000004 12.500000000000002 0.42162311077117925 4.5000000000000009 47.500000000000007
decision_type=2 2 2 2 2 2 2 2 2 2 2 2 2 2 2 2 2 2 2 2 2 2 2 2 2 2 2 2 2 2 2 2 2 2 2 2 2 2 2 2 2 2 2 2 2 2 2 2 2 2 2 2 2 2 2 2 2 2 2 2 2 2
left_child=1 3 5 6 9 57 11 18 19 10 -3 -1 -12 28 15 -13 -16 -9 22 33 -6 -22 23 -4 25 30 -5 48 -14 -8 -10 -11 -33 40 -28 36 -35 -38 -21 49 -7 -24 44 -44 -43 -26 -47 -48 -20 55 51 -51 53 -53 -52 -32 -57 -2 -15 -42 -61 -56
right_child=2 4 7 26 20 8 29 17 24 31 12 14 13 58 16 -17 -18 -19 27 38 21 -23 41 -25 45 -27 34 -29 -30 -31 39 32 -34 35 -36 -37 37 -39 -40 -41 59 42 43 -45 -46 46 47 -49 -50 50 54 52 -54 -55 61 56 -58 -59 -60 60 -62 -63
leaf_value=-0.058120891737763886 0.022202270917758171 0.031273780834708845 0.038276093723620411 -0.10555502975067668 -0.0035317179845275417 -0.11183661939194432 -0.047787569317164588 0.032019897371807292 -0.043701546011112674 0.065497548350906321 0.019202928842962916 -0.086951546935277291 -0.018680902376607824 0.040493869465549857 -0.019668924054828896 0.039356879374783903 -0.054758269320657318 0.01350327195525187 0.052408769886364386 0.055059428071573352 -0.1046159999958205 0.017580851893966878 0.029975107897357939 -0.11115082871809939 -0.039312238971549597 0.0059739757680173653 0.014768446994092022 -0.11158892756918926 -0.039692299289569952 0.0069473054063513371 -0.07510638548365027 -0.01350140415507867 0.0222033057460309 -0.11831125826564584 -0.078162749343388266 0.0097364456018336713 0.037670595129943911 -0.10881385855020836 -0.1064966995027586 0.03216756753865354 0.0344559641339734 -0.11006586186618027 -0.089815091462930055 0.026573178844730934 0.035699064776967722 0.05218306959888739 -0.10510400236224543 0.0621226249379076 0.037418149156935275 0.060617529689252193 0.035760846515409624 -0.10326567322417327 0.019774380025831612 0.024493109908544617 -0.02482293364768921 0.047129877440272361 -0.056255154552656242 0.058453409826849934 -0.014788054812612965 0.067674557265594293 -0.099942631617140509 -0.0052693311704672188
leaf_weight=1273.5293435890926 827.01638436829671 40.828588604927063 123.44871404441074 5.2830151617526999 381.21306436881423 6.7197488783858743 30.03039422002621 405.53056749328971 58.413321156986058 11.720603015739469 37.853749764850363 8.1788834489416313 187.13286438956857 23.0237236849498 105.10803796956316 26.743722430663183 242.43174838996492 719.24771631811745 279.27048318274319 54.878634830471128 5.4593626991845658 391.10847216716502 23.230086125899106 5.5057721072807899 9.79768501780927 466.03387499705423 174.82536616572179 2.9349378934130064 744.0624530701898 81.291268131462857 22.897590261884034 374.80986776272766 63.949069626629353 3.342931172810494 6.811992779839783 1381.1563980050851 130.65739153558388 2.7194249965250483 2.1779142636805764 30.414472717791796 11.185541854705663 2.8996073603630093 19.40395369776525 5.6595615409314624 17.578309603501111 51.693506662733853 5.4862211155705136 4.1633986216038465 1086.9936753753573 22.70833325246349 19.969450051663443 8.9736718389904109 51.486638815142214 4.9852127018384627 255.26572831301019 10.08618537290022 11.5551130536478 37.353534638416022 46.05735456966795 2.7210929421707979 8.0602157291723397 228.7004214595072
leaf_count=551578 13951 4947 619 660 61390 445 10980 3024 6493 214 1567 2410 34403 1943 19908 1177 88272 17548 553 437 464 27397 333 87 1206 35074 14383 130 261925 8283 7367 87922 7263 61 1029 40983 985 121 118 802 312 102 710 41 147 714 346 18 5550 445 1011 948 2505 292 23559 673 1428 431 8513 21 1025 14351
internal_value=2.01504e-05 -0.0274758 0.0182648 -0.0452343 -0.0124343 0.00967602 -0.0508626 0.0301685 0.00542607 -0.0219998 -0.0285223 -0.0537562 -0.030874 -0.0327691 -0.0392225 0.00977541 -0.044146 0.0201793 0.0373391 0.0121477 0.00637525 0.0158986 0.0178302 0.0318962 -0.00311074 -0.00497033 0.00798097 0.0401563 -0.0354699 -0.0078181 -0.012001 -0.00637744 -0.00829745 0.010792 0.0112832 0.0116466 0.030943 0.0346839 0.0488926 -0.00922492 -0.0344243 -0.00854525 -0.028194 -0.0635336 0.0150592 0.0280342 0.0387907 -0.0329529 0.0404823 -0.0112024 -0.00884553 0.0180374 0.00326298 -0.0576385 -0.0135482 -0.0425343 -0.00807133 0.0237689 0.00363661 -0.0107435 -0.0576378 -0.0155828
internal_weight=10683.8 4261.45 6422.32 1954.23 2307.22 3730.62 1767.31 2691.7 2866.25 1529.44 1078.96 1655.99 1038.13 1000.28 382.462 34.9226 347.54 1124.78 1566.93 1603.62 777.781 396.568 197.726 128.954 1262.63 1191.49 186.92 1369.2 931.195 111.322 725.456 450.48 438.759 1546.56 181.637 1517.88 136.72 133.377 57.0565 667.043 28.6866 68.7715 45.5414 25.0635 20.4779 71.1408 61.3431 9.64962 1366.26 636.628 592.089 88.1539 65.4455 13.9589 503.936 44.5389 21.6413 864.37 69.0811 21.9669 10.7813 483.966
internal_count=1381594 1196628 184966 698680 497948 156122 682608 28844 141740 408697 313298 663345 308351 306784 111767 3587 108180 20572 8272 44508 89251 27861 2039 706 97232 94948 16072 6233 296328 19263 59874 95399 95185 43953 15412 42150 1167 1106 555 53381 1803 1333 1000 751 249 2284 1078 364 6103 52579 43111 4190 3745 1240 38921 9468 2101 14382 10456 1358 1046 37910
is_linear=0
shrinkage=0.05


Tree=10
num_leaves=63
num_cat=0
split_feature=24 8 14 21 12 12 18 12 24 24 18 24 14 10 4 21 10 10 16 2 24 21 6 14 20 4 0 12 18 14 24 20 24 14 18 8 12 18 21 18 6 20 24 14 16 20 18 2 16 18 21 0 21 16 2 8 4 2 10 12 20 20
split_gain=1690.84 439.008 399.815 216.08 212.738 143.01 143.835 93.2841 71.6375 68.1595 55.4207 41.3507 40.4941 40.4233 39.7047 44.6152 37.5641 32.3678 31.3847 43.1669 27.9725 24.4832 28.1399 29.0734 26.2335 23.9999 23.809 23.7519 23.3643 22.9843 38.8725 22.2486 21.9766 21.857 24.0363 21.7754 22.1391 21.5656 26.1989 20.2589 19.9104 19.9039 21.6112 19.8587 19.8537 19.424 18.9601 18.8097 18.7462 18.7452 26.6167 18.0364 17.9776 17.2149 17.2027 17.1812 25.463 19.2886 17.0087 16.9476 16.4663 16.392
threshold=0.52325549721717846 14.500000000000002 16.500000000000004 4.9169433116912851 22.500000000000004 25.500000000000004 49.500000000000007 4.5000000000000009 0.4105826616287232 0.2329252362251282 71.500000000000014 0.43242688477039343 3.5000000000000004 18.500000000000004 6.5000000000000009 1.0000000180025095e-35 17.500000000000004 6.5000000000000009 1.5000000000000002 22.500000000000004 0.55352136492729198 17.267683982849125 1.5000000000000002 1.0000000180025095e-35 6.5000000000000009 10.500000000000002 9.5000000000000018 16.500000000000004 52.500000000000007 1.5000000000000002 0.54687154293060314 2.5000000000000004 0.19283496588468554 11.500000000000002 18.500000000000004 8.5000000000000018 3.5000000000000004 59.500000000000007 9.2098617553710955 36.500000000000007 16.500000000000004 2.5000000000000004 0.4699323177337647 60.000000000000007 3.5000000000000004 1.0000000180025095e-35 29.500000000000004 1.0000000180025095e-35 6.5000000000000009 64.500000000000014 11.494672298431398 25.500000000000004 18.968527793884281 6.5000000000000009 8.5000000000000018 18.500000000000004 19.500000000000004 9.5000000000000018 12.500000000000002 50.500000000000007 1.0000000180025095e-35 2.5000000000000004
decision_type=2 2 2 2 2 2 2 2 2 2 2 2 2 2 2 2 2 2 2 2 2 2 2 2 2 2 2 2 2 2 2 2 2 2 2 2 2 2 2 2 2 2 2 2 2 2 2 2 2 2 2 2 2 2 2 2 2 2 2 2 2 2
left_child=1 9 7 4 11 14 20 12 17 48 13 33 -2 -10 35 39 -8 -6 19 -5 43 24 23 53 29 54 -13 -11 58 30 -9 -32 -20 -3 -35 -4 -37 38 -17 47 -34 -30 -43 -7 -33 59 -31 -16 -1 50 -48 -14 -38 -23 -26 56 60 -57 -28 -15 -22 -47
right_child=2 3 5 18 8 6 16 21 10 27 -12 26 51 45 15 37 -18 -19 32 -21 55 22 -24 -25 25 -27 28 -29 41 46 31 44 40 34 -36 36 52 -39 -40 -41 -42 42 -44 -45 -46 61 49 -49 -50 -51 -52 -53 -54 -55 -56 57 -58 -59 -60 -61 -62 -63
leaf_value=0.03388085117742258 0.042589090218663306 0.059964907571671791 0.045583171516688219 0.037993691678743557 -0.00027383083591510778 0.0568482784007232 0.038703227626660702 -0.10915773316972657 0.00072984285907667381 0.043342182655033333 -0.0046444325403973549 0.044368479111970956 0.026775776037308682 0.0033085290488623661 -0.10958493642342913 -0.045721796297176709 0.0040524935885559487 -0.058821902969763695 -0.094052792969086307 -0.10642078930263313 0.062843221486069217 0.028129272713551357 0.040197701161916108 -0.10747872706033051 -0.021780602109911975 0.005338324823242006 0.044412003393171223 0.013276218654459968 0.037500048908846478 0.025134739599525481 0.044256501256313675 -0.11002846735943575 -0.10344496743979761 -0.00060013249155358751 -0.067267737589322002 0.026322707930207995 0.0092732715330534898 0.041894795362807082 0.021527335782126095 0.0079326453444772457 0.013358630309896497 0.036591006563659351 -0.098462200077539391 -0.038372744715189817 0.02013177690148564 -0.058360691088253591 0.0075497385989820812 -0.0049633666405737575 -0.055847943657767955 0.026794149876348806 -0.063275436396372509 -0.035012625514140465 -0.1056666151784431 -0.10722500481359905 -0.11054877285377357 0.0096415692407047712 0.020077651573031114 -0.019938147172284898 -0.019601658378387773 -0.037341673958151265 -0.10110025455684371 -0.043307355333115811
leaf_weight=6.7488017238210878 899.15383668383583 5.398085647262632 83.327113796025515 8.2409432353451848 24.164128745673224 5.6265858791302881 85.273783645126969 4.9506547688506535 50.600235520862043 79.435102455783635 104.44896459078882 38.477958773029968 545.47452402091585 32.399819097248837 4.3441510014235964 17.015983072575182 944.83915346302092 1022.5579497894505 5.0258978214114896 13.906356221763417 1.9198889434337596 21.700257384916775 205.27512060361914 6.2424623854458323 16.854807147756222 84.075963056180626 11.578509201994164 379.57552291639149 53.958024805877358 286.24324473913293 169.60548563953489 2.9934033104218534 3.7049418543465427 20.292861730617005 40.509119350346737 382.06605768715963 279.76465185848065 119.49174455739558 97.281179768498987 738.02665018569678 239.27433983620722 5.6666702604852599 6.2065401941072196 203.92334120022133 137.69759314507246 265.97472168022068 544.6404869791586 388.76221871445887 42.335570685798302 131.72335925279185 13.596529806032775 12.072088551241903 3.443844861816614 2.6342526935040942 8.0715231639333052 59.913420180790126 61.088373088743538 687.82230336475186 99.983567874412984 122.89733593782876 7.5731116211973131 565.01866112824064
leaf_count=183 3006 51 489 154 5439 312 2798 257 8506 708 12736 894 3707 5170 256 751 106505 448403 1995 1826 20 107 1449 108 283 2445 171 24944 1862 5191 1230 83 392 3369 11416 3599 6976 1416 1775 32260 16142 644 1359 63708 1714 88741 14666 23454 17478 2451 457 296 135 32 316 5933 3257 153026 13696 41469 768 229320
internal_value=-0.000209665 -0.0301965 0.0131992 -0.0381114 -0.0427547 0.00309871 -0.00628317 0.0268215 -0.0480231 0.0124908 -0.0393591 -0.00188669 0.0360245 -0.042856 0.012234 0.00715877 0.00692092 -0.0574703 0.00434421 -0.0526846 -0.0195161 0.0186286 0.0335321 -0.0112168 0.0161187 -0.00743636 0.00871472 0.0184794 0.000981149 0.0181069 0.0298448 0.0320625 0.00943698 -0.0364568 -0.0450172 0.0214877 0.0184697 0.0270427 0.0115156 0.00304905 0.0115776 0.0246033 -0.034006 -0.035816 0.0173624 -0.0450921 0.0143163 -0.00611952 -0.0435108 0.00982808 0.00582471 0.0254379 0.00787559 0.0134769 -0.0505251 -0.0153421 0.00823899 -0.017568 -0.012958 -0.0288608 -0.0679439 -0.0481255
internal_weight=10512.9 3248.38 7264.51 2740.29 2470.13 4171.5 2057.98 3093.01 2188.06 508.095 1141.34 282.071 1456.7 1036.89 2113.52 1364.92 1030.11 1046.72 270.152 22.1473 1027.87 1636.31 235.852 30.577 1400.45 109.002 215.871 459.011 177.393 1291.45 315.247 310.296 248.005 66.2001 60.802 748.602 665.275 233.789 114.297 1131.13 242.979 65.8312 11.8732 209.55 140.691 986.291 976.204 393.106 49.0844 689.96 558.237 557.547 283.208 24.3345 24.9263 818.317 70.5814 747.736 111.562 155.297 9.493 830.993
internal_count=1382304 937068 445236 893755 873246 407438 336327 37798 839784 43313 385942 33462 7009 373206 71111 59912 109303 453842 20509 1980 227024 30789 1696 247 29093 3044 18626 25652 17732 26049 3284 3027 18529 14836 14785 11199 10710 3942 2526 55970 16534 3865 2003 64020 1797 364700 22765 23710 17661 17574 15123 4003 7111 139 599 163004 4045 158959 13867 46639 788 318061
is_linear=0
shrinkage=0.05


Tree=11
num_leaves=63
num_cat=0
split_feature=23 24 21 14 18 12 23 4 18 24 18 23 11 12 9 24 2 11 16 12 11 20 0 9 24 16 16 7 12 14 12 11 4 24 18 4 20 2 24 12 9 12 21 24 4 16 21 18 16 21 0 0 16 24 24 24 4 0 4 24 18 12
split_gain=1884.81 381.51 239.113 219.803 105.393 86.4494 68.4293 64.4971 59.2182 53.8584 47.5838 35.5046 33.5673 31.9763 37.0329 31.589 27.7326 26.446 25.0423 24.6619 23.1544 38.543 28.0697 31.6527 28.5823 25.235 22.4347 21.5867 20.9787 20.4443 19.936 23.7898 20.2799 19.4224 23.6927 24.8358 18.9748 29.3559 18.5847 32.0535 22.5116 18.214 18.0472 23.7328 17.9423 17.9306 17.5693 17.5668 20.2991 29.6437 20.8256 17.5282 17.4824 17.4643 21.3224 17.3903 17.1048 16.6875 22.3309 22.1268 22.519 20.1064
threshold=3.5000000000000004 0.53278023004531871 4.9169433116912851 3.5000000000000004 64.500000000000014 17.500000000000004 1.5000000000000002 7.5000000000000009 48.500000000000007 0.38214623928070074 51.500000000000007 4.5000000000000009 0.015749008394777778 54.500000000000007 0.014185110572725536 0.39881521463394171 4.5000000000000009 0.012579114176332952 1.5000000000000002 15.500000000000002 0.012579114176332952 1.0000000180025095e-35 20.500000000000004 0.016001024283468727 0.54524904489517223 4.5000000000000009 12.500000000000002 0.014185110572725536 53.500000000000007 5.5000000000000009 100.00000000000001 0.012579114176332952 20.500000000000004 0.75677418708801281 45.500000000000007 75.500000000000014 1.5000000000000002 18.500000000000004 0.38800251483917242 48.500000000000007 0.016261236742138866 64.500000000000014 8.432256221771242 0.6062992811203004 1.5000000000000002 1.0000000180025095e-35 6.9106714725494394 29.500000000000004 7.5000000000000009 23.504607200622562 45.500000000000007 38.500000000000007 1.0000000180025095e-35 0.41366495192050939 0.27192819118499761 0.71088746190071117 77.500000000000014 2.5000000000000004 25.500000000000004 0.66574555635452282 44.500000000000007 6.5000000000000009
decision_type=2 2 2 2 2 2 2 2 2 2 2 2 2 2 2 2 2 2 2 2 2 2 2 2 2 2 2 2 2 2 2 2 2 2 2 2 2 2 2 2 2 2 2 2 2 2 2 2 2 2 2 2 2 2 2 2 2 2 2 2 2 2
left_child=1 2 4 7 6 11 15 -2 28 -6 20 16 13 44 -15 -1 57 -17 -4 -11 22 27 24 25 -7 52 -10 -22 36 -30 32 42 -28 34 35 -18 51 -38 39 -9 -41 56 43 -32 -8 -40 -45 -13 50 -50 -49 55 -24 54 -16 -3 -27 58 -5 60 -59 -62
right_child=3 8 18 5 9 10 12 38 26 19 -12 47 -14 14 53 17 33 -19 -20 -21 21 -23 23 -25 -26 41 30 -29 29 -31 31 -33 -34 -35 -36 -37 37 -39 45 40 -42 -43 -44 46 -46 -47 -48 48 49 -51 -52 -53 -54 -55 -56 -57 -58 59 -60 -61 61 -63
leaf_value=-0.059771268060732144 0.040199292488596466 -0.098627713701560316 -0.062648145002006828 0.031537203639443144 -0.051962356311246731 -0.078427618431082063 0.057482095205235312 0.059737236235906849 0.032098666204681658 0.034941344415106261 0.012319612246078885 0.02892851968029396 0.037392130996548756 -0.047629632149713809 -0.074916443691838072 -0.046368697576019441 -0.014689660656787649 0.02443313107496816 0.010825965484673026 -0.010500347414605538 -0.017405828621052492 0.010297161999294029 -0.10468722183897378 0.053695782648222279 0.007574237941733686 -0.022169930363106573 -0.041463107522380332 -0.097286494027922027 0.053736827744457399 -0.024147359175532387 -0.028608784017586975 0.049270267599412332 0.011123405491451506 0.022280894725341598 0.010709130760532655 0.038246232344239808 -0.10110960315050742 0.006774366112002478 0.056534134302075767 -0.097029214737703345 0.0017434257628412535 -0.044004419725216432 0.044029014836271405 0.0056062293554160723 -0.02192167338997374 0.020280292005238808 -0.10423725618043807 0.031604665791797347 0.015087946130869324 -0.10223364916063937 -0.10757495223157937 -0.0091218357105288441 0.033164887484398144 -0.070990866194118124 0.039937110617452171 0.049903712440884755 0.015861414486204577 0.037379799263314445 -0.11486087349648387 -0.015699195112016642 -0.11243057029429027 0.014464748344248341
leaf_weight=760.25146739033516 1029.0027967540082 13.237524334108455 12.156455072108654 210.43144177272916 76.746317941462621 10.082462280057369 7.3718329705297938 9.7499531703069788 64.832332411082461 35.079872580012307 802.01628602552228 538.10982475779019 16.432410591514781 380.11880757682957 4.8218432366848019 674.63680277951062 263.33338440884836 13.451947821537031 251.98549734498374 200.57335601281375 28.873538414947689 382.91308827942703 2.4937849892303339 15.075191023759542 231.10382863250561 252.1285692488309 19.26637622108683 11.961119372397659 8.5899122986011189 441.14015653403476 144.79912376543507 16.680621759267524 378.85669040144421 114.29065462807193 254.56879848660901 24.193032845854759 6.5385987712070337 176.89183540688828 36.088953204918653 11.713833575253375 11.365990290185437 85.599860481801443 13.535596351604907 109.42119699018076 203.68757202115376 620.62455524376128 3.765664752572774 260.92721659480594 883.43360506533645 5.4171553384512654 2.71570124849677 25.411269279429689 29.586379514308646 6.1858225502073756 24.953487937804312 2.3153426684439173 33.491985365748405 63.429107868112624 2.6374563770368686 59.083343980368227 5.0798310949467114 8.0979780713096243
leaf_count=354031 4301 1912 1911 1650 34891 1508 207 58 1930 1359 32842 5758 1265 135423 1962 293810 12071 3176 19023 38168 4041 16180 192 165 13934 29179 1851 2448 213 141159 34036 1176 36622 2538 7655 939 1195 26621 175 2949 802 14361 378 20214 38511 9047 251 2373 12486 121 145 3895 637 981 1187 59 3150 1087 137 1403 270 285
internal_value=-0.000143068 -0.0265564 -0.0377118 0.0170213 -0.0426727 0.0113009 -0.0467181 0.03227 -0.00567104 -0.0155835 0.00308771 0.017045 -0.033152 -0.0350004 -0.0430415 -0.0527463 0.00960321 -0.0449845 0.00744451 -0.00373579 -0.00374703 0.00537276 -0.0096062 -0.0174379 0.00397905 -0.0200968 0.00398395 -0.0408041 -0.0164293 -0.0226598 0.00132815 -0.00868762 0.00857859 0.00354932 -0.000399884 -0.0102355 -0.00394227 0.00292871 0.0204373 -0.0162759 -0.0483872 -0.0237735 -0.0122482 -0.0152009 -0.0191483 0.0222726 0.0019518 0.0214695 0.0179869 0.0143729 0.030171 -0.0347094 0.0224488 0.00545583 0.0213376 -0.076516 -0.0177104 0.020997 0.029725 0.0072917 0.0250235 -0.0344513
internal_weight=10393.4 4093.74 2668.45 6299.62 2404.31 4581.07 2091.91 1718.55 1425.28 312.4 1885.33 2695.75 643.572 627.139 416.08 1448.34 1005.15 688.089 264.142 235.653 1083.31 423.748 659.562 418.376 241.186 403.301 751.158 40.8347 674.125 449.73 686.325 288.202 398.123 656.386 542.095 287.526 224.395 183.43 689.543 32.8298 23.0798 371.22 271.522 257.986 211.059 656.714 113.187 1690.6 1152.49 888.851 263.643 40.9641 32.0802 35.9612 29.7753 15.5529 285.621 348.759 213.069 135.69 76.6069 13.1778
internal_count=1382304 1197417 925905 184887 904971 167555 830553 17332 271512 74418 118637 48918 179536 178271 139553 651017 28035 296986 20934 39527 85795 22669 63126 47684 15442 47519 96458 6489 175054 141372 94528 56055 38473 23203 20665 13010 33682 27816 13031 3809 3751 46690 54879 54501 38718 9222 20465 20883 15125 12607 2518 5866 829 4130 3149 1971 32329 4832 1787 3045 1642 555
is_linear=0
shrinkage=0.05


Tree=12
num_leaves=63
num_cat=0
split_feature=23 23 24 18 12 2 18 24 18 14 12 16 8 14 24 24 0 24 16 12 24 24 16 20 18 2 12 12 10 18 12 18 18 2 12 18 0 16 4 4 24 8 1 18 20 18 24 14 2 0 0 18 4 12 18 18 20 2 12 4 0 24
split_gain=1719.6 303.964 267.873 147.519 102.774 68.6608 67.3651 57.4721 55.772 45.0556 40.9651 38.8804 38.6567 38.0652 60.72 34.6609 32.6803 30.8597 46.2164 30.429 28.1018 27.1114 34.8184 25.069 32.2163 27.9389 23.346 22.9636 22.5155 22.3215 21.917 21.1992 27.8086 20.7771 20.6715 30.6201 26.801 27.2078 20.5702 24.3505 20.3177 20.2872 19.9832 18.6515 24.4682 21.5806 22.9067 20.5364 21.9418 19.8825 18.3949 27.4455 21.01 17.7561 17.6611 19.0143 19.0371 19.0987 17.4814 16.422 16.4087 16.4075
threshold=2.5000000000000004 4.5000000000000009 0.43242688477039343 49.500000000000007 5.5000000000000009 5.5000000000000009 62.500000000000007 0.55020135641098034 54.500000000000007 2.5000000000000004 31.500000000000004 11.500000000000002 8.5000000000000018 60.000000000000007 0.6086765229701997 0.19283496588468554 1.5000000000000002 0.47797405719757086 15.500000000000002 34.500000000000007 0.58298426866531383 0.19283496588468554 18.500000000000004 3.5000000000000004 71.500000000000014 94.500000000000014 6.5000000000000009 5.5000000000000009 18.500000000000004 43.500000000000007 45.500000000000007 71.500000000000014 68.500000000000014 38.500000000000007 41.500000000000007 1.5000000000000002 13.500000000000002 4.5000000000000009 18.500000000000004 22.500000000000004 0.27192819118499761 10.500000000000002 0.0070176301524043092 54.500000000000007 3.5000000000000004 26.500000000000004 0.46594794094562536 9.5000000000000018 1.5000000000000002 89.500000000000014 100.00000000000001 76.500000000000014 1.0000000180025095e-35 1.5000000000000002 13.500000000000002 36.500000000000007 6.5000000000000009 12.500000000000002 1.5000000000000002 25.500000000000004 40.500000000000007 0.71973007917404186
decision_type=2 2 2 2 2 2 2 2 2 2 2 2 2 2 2 2 2 2 2 2 2 2 2 2 2 2 2 2 2 2 2 2 2 2 2 2 2 2 2 2 2 2 2 2 2 2 2 2 2 2 2 2 2 2 2 2 2 2 2 2 2 2
left_child=2 5 6 7 9 -2 12 11 13 38 -5 29 40 15 16 -7 27 18 -10 54 50 -8 -23 31 25 42 -13 -15 -28 -4 -9 32 -19 59 43 36 -36 -38 -3 -40 -1 -18 -25 45 -45 47 -47 61 -49 -46 51 52 -12 -44 -16 56 -56 -58 -43 -34 -22 -6
right_child=1 4 3 10 34 8 21 30 17 -11 20 26 -14 14 19 -17 41 23 -20 -21 60 22 -24 24 -26 -27 28 -29 -30 -31 -32 -33 33 -35 35 -37 37 -39 39 -41 -42 58 53 44 49 46 -48 48 -50 -51 -52 -53 -54 -55 55 -57 57 -59 -60 -61 -62 -63
leaf_value=-0.067512603411811256 0.018303370996685994 0.041186129111441289 0.043518502112838114 0.020340625628616271 0.042006642042629661 -0.057318422815715843 -0.067344458082759739 0.0082615154169041888 0.018309841616987999 0.023933320286149806 0.079716334175640613 0.013625331723164323 -0.054686082619423593 0.053152074551106189 0.02271243603194719 0.017466284327922067 0.023017299744102212 0.014234403001237642 -0.051166755589345858 -0.017059775159402275 -0.021427162693895344 0.018765033798616507 -0.029662302150943776 -0.0650193245652676 -0.040625654918478464 0.034208604578336868 0.01810563470909422 -0.10740979875643016 -0.044837620067930906 -0.11086942174694159 -0.021579747760184623 0.031181262905886426 -0.099718496738548532 -0.099505387063031969 0.030327580339430123 0.010097804494929936 0.027350203814415375 -0.09144051511113821 -0.11678078035543932 0.016816171964856869 0.022739613153407393 -0.087999268306083456 -0.10969712049219493 0.034966702909556946 0.015026723939794635 -0.10773200458329824 0.010322988395953634 -0.11220429138516053 0.012435004536519098 -0.10942989866742402 -0.007801799919133579 -0.096203901729516372 -0.025770827527119757 0.0033934606292907615 -0.025250140264157218 0.0075210572742859865 -0.10348896524567447 0.03455385522856743 -0.026089997230406382 0.031732453817242497 0.014741231141230021 0.013509355470897003
leaf_weight=8.3231902847764996 473.57238546956796 784.29250222025439 19.716379356337715 153.95847935578786 164.00492176087573 16.827067655860446 27.30414989637211 80.702827474335209 44.934778441675007 1085.3288204397541 4.8821160178631535 18.450216971803457 1069.6919463991653 20.271041615400467 109.42529193754308 195.52810529060662 20.7015408964362 250.84063118300401 51.221902189077809 227.40583761548623 39.079355449881405 55.513019151170738 112.00288692075992 12.574060088722034 42.609683024231344 65.760157118551433 14.535499858204274 2.5016945088282219 629.92885083926376 2.6566434986889353 258.99292643601075 191.90729884663597 3.1884499429725137 9.6155857213307154 10.702974250307305 611.53789624862839 6.3146545374766019 20.367747733835131 3.7919193049892774 33.934920735657215 24.866018458502367 11.650237127672879 3.5569698549807063 303.4560186805902 222.65177951857913 4.1303973910398772 792.60270365420729 3.6219012984074643 140.74340437271167 3.2559591350145629 315.16497466666624 13.723427323158829 142.39081422588788 143.35246861516498 104.86921650939621 279.79602603660896 2.778795333113524 25.487810706719756 536.44830380548956 9.323835631599648 158.72452628309838 72.988772042561322
leaf_count=4260 13088 2435 600 10883 1409 7086 14991 12404 1154 8952 17 2081 482528 155 4898 16353 1298 13297 11398 34718 6300 4951 38804 2308 3032 3651 3039 419 264358 312 94415 3461 262 1144 190 19484 116 1774 64 272 1888 896 208 3916 3513 319 16725 179 3773 284 73372 2510 35305 9188 7906 12652 248 970 87187 346 27640 918
internal_value=-7.23083e-05 0.0135374 -0.0308281 -0.018627 0.0219929 0.00091479 -0.0482492 -0.0313066 -0.00254145 0.0306212 -0.0029295 -0.0396424 -0.0530372 -0.00812897 -0.0112429 0.0115403 -0.0232193 0.007932 -0.0186998 -0.00179343 -0.00824525 -0.0211443 -0.013614 0.0114269 -0.000757013 0.006785 -0.0418303 0.0355136 -0.043418 0.025186 -0.0144902 0.0184471 0.00949445 -0.0442375 0.0150088 0.00741236 -0.0365152 -0.0633275 0.0394514 0.00338836 0.000106161 -0.0255708 -0.00452263 0.0178959 0.0256918 0.0143929 0.00971097 0.0241743 0.009308 0.013233 -0.0148257 -0.0285758 -0.0222739 0.000655313 0.0048527 0.00011994 -0.0154341 0.0209833 -0.0274059 -0.00176461 0.00759558 0.0332301
internal_weight=10270.5 7119.88 3150.61 1852.91 4263.73 2856.15 1297.7 1024.98 2382.58 1907.35 827.924 685.288 1102.88 1553.69 1341.34 212.355 591.573 828.886 96.1567 749.763 673.965 194.82 167.516 732.729 267.853 225.244 662.915 22.7727 644.464 22.373 339.696 464.876 272.969 22.1279 2356.38 648.923 37.3854 26.6824 822.019 37.7268 33.1892 568.8 159.483 1707.46 529.364 1178.09 796.733 381.359 144.365 225.908 476.161 160.996 147.273 146.909 522.357 412.932 133.136 28.2666 548.099 12.5123 197.804 236.994
internal_count=1382304 301646 1080658 533236 64323 237323 547422 377209 224235 11723 156027 270390 488676 174786 151347 23439 89955 49449 12552 61392 145144 58746 43755 36897 18387 15355 269478 574 267397 912 106819 18510 15049 1752 52600 21564 2080 1890 2771 336 6148 89381 11704 31036 7713 23323 17044 6279 3952 3797 111204 37832 35322 9396 26674 21776 9124 1218 88083 608 33940 2327
is_linear=0
shrinkage=0.05


Tree=13
num_leaves=63
num_cat=0
split_feature=23 23 24 18 21 12 12 18 24 14 21 23 18 21 24 21 12 16 24 16 8 23 12 10 19 1 10 24 24 19 2 8 21 24 12 1 2 14 19 24 18 18 4 21 6 10 14 3 8 12 24 12 24 18 12 8 24 12 12 21 21 4
split_gain=1614.98 269.163 248.913 136.817 116.98 95.6362 68.7268 55.0592 49.955 46.403 44.5884 33.9617 31.9753 31.5092 38.7617 26.0494 28.5519 27.5174 23.0066 22.9075 22.2876 26.9878 21.418 21.2479 19.9413 19.7863 19.748 20.0296 19.6092 23.9968 22.9938 22.764 19.5658 26.4273 26.3771 23.8638 18.8945 18.609 18.2297 20.2541 17.926 31.4582 28.0933 22.5348 21.7834 18.6398 19.8676 19.5542 18.0736 17.5646 17.4492 18.6824 17.2426 16.8243 20.6088 16.7618 28.5413 25.6551 27.243 17.8888 17.1121 17.2801
threshold=2.5000000000000004 4.5000000000000009 0.43242688477039343 49.500000000000007 5.2081100940704355 4.5000000000000009 3.5000000000000004 59.500000000000007 0.55020135641098034 3.5000000000000004 8.8837733268737811 3.5000000000000004 69.500000000000014 5.4535977840423593 0.51165223121643078 13.724283218383791 41.500000000000007 1.5000000000000002 0.66187813878059398 18.500000000000004 8.5000000000000018 1.5000000000000002 6.5000000000000009 18.500000000000004 3.5000000000000004 0.013986697886139156 12.500000000000002 0.70271378755569469 0.65830218791961681 1.5000000000000002 9.5000000000000018 17.500000000000004 7.9847960472106942 0.52185404300689708 50.500000000000007 0.0063898416701704272 1.5000000000000002 1.5000000000000002 3.5000000000000004 0.49593318998813635 41.500000000000007 62.500000000000007 19.500000000000004 17.267683982849125 3.5000000000000004 1.5000000000000002 6.5000000000000009 0.010582306887954475 2.5000000000000004 11.500000000000002 0.71088746190071117 10.500000000000002 0.41208632290363317 73.500000000000014 83.500000000000014 3.5000000000000004 0.44939261674880987 94.500000000000014 43.500000000000007 10.291841983795168 4.3006355762481698 75.500000000000014
decision_type=2 2 2 2 2 2 2 2 2 2 2 2 2 2 2 2 2 2 2 2 2 2 2 2 2 2 2 2 2 2 2 2 2 2 2 2 2 2 2 2 2 2 2 2 2 2 2 2 2 2 2 2 2 2 2 2 2 2 2 2 2 2
left_child=2 6 4 8 20 9 -2 11 10 -3 22 26 32 14 53 16 37 -18 25 -17 21 -1 -4 -24 -10 -14 38 -28 29 30 -16 -31 33 34 -5 -35 -30 -7 -8 -40 -11 42 45 44 -44 -42 -47 -48 -49 -15 -29 -52 -39 -9 -55 -13 -57 58 59 60 61 -58
right_child=1 5 3 12 -6 15 7 13 24 40 -12 55 18 49 28 19 17 -19 -20 -21 -22 -23 23 -25 -26 -27 27 50 36 31 -32 -33 -34 35 -36 -37 -38 52 39 -41 41 -43 43 -45 -46 46 47 48 -50 -51 51 -53 -54 54 -56 56 57 -59 -60 -61 -62 -63
leaf_value=-0.069537174365308499 0.018742362858994055 0.038124821472441367 0.0093853340165514672 0.0069012249402869257 0.001611008319141273 0.02750795566747118 0.038845792069631194 -0.062087273375609313 -0.032260645660967389 0.027544809219973161 0.033072218134204821 0.021218451913994268 0.0068684279956413566 -0.10582800525220198 -0.10627631443700281 0.0263570323155943 -0.11093998070243312 0.003229502490036968 0.053486272810837822 -0.096140764278849281 -0.053069637427752642 0.024420302066558857 0.014876920402812738 -0.044021308723082443 -0.0065418885257463606 -0.10897357634311229 -0.022714053414294794 0.065491679804043648 -0.11023912241399479 0.040226041032290188 0.029047597227912104 -0.01939952311659305 0.022775195501055896 0.010145795856147048 -0.038794541930161595 -0.018045584557047408 0.024647221327110197 -0.10552010753425983 -0.070155957196849236 0.02523716816849346 -0.11752214221621615 0.034100415476856265 0.042859889601501576 0.034182216446951227 -0.11160229529116945 0.031078855418799952 -0.1153882250371266 -0.11562619795687322 0.0040798788074223628 0.029222588070632206 0.040948311080706908 -0.070810742124592707 0.013497782355951766 -0.077628044767512672 0.025178614124788414 -0.038416202155503287 -0.0024183358659492556 0.023794719358362849 -0.019958715241043423 0.051619729251903702 -0.090318404414791054 0.02613865564220072
leaf_weight=12.283021347480824 469.25025497702882 893.95497765624896 20.498834109632298 40.664784329477698 112.13666387100238 278.21912949485704 28.639087763847783 29.534460951690562 112.71362724201754 519.31013241503388 21.025776306632906 72.52447406121064 274.31734946393408 2.4388144752010694 3.2889016382396212 476.95819992525503 5.3351873309584326 490.13798758131452 27.208408218808472 3.8472410766407839 1119.7267857378465 20.230076379375532 15.705010600388048 612.944932788203 227.4788739385549 3.7363595003262153 462.34610557416454 12.304826750885697 2.6412209831178179 18.211688293609768 68.909405959770083 132.25929054175504 40.153795920079574 145.02524119382724 141.36027243512217 155.61437632574234 152.34625188261271 3.0505802808329454 10.902736310148613 11.364516307832671 2.9438400818034998 111.51564274635166 2.7771873641759166 5.4296631226316086 12.815762785729021 67.332896408159286 3.7347109867259851 3.2418060437776139 115.37363932048902 188.17703734850511 7.4840924721211177 7.4737114664167166 1243.7031815038063 6.9295569108799127 16.439065204234794 55.882123272749595 689.14136024052277 89.945341278566048 212.3444998736959 16.59715596633032 5.3078239322639993 57.38495743018575
leaf_count=5868 8689 3094 2081 6948 12905 2331 1214 7250 34322 3640 786 3412 27867 165 179 5378 483 18945 1002 209 527022 1627 3040 264483 72497 473 88541 658 122 665 1647 11909 2019 33652 53789 30277 5010 218 3417 873 70 862 23 46 467 373 124 56 1295 4382 120 1696 26709 817 2123 11922 42357 5993 29744 276 669 3473
internal_value=8.38446e-06 0.0132066 -0.0300636 -0.0183192 -0.0471402 0.0211775 0.00126549 -0.00220831 -0.0306677 0.0301852 -0.0385888 -0.00677111 -0.00325255 0.0105701 0.00307728 0.0149169 0.0124277 0.00200014 0.00960565 0.0253768 -0.0518847 -0.0110756 -0.0409099 -0.0425499 -0.0150631 0.0053118 -0.0171766 -0.0202583 0.00869224 -0.000813146 0.0228831 -0.012183 -0.0107602 -0.01355 -0.028586 -0.00444637 0.0223486 0.0158157 0.0124626 -0.0214703 0.0217804 0.0125742 0.00133842 -0.0535443 -0.0840918 0.00732813 0.00926577 -0.00273861 0.000808265 0.0274947 0.0213885 -0.0148924 0.0132066 -0.037006 -0.00530691 -0.00208075 -0.00358062 -0.00176252 -0.00410633 0.000274243 -0.000859237 -0.00022318
internal_weight=10172.6 7069.75 3102.82 1838.45 1264.38 4239.68 2830.07 2360.82 1010.37 1738.43 670.175 1739.64 828.081 621.176 430.56 2501.25 2020.45 495.473 305.262 480.805 1152.24 32.5131 649.149 628.65 340.193 278.054 540.515 489.609 377.657 222.669 72.1983 150.471 522.818 482.665 182.025 300.64 154.987 1524.97 50.9063 22.2673 844.475 325.165 213.65 21.0226 15.593 192.627 189.683 122.35 118.615 190.616 27.2626 14.9578 1246.75 52.9031 23.3686 1199.13 1126.6 1070.72 980.776 768.431 751.834 746.526
internal_count=1382304 301646 1080658 533236 547422 64323 237323 228634 377209 10050 270390 194365 156027 34269 29722 54273 48686 19428 29342 5587 534517 7495 269604 267523 106819 28340 96519 91015 19532 14400 1826 12574 126685 124666 60737 63929 5132 29258 5504 4290 6956 3316 2454 536 490 1918 1848 1475 1351 4547 2474 1816 26927 10190 2940 97846 94434 82512 76519 46775 46499 45830
is_linear=0
shrinkage=0.05


Tree=14
num_leaves=63
num_cat=0
split_feature=23 12 24 18 14 16 18 11 24 24 16 12 9 5 16 18 24 24 16 20 18 12 2 18 0 24 5 0 18 14 12 9 11 12 18 18 24 18 12 7 24 16 14 24 18 24 9 2 6 24 18 24 6 6 13 6 18 3 24 0 6 23
split_gain=1493.68 246.501 233.357 122.977 102.39 80.294 64.8389 54.4577 56.1334 45.9091 34.1406 32.8113 31.8876 30.9695 33.5887 27.6169 24.8303 24.6058 25.9463 24.2025 24.1193 24.7808 23.9091 36.3754 23.7424 23.4144 22.4532 22.3519 21.9477 20.658 20.6073 20.8553 20.4159 19.3423 18.036 19.5224 18.0065 31.2512 17.9728 17.9258 16.8993 16.5078 16.5988 18.2209 21.8859 16.3394 21.3362 24.0384 22.3466 23.1186 21.3856 15.7586 15.2838 23.2875 20.8201 15.1888 14.9243 15.8117 14.6549 14.6074 38.5156 20.0528
threshold=2.5000000000000004 17.500000000000004 0.43242688477039343 49.500000000000007 3.5000000000000004 60.000000000000007 62.500000000000007 0.012579114176332952 0.63790068030357372 0.55020135641098034 11.500000000000002 11.500000000000002 0.014389234129339458 0.014815627597272398 11.500000000000002 73.500000000000014 0.62902647256851207 0.19283496588468554 18.500000000000004 1.5000000000000002 77.500000000000014 32.500000000000007 4.5000000000000009 29.500000000000004 100.00000000000001 0.38214623928070074 0.013606071937829258 86.500000000000014 81.500000000000014 4.5000000000000009 11.500000000000002 0.016261236742138866 0.012579114176332952 6.5000000000000009 18.500000000000004 31.500000000000004 0.52185404300689708 76.500000000000014 45.500000000000007 0.014815627597272398 0.35984757542610174 12.500000000000002 18.500000000000004 0.46858993172645574 24.500000000000004 0.4931084960699082 0.012739370577037336 17.500000000000004 60.000000000000007 0.51746687293052684 74.500000000000014 0.27192819118499761 60.000000000000007 5.5000000000000009 0.012903762981295587 1.0000000180025095e-35 69.500000000000014 0.011428944766521456 0.77402040362358104 29.500000000000004 60.000000000000007 4.5000000000000009
decision_type=2 2 2 2 2 2 2 2 2 2 2 2 2 2 2 2 2 2 2 2 2 2 2 2 2 2 2 2 2 2 2 2 2 2 2 2 2 2 2 2 2 2 2 2 2 2 2 2 2 2 2 2 2 2 2 2 2 2 2 2 2 2
left_child=2 4 6 9 19 -3 12 8 20 10 -4 -5 -1 14 -6 29 24 -8 40 55 22 -22 23 -7 26 34 -13 -23 41 -10 -21 39 33 -12 -9 -36 37 -26 -11 -32 -19 -16 59 44 -44 -24 50 -48 49 -49 56 -14 53 -45 -55 -2 -47 -58 -41 -43 61 -61
right_child=1 5 3 11 13 7 17 25 15 38 32 16 51 -15 28 -17 -18 18 -20 30 21 27 45 -25 36 -27 -28 -29 -30 -31 31 -33 -34 -35 35 -37 -38 -39 -40 58 -42 42 43 52 -46 46 47 48 -50 -51 -52 -53 -54 54 -56 -57 57 -59 -60 60 -62 -63
leaf_value=-0.052574389286797377 0.052680290971998847 0.016728846221580371 0.022779560843507605 0.029390549947781841 0.027253863066598591 -0.099203583042987944 -0.065029345984046624 -0.090213330805976058 -0.10269331088417673 0.005922035665592771 0.0064567790764838012 -0.025835886336267978 -0.065430648131790031 0.021328057591530045 -0.10924400665007378 0.03723027877666215 0.016111449743031837 -0.016115088110261834 -0.027028855187882995 0.029853648127773677 -0.10608365581613217 0.037963896772390274 -0.037717488399319023 0.031098832876755148 -0.02471142804466047 0.0096760799552059688 0.06048316159467363 -0.094085362817902307 0.044257465225329758 0.00031201099094011267 -0.10796890160697994 -0.072217041818003438 0.013979398805283153 -0.042778695897437213 0.027242906145521273 -0.028150443030771067 0.0075799054463244215 0.018111449553960671 -0.021184038869226225 0.030573407314517482 0.037701908174107505 0.017356475245649365 0.0087857184220740039 0.03495220057412253 -0.097650644945310755 -0.02241772126757878 -0.10007096429316494 0.042100135620923046 0.037601066514681314 -0.1014244293893047 -0.10605756979986321 0.015521682766698967 0.0048805716098537745 0.053769182810066408 -0.084367676041131157 0.033822519953579377 0.028841742122656756 -0.093677113021127301 -0.050507953769787978 0.056900397422546017 0.02929701532382268 -0.10411887871450656
leaf_weight=1001.8618660499342 193.93414023984224 695.03696312243119 22.721598857315257 69.18212011968717 256.02454548841342 6.1425138608319676 25.372175644501112 7.9036981976823872 4.9116564742289475 80.66772084357217 20.643625448923558 226.05621076945681 7.8208234631456426 1252.0932045239024 3.0866684764623633 52.87105437554419 104.00269858376123 25.807050684234127 105.35939774551662 762.65867334743962 3.7697143857367328 40.441496312152594 134.75890638475539 41.831398757873103 157.64060762128793 796.7837406496983 7.7933565839193752 3.4804687146097413 39.16896490752697 541.82861049985513 2.9479692683089516 8.7479647505097073 17.287180546671152 591.68810147000477 23.196141707594506 50.609432272613049 203.83671683096327 58.38322105188854 252.79975021723658 39.726052821148187 33.551920302095823 386.39485940453596 9.4511395131703484 8.961413078010084 9.8772717997198907 473.81345075124409 4.5089450888335696 4.8317070198245329 40.827069629449397 6.6914658141322434 7.3847738639451554 25.989031958393753 764.60105032951105 3.255406892392787 16.828775492031127 237.59586195927113 24.35651538614184 2.9526115083135656 6.4822580702602854 2.2983182971365741 19.314433936728165 12.183714976999907
leaf_count=482528 372 15510 912 3026 2872 1126 14991 2319 285 12404 2075 49846 4260 15098 120 963 14737 3357 38804 3887 320 1046 31910 2517 48740 30058 347 584 336 47873 123 167 3045 264358 2336 12775 35320 4011 94415 406 1594 5471 590 137 1634 79468 512 180 1783 773 683 1888 31903 54 939 1184 1442 439 112 40 397 902
internal_value=9.17242e-05 0.0127917 -0.0291855 -0.017791 0.0208368 0.00185604 -0.046036 -0.00268996 -0.00882948 -0.0297185 -0.0374331 -0.00357133 -0.0509627 0.0154953 0.0107266 0.00272354 -0.00658088 -0.019194 -0.0121338 0.0327115 -0.0175344 0.0169411 -0.0197323 0.0144151 -0.0101911 0.00706207 -0.0229592 0.0275 0.00740893 -0.00061334 0.0276703 -0.00108603 -0.039606 -0.0411188 -0.0184283 -0.010741 -0.00307973 -0.013138 -0.0146269 0.0115726 0.0143043 0.00624143 0.0065305 0.00236005 -0.0456058 -0.0220721 -0.0183429 0.0107048 0.0202459 -0.0412441 -0.0215909 -0.00320404 0.0035282 -0.0320717 -0.0619773 0.0422974 -0.0203462 0.0155952 0.019199 0.0145994 -0.0169226 -0.0785649
internal_weight=10043 7004.57 3038.47 1812.7 4035.63 2968.93 1225.76 2273.9 1395.4 985.808 652.341 826.895 1035.67 2783.54 1531.45 599.611 757.713 190.091 164.718 1252.09 795.791 47.6917 748.099 47.9739 653.71 878.493 233.85 43.922 1275.42 546.74 820.563 57.9042 629.619 612.332 81.7093 73.8056 419.861 216.024 333.467 49.1563 59.359 1236.25 1233.17 812.975 19.3284 700.125 565.367 56.8592 52.3502 11.5232 508.507 33.8099 793.647 29.0456 20.0842 431.53 501.123 27.3091 46.2083 420.191 33.7965 14.482
internal_count=1382304 301646 1080658 533236 66744 234902 547422 219392 171904 377209 270390 156027 488676 60493 45395 49121 153001 58746 43755 6251 122783 1950 120833 3643 138264 47488 50193 1630 42523 48158 4695 808 269478 266433 17430 15111 88071 52751 106819 641 4951 42187 42067 35257 2224 117190 85280 3248 2736 953 82032 6148 33033 1130 993 1556 81349 1881 518 6810 1339 942
is_linear=0
shrinkage=0.05


Tree=15
num_leaves=63
num_cat=0
split_feature=23 12 18 24 21 14 17 4 24 9 24 18 24 18 10 18 2 9 1 4 21 2 10 20 2 12 1 24 21 18 18 24 12 18 21 10 6 18 1 2 4 1 9 15 9 24 10 24 12 2 12 1 4 4 18 23 18 20 1 4 13 21
split_gain=1448.47 248.439 221.999 148.857 124.104 111.032 66.7294 45.421 44.9857 51.3723 44.5047 37.4857 34.1566 31.4494 37.0826 29.3282 43.2781 27.7293 26.5342 26.3863 26.1731 25.7288 25.8244 23.8855 28.6908 23.7525 23.1231 27.1292 26.0428 26.2745 22.2781 26.4786 21.6375 27.1084 22.7988 20.2709 20.0704 33.6078 19.0469 19.2244 19.0066 25.5463 18.2618 23.2245 17.9349 17.9007 17.5577 17.2877 19.3488 27.3035 17.1506 18.4397 16.9557 25.0629 16.2934 16.1172 16.0958 16.0481 15.7158 18.2558 17.4568 15.6412
threshold=2.5000000000000004 17.500000000000004 64.500000000000014 0.46858993172645574 9.4322509765625018 15.500000000000002 1.0000000180025095e-35 3.5000000000000004 0.53278023004531871 0.015268065501004459 0.2329252362251282 12.500000000000002 0.59098228812217724 70.500000000000014 14.500000000000002 65.500000000000014 29.500000000000004 0.015749008394777778 0.013986697886139156 29.500000000000004 3.9642981290817265 36.500000000000007 12.500000000000002 1.0000000180025095e-35 38.500000000000007 29.500000000000004 0.012121656909585001 0.49454081058502203 10.705753803253176 81.500000000000014 80.500000000000014 0.61368900537490856 86.500000000000014 51.500000000000007 7.9847960472106942 7.5000000000000009 6.5000000000000009 59.500000000000007 0.0089687905274331587 100.00000000000001 10.500000000000002 0.011428944766521456 0.015749008394777778 0.013793759513646366 0.016261236742138866 0.48885841667652136 15.500000000000002 0.58693787455558788 2.5000000000000004 1.0000000180025095e-35 22.500000000000004 0.0070176301524043092 6.5000000000000009 56.500000000000007 55.500000000000007 1.5000000000000002 89.500000000000014 6.5000000000000009 0.0077822189778089532 83.500000000000014 0.014185110572725536 19.467996597290043
decision_type=2 2 2 2 2 2 2 2 2 2 2 2 2 2 2 2 2 2 2 2 2 2 2 2 2 2 2 2 2 2 2 2 2 2 2 2 2 2 2 2 2 2 2 2 2 2 2 2 2 2 2 2 2 2 2 2 2 2 2 2 2 2
left_child=2 5 3 4 -1 7 8 44 9 19 -4 -11 32 14 -10 16 -7 26 42 -3 30 22 54 24 -23 -13 27 -9 29 40 31 46 33 -5 -34 -30 37 52 39 -32 41 -29 -16 -44 -2 -17 -12 -28 -49 -50 51 -21 -27 -54 -18 -22 -40 -36 60 -60 -25 -8
right_child=1 6 10 12 -6 15 61 17 13 11 20 25 -14 -15 18 45 21 -19 -20 50 55 23 -24 58 -26 36 47 28 35 -31 38 -33 34 -35 57 -37 -38 -39 56 -41 -42 -43 43 -45 -46 -47 -48 48 49 -51 -52 -53 53 -55 -56 -57 -58 -59 59 -61 -62 -63
leaf_value=-0.051104729489301351 0.03105166376760542 -0.0039587655297726168 -0.065314192486948267 -0.026694796622294539 0.031018508234054182 0.012356506101276137 0.0094576548236487146 0.037490110320114962 0.0099233593350347878 -0.11028732426382813 0.049029439626054133 -0.12003943793186632 -0.0077583775677032328 0.02141544371300233 -0.012076563242670518 -0.099789259293760563 -0.1066208099654392 0.031249499203002726 0.0098593403494387326 0.051311078465896637 0.004538894135624888 0.060429703002706586 -0.062655112729212745 -0.0031930882195454154 -0.069613879990196789 0.0573627862241664 0.039638494460030149 -0.11295312261388171 -0.10446724137965774 0.068155153127175849 -0.061900785503725901 0.018660733342960752 -0.036201108342463338 0.0082155998080976154 0.023933627575575604 0.052421288070047346 0.043809035093287124 -0.10456114324154937 -0.10280637127056456 0.030877235402174897 -0.085467738959453379 0.034344243947668641 0.054165735128845809 -0.10458861249259106 0.046008321112172915 0.028520610536589254 -0.021766335654009331 0.027656716383491375 -0.11163809122889973 0.010439031338568988 -0.036366180265736167 -0.050622098124129371 -0.11230893379266403 0.0094845788073587844 0.077466399853516998 0.036740663237348467 0.060159966618501086 -0.11262048591110281 -0.001971121462832637 0.031403208063659614 -0.099600517215360285 0.025850669618093781
leaf_weight=1243.5989169945824 814.64886581187602 105.75994758488378 26.59276155178668 191.52521116600838 47.770787973073311 1165.5480745825917 496.48208399955183 21.914228339446709 473.37697570957243 6.2587016543839118 9.0850002244114858 3.191331395879387 275.83350529056042 164.16634476848412 808.20631129853427 2.7508698103483757 1.5087494221515942 405.63321900903247 189.69022165890783 11.776181425433608 93.124104944174178 5.1772635411471155 34.969848154345527 12.07498653768562 23.462404521647841 16.746636264026165 82.181307871593162 4.3127335598692289 2.440596178174018 4.4279724657535544 6.0477088973857454 56.470604627626017 515.43237762898207 78.358336532022804 23.838197242235768 13.163793171755968 48.392129077576101 6.6271664393134406 5.6029125007335088 72.734012079657987 25.84357821661979 9.2722120443359 18.790607135742906 2.6256540385074905 265.83999754069373 229.21036847843789 243.14476313075284 210.37667402857915 4.6309305024333289 418.55035694735125 270.22200633934699 7.118731659371405 4.5449198554269961 59.820032301475294 5.9120989730581641 66.680309078190476 2.0767616666853428 2.3650278113782397 176.21273970627226 53.389411483192816 7.6832577853929243 205.83707757713273
leaf_count=607315 4287 13956 16338 61855 2781 26217 13125 329 14146 828 1095 154 75227 5114 103992 362 82 2597 11884 525 6429 52 2442 1564 1817 58 654 213 85 4 1601 6014 217105 13160 1151 96 1519 1340 940 5336 1470 74 245 194 626 3990 60983 1314 131 5652 60296 1112 244 3507 18 2482 49 360 9257 2313 1291 2447
internal_value=-0.000561079 0.01199 -0.0298192 -0.0365894 -0.0480668 0.0200663 0.000845756 0.0272911 -0.00344248 -0.0159688 -0.0021272 0.00941946 -0.0229585 0.000643535 -0.00164096 0.0104639 0.00788268 0.0206069 -0.00701153 -0.0253288 0.000900585 -0.00839261 -0.0446776 -0.00285971 -0.0461056 0.014797 0.0151912 -0.0100648 -0.0275911 -0.0473292 -0.00600454 -0.0122875 -0.028125 -0.0165589 -0.0338882 0.0278832 0.017958 0.00369987 0.016428 0.0237551 -0.0602985 -0.0124174 -0.010869 0.0347023 0.0347316 0.026999 -0.0192164 0.0180626 0.015264 0.00910312 -0.033146 0.0129074 0.0125453 0.00088453 0.0400392 0.0179755 -0.0587365 0.0116086 0.00210719 0.00578941 -0.0406824 0.0142622
internal_weight=9861.05 6900.77 2960.28 2378.72 1291.37 4001.14 2899.63 2283.24 2197.31 540.458 581.559 145.581 1087.35 1656.86 1492.69 1717.9 1485.94 1202.75 1019.31 394.877 554.966 320.391 42.3907 278 28.6397 139.322 797.114 81.3751 59.4609 43.8565 395.162 308.7 811.519 269.884 541.636 15.6044 136.131 87.7388 86.4614 78.7817 39.4285 13.5849 829.623 21.4163 1080.49 231.961 252.23 715.739 633.558 423.181 289.117 18.8949 81.1116 64.365 7.42085 159.804 7.67967 26.2032 249.36 229.602 19.7582 702.319
internal_count=1381844 301623 1080221 978954 610096 66937 234686 17532 219114 83539 101267 7650 368858 135575 130461 49405 45053 12619 116315 75889 84929 18836 2542 16294 1869 6822 10022 2271 1942 1761 76018 68092 293631 75015 218616 181 6668 5149 7926 6937 1757 287 104431 439 4913 4352 62078 7751 7097 5783 61933 1637 3809 3751 100 8911 989 1511 14425 11570 2855 15572
is_linear=0
shrinkage=0.05


Tree=16
num_leaves=63
num_cat=0
split_feature=23 13 18 15 24 24 16 8 24 13 16 18 10 5 24 18 24 5 19 13 13 15 18 0 19 5 24 13 18 24 19 1 6 24 5 13 3 6 18 16 24 10 8 13 23 13 18 18 5 16 10 18 24 2 15 24 2 0 6 19 8 13
split_gain=1355.11 237.528 206.029 109.781 98.5673 64.285 57.5864 47.5784 61.0768 38.3736 36.6903 29.5568 33.9652 32.4251 28.8612 26.789 26.1602 24.849 26.1457 22.7206 22.6044 25.6251 22.5515 22.4253 22.3043 27.3426 25.191 22.1793 21.2635 21.0563 24.2805 20.1933 19.8515 22.0744 19.8239 19.7048 19.2531 19.1998 19.1196 18.8607 22.6178 18.755 18.6178 18.4744 20.3634 18.4882 18.2136 17.7949 20.351 26.4444 21.2977 18.649 17.5885 20.8456 17.5393 26.0015 17.3329 27.133 21.0302 18.8177 16.7793 24.923
threshold=2.5000000000000004 0.012739370577037336 54.500000000000007 0.012903762981295587 0.48747837543487554 0.4338755607604981 60.000000000000007 4.5000000000000009 0.47388787567615515 0.015749008394777778 3.5000000000000004 70.500000000000014 60.000000000000007 0.012422839645296337 0.29517468810081487 80.500000000000014 0.59324350953102123 0.015038444194942715 2.5000000000000004 0.01183473411947489 0.0065574476029723891 0.016001024283468727 5.5000000000000009 11.500000000000002 6.5000000000000009 0.010929288342595102 0.56754687428474437 0.015038444194942715 83.500000000000014 0.48885841667652136 6.5000000000000009 0.012121656909585001 15.500000000000002 0.25403818488121038 0.014185110572725536 0.014599318150430919 0.011428944766521456 16.500000000000004 62.500000000000007 17.500000000000004 0.52185404300689708 1.5000000000000002 2.5000000000000004 0.0093898782506585139 3.5000000000000004 0.012270400300621988 20.500000000000004 65.500000000000014 0.015038444194942715 8.5000000000000018 3.5000000000000004 46.500000000000007 0.19283496588468554 92.500000000000014 0.012903762981295587 0.28031460940837866 10.500000000000002 27.500000000000004 60.000000000000007 2.5000000000000004 13.500000000000002 0.012422839645296337
decision_type=2 2 2 2 2 2 2 2 2 2 2 2 2 2 2 2 2 2 2 2 2 2 2 2 2 2 2 2 2 2 2 2 2 2 2 2 2 2 2 2 2 2 2 2 2 2 2 2 2 2 2 2 2 2 2 2 2 2 2 2 2 2
left_child=2 6 4 29 10 38 -2 22 28 24 14 12 17 -14 -1 27 -6 18 43 54 -19 -22 23 36 42 -26 -27 39 -9 30 35 -28 33 -24 -34 -3 -8 -13 -4 -7 -41 -11 -5 44 -10 -45 -16 48 51 50 -50 -31 -40 -54 -12 -56 57 -51 -58 -60 -15 -62
right_child=1 3 5 9 16 15 7 8 11 41 19 37 13 60 46 -17 -18 20 -20 -21 21 -23 32 -25 25 26 31 -29 -30 47 -32 -33 34 -35 -36 -37 -38 -39 52 40 -42 -43 -44 45 -46 -47 -48 -49 49 56 -52 -53 53 -55 55 -57 58 -59 59 -61 61 -63
leaf_value=-0.047630782683055449 0.013123267378269946 -0.021969709640317286 -0.051206912324311661 0.032740043984241546 -0.029362414932226102 0.021648338335225701 0.072884345413843712 -0.03821579280054737 0.02486294907002097 0.041568494857449872 -0.051044252420774032 -0.061678292031647597 -0.016390402944278178 0.039641729073188664 -0.10815785724371202 0.021121769625245739 -0.0078665433208025843 0.031469679954121574 0.015377667660943492 -0.018854546478674638 -0.10693595328036901 0.015934384259775499 -0.084510348332540841 -0.08830886438744491 -0.063755559689544605 0.047416264817434967 -0.10601416898082257 -0.087840468576800126 0.059912639659405631 -0.002298131407037835 0.030705578660453772 0.0041254689996775978 0.041654770295923266 0.011257283593433901 -0.10598853130050585 -0.1097031364295516 -0.12500726655193159 0.019819735871792039 -0.062843512406772772 -0.022202821584096262 0.00010505458150192868 0.028064598294469213 0.018695544195063304 0.011811692099099432 -0.074706264295421584 -0.096385390294709911 0.05082967347191112 0.023570203783503385 0.078059115267931037 0.022785845928882536 -0.086397468228244734 0.012979713497216279 -0.059428014336603212 -0.0090857912580858281 -0.063193918237314448 0.027782719511251299 -0.11584694550002479 -0.11051787201079813 -0.046816077828654074 0.013518727106350751 0.0028942093922386656 -0.068305147955284987
leaf_weight=17.947067068656906 701.85782533092424 19.59584251395427 78.647700077504851 359.07800784520805 529.72331137605943 60.287311166990548 5.3368471330031779 167.38603988551768 6.8256716211326447 433.01868408918381 1112.1726169125177 7.5683141117915502 747.01164214999881 28.687469338299707 1.971621442586186 109.14633438875899 193.14350178744644 7.9262354881502715 319.28391892020591 61.719973372484674 13.562742016278209 6.175501354970037 6.1513564466731614 10.614159229793584 13.426475037820635 36.346572368871421 4.2881059222854665 8.149186611408366 5.7088611938524982 513.95081025606487 13.404341183137147 141.05500723375008 77.948144811205566 275.79373764037155 2.3418440804816774 9.5040899291634542 1.596861073747277 160.13160322583281 23.073163935914636 178.255163259455 313.38733063265681 632.97512789955363 688.26375841791742 42.023068246198818 20.731194657390006 4.3576533510349682 20.864912216435187 229.73741745040752 2.4307894576340905 449.18798794667237 10.354918484110383 326.72102032089606 23.994065871811472 143.81042061204789 14.329462821828203 17.378857586765662 3.8886460475623599 3.8499848321080199 15.672904380597172 73.660627547651529 246.42352253920399 12.936242099851368
leaf_count=9037 15572 1798 40937 2052 207173 3039 15 42365 315 1101 560775 502 113464 818 219 5104 58798 222 14450 17803 781 54 2525 1078 622 245 236 832 265 22763 894 1730 1269 6956 122 1217 62 5624 14958 49628 54344 3592 8586 1246 2011 236 832 3936 3 4707 359 10063 10316 33768 8813 3845 146 288 551 2048 23372 1362
internal_value=-0.00051597 0.0116111 -0.0291187 0.0195236 -0.0383076 -0.00984292 0.000669152 -0.0033469 -0.00674564 0.0265904 -0.0468266 -0.00373567 -0.00602521 -0.010895 -0.00018445 -0.00153938 -0.0236189 0.00595088 0.00917332 -0.0484044 -0.0398528 -0.0684935 0.0127325 -0.0426246 0.0206191 0.00509811 0.0101863 -0.0059555 -0.0349794 0.00976658 -0.0249753 0.000875983 0.0154141 0.00916787 0.0373484 -0.0506236 0.0273091 0.0161417 -0.0304604 -0.00474648 -0.00798313 0.03355 0.0235107 -0.0176188 -0.0500436 0.00164615 0.0371033 0.0106728 0.00855596 0.0159492 -0.0551314 0.00363949 -0.0219122 -0.0162841 -0.0499988 -0.013331 0.0176129 0.021653 -0.00202134 0.00293343 0.00335643 -0.000657044
internal_weight=9766.79 6858.79 2908 3980.41 1969.25 938.751 2878.38 2176.52 1796.74 2308.45 1246.38 1623.64 1455.94 1035.06 40.7836 669.225 722.867 420.886 393.222 1205.6 27.6645 19.7382 379.783 17.5479 1242.46 195.116 181.69 560.079 173.095 1671.96 42.5043 145.343 362.235 281.945 80.29 29.0999 6.93371 167.7 269.525 551.93 491.642 1065.99 1047.34 73.9376 27.5569 46.3807 22.8365 1629.46 1399.72 559.046 12.7857 840.672 190.878 167.804 1143.88 31.7083 546.26 453.038 93.2222 89.3335 288.047 259.36
internal_count=1381844 301623 1080221 66937 867295 212926 234686 219114 207087 18164 601324 164457 158331 139016 10088 112947 265971 19315 18258 591236 1057 835 12027 1155 13471 2833 2211 107843 42630 48773 3909 1966 10872 9481 1391 3015 77 6126 99979 107011 103972 4693 10638 3808 2326 1482 1051 44864 40928 8102 362 32826 59042 44084 573433 12658 7740 4995 2745 2599 25552 24734
is_linear=0
shrinkage=0.05


Tree=17
num_leaves=63
num_cat=0
split_feature=23 23 18 24 0 12 24 18 16 8 19 24 24 8 10 24 12 19 16 2 14 24 12 18 16 6 24 24 24 0 18 8 5 0 10 0 24 2 6 18 12 19 16 0 6 24 24 23 24 14 24 16 24 5 8 19 2 7 8 18 5 0
split_gain=1256.3 228.023 204.748 96.218 84.5277 80.223 58.1378 53.6253 36.3094 34.2618 31.6125 30.2237 29.1652 28.4069 27.2682 26.3022 24.0804 23.4142 22.8121 21.4807 21.4172 21.3371 20.1712 19.7955 19.1305 18.7644 18.6438 23.1149 18.0723 17.8811 22.9465 29.3487 21.2119 17.2895 20.2465 21.1698 20.2782 19.8761 18.4721 17.1295 16.6659 18.1588 16.3516 17.4544 18.7174 16.3515 30.6523 19.7599 17.9866 16.3066 22.2672 15.98 19.5959 15.8664 15.6592 16.1088 27.738 19.781 15.4328 20.3041 15.3812 15.2272
threshold=2.5000000000000004 5.5000000000000009 54.500000000000007 0.48747837543487554 17.500000000000004 5.5000000000000009 0.4338755607604981 74.500000000000014 3.5000000000000004 2.5000000000000004 1.5000000000000002 0.32611957192420965 0.4699323177337647 5.5000000000000009 1.5000000000000002 0.20072549581527713 74.500000000000014 5.5000000000000009 18.500000000000004 3.5000000000000004 18.500000000000004 0.66187813878059398 23.500000000000004 80.500000000000014 6.5000000000000009 16.500000000000004 0.40390788018703466 0.19283496588468554 0.6086765229701997 88.500000000000014 13.500000000000002 3.5000000000000004 0.015504807699471714 67.500000000000014 12.500000000000002 22.500000000000004 0.62635374069213878 35.500000000000007 14.500000000000002 51.500000000000007 89.500000000000014 2.5000000000000004 12.500000000000002 2.5000000000000004 3.5000000000000004 0.48476541042327886 0.35559453070163732 4.5000000000000009 0.40560284256935125 16.500000000000004 0.28031460940837866 17.500000000000004 0.52185404300689708 0.016261236742138866 1.0000000180025095e-35 6.5000000000000009 5.5000000000000009 0.016261236742138866 17.500000000000004 55.500000000000007 0.0062696540262550124 91.500000000000014
decision_type=2 2 2 2 2 2 2 2 2 2 2 2 2 2 2 2 2 2 2 2 2 2 2 2 2 2 2 2 2 2 2 2 2 2 2 2 2 2 2 2 2 2 2 2 2 2 2 2 2 2 2 2 2 2 2 2 2 2 2 2 2 2
left_child=2 4 3 8 12 14 18 9 15 10 -6 24 -2 -7 54 -1 28 -9 26 20 -14 29 -10 51 25 -11 27 -4 39 32 -31 -32 33 34 -13 36 -36 -38 -37 -5 -25 -42 43 44 -15 46 -33 48 -48 50 -24 -8 53 -53 -3 -56 57 -57 59 -35 -23 -54
right_child=1 5 6 16 7 13 23 17 22 11 -12 21 19 42 -16 -17 -18 -19 -20 -21 -22 60 49 40 -26 -27 -28 -29 -30 30 31 45 -34 58 35 38 37 -39 -40 -41 41 -43 -44 -45 -46 -47 47 -49 -50 -51 -52 52 61 -55 55 56 -58 -59 -60 -61 -62 -63
leaf_value=-0.060876407534254134 -0.096486548535632682 0.04656645948018142 -0.063537628385452155 -0.023552982948629356 -0.069613649765879068 0.019626754830892507 0.018543183051462919 0.028967656091111245 -0.020080156900814161 0.045869197773827947 0.025016715334399676 0.020779593240409927 0.047719409746053452 0.048194680843824896 0.023833299595325763 0.026164540075047534 -0.029070381080936115 -0.014906356405083067 -0.038349068075745257 0.0078306791997305742 0.016392794515885128 0.031407588465167904 -0.062197161328221721 0.032814753753003724 -0.064925279380268236 -0.1136590235241916 -0.10091909244448397 0.013707279692345923 0.015883870996961487 0.025617546326201859 -0.11263929208481656 0.026521017480124372 0.018118372136559667 -0.096188404307836331 -0.062964662032240229 0.048207913806378642 -0.058245400476417519 0.030001972410345759 -0.014054771831673342 0.0254117108177923 -0.094031612973485237 0.0053873619029688388 0.0019626596846611956 0.019588081296215337 -0.10867701964840384 0.0035299816012462275 -0.076305539197543515 -0.10918960107069962 -0.015328315253028435 -0.050342876448765596 0.022081833680120847 -0.023861595855335593 -0.01238431896158463 0.06840397226051341 0.033706369273588138 0.028800390112200099 -0.11830470546152841 -0.11968525312255458 -0.038793027684377611 0.050372533054357606 -0.0011308911884769591 0.009661500877103461
leaf_weight=12.414682849193921 6.2638227603165424 256.81687091384083 11.613126705982721 142.55692732008174 9.5441896966658515 818.40120651316829 63.345977848395705 157.02098004717845 62.379963209998095 8.3760096621699613 117.19565817841794 39.922443105722778 63.619534419383854 2.9227922530844808 1048.777515581809 28.846016036695801 493.33999631926417 37.712692593690008 186.8245576985064 1087.1162041376811 383.15385441947728 40.506043450906873 13.73781593819149 70.379745740676299 37.505172997247428 2.3634438416920593 4.806644389871507 58.3269714434864 54.317294442793354 62.438782821176574 6.512872325256466 26.263467666809447 45.213152192533016 3.0489242002367964 43.305624677916057 12.180779171409084 11.033743084408345 15.130387670826165 540.72897873155307 20.420028858119622 5.2249900507740668 37.96743768081069 587.50085245934315 244.85941242519766 5.4418039261363429 190.26484152232297 15.080360598629339 8.1789459411520493 61.060722616850398 1078.9628126441967 18.247177256969735 173.42383278172929 146.93327789858449 4.7881550206802777 286.1429596808739 24.611763951368637 4.5379956196993581 2.4678505863994351 123.62935684050899 10.506096250377594 351.36137393466197 167.74817159352824
leaf_count=7966 1375 571 8097 44187 1189 10257 3043 3898 17803 111 3682 1386 343 16 7475 2122 209223 2882 85144 42809 6304 2636 8813 1655 14881 193 891 5847 9821 5850 721 1992 2389 429 6096 491 1130 862 69371 2740 863 2586 18093 3752 166 22061 3957 1076 9735 560775 3845 49913 24199 48 981 110 99 34 24189 177 27854 30640
internal_value=-0.000440555 0.0112503 -0.0282647 -0.0375753 0.00240302 0.0207275 -0.00901911 -0.00444098 -0.0461253 -0.00716429 0.0178905 -0.00908344 0.0111842 0.0129956 0.0286298 -2.46857e-05 -0.0229619 0.0204709 -0.0290093 0.0116239 0.0208536 -0.00791233 -0.0477464 -0.00121265 -0.0480771 0.0107616 -0.00566511 0.000881234 -0.00909349 -0.0111856 -0.00201633 -0.00763001 -0.0151999 -0.0170841 -0.0137377 -0.0159518 -0.0419671 -0.00721305 -0.0126831 -0.017418 0.01781 -0.00663936 0.00654061 0.0171618 -0.0538623 -0.00535673 -0.0206468 -0.0353383 -0.0274054 -0.0492999 -0.0141167 -0.00509668 -0.00813484 -0.0213826 0.0373848 0.0299642 -0.00390299 0.0152684 -0.03324 0.0174067 0.0022325 -0.000632289
internal_weight=9655.33 6798.72 2856.61 1925.22 3516.24 3282.48 931.383 1976.09 1214.59 1781.35 126.74 1654.61 1540.15 1659.13 1623.35 41.2607 710.634 194.734 261.571 1533.89 446.773 1606.37 1173.33 669.812 48.2446 10.7395 74.7467 69.9401 217.294 1214.5 369.8 307.361 844.699 799.486 662.302 622.38 69.4698 26.1641 552.91 162.977 113.572 43.1924 840.725 253.224 8.3646 300.848 110.583 84.32 76.1411 1110.95 31.985 556.239 492.893 178.212 574.577 317.761 31.6176 27.0796 137.184 13.555 391.867 314.681
internal_count=1381844 301623 1080221 867295 260069 41554 212926 209238 601324 202458 4871 197587 50831 32284 9270 10088 265971 6780 99979 49456 6647 182402 591236 112947 15185 304 14835 13944 56748 151912 45392 39542 106520 104131 79336 77950 8088 1992 69862 46927 5104 3449 22027 3934 182 38821 16760 14768 13692 573433 12658 107843 104800 49961 1795 1224 243 144 24795 606 30490 54839
is_linear=0
shrinkage=0.05


Tree=18
num_leaves=63
num_cat=0
split_feature=24 21 14 14 4 18 12 24 4 18 24 24 18 12 1 18 18 24 16 24 1 2 10 10 12 1 18 18 24 10 18 1 12 24 4 6 3 4 21 21 21 4 3 24 19 21 2 12 21 24 18 19 6 12 18 2 19 12 24 1 19 13
split_gain=1006.21 259.605 240.169 204.198 105.05 93.5964 76.7422 70.1394 67.8214 58.0287 42.3977 26.9484 26.3795 28.3743 24 22.8121 22.5242 20.9295 20.966 20.2836 19.3192 19.1535 18.9 17.646 17.6004 17.3336 17.0975 22.1141 16.8519 16.8472 16.0715 16.0342 15.7394 15.4776 17.1031 20.355 15.4254 15.2613 15.1071 15.0418 26.9675 23.7292 22.1482 14.989 14.3106 16.759 29.045 16.85 16.7143 14.4736 14.1063 13.9279 13.2528 18.3127 20.5893 30.9171 18.0687 17.2172 18.759 17.3781 30.6001 20.8108
threshold=0.53278023004531871 7.432255983352662 17.500000000000004 16.500000000000004 29.500000000000004 80.500000000000014 25.500000000000004 0.32611957192420965 3.5000000000000004 58.500000000000007 0.42011176049709326 0.37248791754245764 66.500000000000014 2.5000000000000004 0.013606071937829258 69.500000000000014 73.500000000000014 0.67930275201797496 2.5000000000000004 0.71973007917404186 0.011561079882085325 32.500000000000007 1.5000000000000002 18.500000000000004 5.5000000000000009 0.0090499590151011961 34.500000000000007 26.500000000000004 0.52945184707641613 5.5000000000000009 50.500000000000007 0.012739370577037336 4.5000000000000009 0.67000854015350353 32.500000000000007 60.000000000000007 0.016261236742138866 1.5000000000000002 6.0737924575805673 21.028469085693363 12.306680202484133 13.500000000000002 0.0083683477714657801 0.82327347993850719 3.5000000000000004 16.169581413269047 6.5000000000000009 49.500000000000007 14.999205112457277 0.71973007917404186 25.500000000000004 3.5000000000000004 16.500000000000004 52.500000000000007 57.500000000000007 1.0000000180025095e-35 2.5000000000000004 11.500000000000002 0.61110946536064159 0.014599318150430919 5.5000000000000009 0.0063092110212892303
decision_type=2 2 2 2 2 2 2 2 2 2 2 2 2 2 2 2 2 2 2 2 2 2 2 2 2 2 2 2 2 2 2 2 2 2 2 2 2 2 2 2 2 2 2 2 2 2 2 2 2 2 2 2 2 2 2 2 2 2 2 2 2 2
left_child=1 3 8 7 14 10 12 26 22 17 16 -7 13 -4 29 20 32 18 25 -15 21 -10 -2 -12 -9 51 27 -1 31 -5 -25 -26 -6 34 -20 -36 -33 -27 -13 40 41 -23 -41 -19 48 46 -46 -47 -17 -48 -16 -8 57 54 -54 -56 -57 58 -22 61 -61 -59
right_child=2 -3 6 4 5 11 9 24 15 -11 23 38 -14 19 50 44 -18 43 33 -21 52 39 -24 30 28 37 -28 -29 -30 -31 -32 36 -34 -35 35 -37 -38 -39 -40 42 -42 -43 -44 -45 45 47 49 -49 -50 -51 -52 -53 53 -55 55 56 -58 59 -60 60 -62 -63
leaf_value=-0.07184657310495815 0.038678980102285133 0.014334768022817329 0.017262499501676423 0.059263102037568662 0.023311451068065193 -0.078026923538025525 -0.10957081836468659 0.040638683124151788 -0.012210239153800807 0.0069312085934948352 -0.0024469838546831196 0.021868887419375926 0.023394419370660224 -0.0024718786118315302 -0.046247121704535939 0.047856066964364723 -0.011607275201686423 0.0038127610751974151 -0.0023237854760963456 0.011596706937828464 0.038637444768660635 -0.10452702973228603 0.025429838302879815 -0.04104225935727767 0.011683752602987922 0.083025117404588511 -0.064606639286993936 0.019009562893508372 -0.10974281797071284 -0.015948131549005609 -0.026881405671115122 -0.11346895960562656 -0.05256073617334206 -0.057491071700638635 0.021389259054113201 -0.021036659604774077 0.044546689313591993 -0.10739636044065573 -0.10337926509313143 -0.10970142815665794 -0.10663387373848972 0.012424028763587849 0.061707281020479413 -0.058656051067730933 -0.12107712701636433 0.047068373298650011 0.018664753838892607 -0.10464830125511365 -0.10576608005201714 -0.10899650090386226 0.036992229739120884 0.0640176303192459 0.024507119871040834 0.059235231081252254 0.058125057723959164 0.0032870921128765177 -0.10592162373050236 -0.061385853149271058 0.014280236123045404 0.0015612775862209344 -0.07332162304083209 0.013120007878302248
leaf_weight=10.480855319532568 450.45045742532238 374.25770533503965 443.01749800378457 7.7286146150436243 6.8909341169055542 7.9965355902677393 1.2362614604644537 49.874753322917968 129.29699417599477 613.30862965097185 39.440471255802549 80.07939191814512 271.64672190137208 747.97576947300695 5.8206872944720081 96.050771475536749 36.060534956748597 227.9733896064572 190.34244598797522 389.67927138123196 92.12720143282786 4.4279120473656794 668.83958287769929 637.72853036416927 255.45453608664684 1.4903283827006806 38.50049475528067 18.552467114292085 2.9910932844504705 203.3447426580824 292.1524211295764 4.9382983497343949 847.65217093290994 22.618016580818221 29.523786530597135 666.55061790207401 2.2473080679774284 3.5792199796997011 2.4821979729458681 2.0493828076869276 5.0696096234023562 211.83658286929131 23.4341083727777 10.024795881938187 4.8963873498141757 36.416981439804658 30.639581898925826 1.9269341370090831 1.8038505176082242 2.39368344657123 40.530065533239394 17.696622827555984 286.97299705562182 34.441091447602957 7.726738675497475 6.1742891222238532 9.7977487375028414 9.799049466266295 556.84075114270672 50.094361242372543 18.748525133123621 215.23370066308416
leaf_count=5083 1329 17370 7083 94 1366 3596 100 298 4973 54010 6876 4522 5589 44545 551 711 9386 24251 27064 10390 586 356 4669 283139 18241 5 19652 3532 342 51813 85085 297 457204 5516 2191 191305 13 260 332 52 231 8488 88 838 147 218 764 74 39 83 1220 311 3695 519 15 101 412 441 5018 877 567 3921
internal_value=-0.000400629 -0.0245915 0.0104773 -0.0302144 -0.0360609 -0.040023 0.00187218 0.00348606 0.0210586 -0.0055282 -0.0424399 0.00961476 0.00900098 0.0065274 -0.00603999 0.0151503 -0.0503155 -0.0120536 -0.0154296 0.00234701 0.0133485 0.00337908 0.0307619 -0.0352038 0.0133849 0.0306959 -0.0427597 -0.013789 0.00826779 -0.0131942 -0.0365932 0.00961176 -0.0519489 -0.0166475 -0.0156053 -0.0192372 -0.0640494 -0.0514169 0.0181033 0.0115457 0.00735736 0.0100295 0.0479226 0.00118149 0.0323693 0.0161337 -0.00743121 0.039444 0.0450242 0.00941406 0.0265391 0.0526828 0.0162598 0.024643 0.0208081 -0.0239836 -0.063705 0.0131912 0.017738 0.0031506 -0.0188322 0.00987565
internal_weight=9559.36 2965.2 6594.15 2590.95 2207.91 1950.48 3636.66 383.04 2957.49 1784.34 1859.93 90.5581 1852.32 1580.67 257.424 1838.2 890.604 1171.04 933.037 1137.66 1664.07 376.115 1119.29 969.321 315.506 24.0024 67.5338 29.0333 265.631 211.073 929.881 262.64 854.543 909.035 886.417 696.074 7.18561 5.06955 82.5616 246.818 221.334 216.264 25.4835 237.998 174.128 76.2736 37.9297 38.3439 97.8546 33.0333 46.3508 18.9329 1287.96 345.113 310.672 23.6988 15.972 942.844 648.968 293.876 68.8429 225.033
internal_count=1381844 970012 411832 952642 905184 851506 373458 47458 38374 305851 843056 8450 67607 62018 53678 32376 467956 251841 226752 54935 30340 14188 5998 375100 19191 676 28267 8615 18893 51907 368224 18551 458570 226076 220560 193496 310 265 4854 9215 9075 8844 140 25089 2036 1286 994 292 750 847 1771 411 16152 4742 4223 528 513 11410 5604 5806 1444 4362
is_linear=0
shrinkage=0.05


end of trees

feature_importances:
biencoder_cosine=175
popularity=166
rank_e5_large_top100=122
rank_biencoder_large_top100=77
pmi_sum=63
rank_pmi_leg=58
rank_biencoder_top100=57
rank_biencoder_mxbai_top100=54
rank_metadata_qwen3=51
rank_cf_bpr=49
turn_number=43
rank_bm25_norepeat=41
rank_decay_descending=38
n_legs_containing=38
score_biencoder_mxbai_top100=22
score_biencoder_top100=22
score_e5_large_top100=22
score_cf_bpr=21
score_biencoder_large_top100=19
n_prior_accepts=14
score_decay_descending=11
score_metadata_qwen3=8
score_bm25_norepeat=5
score_pmi_leg=2

parameters:
[boosting: gbdt]
[objective: lambdarank]
[metric: ndcg]
[tree_learner: serial]
[device_type: cpu]
[data_sample_strategy: bagging]
[data: ]
[valid: ]
[num_iterations: 500]
[learning_rate: 0.05]
[num_leaves: 63]
[num_threads: 25]
[seed: 0]
[deterministic: 0]
[force_col_wise: 0]
[force_row_wise: 0]
[histogram_pool_size: -1]
[max_depth: -1]
[min_data_in_leaf: 10]
[min_sum_hessian_in_leaf: 0.001]
[bagging_fraction: 0.8]
[pos_bagging_fraction: 1]
[neg_bagging_fraction: 1]
[bagging_freq: 5]
[bagging_seed: 3]
[bagging_by_query: 0]
[feature_fraction: 0.8]
[feature_fraction_bynode: 1]
[feature_fraction_seed: 2]
[extra_trees: 0]
[extra_seed: 6]
[early_stopping_round: 0]
[early_stopping_min_delta: 0]
[first_metric_only: 0]
[max_delta_step: 0]
[lambda_l1: 0]
[lambda_l2: 0]
[linear_lambda: 0]
[min_gain_to_split: 0]
[drop_rate: 0.1]
[max_drop: 50]
[skip_drop: 0.5]
[xgboost_dart_mode: 0]
[uniform_drop: 0]
[drop_seed: 4]
[top_rate: 0.2]
[other_rate: 0.1]
[min_data_per_group: 100]
[max_cat_threshold: 32]
[cat_l2: 10]
[cat_smooth: 10]
[max_cat_to_onehot: 4]
[top_k: 20]
[monotone_constraints: ]
[monotone_constraints_method: basic]
[monotone_penalty: 0]
[feature_contri: ]
[forcedsplits_filename: ]
[refit_decay_rate: 0.9]
[cegb_tradeoff: 1]
[cegb_penalty_split: 0]
[cegb_penalty_feature_lazy: ]
[cegb_penalty_feature_coupled: ]
[path_smooth: 0]
[interaction_constraints: ]
[verbosity: -1]
[saved_feature_importance_type: 0]
[use_quantized_grad: 0]
[num_grad_quant_bins: 4]
[quant_train_renew_leaf: 0]
[stochastic_rounding: 1]
[linear_tree: 0]
[max_bin: 255]
[max_bin_by_feature: ]
[min_data_in_bin: 3]
[bin_construct_sample_cnt: 200000]
[data_random_seed: 1]
[is_enable_sparse: 1]
[enable_bundle: 1]
[use_missing: 1]
[zero_as_missing: 0]
[feature_pre_filter: 1]
[pre_partition: 0]
[two_round: 0]
[header: 0]
[label_column: ]
[weight_column: ]
[group_column: ]
[ignore_column: ]
[categorical_feature: ]
[forcedbins_filename: ]
[precise_float_parser: 0]
[parser_config_file: ]
[objective_seed: 5]
[num_class: 1]
[is_unbalance: 0]
[scale_pos_weight: 1]
[sigmoid: 1]
[boost_from_average: 1]
[reg_sqrt: 0]
[alpha: 0.9]
[fair_c: 1]
[poisson_max_delta_step: 0.7]
[tweedie_variance_power: 1.5]
[lambdarank_truncation_level: 20]
[lambdarank_norm: 1]
[label_gain: ]
[lambdarank_position_bias_regularization: 0]
[eval_at: ]
[multi_error_top_k: 1]
[auc_mu_weights: ]
[num_machines: 1]
[local_listen_port: 12400]
[time_out: 120]
[machine_list_filename: ]
[machines: ]
[gpu_platform_id: -1]
[gpu_device_id: -1]
[gpu_use_dp: 0]
[num_gpu: 1]

end of parameters

pandas_categorical:null
