tree
version=v4
num_class=1
num_tree_per_iteration=1
label_index=0
max_feature_idx=24
objective=lambdarank
feature_names=rank_biencoder_current_only_top100 score_biencoder_current_only_top100 rank_biencoder_large_top100 score_biencoder_large_top100 rank_biencoder_last2turns_top100 score_biencoder_last2turns_top100 rank_biencoder_top100 score_biencoder_top100 rank_bm25_norepeat score_bm25_norepeat rank_cf_bpr score_cf_bpr rank_decay_descending score_decay_descending rank_metadata_qwen3 score_metadata_qwen3 rank_pmi_leg score_pmi_leg popularity turn_number n_prior_accepts pmi_sum is_in_all_legs n_legs_containing biencoder_cosine
feature_infos=[0:101] [0:0.016393441706895828] [0:101] [0:0.016393441706895828] [0:101] [0:0.016393441706895828] [0:101] [0:0.016393441706895828] [0:101] [0:0.016393441706895828] [0:101] [0:0.016393441706895828] [0:101] [0:0.016393441706895828] [0:101] [0:0.016393441706895828] [0:101] [0:0.016393441706895828] [0:93] [1:8] [0:7] [0:59.439792633056641] [0:1] [1:9] [-0.32801580429077148:0.94890081882476807]
tree_sizes=6999 6981 6999 6974 6978 7007 6989 6925 6967 6989 6984 7014 6965 6981 7011

Tree=0
num_leaves=63
num_cat=0
split_feature=23 23 4 4 23 21 2 21 18 6 14 18 16 18 4 14 12 2 4 19 2 4 18 4 10 21 19 2 18 6 2 8 18 4 6 0 6 12 0 2 12 14 19 6 0 18 19 19 10 19 19 1 21 18 19 12 8 18 18 2 12 18
split_gain=3597.16 573.836 440.44 245.731 220.14 199.53 178.052 161.567 87.1754 77.2658 72.4484 69.5775 60.9387 54.166 42.7976 33.2283 31.7757 35.6393 28.6737 27.3931 25.4563 23.513 22.982 26.4241 22.6831 21.3212 20.0745 19.8631 19.5232 23.4753 21.8563 18.7843 18.6941 21.0775 17.5224 17.3875 17.3352 15.9943 14.9209 14.7813 14.7687 14.5009 14.257 21.9221 14.8604 13.8012 13.4655 13.1114 12.9213 15.4937 12.549 12.1192 11.5129 11.3402 11.0647 10.8889 10.8286 10.4838 10.4723 10.2983 10.2832 10.2538
threshold=3.5000000000000004 1.5000000000000002 22.500000000000004 34.500000000000007 4.5000000000000009 3.519577264785767 21.500000000000004 4.3622593879699716 61.500000000000007 28.500000000000004 15.500000000000002 57.500000000000007 60.000000000000007 49.500000000000007 13.500000000000002 1.5000000000000002 12.500000000000002 66.500000000000014 6.5000000000000009 2.5000000000000004 34.500000000000007 57.500000000000007 73.500000000000014 34.500000000000007 5.5000000000000009 5.5553317070007333 1.5000000000000002 85.500000000000014 36.500000000000007 18.500000000000004 19.500000000000004 60.000000000000007 24.500000000000004 73.500000000000014 32.500000000000007 16.500000000000004 30.500000000000004 18.500000000000004 60.500000000000007 3.5000000000000004 16.500000000000004 5.5000000000000009 4.5000000000000009 100.00000000000001 62.500000000000007 25.500000000000004 4.5000000000000009 2.5000000000000004 5.5000000000000009 4.5000000000000009 2.5000000000000004 0.011173533275723459 14.348714828491213 42.500000000000007 3.5000000000000004 14.500000000000002 12.500000000000002 51.500000000000007 51.500000000000007 28.500000000000004 6.5000000000000009 26.500000000000004
decision_type=2 2 2 2 2 2 2 2 2 2 2 2 2 2 2 2 2 2 2 2 2 2 2 2 2 2 2 2 2 2 2 2 2 2 2 2 2 2 2 2 2 2 2 2 2 2 2 2 2 2 2 2 2 2 2 2 2 2 2 2 2 2
left_child=1 3 10 19 13 8 39 9 12 -8 -2 14 -5 15 59 -4 31 54 -12 -1 34 -14 23 -13 -6 27 -26 -15 29 -23 -30 -16 33 -19 -17 -10 -20 40 -25 -3 60 -34 44 45 -22 55 -24 -41 -35 -50 -29 -36 -7 -38 58 -44 61 -27 -18 -11 -31 -45
right_child=2 6 4 5 24 52 7 -9 35 11 18 22 21 25 16 20 17 32 36 -21 42 28 46 38 26 57 -28 50 30 37 -32 -33 41 48 51 -37 53 -39 -40 47 -42 -43 43 56 -46 -47 -48 -49 49 -51 -52 -53 -54 -55 -56 -57 -58 -59 -60 -61 -62 -63
leaf_value=0.069041484805647244 0.085795508689628042 0.066407771838199667 0.064616378471709729 -0.10000000000000001 0.072336942497222986 0.012974536502806534 0.015841869724949689 0.05307698044760998 0.037330927146978776 -0.099999999999999756 0.072703998881521001 0.035452682168562025 -0.027124497182572871 0.020735372730744817 -0.033045480411353328 0.024890460413861865 -0.049609090491008069 -0.011718706696470266 0.056166821968905628 -0.0062983382526572819 -0.028310628604312573 -0.018056624786987299 0.04938348479541662 0.0025578606748726204 -0.047227373352798585 -0.099999999999999645 0.047039538453175753 -0.085163387895431153 0.050752270826144287 0.0066029267122957487 -0.063080354655516244 0.051256620819092283 0.024078134689100129 0.059494349967002015 -0.00406815997016399 -0.037485683850461297 0.0036635463021384845 -0.080174572130753227 -0.040085694976058961 -0.0043441243121277477 0.033408999629788737 -0.065917420900245494 0.056014774735328648 0.05097860397241058 -0.072008890336757614 -0.018045149493272222 -0.022075991868847011 0.036894657171471827 -0.08804305490306602 -0.037991807953740901 -0.002363823322330069 -0.073793446149162459 0.070263654668179715 0.044384549658990163 -0.020330095336323885 -0.09026269066676261 0.068077794254920415 0.064412726890682559 0.00097555478839890346 0.036844414715180546 -0.099999999999999978 -0.072022005512938331
leaf_weight=36.61312072398141 602.67938344887807 33.821400052271201 11.711740692029705 176.24621744368051 115.458204347422 53.344917244787212 97.210945114551578 69.823399069806328 8.1807030553754867 1.4697328386828328 219.63293413126667 22.969307164050406 33.867786348200752 98.740539051112137 12.493892457321635 39.919405917433323 77.787333762171329 43.983372271730332 177.63263656510389 17.995080486216466 43.127159332158044 16.653716662636725 28.71042947274691 32.088394908292685 5.8335882781539103 1.0031535998568895 177.17598310437461 7.5313291324418996 4.2570361706893882 3.3363195452839145 446.21728280225943 14.025843685143627 4.5755171172204419 2.3113094875589004 19.498880234285028 153.07635482343903 30.181805467640515 459.57319034344982 56.86459714792727 23.682512312720064 5.9021539958193889 205.84540528366051 1.4167183581739653 3.1834028938319561 35.445813033817103 43.141332135768607 8.5572966943727788 103.54514700116124 28.511319092882331 33.782539383944822 11.661998573807066 9.1595705593354051 10.49496365606319 39.437349525192985 136.21401257965772 12.475741586691582 9.5336930383346026 28.975770363816991 11.781285051780285 21.291983043338405 7.0265636618132712 3.6224304983043112
leaf_count=4488 19625 5500 1555 56413 7642 15773 28058 10653 2372 1162 15149 5638 17369 17069 6274 7608 33501 16358 19276 9613 10751 8937 5365 10042 1476 183 19767 2812 1639 1082 252934 2690 2058 335 4535 81648 6627 281530 24637 9370 1361 104430 94 741 13902 9536 4652 28039 13135 13856 4700 3218 1028 5865 55206 4833 1135 2714 3846 6473 4931 2317
internal_value=-0.000688156 -0.0391121 0.0543511 -0.0598092 0.0228438 -0.063931 -0.0114324 -0.0200061 -0.0681239 -0.0260775 0.0743419 -0.0315602 -0.0729394 -0.0023898 -0.0392264 -0.0174522 -0.0419051 -0.0445068 0.059557 0.0442147 -0.0218108 -0.068057 -0.00103322 -0.0123573 0.054983 0.0212595 0.0440347 0.0116884 -0.0695271 -0.0764078 -0.0620046 0.0115405 -0.0552655 -0.0384166 0.00347593 -0.0336902 0.0478785 -0.07845 -0.0247027 0.0370284 -0.0297228 -0.0639605 -0.0332234 -0.0173742 -0.0480238 -0.0320026 0.0329752 0.0292184 -0.0565926 -0.0608998 -0.0348538 -0.0263532 0.0223926 0.0267309 -0.0293057 -0.0753457 0.0336866 0.0589112 -0.0429555 0.0280083 -0.0656793 -0.0144889
internal_weight=4252.31 2504.13 1748.18 1432.79 678.616 1378.18 1071.35 910.298 1314.34 840.475 1069.56 743.264 1153.08 380.149 594.074 232.236 571.312 544.792 466.885 54.6082 220.524 976.834 149.19 111.922 298.468 147.913 183.01 117.934 942.966 492.492 450.474 26.5197 319.009 108.589 68.5779 161.257 247.252 475.838 88.953 161.049 16.265 210.421 151.946 73.3733 78.573 57.0338 37.2677 127.228 64.6052 62.2939 19.1933 28.6585 63.8399 69.6192 225.783 13.8925 16.3395 29.9789 89.5686 22.7617 10.3629 6.80583
internal_count=1315526 1132396 183130 741118 116588 727017 391278 348369 710216 337716 66542 309658 626196 87703 259324 60225 251689 242725 46917 14101 58670 569783 50334 40317 28885 27478 21243 24581 552414 297841 254573 8964 150172 43684 15361 84020 31768 288904 34679 42909 7374 106488 43309 18656 24653 14463 10017 37409 27326 26991 7512 7753 16801 12492 92553 4927 4193 2897 37347 7635 6013 3058
is_linear=0
shrinkage=0.05


Tree=1
num_leaves=63
num_cat=0
split_feature=24 6 21 4 18 10 10 24 14 24 24 18 4 21 18 2 18 21 12 18 19 2 18 10 0 4 6 24 6 4 24 4 6 0 14 24 2 6 14 21 4 2 7 2 12 4 18 19 24 0 14 19 4 12 24 8 14 10 18 0 21 14
split_gain=2838.5 915.29 465.442 360.697 353.566 290.982 234.574 191.88 190.474 157.822 127.202 117.557 96.4002 93.4227 89.5333 86.4971 79.7119 78.5736 74.2318 61.3894 60.9932 57.1485 60.1897 50.4289 59.8328 73.8673 57.6354 50.384 48.1057 45.7405 46.8707 45.1734 47.1085 54.2836 53.5841 44.8357 47.3236 42.6803 42.3625 48.1897 55.9729 41.4598 40.8354 39.7191 43.2657 40.5687 39.6569 65.6256 63.2954 39.5298 38.5286 51.9911 37.7345 37.0412 36.7177 36.4525 35.9467 70.1617 35.8888 35.5007 59.0102 56.405
threshold=0.48842911422252661 4.5000000000000009 4.616732358932496 17.500000000000004 54.500000000000007 8.5000000000000018 60.000000000000007 0.37353643774986273 3.5000000000000004 0.25739373266696935 0.60992896556854259 74.500000000000014 6.5000000000000009 19.906851768493656 70.500000000000014 100.00000000000001 66.500000000000014 8.6680073738098162 18.500000000000004 73.500000000000014 3.5000000000000004 1.0000000180025095e-35 47.500000000000007 2.5000000000000004 1.0000000180025095e-35 23.500000000000004 18.500000000000004 0.7590652108192445 17.500000000000004 5.5000000000000009 0.53202819824218761 22.500000000000004 10.500000000000002 100.00000000000001 12.500000000000002 0.54439297318458568 21.500000000000004 32.500000000000007 16.500000000000004 10.718293190002443 10.500000000000002 2.5000000000000004 0.0068260179832577714 18.500000000000004 8.5000000000000018 1.0000000180025095e-35 51.500000000000007 3.5000000000000004 0.74437037110328685 16.500000000000004 14.500000000000002 6.5000000000000009 8.5000000000000018 2.5000000000000004 0.5656317174434663 3.5000000000000004 14.500000000000002 1.0000000180025095e-35 36.500000000000007 6.5000000000000009 9.8916802406311053 4.5000000000000009
decision_type=2 2 2 2 2 2 2 2 2 2 2 2 2 2 2 2 2 2 2 2 2 2 2 2 2 2 2 2 2 2 2 2 2 2 2 2 2 2 2 2 2 2 2 2 2 2 2 2 2 2 2 2 2 2 2 2 2 2 2 2 2 2
left_child=2 8 3 16 6 9 23 19 46 -5 12 18 15 31 17 -8 43 27 58 53 -16 22 -10 37 -25 26 41 56 -14 54 -31 32 49 -34 42 -30 -37 -3 39 40 -28 -26 -35 44 -1 -45 -2 -48 -49 -12 51 55 -41 -7 -22 -19 57 -6 -9 61 -61 -23
right_child=1 4 -4 5 14 7 10 11 21 -11 13 -13 28 -15 20 -17 -18 50 -20 -21 29 59 -24 24 25 -27 38 -29 35 30 -32 -33 33 34 -36 36 -38 -39 -40 52 -42 -43 -44 45 -46 -47 47 48 -50 -51 -52 -53 -54 -55 -56 -57 -58 -59 -60 60 -62 -63
leaf_value=0.067298836214143828 0.061678777067679581 0.032332121578835103 0.012376040093955126 -0.091592873362722024 0.049296664242082261 0.0067894361681816165 -0.06724016395587655 0.020820805399882208 0.057606402701784389 0.020678469266305829 0.019064907091928568 0.013782320181724178 0.0079000317968147323 0.070734660318252054 0.049428128530172227 0.053717588347497805 0.054987538242795501 0.062230659058405906 -0.05547076119978063 -0.025570947909732706 0.034187676223742428 -0.06687574884995344 0.0015201827524246288 0.053787032764457544 0.034824144319619076 0.022954841957379079 -0.015452833527300725 0.035960793870781271 -0.030534554009889189 -0.028518321967696814 0.033771729872803739 0.007907834806434871 -0.021930471356524182 0.049736571089555766 0.023975176236621695 -0.040401322249869746 -0.0044519336255324799 -4.1074363414080262e-05 0.016018481125301985 -0.10129138721018188 -0.067791746720291743 -0.00090447893650428721 -0.10303878953053698 0.061108691251092744 -0.085399349400205091 -0.009791634673901959 0.056548186488583944 -0.10289868822726125 0.023375175459877971 -0.019073780754456461 0.050026857251921679 -0.045990316460368441 0.043948997091033566 -0.081915785038612909 -0.080518444020891519 0.0069613770375824939 0.0089154345649142524 -0.027274877011292976 -0.047321966004744559 0.0082222430933218647 0.049666999518803379 0.036568097944467845
leaf_weight=5.5504796784371129 804.55681347101927 399.59335646778345 341.93900402809959 38.262651785975322 36.066159000620246 11.922069607535375 161.77715289709158 49.376740954816341 254.71193126193248 172.06091603531968 214.56659423187375 72.343902948079631 169.01155177690089 43.251017748843879 377.56053227547091 16.266063592163846 58.695143062155694 51.417217107722536 1060.258655554615 53.257331958971918 10.920567399822177 13.585357595700769 58.896332590840757 62.117506864480674 96.753611951833591 351.41309595562052 106.04394552228041 141.64298298629001 581.25127588037867 34.656387881143019 234.8487363930326 560.87792427488603 663.83769901492633 6.0459489272907403 126.71698694722727 112.33457629592158 494.65345150581561 136.62067478755489 58.790816506603733 5.2485340521670869 98.558108617318794 504.96480980457272 15.815701172687112 22.770983004244044 28.245852265099529 177.04151832754724 96.843428694759496 14.383351165568454 32.008901665452868 99.422719099791721 192.68647739244625 27.432588723720983 30.226655006408691 914.4804012668319 19.317501157522202 71.068065165774897 815.04265903576743 175.44010730460286 31.744889148510993 519.84816167282406 102.88541185948998 439.4390214018058
leaf_count=28 2387 2565 21559 10080 276 1464 5180 4200 1174 9436 2530 9156 12295 481 10359 502 1066 226 331430 11575 143 177 542 282 580 14539 790 1484 143909 4842 12234 82831 18259 28 5269 10418 109603 2064 1497 68 1095 4723 231 298 2397 10470 311 233 180 2307 3648 423 148 326037 389 756 87487 4039 6412 12128 835 3451
internal_value=-0.000433 0.0128466 -0.0425779 -0.0495478 0.00413226 -0.0559254 -0.00306188 -0.0613124 0.0400813 0.000253753 -0.0111206 -0.0480261 -0.0215971 -0.0018261 0.0209534 -0.0561894 0.00289713 0.0141814 -0.0519437 -0.0777732 0.0360591 0.0282919 0.0470733 0.0111617 0.00588898 0.00351254 -0.00407394 0.00800629 -0.0170592 0.0192193 0.0257617 -0.00368609 -0.00945913 -0.015816 0.0115032 -0.0206094 -0.011105 0.0240838 -0.0220216 -0.031337 -0.0406648 0.00484052 -0.060788 -0.0101908 -0.0603212 -0.00171171 0.0573634 0.0331238 -0.0157745 0.00698853 0.0352369 0.0162277 0.0224608 -0.0807742 -0.039092 0.0301625 0.00414914 -0.0142179 -0.00584514 0.0228167 0.0150696 0.033466
internal_weight=12679.4 9641.42 3037.95 2696.01 7304.26 2403.71 5116.16 2193.38 2337.16 210.324 3265.83 1213.72 1535.29 1730.53 2188.1 178.043 292.304 1510.8 1141.38 979.66 677.304 1389.37 313.608 1850.33 1314.12 1252 900.586 1168.19 1357.25 299.743 269.505 1687.28 1126.41 812.416 148.579 1188.24 606.988 536.214 298.868 240.077 204.602 601.718 21.8617 233.609 33.7963 199.813 947.792 143.236 46.3923 313.989 342.604 149.918 35.4752 926.402 30.2381 122.485 1026.55 211.506 81.1216 1075.76 622.734 453.024
internal_count=1315526 569918 745608 724049 548500 709790 422194 690274 21418 19516 393843 351198 281907 111936 126306 5682 14259 98339 342042 339076 27967 18307 1716 28351 23722 23440 8901 93286 276225 17608 17076 111455 28624 23787 5528 263930 120021 4629 3598 2101 1885 5303 259 13193 2425 10768 3111 724 413 4837 5053 1405 216 327501 532 982 91802 4315 10612 16591 12963 3628
is_linear=0
shrinkage=0.05


Tree=2
num_leaves=63
num_cat=0
split_feature=24 14 4 10 2 18 24 24 4 24 0 14 6 18 24 16 0 16 6 14 2 6 14 18 6 22 18 23 24 18 10 18 6 16 2 12 16 12 6 2 18 18 24 18 0 8 12 8 24 24 16 24 6 24 12 16 16 16 2 8 24 24
split_gain=3219.65 776.726 661.457 338.383 276.077 234.134 195.871 154.699 131.524 94.9848 88.3066 67.7262 63.6321 96.1714 59.4852 59.3078 58.5426 57.8016 73.6028 57.1761 55.9655 61.2044 51.0559 49.8563 49.1307 44.125 40.4462 40.3646 39.4309 38.9696 38.3646 35.8024 35.346 35.1181 34.9356 34.4532 37.9741 33.6626 33.6386 33.5176 33.0472 33.7476 32.2735 51.1152 41.8326 40.437 31.2958 31.7071 31.1053 35.6184 54.8231 30.3031 29.8825 32.3001 28.8338 28.6024 27.2096 26.8107 25.18 25.167 30.474 25.0762
threshold=0.53202819824218761 18.500000000000004 35.500000000000007 14.500000000000002 29.500000000000004 66.500000000000014 0.62964540719985973 0.41977860033512121 3.5000000000000004 0.38197447359561926 6.5000000000000009 13.500000000000002 8.5000000000000018 43.500000000000007 0.23523267358541491 18.500000000000004 16.500000000000004 17.500000000000004 32.500000000000007 1.5000000000000002 100.00000000000001 75.500000000000014 13.500000000000002 81.500000000000014 25.500000000000004 1.0000000180025095e-35 75.500000000000014 5.5000000000000009 0.21473622322082522 45.500000000000007 12.500000000000002 80.500000000000014 90.500000000000014 1.5000000000000002 16.500000000000004 14.500000000000002 17.500000000000004 15.500000000000002 12.500000000000002 14.500000000000002 3.5000000000000004 59.500000000000007 0.46554036438465124 51.500000000000007 50.500000000000007 1.0000000180025095e-35 18.500000000000004 16.500000000000004 0.35757826268672949 0.23523267358541491 6.5000000000000009 0.48422574996948248 76.500000000000014 0.55568888783454906 16.500000000000004 1.0000000180025095e-35 17.500000000000004 1.0000000180025095e-35 49.500000000000007 18.500000000000004 0.23523267358541491 0.72294926643371593
decision_type=2 2 2 2 2 2 2 2 2 2 2 2 2 2 2 2 2 2 2 2 2 2 2 2 2 2 2 2 2 2 2 2 2 2 2 2 2 2 2 2 2 2 2 2 2 2 2 2 2 2 2 2 2 2 2 2 2 2 2 2 2 2
left_child=2 4 8 9 10 7 12 22 -1 48 19 -10 -3 54 -7 33 30 32 37 -2 21 -13 28 -17 -12 27 42 -6 -5 39 -8 -22 -9 -16 -21 40 -37 -19 -24 -18 -29 -42 44 45 -11 -44 47 -20 49 50 -4 -45 -15 58 -14 -43 -23 -32 -54 60 -30 -36
right_child=1 6 3 5 25 14 16 17 11 26 24 20 13 52 15 23 29 18 46 34 31 56 38 -25 -26 -27 -28 35 59 -31 57 -33 -34 -35 61 36 -38 -39 -40 -41 41 55 43 51 -46 -47 -48 -49 -50 -51 -52 -53 53 -55 -56 -57 -58 -59 -60 -61 -62 -63
leaf_value=0.041168366360140707 0.064411072181918994 0.01570921806833361 0.047819825769388577 -0.080454627920791 0.016520519612136474 -0.079198453875900188 0.049714408044194025 -0.071002472713404138 0.029748771061297075 -0.10318283428670871 0.037401033841560252 -0.0077062346834976467 -0.078641004770358416 0.0080385743814308432 -0.10220323564194977 -0.034729861769730669 0.011385310092998296 0.058211943312350689 -0.098259829824163814 0.044358642804095273 -0.0017749103049817059 0.049682090207008769 -0.010866068608217566 0.016347453905236224 0.012534198260171915 0.04462797894813391 0.059646109513662254 -0.070663642319518355 0.064327971392951308 0.014934838110180313 -0.1035154472238566 0.068633638772419847 0.021848932902650817 0.031651192471932051 -0.10299923404449214 0.0013272713810858771 -0.080491772081808799 -0.022610921356686922 -0.073776586787687323 -0.010508983349512415 0.007763839081422504 0.069762591253942394 0.031150824087517421 -0.069523696877010752 0.024530578426689681 -0.064039743108763716 -0.054737759143345555 0.0022669169349016013 -0.10169260761820094 -0.01218146597955802 -0.082566214199639887 0.036629322245655897 -0.071900394389038766 -0.0020702034146909214 -0.022995328431178561 -0.066672748123439027 -0.059533247003266745 0.019799481230451887 -0.01901350383622304 0.037054020325085639 -0.095061793809199283 0.019506105560107921
leaf_weight=188.79325119697023 511.48174042347819 258.50758126121946 9.6697370843030495 20.619750598212704 181.05895914300345 34.192075118189678 115.88329450495075 13.02879264904186 106.53760591312312 6.7156795104965559 1577.0690980538493 154.00069780892227 24.087187530007213 484.00157178682275 5.1901355627924195 197.37025458610151 303.15759311395232 14.274264488136394 9.5332536145579052 717.21601026365533 209.04050162341446 5.981402770150452 21.641791234724224 63.033063022536226 227.25659737782553 56.124828076222911 35.830387292429805 17.813731689471751 4.2914303629659107 776.05778198002372 4.4287131833843878 19.762060520937666 48.04785391013138 87.689861675491557 6.6929761199280646 23.716797315282747 35.272377503337339 132.18555309413932 1169.7065403593006 412.86897423025221 197.14291578810662 4.4650049796327975 14.031328441109506 7.8982268734835079 141.71522422414273 54.454289166722447 958.85209634155035 44.264594328356907 16.3894656522898 105.86398982256651 48.487923379754648 45.181802215054631 29.028793858014978 392.10469781723805 694.53826451988425 27.503828778862953 122.47129632160068 931.20453131804243 100.16152720339596 23.673148798989132 9.9559090591501427 11.113480860367416
leaf_count=3554 1350 8646 174 7853 7698 10912 1070 778 1490 323 13923 10387 2273 34886 494 40163 9694 422 2303 4577 22043 128 6110 6155 4554 443 919 513 378 41393 113 304 2764 4786 257 436 1659 26282 391926 45267 3739 24 185 567 6272 3306 290951 5062 2115 9752 17627 1382 4061 49555 134927 900 21325 21644 16573 2480 3575 104
internal_value=-0.000172588 0.0181384 -0.035997 -0.0458006 0.0354925 -0.0523618 0.00435833 -0.0580303 0.0046446 -0.00724142 0.0413395 -0.0065168 -0.00742376 -0.0108926 -0.0162259 -0.0101312 0.013541 -0.045366 -0.0478641 0.051574 -0.014074 -0.028963 -0.0703937 -0.0223661 0.034269 0.00264741 0.00973188 -0.00219094 -0.0248058 0.00717319 0.0225769 0.00430639 0.00204199 0.0241714 0.0426411 -0.0132655 -0.0475961 -0.0147338 -0.0726338 -0.00123919 -0.00506413 3.63157e-05 0.00310792 -0.0159937 0.0187523 -0.0445371 -0.0526557 -0.0155469 -0.036014 -0.0294512 -0.0608872 0.0208339 -0.000907849 -0.00921424 -0.0248605 -0.0476172 -0.0544476 0.0192158 -0.0308971 0.00545398 -0.0470521 -0.0265404
internal_weight=12270.3 8119.96 4150.38 3343.79 3593.93 2857.55 4526.03 2470.07 806.587 486.238 3050.83 617.794 1982.43 1723.92 387.475 353.283 2543.6 1220.19 1159.11 1246.5 511.256 282.453 1249.89 260.403 1804.33 543.098 305.827 486.974 58.5402 1492.08 1051.52 228.803 61.0766 92.88 735.022 305.915 58.9892 146.46 1191.35 716.027 246.925 229.112 269.997 121.566 148.431 68.4856 1012.65 53.7978 180.411 164.022 58.1577 53.08 1005.3 521.295 718.625 31.9688 128.453 935.633 129.19 37.9205 14.2473 17.8065
internal_count=1315526 410279 905247 846016 40177 803394 370102 740884 59231 42622 24765 55677 250921 242275 62510 51598 119181 328562 325020 6288 54187 31840 412322 46318 18477 15412 12954 14969 14286 96354 22827 22347 3542 5280 4938 7271 2095 26704 398036 54961 5176 4663 12035 5440 6595 3491 298316 7365 29668 27553 17801 1949 105075 70189 137200 924 21453 21757 20634 6433 3953 361
is_linear=0
shrinkage=0.05


Tree=3
num_leaves=63
num_cat=0
split_feature=23 24 23 21 18 6 24 12 18 21 24 24 14 19 6 12 6 0 18 14 24 6 24 18 14 19 19 12 0 0 2 2 24 0 18 6 10 21 6 2 24 10 24 24 18 19 18 21 8 6 6 17 6 12 0 12 17 14 6 18 18 18
split_gain=3013.15 714.767 454.863 326.213 264.518 205.624 124.673 88.8926 76.56 69.914 59.5002 50.876 52.219 49.6131 48.8018 57.8227 48.3467 48.2245 48.1528 54.5948 56.6949 53.0682 52.2255 44.209 39.8443 40.8614 39.6453 39.1625 37.8324 36.9713 36.0562 33.5016 37.3333 32.3094 32.1113 31.7293 28.7752 27.4393 26.7829 26.78 34.8769 30.8183 47.5156 49.06 42.4069 30.6273 26.4853 26.4039 25.3575 25.2377 48.2112 31.2471 29.3553 25.0004 26.0644 24.7878 24.6908 24.6467 24.3973 23.7663 31.6531 23.5855
threshold=3.5000000000000004 0.49259075522422796 4.5000000000000009 5.0477681159973153 73.500000000000014 7.5000000000000009 0.5909630060195924 1.5000000000000002 58.500000000000007 31.670364379882816 0.62964540719985973 0.377801463007927 18.500000000000004 1.5000000000000002 45.500000000000007 18.500000000000004 33.500000000000007 29.500000000000004 75.500000000000014 8.5000000000000018 0.47379267215728765 100.00000000000001 0.38796348869800573 45.500000000000007 1.5000000000000002 1.5000000000000002 6.5000000000000009 60.000000000000007 6.5000000000000009 2.5000000000000004 50.500000000000007 7.5000000000000009 0.517583727836609 53.500000000000007 57.500000000000007 5.5000000000000009 1.0000000180025095e-35 22.242815017700199 1.5000000000000002 79.500000000000014 0.6352556347846986 5.5000000000000009 0.6352556347846986 0.50222352147102367 63.500000000000007 6.5000000000000009 80.500000000000014 3.519577264785767 60.000000000000007 32.500000000000007 42.500000000000007 0.015749008394777778 49.500000000000007 3.5000000000000004 1.5000000000000002 14.500000000000002 0.015749008394777778 13.500000000000002 57.500000000000007 72.500000000000014 65.500000000000014 43.500000000000007
decision_type=2 2 2 2 2 2 2 2 2 2 2 2 2 2 2 2 2 2 2 2 2 2 2 2 2 2 2 2 2 2 2 2 2 2 2 2 2 2 2 2 2 2 2 2 2 2 2 2 2 2 2 2 2 2 2 2 2 2 2 2 2 2
left_child=1 3 10 4 11 7 8 -4 14 17 18 24 -13 30 -3 -16 53 57 19 22 -21 31 36 -18 -1 -26 48 -5 -9 -27 -6 32 -22 -25 -29 -31 -2 38 -8 41 -41 -19 43 -43 -44 -46 49 -10 -20 51 -51 55 -52 -14 -55 -12 -38 -7 -34 60 -33 -40
right_child=2 6 5 27 13 9 37 28 47 -11 46 12 16 -15 15 -17 23 39 26 20 21 -23 -24 33 25 29 -28 34 -30 35 -32 59 58 -35 -36 -37 56 -39 61 40 -42 42 44 -45 45 -47 -48 -49 -50 50 52 -53 -54 54 -56 -57 -58 -59 -60 -61 -62 -63
leaf_value=0.046694242327356854 0.03508246137974172 -0.0058931347586394719 0.056354193894558459 -0.10406738243309824 -0.1012282085853939 0.030700028214669418 0.036798559788714595 0.04312542578965671 -0.0081858364837920014 0.062864561072046105 -0.10264355040294307 0.0090336547573478792 0.08800767688398356 -0.018559225188361526 0.033129513014897076 -0.035521718443640972 -0.062750721251516942 0.025547376941514922 -0.098891314850778789 -0.052438833598667911 -0.10572116341532921 0.033768159780630802 0.038674799531619147 -0.010711326859036304 -0.046750172639500709 0.030283988215250187 -0.10101443644744579 0.035253761797296446 0.027461592018756611 0.041901777075351747 0.041162846306332983 -0.022701757567515232 0.018589852082924862 -0.04887586080583381 -0.0027773699627603489 -0.073669851768474723 -0.08291061078830804 0.062868369155722165 -0.0087785899925257732 -0.0013514061961495396 -0.10231344433193267 -0.099657370439731122 -0.017378149973868995 0.028522521341958929 0.043363921348065305 -0.10350399538167715 0.055553182590020289 0.022025053569375133 0.045313713946900883 -0.042951998664551967 0.033747567314872794 -0.10528949987692829 -0.0028611812595894567 0.082688061246628808 -0.032074349464757221 0.015234109127666373 0.078250019612166349 0.015537456522923097 -0.10015243861092876 -0.10082011385172943 0.016024438195518419 0.0069081347848026818
leaf_weight=7.814322988735511 10.613529223948715 217.29455209372099 696.18921576626599 7.6041755923070005 4.7148916311562052 770.86332367302384 53.082168944180012 728.7875636764802 282.12600856716745 92.54306974587962 4.4824974262155584 35.628374736290425 4.961721535306423 106.82176447415259 31.988336672540754 745.33593009295873 717.63772362063173 363.06332049169578 3.1764323040843001 85.200432744575664 6.8018934929277739 65.050861394498497 100.42497125640512 71.098077045055106 205.90501093666535 8.7919634978752566 5.360640807542949 87.735703737474978 818.33883790124673 5.9834064287133506 77.911988506559283 440.58875589631498 124.5575654276181 252.06557962391526 151.07941359106917 796.48620953364298 20.557548800949011 18.980366332922131 412.32912382297218 187.33650127693545 8.9631181829608959 7.7453200668096533 217.8359454467427 206.23207967891358 48.720931889256462 3.8286708747036746 31.944267903454602 97.255403974093497 75.686533578205854 59.516171399736777 73.515523562207818 5.4650041642598799 214.62758084968664 5.1902289832942179 105.80676894611679 880.75973801582586 2.6872763941064468 410.85743312782142 4.4814819465391329 8.828621640801428 59.944017821224406 572.06340721272863
leaf_count=773 652 30523 2223 788 608 8767 1058 4115 41410 523 311 5370 9 19548 3474 198627 220828 4495 519 14753 401 2614 3478 15512 51047 992 730 6634 7974 975 3237 41416 2831 76013 11137 288219 5619 122 65081 6050 545 818 7409 5446 663 148 266 3645 1303 5134 3171 152 14710 54 26586 23469 29 8954 599 594 2249 60126
internal_value=-5.02939e-05 -0.0292104 0.0216047 -0.0471543 -0.0527642 0.0307255 -0.00962163 0.0415168 -0.0195515 0.0202819 0.00339193 -0.0576093 -0.0505873 0.00394445 -0.0268408 -0.0326966 -0.0524237 0.0185111 -0.0056404 -0.0089199 -0.0138981 -0.0092748 0.0205692 -0.0558356 -0.0657781 -0.0666421 0.0305617 0.00763765 0.0348402 -0.0716909 0.0330377 -0.0136145 0.0084479 -0.0404794 0.0111945 -0.0728081 -0.0331325 0.00329293 0.00220301 0.0106794 -0.00596137 0.0145341 0.00627885 0.0238828 -0.00765255 0.0326634 0.0106015 -0.000441197 0.0395054 0.00944198 -0.00198314 0.0139014 0.00647901 -0.0217995 -0.026708 0.0146372 -0.0642792 0.0254283 0.014466 -0.0194983 -0.0180639 0.00033749
internal_weight=11929.3 5083.69 6845.58 2653.24 2406.82 4561.31 2430.46 2243.32 1374 2317.99 2284.27 2217.37 1192.39 189.449 994.619 777.324 1156.76 2225.45 1013.96 929.737 795.454 710.253 134.283 1040.8 1024.98 1017.17 84.2236 246.419 1547.13 811.262 82.6269 645.202 135.841 323.164 238.815 802.47 33.8584 1056.46 1037.47 1043.73 196.3 847.426 484.363 213.977 270.386 52.5496 1270.31 379.381 78.863 1238.37 347.659 890.707 288.143 115.959 110.997 885.242 23.2448 1181.72 129.039 509.361 500.533 984.393
internal_count=1315526 1132396 183130 728330 709771 58130 404066 14312 277679 43818 125000 686378 344372 23393 232624 202101 339002 43295 77787 75235 65457 50704 9778 312353 342006 341233 2552 18559 12089 290186 3845 48090 3831 91525 17771 289194 6300 126387 126265 25574 6595 18979 14484 6264 8220 811 47213 45055 1822 46947 23015 23932 17881 26649 26640 23780 5648 17721 3430 44259 43665 125207
is_linear=0
shrinkage=0.05


Tree=4
num_leaves=63
num_cat=0
split_feature=23 4 21 4 23 14 10 21 4 3 12 6 19 16 4 21 12 3 21 6 4 21 8 4 10 19 3 4 4 19 6 4 10 0 0 8 6 1 23 6 3 21 0 16 0 0 6 6 3 5 19 3 8 6 3 4 19 4 3 6 14 15
split_gain=2791.52 404.863 399.633 370.125 305.023 150.475 140.853 114.868 76.5089 64.651 61.5849 54.937 54.1536 51.6757 44.8423 35.6435 34.2175 35.3527 33.4466 32.9348 32.073 31.3706 28.3963 27.618 28.4237 27.3181 27.1072 37.4619 25.3172 23.9013 46.4009 23.2874 22.72 21.6027 21.114 21.0705 20.3696 24.2545 20.2917 20.145 19.876 19.8341 19.8779 20.877 19.6725 21.8263 19.5512 19.2925 19.1969 18.5689 18.4575 33.5671 30.0765 19.0955 32.104 18.4283 18.8516 18.2911 18.2853 25.1695 18.0486 22.8452
threshold=3.5000000000000004 29.500000000000004 3.519577264785767 9.5000000000000018 1.5000000000000002 8.5000000000000018 13.500000000000002 5.5553317070007333 3.5000000000000004 0.009756329935044052 6.5000000000000009 36.500000000000007 1.5000000000000002 60.000000000000007 2.5000000000000004 13.592402935028078 60.000000000000007 0.0080972984433174151 16.006620407104496 1.5000000000000002 41.500000000000007 24.194247245788578 1.0000000180025095e-35 42.500000000000007 16.500000000000004 2.5000000000000004 1.0000000180025095e-35 19.500000000000004 51.500000000000007 1.5000000000000002 60.500000000000007 57.500000000000007 4.5000000000000009 31.500000000000004 67.500000000000014 3.5000000000000004 34.500000000000007 0.0079052620567381399 2.5000000000000004 2.5000000000000004 0.015504807699471714 20.516546249389652 97.500000000000014 2.5000000000000004 6.5000000000000009 37.500000000000007 54.500000000000007 31.500000000000004 0.0096620614640414732 1.0000000180025095e-35 2.5000000000000004 0.0087337908335030096 12.500000000000002 47.500000000000007 0.0079052620567381399 98.500000000000014 2.5000000000000004 11.500000000000002 0.0079052620567381399 20.500000000000004 5.5000000000000009 0.015749008394777778
decision_type=2 2 2 2 2 2 2 2 2 2 2 2 2 2 2 2 2 2 2 2 2 2 2 2 2 2 2 2 2 2 2 2 2 2 2 2 2 2 2 2 2 2 2 2 2 2 2 2 2 2 2 2 2 2 2 2 2 2 2 2 2 2
left_child=1 8 4 5 13 19 9 10 29 12 36 55 22 -3 -7 50 32 28 34 44 -19 41 -5 24 -12 46 27 -10 38 -1 -31 -15 -13 -24 -4 -26 -8 -38 -18 -36 -33 42 -16 -44 -2 -46 58 49 -39 -41 51 -14 -52 54 -54 56 -6 -9 -25 -60 61 -30
right_child=3 2 18 6 11 14 7 57 26 -11 23 16 15 31 21 -17 17 20 -20 -21 -22 -23 33 25 35 -27 -28 -29 60 30 -32 40 -34 -35 39 -37 37 48 -40 47 -42 -43 43 -45 45 -47 -48 -49 -50 -51 52 -53 53 -55 -56 -57 -58 -59 59 -61 -62 -63
leaf_value=0.054006638272703002 0.059254194183096826 -0.081081562821547548 0.027859893767700296 0.010085467106454827 -0.068868013933916672 0.031416371112389846 0.036605060210329179 -0.031763074624322978 0.023586926506646223 0.027845852151989099 -0.050947895423831303 0.056797628213431921 0.041610032539197803 -0.024583226567725585 0.0094005153050733519 0.041134349417072058 0.00031092664144873159 -0.049288284676868521 0.034204500663908378 0.038638566662809071 -0.016041056793252233 0.056681297616049842 0.055326586389958313 0.013524809140933888 -0.10483159908089996 -0.01053222062272844 -0.012239528167004576 -0.027837327271033604 0.033064339145345602 0.038802377514988495 -0.02298108083492785 -0.052313331684085224 -0.010822608640758999 -0.081050730625954193 0.064792937109465085 -0.0015628730476704952 -0.061715413990971024 0.05279994087284598 -0.049665773168461061 -0.10411365967097599 0.049113760899091356 -0.10367710560908966 -0.10650940235964799 0.035520319544692112 0.0092811941028067696 0.049514478162374732 -0.05971233188442903 -0.0032707773494537887 -0.047291834742854283 0.018711826061297804 -0.010336428139101574 -0.10193547130000916 0.02168255464807824 0.033320466542481317 -0.10162286002138127 0.0021897815075866893 -0.013679604036385781 0.026935955640841378 -0.097507630775134524 -0.019109238442077011 -0.04427716027520074 -0.096600730826160996
leaf_weight=70.438199178315699 424.52705591823906 152.98132909624837 64.159145245328546 17.32388778636232 18.351439633639529 725.93984089675359 107.84188411943614 13.751588137121869 141.38711235451046 1082.9901211457327 30.837128257146105 14.343334101606159 54.734904888086021 80.679183303611353 667.10482715209946 84.529461445752531 66.610918865422718 86.855379555840045 101.69511771935504 1016.5032642297447 440.06852942542173 41.606694367248565 3.2010742556303731 25.536488750483841 4.9667725029867134 308.57860826235265 405.20844198903069 47.251397737301886 15.356854107463734 90.900577873690054 45.651300207595341 1797.1141999849351 92.740785380243324 31.265328796231188 10.364243984688072 897.55911093496252 12.909498398192225 16.505862270249057 29.220303418580443 9.3263147725956497 4.8431647357065222 3.6801130957901469 2.6500016823410979 109.38971123890951 44.767301852814853 136.46842928556725 56.9938879404217 278.82747380726505 6.7492334786802521 4.5923702670261255 213.92704670119565 4.4000184272881588 16.927178674144674 83.989881191635504 7.6710497499443582 221.77711536758579 98.67391484323889 380.10017711576074 13.338927456177769 44.032896659336984 567.78962494595908 4.3617872495669863
leaf_count=881 1065 63351 2598 446 3030 7640 1647 413 10313 13128 1524 594 1205 22452 15044 1122 14295 17411 1698 6586 76937 227 35 2025 208 31069 46592 9473 1973 1833 3417 627079 17493 6375 85 50764 1648 406 7639 883 380 118 110 1551 338 490 8991 21911 356 230 10931 234 621 2459 519 21571 13166 8775 1559 3501 144012 1099
internal_value=3.91089e-05 -0.0283824 -0.0346486 0.0211073 -0.0401715 0.0334931 0.00994576 0.000812753 0.00417332 0.0208971 -0.00540114 -0.0242378 0.00636837 -0.053135 0.0223544 0.011757 -0.028856 -0.031253 0.00882877 0.0441382 -0.0215214 0.014375 -0.0421363 -0.00864388 -0.00374402 -0.0188413 -0.00495081 0.0107058 -0.0387571 0.0303501 0.0181473 -0.0508641 -0.00176525 -0.0683847 0.00180235 -0.00213118 0.0257153 -0.00675772 -0.0149277 -0.00371323 -0.0520407 0.0121265 0.0126734 0.032161 0.0533669 0.0395764 -0.0371684 -0.00613859 0.0237507 -0.0635883 0.0052504 0.0309293 0.000542024 0.0219734 -0.0167707 -0.00628096 -0.022334 0.0248864 -0.021671 -0.0373368 -0.042644 0.00438227
internal_weight=11654.9 4961.57 4160.73 6693.3 3691.77 3172.64 3520.66 1919.7 800.837 1600.96 1525.85 1656.15 517.97 2035.62 1550.37 466.18 1317.35 1210.26 468.965 1622.27 526.924 824.431 51.7903 1381.84 933.363 448.481 593.847 188.639 683.339 206.99 136.552 1882.64 107.084 34.4664 367.27 902.526 144.006 36.1646 95.8312 303.11 1801.96 782.825 779.145 112.04 605.763 181.236 139.902 292.746 23.2551 13.9187 381.65 59.1349 322.515 108.588 24.5982 338.802 117.025 393.852 82.9083 57.3718 587.508 19.7186
internal_count=1315526 1132396 1059887 183130 1032482 33169 149961 112886 72509 37075 103698 319220 23947 713262 24690 17091 281453 263366 27405 8479 94348 17050 6856 99641 52496 47145 66378 19786 169018 6131 5250 649911 18087 6410 25707 50972 4057 2410 21934 23109 627459 16823 16705 1661 1893 828 16076 23024 762 1113 15969 1439 14530 3599 1140 37767 16196 9188 7085 5060 147084 3072
is_linear=0
shrinkage=0.05


Tree=5
num_leaves=63
num_cat=0
split_feature=23 24 4 23 18 4 24 16 0 4 18 13 24 18 24 0 19 24 11 2 6 14 18 14 18 19 2 0 18 6 18 13 18 16 11 14 2 16 24 19 18 6 2 2 6 2 4 4 19 18 24 16 14 13 18 0 6 4 24 13 18 18
split_gain=2521.29 686.564 426.343 377.292 271.596 150.13 107.752 115.168 77.1927 68.9979 63.626 63.0741 56.4012 49.9063 57.6594 58.9015 49.2412 43.6048 38.8055 38.6926 35.059 34.3132 33.9758 33.6514 32.3188 30.8753 30.2656 30.7417 30.1558 28.613 31.8916 29.8104 27.9852 48.5198 27.4545 32.1692 27.1035 26.2918 26.1109 24.9707 33.0128 44.5689 26.1063 27.6846 25.0989 24.7399 24.5685 37.7486 24.6412 24.5144 46.4149 24.1586 24.4971 24.0887 23.9105 23.0487 22.8565 22.1777 21.4269 21.6353 22.2464 22.2095
threshold=3.5000000000000004 0.53202819824218761 15.500000000000002 4.5000000000000009 74.500000000000014 1.5000000000000002 0.377801463007927 11.500000000000002 8.5000000000000018 20.500000000000004 57.500000000000007 1.0000000180025095e-35 0.57126262784004223 71.500000000000014 0.72294926643371593 95.500000000000014 4.5000000000000009 0.29634928703308111 0.014389234129339458 74.500000000000014 28.500000000000004 4.5000000000000009 71.500000000000014 14.500000000000002 51.500000000000007 4.5000000000000009 17.500000000000004 1.5000000000000002 38.500000000000007 3.5000000000000004 59.500000000000007 0.014815627597272398 79.500000000000014 2.5000000000000004 0.012739370577037336 12.500000000000002 44.500000000000007 2.5000000000000004 0.27671159803867346 4.5000000000000009 1.5000000000000002 11.500000000000002 34.500000000000007 12.500000000000002 48.500000000000007 5.5000000000000009 37.500000000000007 51.500000000000007 1.5000000000000002 26.500000000000004 0.48702657222747808 6.5000000000000009 60.000000000000007 0.012579114176332952 77.500000000000014 1.0000000180025095e-35 2.5000000000000004 7.5000000000000009 0.62446022033691417 1.0000000180025095e-35 14.500000000000002 20.500000000000004
decision_type=2 2 2 2 2 2 2 2 2 2 2 2 2 2 2 2 2 2 2 2 2 2 2 2 2 2 2 2 2 2 2 2 2 2 2 2 2 2 2 2 2 2 2 2 2 2 2 2 2 2 2 2 2 2 2 2 2 2 2 2 2 2
left_child=1 2 19 8 6 21 18 -8 -2 26 12 20 23 14 15 24 45 -17 -4 56 -9 -5 -23 -3 39 53 -7 -28 -22 -11 31 34 33 -12 35 -31 -25 -19 -20 40 -10 -42 43 -43 -45 -15 -33 48 -48 -49 -51 -6 -53 -14 57 -50 -1 -35 59 60 -41 -61
right_child=3 10 4 5 51 9 7 11 13 29 32 -13 25 16 -16 17 -18 37 38 -21 28 22 -24 36 -26 -27 27 -29 -30 30 -32 46 -34 54 -36 -37 -38 -39 -40 58 41 42 -44 44 -46 -47 47 49 55 50 -52 52 -54 -55 -56 -57 -58 -59 -60 61 -62 -63
leaf_value=0.066556044149691046 0.017524337810322265 0.064827164143894209 -0.067246969792742292 0.053861015606128285 0.04293793131721655 0.03124763677190311 0.010334975632023617 -0.025654115731704088 -0.0014489838411908054 0.033606082594886212 -0.10669977669427835 -0.0013273901482025424 -0.015361108400157168 -0.10719852925406984 0.014781825552653364 -0.055033828256683529 -0.032522018676623951 -0.10461473055066868 -0.058424411859032334 0.029449502913215766 -0.059482774935094546 0.036114190777395631 -0.10894337058703188 -0.0072578897872101547 -0.0044071110311584101 0.0067946796115463783 -0.10790299908708663 0.016520871471286398 -0.044272879374087422 -0.077507421755037109 0.025243606694259058 0.031780504551779568 0.041084927724147333 0.043383650284846448 0.00590268094365844 -0.010671494353923779 -0.037384563915227959 0.014319112450900274 0.024083404389338439 -0.091166370201674882 -0.10116529924718994 -0.071599306980038094 -0.056982353790765577 0.005055122739073898 -0.06558912648263103 0.041665902115456149 0.039130826135323496 0.040576971723812555 0.085350737980271152 -0.10567695372738194 0.0099336179470102693 -0.091863436328999515 0.00095068007798835186 0.053698461395721098 -0.064480291634215314 -0.093093491540793466 -0.028381972664627927 0.0078194369981233608 -0.00038813264871675264 0.073779756220230044 -0.027071332817249844 -0.10266779373880133
leaf_weight=7.2327778178732833 630.2925282693468 10.081305273808537 939.64768622681731 558.03446647990495 34.307052771560848 1888.5537611515028 91.363707470241934 136.89464904740453 54.881267312797718 166.26332237618044 9.0661808643490058 70.604672134853899 334.72264359798282 2.8581285132095209 262.52300171810202 26.112538778223097 30.889533396344632 4.7229834096506229 18.631161891855299 203.78037301870063 685.28433145815507 392.25850502005778 4.0787011883221558 109.23041962110437 266.67089008924086 481.46256504650228 5.0447894944809368 311.28133269271348 621.36653494252823 21.234746894449927 301.96799137466587 156.53377433563583 73.626059940084815 49.767965645063668 307.2129337717779 118.32043081149459 235.85603932430968 287.89108586404473 19.757759904256091 15.889047464239409 30.245834292611107 20.710293677868322 82.611975068226457 71.950417364598252 15.235418836819006 118.79842358781025 6.0177472271025207 57.944045749958605 2.0035562012344625 9.3914899094961566 114.86318159941584 7.3833471341058603 191.53048108669464 13.122171151218934 10.45947053725831 18.692749059991911 51.344203407992609 367.76228476059623 131.01987328822725 8.6480053737759572 91.488316221046261 2.2467163945548227
leaf_count=86 14931 608 340388 1589 1084 17858 4491 28844 4508 1470 394 11332 59490 96 9828 8674 2258 471 6129 7931 232262 2351 106 16669 16254 74141 183 5635 188867 1725 6134 1866 3350 1205 8587 5649 69212 15220 2124 3571 2692 1854 13195 4214 2498 2453 84 815 2 765 2534 2016 24642 883 1437 849 7116 46874 9992 93 11948 267
internal_value=-6.55212e-05 -0.0277396 -0.0418081 0.0199673 -0.0474863 0.0283004 -0.052151 -0.0441813 0.0028051 0.0234891 -0.00218526 -0.0474708 -0.00854581 -0.00327689 -0.0062916 -0.0112742 0.0238542 0.00687479 -0.0652339 0.0191547 -0.0497277 0.0458711 0.0346214 -0.025218 -0.0185816 -0.00140561 0.0288502 0.0145366 -0.0522498 0.0142574 0.0113701 0.0062122 0.0125674 0.00776336 -0.00245122 -0.0208413 -0.0278486 0.0123994 -0.0159598 -0.0257824 -0.0361535 -0.0447813 -0.0358296 -0.0196337 -0.00728971 0.0381686 0.0168035 0.00558151 -0.0499246 0.0137198 0.00119547 0.00418873 -0.00249442 -0.0127559 0.010188 -0.0758188 -0.0166595 0.0120586 -0.0143155 -0.0297439 -0.0365557 0.0373926
internal_weight=11369.7 4774.29 3079.13 6595.38 2816.77 4439.7 2583.55 1605.51 2155.69 3485.33 1695.16 1514.15 1184.48 1525.39 1372.85 1110.32 152.546 318.727 978.037 262.357 1443.55 954.372 396.337 355.168 791.598 829.307 2204.88 316.326 1306.65 1280.45 1114.18 812.215 510.682 437.056 446.768 139.555 345.086 292.614 38.3889 524.927 275.635 220.754 190.508 107.896 87.1858 121.657 365.447 208.913 26.7141 182.199 124.255 233.221 198.914 347.845 427.99 20.6963 58.577 417.53 249.292 118.272 107.377 10.8947
internal_count=1314794 1131575 857312 183219 842179 58202 814437 465796 125017 54156 274263 461305 221003 110086 105279 95451 4807 24365 348641 15133 449973 4046 2457 86489 71086 134514 23676 5818 421129 30480 29010 22876 53260 49910 15961 7374 85881 15691 8253 54832 28961 24453 21761 8566 6712 2549 6915 5049 935 4114 3299 27742 26658 60373 49516 851 7202 48079 25871 15879 15519 360
is_linear=0
shrinkage=0.05


Tree=6
num_leaves=63
num_cat=0
split_feature=24 5 21 15 15 5 21 2 18 24 24 5 24 12 12 18 6 0 21 10 18 5 5 6 15 6 24 2 12 24 21 21 24 0 10 18 16 6 10 18 10 21 5 18 18 2 18 2 21 21 17 21 2 24 24 18 19 5 10 24 24 10
split_gain=2125.1 615.766 495.453 493.717 206.66 119.334 128.532 102.202 97.531 83.9337 83.803 82.2417 72.5777 60.2269 50.7909 43.3159 45.3573 40.7449 38.2238 37.6006 42.9086 35.6281 34.6613 30.3028 29.8517 31.2818 31.9786 31.8074 29.697 29.5729 32.0789 28.6055 30.9757 28.2695 26.7891 26.7713 26.4002 26.3442 25.7094 25.3387 25.2699 28.5997 24.8666 24.0323 29.0491 22.7789 24.3151 25.6068 22.4376 35.0316 23.2134 22.3795 22.3577 22.3014 22.2647 22.0167 21.979 21.8841 21.5457 21.4112 21.1285 34.097
threshold=0.53202819824218761 0.010256679728627207 7.3998341560363778 0.012739370577037336 0.013986697886139156 0.015504807699471714 3.519577264785767 2.5000000000000004 77.500000000000014 0.46422630548477178 0.62964540719985973 0.013986697886139156 0.22894848138093951 60.000000000000007 60.000000000000007 61.500000000000007 48.500000000000007 21.500000000000004 12.215919494628908 8.5000000000000018 30.500000000000004 0.016261236742138866 0.0096620614640414732 6.5000000000000009 0.015268065501004459 7.5000000000000009 0.69296044111251842 1.0000000180025095e-35 1.0000000180025095e-35 0.36000981926918035 5.77701759338379 8.9144048690795916 0.77566510438919078 53.500000000000007 17.500000000000004 48.500000000000007 15.500000000000002 2.5000000000000004 14.500000000000002 68.500000000000014 1.0000000180025095e-35 3.519577264785767 0.015268065501004459 28.500000000000004 75.500000000000014 91.500000000000014 72.500000000000014 26.500000000000004 7.9491722583770761 8.6680073738098162 0.013072453904896976 18.957261085510257 50.500000000000007 0.59293338656425487 0.44018121063709265 71.500000000000014 3.5000000000000004 0.0098524559289217013 14.500000000000002 0.27671159803867346 0.58682614564895641 2.5000000000000004
decision_type=2 2 2 2 2 2 2 2 2 2 2 2 2 2 2 2 2 2 2 2 2 2 2 2 2 2 2 2 2 2 2 2 2 2 2 2 2 2 2 2 2 2 2 2 2 2 2 2 2 2 2 2 2 2 2 2 2 2 2 2 2 2
left_child=1 2 4 5 8 6 10 24 9 19 13 14 -6 38 28 16 58 -15 48 20 59 -13 31 -14 -5 -26 -27 -28 -3 30 -21 32 36 52 57 -11 -9 39 56 -7 -38 60 -29 53 51 46 47 -17 -4 50 -50 -45 -10 -24 -35 -39 -2 -19 -16 -1 -42 -62
right_child=3 11 18 7 12 37 -8 22 33 35 -12 21 23 17 15 45 -18 34 -20 29 -22 -23 43 -25 25 26 27 42 -30 -31 -32 -33 -34 54 -36 -37 40 55 -40 -41 41 -43 -44 44 -46 -47 -48 -49 49 -51 -52 -53 -54 -55 -56 -57 -58 -59 -60 -61 61 -63
leaf_value=-0.077835021419406888 0.025333776502033657 -0.10927999982217303 0.033711610183052645 0.030420258359488479 -0.080002745054068264 0.036002306708085352 0.021751566604276164 -0.10510377451901259 -0.099301318770161268 -0.047289041444093169 0.0041288322752325258 0.017218666738383334 0.060808719041547256 0.0019241072651261988 0.066914672333255626 0.046041859621893423 -0.042180940190936184 0.041208158545846134 0.036433468149323953 -0.071232885773422225 -0.063287288686411328 0.053814323025205307 0.057104715959592538 0.0012038769071817971 0.051008883835944076 0.048633611349167521 -0.1098291157521863 -0.10794846221278356 0.033976543340846078 -0.055940198681905341 0.0080945495650319825 0.032432158435927956 -0.10236296764694799 -0.051457441811325534 -0.021958989725203545 -0.026581590354180791 0.041742609608675485 0.011517479376381956 0.031863737574880001 -0.10775016021370776 0.021004592681325471 -0.10396848644256916 0.027534072860731812 0.018312251103941645 0.052071540281261069 0.036734485042002413 -0.099473049584248352 -0.068925914266491667 0.0050003986463499663 0.0034182364066985566 -0.10298288045392867 0.039314310605930221 0.034150523599312019 0.030541197773782378 0.0027608624240012991 0.053039823148015655 -0.10508205741647103 -0.057856440767982104 -0.0068893814715096733 0.054525398080357737 -0.081923047361191714 -0.00086455576271168258
leaf_weight=3.6509248134680119 6.1450097723864001 3.7854770873673251 40.158519053831697 372.04437881358899 26.165872775367461 274.22024489287287 561.61654280964285 5.3794784941710523 3.4056356025394043 478.07861642399803 1419.1147718501743 283.057280285866 24.402739092474803 252.78989059408195 11.34524756669998 14.35227041272447 157.29320423485478 28.860707180574536 151.35103391297162 719.47981222486123 24.020976302446797 86.934213656000793 95.946527395397425 168.99260499258526 680.59606271935627 35.949355662800372 7.5156227573752394 3.9966658051125732 81.585369150619954 804.2538000640925 12.973993902560322 105.65561768459156 6.9311666381545356 41.715590802603401 1007.6270222164458 231.74266824463848 43.505524098407477 409.53554282675032 94.730770209571347 3.100102934986352 96.532031412702054 6.4009866686537853 22.194984960369766 1072.7911732019857 79.066529338480905 50.36021295748651 7.0826846971176556 7.3102199921850106 7.5459954864345518 97.498179439688101 14.618909106589852 143.85181831195951 40.006435044342652 447.70750534790568 34.673552372027189 34.623873819597065 6.8118163230828941 6.9094842872582367 77.025529080536216 18.730537529103458 14.559184373822061 119.1242290600203
leaf_count=1563 202 104 2276 2440 11839 1941 15070 268 472 151908 105532 11363 185 21937 123 608 35447 2118 3599 287547 6933 763 641 15465 1900 173 98 99 1505 274840 2008 1413 301 9321 208972 57316 504 8758 5124 114 4017 354 125 14376 484 2494 883 1162 902 6942 2391 1017 3181 4415 3960 357 676 500 7104 811 579 5274
internal_value=8.40683e-05 -0.0307701 -0.0412378 0.0154726 -0.0482908 0.00384184 -9.36176e-05 0.0296871 -0.052517 -0.0548149 -0.00443958 0.00872491 -0.00184912 -0.013101 -0.00669429 -0.0157155 -0.0260774 -0.0160861 0.0184257 -0.0612205 -0.0168763 0.0258173 0.0235109 0.00872485 0.0420002 0.0477426 0.015829 -0.0191576 0.0276243 -0.0625595 -0.0698278 0.0101339 0.0020775 -0.00853741 -0.0204495 -0.0405285 0.00461302 0.0223039 0.0228286 0.0343953 0.00672003 0.000280593 0.00686037 0.026406 0.022704 0.0164636 -0.01905 0.00724486 0.00137225 -0.00948072 -0.0662202 0.0207955 0.0236814 0.0352292 -0.0268474 0.0147543 -0.04323 0.0220725 0.00258576 0.0329344 0.00317917 -0.00969247
internal_weight=11189.4 3723.6 2943.47 7465.83 2632.29 4106.09 3384.61 3359.75 2412.73 2292.93 2822.99 780.132 219.561 1403.87 410.14 324.769 245.664 1296.19 311.173 1583.11 46.4024 369.991 2237.45 193.395 1122.3 750.253 69.6566 33.7073 85.3708 1536.71 732.454 398.088 292.433 119.801 1043.4 709.821 285.501 721.48 107.688 277.32 280.122 236.616 26.1917 1839.36 1295.71 79.1054 28.7452 21.6625 159.822 119.663 22.1649 1216.64 43.4121 543.654 76.3891 444.159 12.9568 35.7702 88.3708 22.3815 230.215 133.683
internal_count=1314794 905015 843459 409779 827349 371301 360131 38478 799860 782926 345061 61556 27489 239529 49430 47821 42674 233527 16110 573702 9307 12126 33643 15650 4835 2395 495 322 1609 564395 289555 12710 11297 16934 211590 209224 10996 11170 6002 2055 10728 10224 224 20933 15877 5147 2653 1770 12511 10235 3293 15393 3653 5056 13281 9115 878 2618 7227 2374 9870 5853
is_linear=0
shrinkage=0.05


Tree=7
num_leaves=63
num_cat=0
split_feature=23 23 23 4 21 21 4 4 2 6 10 0 2 10 9 16 14 10 4 21 6 14 12 19 16 0 21 6 14 0 6 12 4 12 2 6 3 9 0 4 6 12 14 21 19 14 6 9 21 16 12 6 0 12 10 9 2 6 4 9 6 4
split_gain=2155.76 335.907 267.417 246.523 179.129 121.941 105.636 104.447 84.7663 56.2501 38.7166 38.2314 42.514 36.1572 35.2725 34.6602 33.7532 33.6732 28.3843 27.8995 27.8389 27.4573 24.9749 24.4934 22.6552 33.8479 21.8454 21.7638 24.5786 20.6343 20.297 19.8639 19.4714 18.6684 18.5958 18.3981 17.751 19.859 17.6507 33.6604 21.5576 25.3619 20.3485 17.5237 17.4419 17.2552 22.7719 21.8669 20.8689 19.3085 17.1122 29.5172 16.8844 22.129 31.6483 19.8302 16.8566 16.8423 27.6453 16.7159 16.3719 28.1871
threshold=3.5000000000000004 1.5000000000000002 5.5000000000000009 24.500000000000004 3.519577264785767 7.8472924232482919 19.500000000000004 3.5000000000000004 1.5000000000000002 28.500000000000004 60.000000000000007 29.500000000000004 29.500000000000004 5.5000000000000009 0.013072453904896976 60.000000000000007 5.5000000000000009 4.5000000000000009 2.5000000000000004 7.814871311187745 7.5000000000000009 13.500000000000002 14.500000000000002 3.5000000000000004 12.500000000000002 12.500000000000002 13.927346229553224 100.00000000000001 9.5000000000000018 27.500000000000004 93.500000000000014 13.500000000000002 17.500000000000004 1.5000000000000002 21.500000000000004 1.0000000180025095e-35 0.0072203108575195083 0.014185110572725536 31.500000000000004 12.500000000000002 11.500000000000002 6.5000000000000009 60.000000000000007 7.3838927745819101 1.5000000000000002 16.500000000000004 35.500000000000007 0.013072453904896976 6.2487342357635507 1.0000000180025095e-35 60.000000000000007 14.500000000000002 23.500000000000004 14.500000000000002 12.500000000000002 0.013423423748463394 12.500000000000002 77.500000000000014 55.500000000000007 0.013423423748463394 36.500000000000007 40.500000000000007
decision_type=2 2 2 2 2 2 2 2 2 2 2 2 2 2 2 2 2 2 2 2 2 2 2 2 2 2 2 2 2 2 2 2 2 2 2 2 2 2 2 2 2 2 2 2 2 2 2 2 2 2 2 2 2 2 2 2 2 2 2 2 2 2
left_child=1 3 6 23 15 7 18 -3 16 -9 14 57 -13 20 -11 -5 -4 29 -2 35 -10 32 -14 -1 -15 -26 36 60 33 -8 -23 -32 -20 -29 -17 -19 -27 -38 39 40 42 -42 -39 52 -31 47 49 50 -48 -47 -22 56 -37 54 59 -56 -52 -12 -59 -54 -21 -62
right_child=2 5 8 4 -6 -7 17 9 13 10 11 12 22 24 -16 34 -18 19 21 27 45 30 -24 -25 25 26 -28 28 -30 44 31 -33 -34 -35 -36 43 37 38 -40 -41 41 -43 -44 -45 -46 46 48 -49 -50 -51 51 -53 53 -55 55 -57 -58 58 -60 -61 61 -63
leaf_value=0.030173990097459087 0.025549350839212667 0.020163896675636134 0.048283606854900324 -0.073189166983400347 0.0057242090748396146 0.023712145488982306 -0.10655156632663321 -0.0021230092704841168 0.037004924119802947 0.021991951153268477 0.024586642787594277 -0.0090039516581758641 -0.0027767426703811373 0.02900189474354653 -0.055243748212278045 0.0038416791952567593 0.02604255357328833 0.041323093167489722 0.0380350980641855 0.013370337967686139 0.053623458632401269 0.0097181183297286641 -0.035463169452450448 -0.021587454371837636 0.023771766190850991 -0.046896057320523696 -0.099419996545167116 0.061116415778064474 0.044295076533105021 -0.025379716044543556 0.01940945930332463 -0.10107423121887132 -0.10787515015458976 -0.10722686116034351 -0.047616838837045906 0.0017774589801668784 0.015735505926264836 -0.10826524527331566 0.0040807201414107454 -0.078431416559277822 0.05835769873916901 -0.10570690497460777 0.056569146267538721 -0.10128703614333145 0.024987384167690436 0.051002102355972724 0.049107503774174631 0.020389670009586025 -0.1058127532964913 -0.10527607025237309 -0.10399010919772066 -0.10377413750666008 -0.10576577072430425 -0.018231894040639133 0.033517043176657789 -0.017520714867833024 0.072005311096022109 -0.0029040142394955296 -0.03975635407338507 -0.017514090162198463 -0.1008316897539317 -0.0050927703342685364
leaf_weight=126.61233921791427 559.11570385657251 178.3925254852511 607.15575876832008 137.23141630191822 162.44202456064522 206.35883900313638 3.2992205675691357 368.89020770910429 645.80873040971346 77.076032262761146 32.94540038285777 212.77202743093949 62.129968354594894 330.19472572673112 18.290050446987152 17.73598268115893 237.24132297514006 17.710499763255939 109.74239401961677 80.639464984182268 89.212468687444925 924.41630164370872 983.96551788598299 27.889035063562915 444.13538498757407 15.476483820471911 4.984086461365222 2.4554038811475039 61.920223806286231 19.235668051056564 5.871103936340659 8.1974407974630576 2.3351261615753165 5.0012086522765449 1735.7437960348325 242.17093255266082 287.24696025182493 6.2799933650530875 134.31718857795931 21.220045696012676 16.442452975548807 2.7494263905100516 2.6676205238327402 5.2408929127268484 161.51749889133498 2.5457192910835138 12.832366882823406 577.15747566125356 2.617169194854795 8.8391478583216685 1.6120581021532405 4.9672323593404135 6.0306088370271018 548.12621803674847 72.829621557146311 25.76490350975655 8.7195573165081424 177.7608058671467 71.302628344390541 48.66373414802365 9.438475630246101 41.45313235046342
leaf_count=3389 6237 5334 1832 63311 16746 7227 210 37170 3510 8876 3870 31562 10703 4048 5662 4503 1530 443 1103 2157 542 31044 238574 4880 5117 1296 257 32 993 2187 164 916 96 405 647874 16757 7176 158 3131 971 86 88 13 399 5623 21 168 6776 86 371 52 216 585 60766 3192 3246 33 23934 17960 7115 632 1439
internal_value=0.000124247 -0.0260161 0.0188278 -0.0400779 -0.0446613 -0.0130266 0.00779483 -0.0164986 0.0282581 -0.0197604 -0.0237368 -0.0256502 -0.0293779 0.023818 0.00717909 -0.0489902 0.0420348 -0.00251153 0.0164481 -0.00564523 0.0294964 0.0116044 -0.0335218 0.0208305 0.0177422 0.013768 0.00472619 0.0113083 0.0339676 0.0173655 0.008811 -0.0507938 0.0349951 -0.0517927 -0.0470963 -0.00916926 0.00579336 0.00752495 -0.0053153 -0.0308838 0.00497203 0.0348538 -0.0591219 -0.0101117 0.0196273 0.0226523 -0.0166755 0.0242004 0.0228638 -0.0703314 0.0452451 -0.00361164 -0.00960532 -0.0135353 0.00325843 0.0201798 0.0445445 -0.00901013 -0.0134542 -0.0272447 -0.000643436 -0.0228487
internal_weight=11023.1 4597.54 6425.6 2207.65 2053.15 2389.88 2961.18 2183.53 3464.42 2005.13 1636.24 1540.88 1258.87 2620.03 95.3661 1890.71 844.397 1351.5 1609.68 1167.45 1354.31 1050.56 1046.1 154.501 1265.71 935.52 491.384 200.908 69.3768 184.052 938.485 14.0685 112.078 7.45661 1753.48 966.537 486.4 470.924 183.677 49.3595 28.1395 19.1919 8.94761 948.827 180.753 708.503 26.8344 681.669 15.4495 11.3849 104.511 15.2988 943.586 701.415 153.289 98.5945 10.3316 282.009 249.063 54.6943 131.531 50.8916
internal_count=1314794 1131575 183219 740703 732434 390872 145741 383645 37478 378311 341141 326603 280839 34116 14538 715688 3362 106181 39560 98161 11775 33323 249277 8269 22341 18293 13176 5658 1430 8020 32124 1080 1199 437 652377 92503 12919 11623 4447 1316 345 174 171 92060 7810 8265 646 7619 254 392 843 301 91661 74904 14138 6438 85 45764 41894 7700 4228 2071
is_linear=0
shrinkage=0.05


Tree=8
num_leaves=63
num_cat=0
split_feature=24 4 21 14 12 18 2 18 24 2 18 24 12 11 4 6 18 24 21 4 14 24 2 2 6 18 21 0 18 18 24 18 12 8 2 6 14 4 2 6 19 19 0 6 21 11 6 6 8 19 11 19 11 11 2 4 24 24 6 11 18 8
split_gain=1793.16 505.211 453.604 421.99 205.568 104.138 97.7407 147.658 81.5596 77.1387 69.0147 68.4926 68.4772 44.4705 41.0162 39.8533 39.3137 43.0658 38.7015 35.9076 35.4443 34.9588 33.8756 48.8573 37.9549 31.8138 30.1388 29.2858 25.9851 24.8088 24.7892 24.5297 23.4841 30.4461 23.5172 44.8584 28.8936 23.2477 22.732 34.2274 22.3926 21.3004 34.5308 26.7306 31.9831 36.9973 21.1972 21.0768 20.4288 27.2878 20.1253 19.9446 19.5556 19.5156 21.6273 19.5084 20.7922 19.4822 19.0045 18.7428 21.2399 19.3919
threshold=0.53202819824218761 36.500000000000007 4.8930985927581796 17.500000000000004 18.500000000000004 76.500000000000014 18.500000000000004 51.500000000000007 0.29634928703308111 2.5000000000000004 73.500000000000014 0.38607107102870947 60.000000000000007 0.013423423748463394 12.500000000000002 6.5000000000000009 74.500000000000014 0.6728767752647401 4.3622593879699716 7.5000000000000009 3.5000000000000004 0.55413946509361278 27.500000000000004 11.500000000000002 25.500000000000004 51.500000000000007 13.592402935028078 33.500000000000007 35.500000000000007 57.500000000000007 0.55070984363555919 23.500000000000004 7.5000000000000009 60.000000000000007 13.500000000000002 29.500000000000004 11.500000000000002 1.0000000180025095e-35 75.500000000000014 28.500000000000004 4.5000000000000009 1.5000000000000002 4.5000000000000009 2.5000000000000004 13.413187980651857 1.0000000180025095e-35 19.500000000000004 7.5000000000000009 13.500000000000002 7.5000000000000009 0.013245614245533945 6.5000000000000009 0.015504807699471714 0.013423423748463394 4.5000000000000009 33.500000000000007 0.21473622322082522 0.46689391136169439 4.5000000000000009 0.015268065501004459 12.500000000000002 12.500000000000002
decision_type=2 2 2 2 2 2 2 2 2 2 2 2 2 2 2 2 2 2 2 2 2 2 2 2 2 2 2 2 2 2 2 2 2 2 2 2 2 2 2 2 2 2 2 2 2 2 2 2 2 2 2 2 2 2 2 2 2 2 2 2 2 2
left_child=1 10 4 9 8 11 15 30 58 20 12 -6 -1 57 22 19 17 -9 21 31 -2 27 23 24 -14 50 -4 -17 -29 -23 -8 -5 38 34 35 37 48 -34 -11 -40 -12 -24 -43 -44 45 -45 -10 -20 -36 -50 -16 -32 -38 -21 -55 56 -42 -13 -3 60 -48 -61
right_child=3 2 26 6 5 -7 7 16 46 32 40 13 14 -15 25 18 -18 -19 47 53 -22 29 41 -25 -26 -27 -28 28 -30 -31 51 -33 33 -35 36 -37 52 -39 39 -41 55 42 43 44 -46 -47 59 -49 49 -51 -52 -53 -54 54 -56 -57 -58 -59 -60 61 -62 -63
leaf_value=0.032123852856766721 0.045454841094510229 0.076995042507243733 0.0014232492160071253 0.043292697477040815 -0.065900786572312062 -0.0022058613984624917 -0.033686955520105623 -0.00094807894542628065 0.0417772739629826 0.028218647228874395 0.053910481223530475 -0.054886476849614486 0.030567325009229842 0.016476932368501129 -0.03815744934500085 -0.10019868060210024 0.03130040267363049 0.027653024286335079 -0.10439384835753705 -0.0054404712973888771 0.027127373701620661 -0.00080218157562329969 0.032378781728948786 -0.10131729016585118 -0.062500057276970666 0.0047961129105918987 0.030620806196897998 0.030504431077721817 -0.094316508534357441 0.017934183998424721 -0.016456885627964057 0.020285932120067341 -0.10816946127111467 0.026849373006410028 -0.01053671493124328 -0.06495942331363283 0.021132863542928881 0.023678750014534143 -0.10964403786603105 0.010094463008148483 0.082914864901699858 0.043218805861730103 0.062523773901910884 -0.053736288345925136 0.072999050430913856 0.046217502797542692 0.022761986385529218 0.030179195640859725 -0.10287011848132153 0.03464016689871454 0.037341126053442114 -0.00031974990556627353 -0.10546132287958175 -0.11009220825065424 0.051160243683135348 0.074632235442741154 -0.1038857693330002 -0.042065776447366698 -0.063292843476164248 0.0018253186165774291 -0.02603667137548716 0.053702625314302324
leaf_weight=141.19205487507861 683.42201240151189 2.5101972622796884 239.01215290790424 171.94224741053768 805.45937572815455 99.518548410385847 160.0269839190878 548.31211035093293 33.607487829402089 1197.0750632169656 90.021569634322077 597.9269275595434 32.402592357713729 26.902957564918324 160.78462856507394 14.859396140789611 193.44209243473597 173.18683719658293 2.9603099394589654 149.81292351451702 429.6508480287157 688.06807469413616 99.80837388872169 16.094891805492807 16.550630290061235 76.577351259882562 140.24440537905321 13.773534496314825 5.9797437801025799 237.71250569773838 791.61510400101542 355.18426168244332 3.3827008719090363 390.79375211708248 118.16946181701496 15.575337052810935 96.852569278562441 286.8375185597688 6.6675292607396832 56.906070742057636 1.9352934267371873 34.378678732085973 9.5380960458423925 55.973167022224516 7.3004022091627112 11.092576708644627 29.640469537582248 169.75821413355879 13.767796829342844 4.8888620003126553 9.3395713312784192 252.56579829077236 3.1497903345152727 2.2498988029547062 27.432164942380041 3.88361294241622 6.4691224072594196 587.42770584544633 63.066525076515973 64.582518741488457 90.022795001510531 24.981989707797766
leaf_count=2116 2074 4 21207 1395 333392 16686 40587 71669 785 11383 1219 220189 785 4016 34657 1874 9009 8895 140 5137 2761 36370 1652 2308 1950 8841 2857 1259 1212 6956 135843 4223 66 7172 4318 510 3170 3149 382 2287 9 578 106 6071 45 123 3065 2993 952 94 200 43431 160 78 230 84 812 193216 24718 2789 20131 404
internal_value=0.000207497 -0.0287655 -0.0386305 0.0144756 -0.0465812 -0.0521366 0.00346245 -0.00385767 -0.00844356 0.0276592 0.00701485 -0.0545993 0.00118253 -0.0470902 -0.00706271 0.0118943 0.0112839 0.00591726 0.00608292 0.0212133 0.0383804 0.00216422 0.00592286 -0.0257447 -0.000897893 -0.0219662 0.0122201 -0.0471714 -0.00728156 0.00400875 -0.015362 0.0277905 0.0222202 0.0162086 0.00854517 0.0177056 -0.00328284 0.022142 0.0266714 -0.00246358 0.0452681 0.0153681 0.00101423 -0.0162785 -0.0263856 -0.0372041 0.00491812 0.0278727 -0.0182133 -0.0668364 -0.0340127 -0.0125536 0.0171455 0.00189803 0.0389373 -0.0180454 -0.060871 -0.0485329 -0.0579228 -0.00100243 -0.0139493 0.0162953
internal_weight=10844.3 3578.25 2804.9 7266.02 2425.65 2117.24 3958.88 2119.15 308.412 3307.14 773.343 2017.72 671.033 1212.26 529.841 1839.73 914.941 721.499 1133.11 706.621 1113.07 960.393 283.139 65.0481 48.9532 246.702 379.257 34.6127 19.7533 925.781 1204.21 527.127 2194.07 933.418 542.624 305.796 236.828 290.22 1260.65 63.5736 102.31 218.091 118.283 83.9042 74.3661 67.0657 242.835 172.719 136.826 18.6567 170.124 1044.18 100.002 179.495 29.6821 12.288 8.40442 1185.35 65.5767 209.228 119.663 89.5645
internal_count=1314794 905015 843459 409779 819395 767499 371301 309434 51896 38478 61556 750813 59432 417421 57316 61867 89573 80564 50804 11063 4835 47671 13618 5043 2735 43698 24064 4345 2471 43326 219861 5618 33643 19591 12419 3725 8694 3215 14052 2669 2124 8575 6923 6345 6239 6194 27174 3133 5364 1046 34857 179274 3330 5445 308 905 821 413405 24722 26389 23196 3193
is_linear=0
shrinkage=0.05


Tree=9
num_leaves=63
num_cat=0
split_feature=23 24 5 21 23 18 5 18 6 24 18 12 21 10 24 3 12 24 3 12 18 6 19 16 19 21 6 3 5 24 24 21 3 0 18 5 6 21 16 5 3 19 5 18 0 7 0 18 6 24 0 8 8 24 24 6 6 5 24 6 18 1
split_gain=1909.27 437.813 293.759 262.902 244.639 113.135 88.3619 62.7828 63.1282 61.8798 48.9304 44.9707 43.5571 43.3609 41.6056 38.6347 34.96 32.3198 31.1407 29.9992 28.8481 28.4567 44.3588 27.5264 26.6824 23.6888 23.6411 22.282 21.9905 21.0286 41.1022 23.1859 20.7543 25.5125 20.58 20.5116 20.2363 20.1699 31.2458 25.911 20.9059 32.2545 40.5279 20.1323 19.8904 19.4596 19.3895 19.1547 18.9581 18.62 21.4732 17.9365 19.5008 18.1741 17.6954 17.6461 17.0284 16.9088 16.867 16.8427 17.1716 16.6725
threshold=3.5000000000000004 0.53202819824218761 0.011561079882085325 4.8930985927581796 4.5000000000000009 76.500000000000014 0.016001024283468727 71.500000000000014 5.5000000000000009 0.377801463007927 57.500000000000007 60.000000000000007 10.199211597442629 5.5000000000000009 0.6352556347846986 0.0073801742400974044 18.500000000000004 0.64708903431892406 0.015749008394777778 12.500000000000002 73.500000000000014 100.00000000000001 1.5000000000000002 15.500000000000002 4.5000000000000009 12.215919494628908 28.500000000000004 0.010050504934042694 0.015038444194942715 0.39382643997669226 0.49663364887237554 13.413187980651857 0.014815627597272398 6.5000000000000009 42.500000000000007 0.016261236742138866 37.500000000000007 21.450003623962406 1.0000000180025095e-35 0.015749008394777778 0.013793759513646366 7.5000000000000009 0.013986697886139156 69.500000000000014 11.500000000000002 0.015749008394777778 1.0000000180025095e-35 5.5000000000000009 31.500000000000004 0.41156312823295599 94.500000000000014 12.500000000000002 4.5000000000000009 0.42805677652359014 0.60546767711639415 12.500000000000002 2.5000000000000004 0.011428944766521456 0.43569871783256536 66.500000000000014 33.500000000000007 0.015504807699471714
decision_type=2 2 2 2 2 2 2 2 2 2 2 2 2 2 2 2 2 2 2 2 2 2 2 2 2 2 2 2 2 2 2 2 2 2 2 2 2 2 2 2 2 2 2 2 2 2 2 2 2 2 2 2 2 2 2 2 2 2 2 2 2 2
left_child=1 2 3 5 7 9 13 8 18 -1 14 48 17 27 16 20 -3 21 -2 -9 28 32 -23 -18 -16 -21 -13 44 29 -4 31 -31 -10 46 -28 36 57 38 39 -15 -40 59 -43 -19 45 -6 54 -38 -11 50 -7 52 53 -24 -34 -14 -17 -25 -58 -42 -61 -48
right_child=4 10 15 -5 6 49 -8 19 12 11 -12 26 55 37 24 56 23 43 -20 25 -22 22 51 35 -26 -27 34 -29 -30 30 -32 -33 33 -35 -36 -37 47 -39 40 -41 41 42 -44 -45 -46 -47 61 -49 -50 -51 -52 -53 -54 -55 -56 -57 58 -59 -60 60 -62 -63
leaf_value=-0.062233964855826919 0.0035417199688295531 0.030058866240400169 0.01386914069183318 0.0040092549220676395 -0.10878798144454105 0.0056290010566354123 0.038262735088734873 -0.094012735731451524 -0.023611419143046364 0.057935213996516889 0.008580701614931633 -0.023871176497370174 -0.10280443913036848 -0.082408011249190255 -0.014321588691357546 0.045280970611665743 0.033881352780500987 0.0027412706607098897 0.031364639864088655 0.035954176214931119 0.051588633060080651 -0.054253395539636033 -0.035418001091518242 0.0028161180873939266 0.014206380852871346 -0.1026061165468698 -0.054144184314194238 0.029823231406024876 0.026005577822690491 -0.076999782653377535 0.025925371199110155 0.074496055376212816 0.048231817730575 0.027184335919953478 -0.040118386154125857 0.048646283302561252 -0.0057397404847448694 0.032736002209924543 0.0093173584819810501 0.055391326999715843 0.023727816864842176 0.018964748881811013 -0.083337139992566867 -0.10291192061008839 0.015829095690611122 0.058399236367459417 -0.020345173801443715 -0.030505617509165295 -0.015616546762765877 0.017099675242114937 -0.064969482266821199 0.030888791848425801 -0.048023236155491533 0.029668912732357666 -0.11473120103130974 0.039452207836428207 -0.085544392579279538 -0.039927952156758394 -0.019959328649583691 0.018063864919310248 -0.10921505140446652 -0.10966902147694842
leaf_weight=800.18514858442359 192.81965149426833 38.061454249313101 59.096342859673314 265.20936826022808 6.1755260936915857 24.993799559189938 941.11004943167791 4.7157977286260566 452.64616226678481 10.50376727664843 504.46594809833914 104.18844125012401 2.2550380444154134 14.424849347677084 127.7435938809067 8.4116520630195719 23.736275825183839 614.00680823426228 210.20504861185327 186.14130297861993 47.231685514096171 27.917320661246777 14.843247074633835 119.3157702924218 228.71164007950574 3.1366271832957855 684.2945680199191 1266.187160768779 94.968400243204087 29.986590136075392 20.585119319148362 2.7578634647652498 10.007738700136541 47.956080418080091 423.33147028507665 10.459973065881057 94.094785858644173 159.33827432664111 839.09776287863497 4.468048393726348 759.47320802207105 23.473732222337276 16.476457813754678 4.5422245366498819 222.78864952619188 2.4234976079314947 12.295637574512513 458.56312780757435 52.799289668211713 66.952940534101799 18.927180159953423 78.555499556241557 18.431058156071231 38.658669808879495 1.9984388165175904 65.453004198847339 11.489119955338536 28.702493044547737 66.80570824991446 5.8647017404437047 4.8343065036460757 9.0832122518913803
leaf_count=339609 6413 2766 5252 20821 288 3931 4046 1170 54445 267 53260 27898 194 557 19017 121 1171 33190 1800 4114 568 8420 2478 17364 24334 240 261046 9421 2082 6227 1959 20 167 1697 149087 336 22484 1689 27079 18 8913 424 468 377 4902 11 505 130178 10872 7421 6380 2907 3610 1117 84 1477 3093 3353 10658 119 267 612
internal_value=0.000209817 -0.0249243 -0.0369517 -0.0430028 0.0179775 -0.048706 0.024737 0.00352793 0.000617872 -0.051335 -0.00436597 -0.0444955 -0.00440619 0.0209086 -0.0101489 0.00650617 -0.016666 -0.00639633 0.0180533 0.0305545 0.0163224 -0.0136566 0.00363216 -0.019086 0.00398275 0.033658 -0.0466417 0.027216 0.00829092 -0.006673 -0.0294365 -0.0642402 -0.0194328 0.00382044 -0.0487836 -0.020854 -0.0218915 0.0157398 0.0141163 -0.0498194 0.0148487 0.020578 -0.0232271 0.00196542 0.012949 -0.0616689 -0.0297407 -0.026289 -0.00341223 0.000503947 -0.0247945 0.0143706 -0.00366837 0.0116116 0.0211065 0.0347143 -0.0223206 -0.00547246 -0.0295834 0.0228502 -0.0394466 -0.0582961
internal_weight=10688.4 4426.57 2792.72 2451.39 6261.8 2186.18 4266.14 1995.67 1801.67 2075.3 1633.86 1275.12 1398.65 3325.03 1129.39 341.332 772.934 1330.94 403.025 193.994 254.626 712.393 178.406 734.872 356.455 189.278 1211.81 1497.57 207.394 112.426 53.3296 32.7445 533.987 81.3411 1107.63 711.136 700.676 1827.45 1668.11 18.8929 1649.22 810.122 39.9502 618.549 231.388 8.59902 33.385 552.658 63.3031 110.874 43.921 150.488 71.933 53.5019 12.0062 67.708 86.7065 148.018 78.2948 770.172 10.699 21.3788
internal_count=1314794 1131575 857312 827332 183219 806511 58202 125017 119493 788779 274263 449170 111280 54156 221003 29980 177652 109609 8213 5524 16108 76042 18532 174886 43351 4354 438031 14622 15540 13458 8206 6247 57510 3065 410133 173715 173379 39534 37845 575 37270 10191 892 33567 5201 299 1368 152662 11139 17732 10311 10112 7205 3595 251 1671 13872 20717 13751 9299 386 1117
is_linear=0
shrinkage=0.05


Tree=10
num_leaves=63
num_cat=0
split_feature=4 24 14 14 21 21 12 18 4 24 18 24 21 4 24 2 8 20 10 24 6 24 8 24 10 4 18 14 8 24 18 2 21 6 18 2 12 0 18 18 20 6 0 2 18 21 20 21 0 10 24 8 10 21 4 12 12 21 6 20 6 24
split_gain=1601.44 507.477 287.288 277.823 190.426 139.929 128.439 91.4869 84.2444 80.0242 73.1023 67.5486 58.3884 56.5727 51.4204 33.0378 32.1739 30.497 26.8586 26.4891 25.0266 24.7864 30.0386 24.6417 24.2277 23.331 22.0813 21.9034 28.0916 21.3709 20.674 20.8269 20.3672 20.0956 30.4658 31.6083 31.5433 23.7673 22.4776 30.0304 28.0874 22.2968 20.5699 19.5516 23.1247 18.9909 18.9885 18.5036 18.2322 20.361 20.395 32.9273 19.8586 18.5575 18.2321 19.8274 18.2188 18.1552 18.0616 17.8543 17.3379 17.3187
threshold=42.500000000000007 0.49123397469520574 13.500000000000002 17.500000000000004 5.0477681159973153 3.519577264785767 18.500000000000004 65.500000000000014 6.5000000000000009 0.62692818045616161 80.500000000000014 0.16775661706924441 12.215919494628908 1.0000000180025095e-35 0.61225050687789928 2.5000000000000004 14.500000000000002 3.5000000000000004 5.5000000000000009 0.37991437315940862 45.500000000000007 0.29634928703308111 16.500000000000004 0.36247502267360693 2.5000000000000004 1.0000000180025095e-35 64.500000000000014 2.5000000000000004 60.000000000000007 0.58682614564895641 49.500000000000007 3.5000000000000004 10.569746971130373 10.500000000000002 59.500000000000007 79.500000000000014 60.000000000000007 84.500000000000014 57.500000000000007 39.500000000000007 1.0000000180025095e-35 15.500000000000002 4.5000000000000009 27.500000000000004 50.500000000000007 23.02842998504639 5.5000000000000009 12.306680202484133 1.0000000180025095e-35 8.5000000000000018 0.65034455060958873 16.500000000000004 60.000000000000007 16.935378074646 9.5000000000000018 3.5000000000000004 60.000000000000007 6.6342999935150155 12.500000000000002 6.5000000000000009 12.500000000000002 0.29268880188465124
decision_type=2 2 2 2 2 2 2 2 2 2 2 2 2 2 2 2 2 2 2 2 2 2 2 2 2 2 2 2 2 2 2 2 2 2 2 2 2 2 2 2 2 2 2 2 2 2 2 2 2 2 2 2 2 2 2 2 2 2 2 2 2 2
left_child=3 2 11 13 10 6 29 8 33 15 19 -2 14 -1 16 -8 -10 25 -6 -4 -18 22 -20 -12 -15 -9 -17 -11 -29 -3 -30 -32 -16 48 35 36 41 42 39 40 -38 -35 -37 -22 -45 -23 -28 -13 -5 -50 52 -52 -51 -53 -26 -56 -21 -24 -19 -36 -41 -60
right_child=1 5 4 7 18 -7 9 17 12 27 23 47 -14 24 32 26 20 58 21 56 43 45 57 -25 54 -27 46 28 30 -31 31 -33 -34 34 59 37 38 -39 -40 60 -42 -43 -44 44 -46 -47 -48 -49 49 50 51 53 -54 -55 55 -57 -58 -59 61 -61 -62 -63
leaf_value=0.042968364977348697 -0.068546246194153448 0.02358317612242614 -0.06176410190735411 0.037050231115291869 -0.10840696728179311 0.017432855749745079 0.044005696424581471 0.064965910924316292 0.045981744834996889 0.07565903784875698 -0.066440122793860773 0.0098948328012236526 0.032394270225610942 0.031479604160741428 0.0015078584058508453 -0.030528358142139819 -0.0084450609365996337 0.031205627723250001 0.06683002502607889 -0.016863947218896842 -0.0497784729964178 0.0025456446144924514 0.0088901850517041411 0.020952017065185301 0.025358864070439094 0.028146766619214472 -0.0035383680774067547 -0.095876303598836851 -0.010226418209087431 0.0003634546498147654 -0.10743914840313624 0.01562776968538784 -0.10093555422511208 -0.10577379780458047 0.040629542136811962 0.0099572171026299922 -0.10855491521568537 0.034393322439118024 -0.10983010248318265 -0.10635993174477121 -0.024483556917495767 0.039746190690828284 -0.10793925910531191 -0.031258440114906687 0.0014671909757178261 0.056198976336479835 -0.054484094689548949 0.046379537409477339 0.044689583156554608 -0.10911696229594832 -0.1119654524988964 0.0073063557669522175 0.029389278331124702 -0.1051582463328727 0.029594248581324561 0.0095674646434125692 -0.050537819530081976 -0.082275336353156259 0.065407897521118238 -0.10632128178207963 0.0075586220781768982 -0.013828112874115481
leaf_weight=504.30993906920776 26.029644598020241 207.92434175591916 750.10975757543929 118.86997102387249 5.8164232042618087 480.05773535207845 16.369633421301842 49.856166451238096 18.779241088777781 9.202632313128559 9.9142254885518906 200.94003945216537 95.7810378074646 845.86814018781297 749.58856110821944 921.29865378327668 254.0591699508368 45.630119319539517 5.6859445655718437 42.286711153225042 85.759902530815452 151.42099140223581 7.3371447871904847 43.271192997926846 987.3284669292625 314.04151153867133 137.35919449466746 7.872737164143472 228.42346352129243 189.32330039772205 3.5126493950374416 161.36583245173097 4.8834020355716339 2.8198549782391629 65.943049361463636 10.429921074304731 11.101511618122457 83.234525247942656 6.3344139219261697 3.447927589993923 94.523920502047986 39.57805382926017 5.7335578976199022 199.88907178491354 73.951811660081148 18.508685524109751 21.099612884456292 42.018548022024333 51.144745621830225 2.6386692784726611 6.0966503717936567 247.12279124814086 134.52532263169996 3.7232556631788603 165.1426919773221 491.18425936612766 801.48130658350419 21.358198553323746 7.5140435604844233 2.1338820448145261 106.71840278129093 83.870046914555132
leaf_count=1679 12115 9775 329614 692 543 14476 707 186 447 58 3526 22507 1743 4951 50447 270200 22659 935 70 8742 17131 11639 1135 4068 8442 8375 21492 1102 37571 7933 284 19855 381 145 1008 273 1019 1646 363 233 6058 479 687 48587 11381 199 6458 432 298 112 181 3647 2332 74 1789 10830 305962 4577 175 147 4544 6277
internal_value=-4.03841e-05 -0.0225309 -0.0402903 0.0169398 -0.0472849 -0.00669097 -0.0127741 0.00613136 0.00219296 -0.0194431 -0.0530035 0.00800345 -0.0053623 0.0276973 -0.00796979 -0.0264942 -0.0184852 0.0256209 -0.00246013 -0.0549277 -0.020458 0.000556018 -0.0381612 0.00466136 0.0246038 0.0331912 -0.027563 -0.00060946 -0.002359 0.0125169 -0.000487061 0.0130059 0.000844782 0.0134387 0.00532331 -0.000419576 -0.00945238 0.0236191 -0.0169957 -0.0142706 -0.0333197 0.0300678 -0.0318634 -0.0289452 -0.0224208 0.00838955 -0.0103221 0.0162047 0.0196534 0.0150089 0.0111571 0.00284663 0.0267248 0.00563707 0.0210654 0.0146065 -0.0488502 -0.0589651 0.00551497 0.0360233 0.00399326 -0.00731294
internal_weight=10483.5 4509.99 2126.18 5973.56 1857.19 2383.81 1903.75 2979.72 2478.81 1506.5 1647.06 268.988 1482.69 2993.83 1386.91 1096.13 632.439 500.912 210.127 1593.88 613.66 204.311 34.3813 53.1854 2489.52 363.898 1079.76 410.377 401.175 397.248 393.302 164.878 754.472 996.12 431.999 363.922 264.524 99.398 222.126 215.792 105.625 42.3979 16.1635 359.601 273.841 169.93 158.459 242.959 564.121 445.251 394.107 256.943 137.164 250.846 1643.66 656.327 843.768 28.6953 137.014 68.0769 110.166 91.3841
internal_count=1315393 1095040 705129 220353 670075 389911 375435 192662 176714 357727 651912 35054 152776 27691 151033 298857 100205 15948 18163 644318 99758 17620 5782 7594 26012 8561 298150 58870 58812 17708 57710 20139 50828 23938 16602 15447 12841 2606 12217 11854 7077 624 960 77099 59968 11838 27950 22939 7336 6644 6346 3902 2444 3721 21061 12619 314704 5712 7387 1155 4777 6452
is_linear=0
shrinkage=0.05


Tree=11
num_leaves=63
num_cat=0
split_feature=23 24 4 21 23 4 18 4 2 24 18 4 11 12 21 2 24 24 7 20 20 7 14 4 14 24 14 18 21 7 14 21 18 2 20 0 21 21 24 2 20 0 18 9 7 1 18 4 12 7 24 9 0 0 3 2 24 7 2 4 20 20
split_gain=1815.43 281.831 218.387 232.241 194.978 82.8375 77.3845 72.3655 59.6535 56.3433 53.0587 50.9318 45.6225 43.7636 39.0409 35.683 31.5998 30.3166 28.6439 28.5046 27.4449 26.3616 26.1768 23.0502 32.7627 30.0632 23.0719 24.1624 22.8452 22.8335 21.7154 22.7164 21.5941 31.5977 25.5796 23.6215 21.3128 21.0639 20.3774 20.3526 20.3714 23.0194 20.2903 19.2902 27.1672 28.6317 19.1712 19.1161 18.4241 30.1932 18.2659 18.1359 17.9978 17.9953 17.9141 17.9121 17.8004 17.7793 19.9596 21.0933 20.1664 20.6082
threshold=3.5000000000000004 0.48562300205230718 34.500000000000007 7.3681252002716073 4.5000000000000009 2.5000000000000004 70.500000000000014 6.5000000000000009 79.500000000000014 0.59293338656425487 74.500000000000014 21.500000000000004 0.014389234129339458 18.500000000000004 5.5553317070007333 83.500000000000014 0.27207607030868536 0.27671159803867346 0.013245614245533945 1.0000000180025095e-35 1.0000000180025095e-35 0.012739370577037336 1.5000000000000002 42.500000000000007 8.5000000000000018 0.45744194090366369 14.500000000000002 77.500000000000014 21.450003623962406 0.0062696540262550124 2.5000000000000004 15.793512344360353 59.500000000000007 20.500000000000004 2.5000000000000004 1.5000000000000002 9.8916802406311053 14.348714828491213 0.38607107102870947 19.500000000000004 2.5000000000000004 28.500000000000004 53.500000000000007 0.016261236742138866 0.014599318150430919 0.016261236742138866 66.500000000000014 28.500000000000004 18.500000000000004 0.0091326101683080214 0.6440950632095338 0.014599318150430919 18.500000000000004 21.500000000000004 0.0092167854309082049 4.5000000000000009 0.82380759716033947 0.0096620614640414732 28.500000000000004 17.500000000000004 1.0000000180025095e-35 1.5000000000000002
decision_type=2 2 2 2 2 2 2 2 2 2 2 2 2 2 2 2 2 2 2 2 2 2 2 2 2 2 2 2 2 2 2 2 2 2 2 2 2 2 2 2 2 2 2 2 2 2 2 2 2 2 2 2 2 2 2 2 2 2 2 2 2 2
left_child=1 2 8 10 7 43 9 32 -1 11 12 15 22 -13 23 -3 -10 -14 28 -18 -12 -16 -4 26 51 -26 -9 50 47 -27 -20 37 33 48 -34 -36 -11 -32 -24 52 -41 -42 -35 -6 45 -45 -23 56 -2 -50 53 -25 -15 54 -28 -30 -7 -52 59 60 -59 -62
right_child=4 6 3 -5 5 18 -8 14 16 36 20 13 17 39 21 -17 19 -19 30 -21 -22 46 38 24 25 29 27 -29 55 -31 31 -33 34 42 35 -37 -38 -39 -40 40 41 -43 -44 44 -46 -47 -48 -49 49 -51 57 -53 -54 -55 -56 -57 -58 58 -60 -61 61 -63
leaf_value=-0.048128357817295769 0.059087721049572842 -0.015201225053917716 0.044082873840485093 0.011427970325725876 0.031380083389926372 0.018732164434840725 0.012624029250266476 0.042307313352266368 0.042149796652968037 -0.0072542040846865601 0.017777479331102308 0.014817524513036702 -0.069156308315783871 -0.085311628777867729 0.026683092382093355 0.03400825453126529 0.023914840281979315 0.023271463716806079 0.031810305916819888 -0.017361462210691989 -0.034788564238360478 -0.10167934898388727 -0.060000399648287212 0.042021040341067968 -0.07089040874563951 0.018097813373235749 -0.090573993784130002 0.036427325125730568 -0.1057155415103338 -0.023376335729703792 0.01676631990552423 0.035983531289305336 0.048018446250438648 -0.082434716505921338 -0.11474533589017731 0.014026833184023164 0.029747757601105519 -0.10338499059941014 -0.048338153572892908 -0.042943210507845657 0.0058532555679085361 -0.029717380231966878 0.026226330630822633 -0.11648855384795805 0.050709079589994793 0.050176408741975244 0.019080098840876476 0.0044164276503722141 -0.051387712749732063 0.016377533909749043 0.021954726915888303 -0.0038459821845071096 0.0055525604105772014 -0.025786455776627366 0.0018313180089283895 0.034166400743756688 -0.025716005827147594 -0.060815857597518341 -0.039365128138602462 0.018470725554662476 0.030604390292273576 -0.015674750161167313
leaf_weight=47.801093977759592 23.536170660983771 97.221632909495384 6.7851796688046297 169.20300300512463 981.05634077568538 622.97455189528409 272.44410589081235 30.759529638569802 67.10050766565837 695.46490563848056 38.246735439286567 57.915301647502929 12.281368514290078 6.010911207064054 150.48683635564521 59.313331293873489 77.281610068050213 31.957457959186286 529.27791801840067 91.170192797319032 70.788866288261488 7.2398675675503892 772.71826408151537 30.484121097950265 29.423654262209311 38.330181057099253 5.4348378581926218 38.885102317668498 2.324552694335579 247.28500593127683 905.22710671997629 174.38680678792298 107.54735055984929 13.675888519501315 3.9322913773357859 37.742197797633708 41.223018352873623 3.6624889662489286 726.93282930064015 285.60245764860883 50.018913256237283 501.56455753161572 6.263928839005529 5.098483990877865 230.8800422437489 5.2103485148400068 6.0189600484445691 545.7414416638203 17.13011601800099 406.54109570197761 94.888818199280649 73.548572728876024 58.371179479639977 147.19470454379916 150.12451406370383 147.84118432970718 23.369903272949159 17.658543911296874 33.375114521943033 108.0577806297224 32.399071846622974 93.406094099627808
leaf_count=11460 171 13232 828 11754 5254 12115 21896 463 2502 114906 3044 4863 5996 1436 4321 3701 2642 3796 3135 14845 18203 656 345895 1710 9817 2556 1293 591 58 35512 13604 1471 761 1229 154 793 846 132 283555 80664 11835 166211 172 93 496 17 189 19813 1222 7222 6332 8404 8063 17560 9086 1366 581 740 3559 5223 821 4528
internal_value=5.15391e-05 -0.0251125 -0.0380466 -0.0443747 0.0174509 0.0235466 -0.0122569 0.00440262 0.00279868 -0.0159157 -0.0500637 -0.023 -0.0524343 -0.0273143 -0.00213991 0.00344495 0.0131334 -0.00238789 0.019018 0.00157511 -0.0163498 0.0207282 -0.053904 -0.00533695 -0.0147342 -0.0227679 -0.000101385 -0.00190957 0.0136222 -0.0178104 0.0235094 0.0194537 0.0185732 0.0132838 0.0351319 0.00187624 -0.00518368 0.0162822 -0.0543473 -0.0300208 -0.0321041 -0.0264917 -0.0482997 0.0344946 0.0471632 -0.0322518 -0.0468595 0.011307 0.0160296 0.0136376 -0.00409367 0.00959418 -0.0029308 -0.0132548 -0.00139708 0.032001 0.0171251 0.00320935 -0.00303406 0.00178682 -0.0107796 -0.00375631
internal_weight=10365.8 4237.42 2112.27 1828.91 6128.42 4177.05 2125.15 1951.37 283.353 1852.71 1659.71 1116.02 1550.68 959.483 1335 156.535 235.552 44.2388 2954.81 168.452 109.036 163.746 1506.44 1171.26 419.072 315.039 752.184 721.425 1342.25 285.615 1612.55 1083.28 616.369 467.147 149.222 41.6745 736.688 908.89 1499.65 901.568 837.186 551.583 19.9398 1222.25 241.189 10.3088 13.2588 1192.09 447.207 423.671 682.539 104.033 64.3821 302.754 155.559 150.166 646.344 379.785 284.897 251.521 143.464 125.805
internal_count=1315393 1132173 704520 673071 183220 58135 427653 125085 31449 405757 661317 290005 640070 273072 113361 16933 19989 9792 52275 17487 21247 5166 630278 108195 57999 47885 50196 49733 33933 38068 18342 15207 11724 10016 1708 947 115752 13736 629450 268209 258710 178046 1401 5860 606 110 845 32509 8615 8444 49142 10114 9499 27939 10379 1424 12696 21203 14871 11312 6089 5349
is_linear=0
shrinkage=0.05


Tree=12
num_leaves=63
num_cat=0
split_feature=23 24 4 4 18 23 10 18 2 6 24 8 18 10 24 16 24 12 4 10 0 14 23 6 6 20 14 24 16 0 18 14 16 0 18 18 6 6 4 18 14 24 4 2 2 14 20 0 23 2 10 24 24 24 0 18 20 4 16 22 4 6
split_gain=1691.26 257.333 218.19 184.863 113.66 98.601 65.825 61.9848 58.1985 52.3855 50.0497 46.7156 37.7131 36.9067 35.0145 29.7305 34.9892 28.1314 26.6746 26.4713 25.4051 29.1287 24.6105 23.4585 23.3222 23.0727 22.8464 24.5902 35.3388 21.7939 19.9276 21.1756 19.8055 21.7436 19.2935 19.0572 27.7169 25.1914 23.7641 23.1888 21.2596 19.9079 20.9264 19.4441 19.0428 22.8143 21.3248 39.4468 26.778 20.7032 18.0859 17.9767 17.4645 17.3288 17.1276 26.668 17.11 20.0179 17.5114 20.2642 16.9608 16.8857
threshold=3.5000000000000004 0.48842911422252661 34.500000000000007 7.5000000000000009 66.500000000000014 5.5000000000000009 10.500000000000002 57.500000000000007 79.500000000000014 19.500000000000004 0.67763021588325512 1.0000000180025095e-35 68.500000000000014 2.5000000000000004 0.36000981926918035 17.500000000000004 0.52905046939849865 7.5000000000000009 12.500000000000002 60.000000000000007 20.500000000000004 2.5000000000000004 1.5000000000000002 48.500000000000007 4.5000000000000009 1.0000000180025095e-35 8.5000000000000018 0.41813394427299505 11.500000000000002 100.00000000000001 64.500000000000014 2.5000000000000004 17.500000000000004 51.500000000000007 46.500000000000007 54.500000000000007 87.500000000000014 5.5000000000000009 26.500000000000004 70.500000000000014 1.5000000000000002 0.60110145807266246 19.500000000000004 6.5000000000000009 32.500000000000007 12.500000000000002 4.5000000000000009 43.500000000000007 7.5000000000000009 7.5000000000000009 16.500000000000004 0.52905046939849865 0.6728767752647401 0.50776734948158275 16.500000000000004 54.500000000000007 1.0000000180025095e-35 36.500000000000007 3.5000000000000004 1.0000000180025095e-35 21.500000000000004 54.500000000000007
decision_type=2 2 2 2 2 2 2 2 2 2 2 2 2 2 2 2 2 2 2 2 2 2 2 2 2 2 2 2 2 2 2 2 2 2 2 2 2 2 2 2 2 2 2 2 2 2 2 2 2 2 2 2 2 2 2 2 2 2 2 2 2 2
left_child=1 2 8 11 6 13 22 9 -1 52 19 54 18 -5 -6 -15 17 25 -10 34 24 -22 -4 29 -18 -17 -8 -28 -29 53 31 -13 -16 -34 -11 44 37 38 -37 -40 -38 42 -42 -41 45 61 47 49 -48 -47 56 60 -3 -19 -2 -56 57 -46 59 -58 -21 -7
right_child=3 7 4 5 14 35 26 -9 12 10 -12 30 -14 15 32 16 20 23 -20 51 21 -23 -24 -25 -26 -27 27 28 -30 -31 -32 -33 33 -35 -36 36 40 -39 39 43 41 -43 -44 -45 50 46 48 -49 -50 -51 -52 -53 -54 -55 55 -57 58 -59 -60 -61 -62 -63
leaf_value=-0.047150196739634886 0.049475276959974279 0.011479461150153608 -0.048013584777444294 0.025601265676965541 -0.038758535322545556 0.023578533295556953 -0.0067989894900125887 0.0012283423279985739 0.016145481705792032 0.040657612028229928 0.01276171661847153 0.032177831767285746 0.04609157414732365 0.014359588790685855 0.024143895833890677 -0.081861372223875462 -0.027667382104257888 -0.012512669540649057 -0.024367198703600865 -0.0059782046396102259 0.045459663822390618 -0.0081154843848175104 0.020825455015556622 -0.050337693071192437 0.012423775114326258 0.01796839407017722 -0.056305327750815704 0.0053035791595346972 -0.0462552489246012 0.035390692770942506 0.036438000338623676 0.01986301048309197 0.020855465992200808 -0.026213126262432659 -0.068777053756855513 0.017819617242168805 -0.11402152987838346 0.034282701449128386 -0.11133612448539427 0.074105393577587594 0.027358567272497344 0.042756894826028055 -0.1043874813936852 -0.11067471662247615 0.010380371333904129 -0.10309608753051785 0.03154880579898027 -0.10426666142064661 -0.068986112281232262 0.0041156142550426017 -0.033044607706853989 -0.02191444995908769 -0.020441623149430429 -0.067476213185422879 0.028028055626683802 -0.11711544553255207 -0.10666710900394363 -0.1006145203380085 0.01678695807436759 0.010216267852193992 -0.040442968305669909 -0.013034756441231535
leaf_weight=47.208222106331959 275.69329159986228 180.35816550173331 18.110016513965093 143.91220664419234 85.036414431524463 679.85532502294518 29.369371808832511 627.48343172750901 112.74897883285303 24.075552242342386 96.090150638250634 445.82604086305946 65.04833193612285 271.76875190273859 58.334888954879716 6.4442181229824191 39.672080791788176 60.626190944865812 63.522112172446214 40.916891707107425 26.362880720756948 674.20154200214893 45.865232698852196 83.714625951717608 423.69072892924305 56.82688087481074 919.22535089438315 35.59630710282363 500.83421581133734 18.022179342806339 294.73629873571917 1608.5316628844012 35.544390085386112 79.225823533488438 4.8366840914823106 42.356696605216712 4.9976997789926854 393.37220658524893 8.2778010782785696 4.4285143297165623 5.3715515525545943 12.720918723847715 6.8677998033817858 2.0982531271874905 8.6975528271868843 4.8219757857732466 62.985100430669263 11.073133351281284 7.4018108341842881 68.049812170211226 31.922225061804056 754.11032727453858 56.201147886342369 18.783214862924069 55.309282370842993 3.3567968774586907 6.4380625663325164 7.6217931234277776 163.69902908348013 8.7454164484515786 279.83012164349202 33.020074028056115
leaf_count=12008 673 17278 7333 4994 27223 7354 7741 76883 4618 2412 11827 1988 1243 7115 2376 2156 1735 6704 14425 5214 465 59782 4997 18091 20423 4555 403462 1585 201692 777 2621 21466 4637 21044 1252 464 195 5426 254 9 73 260 446 72 150 214 1093 644 260 1763 2055 198075 3506 2675 283 84 311 566 4158 93 101342 773
internal_value=0.000155934 -0.0244135 -0.0367552 0.0169585 -0.0432017 0.00921315 -0.0483207 -0.0118818 0.00362126 -0.0176088 -0.0218486 0.0267687 0.0135534 0.00130007 -0.0124851 -0.000781474 -0.00370325 -0.0209013 0.00154609 -0.0248616 -9.17658e-05 -0.0060994 0.0013386 -0.0309264 0.00899126 0.00780064 -0.05046 -0.0513409 -0.0428339 -0.0142479 0.0242798 0.0225355 0.000421535 -0.011636 0.0223505 0.0183784 0.0266791 0.0297758 -0.00124009 -0.055771 -0.019891 -0.00104355 -0.0465674 0.0147015 0.0147338 0.0181092 0.00067947 -0.0163395 0.0209767 -0.00297866 0.00184563 -0.0261315 0.00389573 -0.0255135 0.044255 0.0197231 0.00755139 -0.0414587 0.0120226 -0.0393443 -0.0360464 0.0218826
internal_weight=10241.9 4159.57 2095.67 6082.3 1807.14 3398.85 1549 2063.9 288.528 1436.42 1199.86 2683.45 241.319 1824.03 258.142 1680.11 1408.34 244.417 176.271 1103.77 1163.93 700.564 63.9752 181.146 463.363 63.2711 1485.03 1455.66 536.431 97.4316 2349.09 2054.36 173.105 114.77 28.9122 1574.82 480.491 450.533 57.1613 14.8046 29.958 24.9603 12.2394 6.52677 1094.33 867.207 154.332 83.9449 70.3869 72.8718 227.124 1074.86 236.559 79.4094 334.359 58.6661 195.202 16.3193 178.883 15.1835 320.747 712.875
internal_count=1315393 1132173 714384 183220 682090 156105 626810 417789 32294 340906 320122 27115 20286 129472 55280 124478 117363 34958 19043 308295 82405 60247 12330 28247 22158 6711 614480 606739 203277 10156 26075 23454 28057 25681 3664 26633 7199 6225 799 335 974 779 519 81 19434 12101 3974 2621 1353 1977 7333 304631 20784 9379 1040 367 5278 716 4562 404 106556 8127
is_linear=0
shrinkage=0.05


Tree=13
num_leaves=63
num_cat=0
split_feature=23 24 4 21 23 4 18 6 4 18 19 10 24 14 24 18 10 24 19 8 19 6 21 24 2 12 18 24 2 18 18 24 4 1 24 4 18 8 21 18 6 19 24 14 24 4 19 19 21 4 18 14 18 16 4 19 18 2 7 2 2 21
split_gain=1538.03 242.996 192.518 192.227 162.406 68.8632 63.4684 54.1404 51.5789 50.3049 48.0146 40.3978 38.6473 31.6785 33.4232 28.7711 28.5989 33.0298 26.5138 25.8954 25.4706 25.3272 29.7245 25.1769 23.6048 22.6722 21.9409 21.421 23.1481 22.3412 20.643 19.8172 29.6014 19.3527 24.6737 23.4616 19.4451 19.2523 19.2165 19.1244 22.93 20.7989 18.2707 18.0196 18.4801 21.6415 17.7239 17.6983 17.6747 17.5109 17.4655 20.7733 18.98 17.3285 23.4497 16.8496 16.7776 15.585 21.9797 15.5864 15.5777 15.3408
threshold=3.5000000000000004 0.48562300205230718 34.500000000000007 7.4322555065155038 4.5000000000000009 2.5000000000000004 48.500000000000007 6.5000000000000009 6.5000000000000009 76.500000000000014 1.5000000000000002 8.5000000000000018 0.27207607030868536 60.000000000000007 0.5640074908733369 62.500000000000007 3.5000000000000004 0.40269091725349432 4.5000000000000009 1.0000000180025095e-35 2.5000000000000004 10.500000000000002 20.739032745361332 0.27671159803867346 91.500000000000014 7.5000000000000009 70.500000000000014 0.48158314824104315 6.5000000000000009 64.500000000000014 34.500000000000007 0.59293338656425487 21.500000000000004 0.012903762981295587 0.82380759716033947 91.500000000000014 64.500000000000014 7.5000000000000009 5.272088050842286 59.500000000000007 14.500000000000002 3.5000000000000004 0.41813394427299505 60.000000000000007 0.66462367773056041 24.500000000000004 7.5000000000000009 4.5000000000000009 6.0524978637695321 16.500000000000004 63.500000000000007 3.5000000000000004 62.500000000000007 4.5000000000000009 23.500000000000004 6.5000000000000009 39.500000000000007 22.500000000000004 0.012579114176332952 1.0000000180025095e-35 19.500000000000004 5.77701759338379
decision_type=2 2 2 2 2 2 2 2 2 2 2 2 2 2 2 2 2 2 2 2 2 2 2 2 2 2 2 2 2 2 2 2 2 2 2 2 2 2 2 2 2 2 2 2 2 2 2 2 2 2 2 2 2 2 2 2 2 2 2 2 2 2
left_child=1 2 10 9 8 19 7 20 39 11 -1 23 -12 -9 49 16 37 -18 -19 -6 -3 50 33 -4 -14 30 31 53 29 -29 -13 32 -8 34 -23 36 -35 46 -11 40 48 -41 61 60 45 -45 -10 -16 -2 -15 51 52 -7 -17 -55 -51 -47 58 -43 -60 -20 -27
right_child=4 6 3 -5 5 21 26 13 15 38 12 25 24 14 47 27 17 18 43 -21 -22 22 -24 -25 -26 42 -28 28 -30 -31 -32 -33 -34 35 -36 -37 -38 -39 -40 41 -42 57 -44 44 -46 56 -48 -49 -50 55 -52 -53 -54 54 -56 -57 -58 -59 59 -61 -62 -63
leaf_value=0.022914945777208234 0.018313580493881376 -0.09799012423211266 -0.067176275807236313 0.0093026397918907228 0.046666103444391878 0.028554931358212111 0.016880110675039636 0.028742913736373905 0.011594266271797906 -0.0043301080150501643 0.04377230025640922 0.0280768480849099 -0.06710885985910281 -0.0059655256257036236 -0.025754510161467781 0.052674041552341899 -0.058516231800663621 -0.013870125278668289 -0.10239611909501774 0.02822122456227253 0.020981477579100693 0.0076090701843053807 0.031351052822269132 0.016949388523883703 -0.016261766456768939 -0.057134396006076928 0.01013877663778974 0.040921821035644582 0.0211672951771869 -0.10659422140284452 -0.059502835089032383 0.0030627571993152906 -0.021309333073452476 0.014925744576904199 -0.058371610761350383 -0.10770813964962256 0.040360064603926195 0.052945281725610194 -0.092169697464578274 0.043003379133946688 -0.0086756140466124464 0.01736335908543149 -0.044384172561047014 0.0069073966927712784 0.011595623336395392 -0.045141937327917679 -0.10771910268771423 -0.0068405557279995442 -0.11044663497803359 -0.042150844510291524 0.037132806211035187 0.014316031290210671 -0.11032072751149583 0.032544720696449134 -0.087710005011717371 -0.020269773649246783 -0.007530303481617269 0.044289489541310421 0.017645555629513497 -0.11122199388789394 0.033693117903908283 -0.0025422622825222161
leaf_weight=141.88482744758949 351.57619691477157 4.7172934931004411 11.888498976826666 164.24426920339465 236.46367438463494 512.83487292472273 61.43941197427921 29.054988743271679 41.150762080796994 82.017515229643323 21.212520655244589 16.90650449751411 30.867568525020033 52.664883834426291 219.08832222246565 4.9069448909722295 30.748997337534092 489.07350554980803 2.1832141403574488 974.45028827316128 97.113083633244969 905.08891327749006 201.68082408886403 35.306086926022545 87.600910185894463 896.06991886568721 275.84443534957245 4.0389930540695769 230.35636536299717 7.0410303915850818 11.176106835016979 285.2386098022107 291.42321423697285 380.10011755826417 14.394411100773139 3.62646594736725 93.664630517363548 33.044200777309015 6.7378460164181879 109.48930909531191 111.3397121920716 15.842766645830126 491.42130480031483 97.574915115488693 166.26974669308402 54.924942388781346 3.3672797807957968 284.0205952366814 2.6855558278039089 335.88719646324171 182.31763656984549 622.43559391563758 2.4721383396536103 5.7378239328973004 13.813383483327925 119.20684284309391 64.432689622975886 13.948156480211763 3.3089008470997205 8.0662380438297969 57.08068813662976 13.055994526483117
leaf_count=6920 4930 710 6082 11484 606 2978 4341 2875 2645 15098 1304 2564 9165 6361 51134 85 10122 45445 209 5254 4797 27650 1804 3872 14060 421323 21896 100 9278 539 4955 39390 74439 6794 609 346 1068 588 1713 761 4953 322 203352 7382 11012 11136 502 63203 133 115771 1575 9396 55 194 3424 42736 8089 205 53 367 2611 2628
internal_value=0.000231164 -0.0235513 -0.0359114 -0.0421557 0.0162109 0.021799 -0.0114637 -0.0193241 0.00420453 -0.0475576 0.00242846 -0.0497562 -0.0183813 -0.0227312 -0.0242107 -0.00142252 -0.0051756 -0.00752973 -0.00584673 0.0318231 0.0154701 0.0176401 0.0134075 -0.00424219 -0.0295102 -0.0512598 -0.00164407 0.0132549 0.0177718 -0.0528203 -0.00677746 -0.00673767 -0.0146599 0.0108168 0.00657615 0.0189844 0.0199542 0.0240314 -0.0109984 0.0161273 0.0111169 0.0316118 -0.0521517 0.00302181 -0.000946304 -0.0105592 0.00256958 -0.015077 0.0173375 -0.0332607 0.0227656 0.0204634 0.0278887 -0.0313338 -0.052418 -0.0364193 -0.0248381 0.00131382 -0.0207096 -0.0737359 0.0286797 -0.0563504
internal_weight=10117.6 4066.09 2010.39 1728.82 6051.53 4129.53 2055.7 1141.75 1922 1564.58 281.566 1475.82 139.681 1039.92 1010.87 1305.75 1039.85 962.289 931.54 1210.91 101.83 2918.62 1598.56 47.1946 118.468 1428.63 913.946 265.895 241.436 11.08 28.0826 638.101 352.863 1396.87 919.483 477.391 473.765 77.5622 88.7554 616.257 465.601 150.655 1400.55 442.466 383.202 216.933 44.518 503.109 354.262 507.759 1320.06 1137.74 515.307 24.4582 19.5512 455.094 119.358 41.1661 27.2179 11.3751 59.2639 909.126
internal_count=1315393 1132173 704520 673071 183220 58135 427653 287587 125085 661587 31449 644776 24529 282080 279205 113361 99741 96006 85884 5860 5507 52275 38271 9954 23225 634822 140066 13620 9917 639 7519 118170 78780 36467 28259 8208 7862 3735 16811 11724 10016 1708 627303 40439 37619 26607 3147 114337 5063 164868 14004 12429 3033 3703 3618 158507 19225 947 742 420 2820 423951
is_linear=0
shrinkage=0.05


Tree=14
num_leaves=63
num_cat=0
split_feature=23 24 5 23 18 0 18 5 6 11 18 5 16 24 6 11 9 16 24 5 24 14 11 16 2 12 24 18 24 18 24 18 12 9 24 5 5 6 12 9 5 12 9 18 5 24 18 18 18 18 20 18 11 2 1 12 24 18 9 24 18 18
split_gain=1431.29 224.329 180.412 135.972 96.9306 65.0666 54.2384 50.8221 49.1812 49.0705 39.9959 36.7369 36.5406 66.0447 32.7483 32.3268 30.3599 27.4117 24.634 24.2938 23.2443 28.0456 22.8141 25.4047 24.5474 22.4755 21.8343 21.6539 20.81 20.6122 22.3349 20.4661 20.225 19.9897 19.8126 19.472 22.226 18.3099 22.4558 18.176 18.3682 18.0905 19.4929 18.5896 21.463 18.8624 17.9473 17.7582 17.5208 17.4365 24.9879 21.7399 27.3267 19.7784 18.9501 17.6487 17.2405 16.6284 16.6227 16.5863 16.3205 15.7518
threshold=3.5000000000000004 0.48562300205230718 0.010471491608768703 4.5000000000000009 73.500000000000014 3.5000000000000004 48.500000000000007 0.014815627597272398 19.500000000000004 0.013986697886139156 66.500000000000014 0.015268065501004459 12.500000000000002 0.29634928703308111 3.5000000000000004 1.0000000180025095e-35 0.016261236742138866 17.500000000000004 0.40094351768493658 0.0090499590151011961 0.62964540719985973 1.5000000000000002 0.013423423748463394 7.5000000000000009 69.500000000000014 7.5000000000000009 0.53202819824218761 59.500000000000007 0.28892707824707037 83.500000000000014 0.59293338656425487 74.500000000000014 14.500000000000002 0.015749008394777778 0.3036856353282929 0.011561079882085325 0.0066007319837808618 1.5000000000000002 17.500000000000004 0.015268065501004459 0.011561079882085325 6.5000000000000009 0.014599318150430919 51.500000000000007 0.012422839645296337 0.60110145807266246 57.500000000000007 74.500000000000014 34.500000000000007 46.500000000000007 6.5000000000000009 64.500000000000014 0.013245614245533945 1.0000000180025095e-35 0.015038444194942715 3.5000000000000004 0.50075757503509533 19.500000000000004 0.015268065501004459 0.64708903431892406 52.500000000000007 72.500000000000014
decision_type=2 2 2 2 2 2 2 2 2 2 2 2 2 2 2 2 2 2 2 2 2 2 2 2 2 2 2 2 2 2 2 2 2 2 2 2 2 2 2 2 2 2 2 2 2 2 2 2 2 2 2 2 2 2 2 2 2 2 2 2 2 2
left_child=1 2 4 7 9 16 8 17 -3 12 11 18 13 -1 49 26 19 -2 -4 -5 21 -19 23 32 -25 48 39 37 -6 30 35 61 -16 41 -11 36 -8 -9 -39 40 -10 42 60 -43 56 -46 -40 -34 -14 -7 51 52 55 -53 -52 -51 -45 -42 -26 -21 -23 -22
right_child=3 6 10 5 28 14 29 27 15 34 -12 -13 25 -15 22 -17 -18 20 -20 59 31 33 -24 24 58 -27 -28 -29 -30 -31 -32 -33 47 -35 -36 -37 -38 38 46 -41 57 43 -44 44 45 -47 -48 -49 -50 50 54 53 -54 -55 -56 -57 -58 -59 -60 -61 -62 -63
leaf_value=-0.058795527171243533 0.021285635302539307 0.0038176466689377598 -0.0057333250778748221 -0.11038322105027439 -0.047811277950272624 0.030544388900307518 -0.0080589292521621066 0.02665839521646908 -0.043271275369123376 -0.042076720305656089 0.034043006134664801 0.020936430430426409 0.024957847864416866 0.0057662592109183758 0.047179377822786472 0.030313426674392394 0.048769428550495798 0.022922241009064093 -0.048340360605725177 0.042356184153215112 0.0018767546328717793 0.052799416469810678 0.017737621429715758 0.0049292335460592038 -0.054792883600464831 -0.050758441964681482 -0.01981509597450953 0.033126866798742445 0.0034875833230112434 0.029775221242358586 0.0051229129514278318 0.03737812456745495 0.014759749197117304 -0.094243465683285593 0.014368852117000556 0.0098324392569013649 -0.033941965434024411 0.052999610652278331 0.0024658086983854952 0.10070999343978851 -0.070838747138829636 -0.023079300600920227 -0.024600007164992804 -0.055443045441998406 0.030467055083920086 -0.057111289805475335 -0.1089992887299318 -0.10580238156451947 -0.057228023107073069 0.014903103701917598 -0.11569922466910638 -0.11311994766568051 0.014678093811000374 0.043295460597033014 0.040945990634139527 -0.085841664248171357 -0.006202120350725605 0.0070435571045682254 0.029421736934261557 0.024406517336931992 -0.097390561550103172 -0.10441109023348497
leaf_weight=74.337476385058835 124.97453338908963 200.2224117401056 79.995970350806601 3.1870115404017261 23.140771819860674 572.05727701936848 273.2752521809889 134.82555272942409 237.547353975242 23.19382354663685 72.848040255252272 68.523044843692333 17.581895665964115 84.798335605184548 61.524357790127397 27.051856273785233 208.42920130258426 57.423310895799659 58.904298997367732 160.16749397898093 525.81329457683023 26.689277888508517 1545.0691883787513 563.36231507838238 28.720879148691893 1266.9232441505883 606.90930163906887 149.15216910839081 135.70011463237461 47.779818908777088 378.8882187702693 42.138566365931183 104.29619957297109 7.6213116981089106 47.147567798150703 90.341634694021195 119.08424783416558 22.40522271906957 296.23726641107351 2.3892328112851819 8.5014169302303326 303.39616971486248 17.302726745489053 21.900263364543207 55.796086919261143 6.9095004843547931 3.6558384788222602 3.1464889491908243 10.274473829311317 6.6466627568006542 6.3155363472178561 2.082192081026732 90.350827045738697 68.79479806823656 2.7808441538363695 12.565554527100174 94.395825364394113 35.357013950124383 7.361430413555353 655.06792092043906 1.9402997435536224 3.5090566352009764
leaf_count=38567 3294 17555 11043 208 8181 3540 59711 1116 96268 8700 2142 2107 2535 6665 591 2836 489 2573 16157 1109 37914 829 24596 16311 2617 580958 164416 1708 18039 1772 45545 690 2030 1845 4614 6320 26718 193 8455 122 2027 46382 3539 4807 1768 582 252 137 4812 56 194 44 794 436 17 405 8459 4363 329 4232 406 273
internal_value=0.00027889 -0.0229248 -0.034971 0.0157172 -0.041156 0.0208355 -0.0112588 0.00464449 -0.0186346 -0.0450294 0.0021711 -0.00902247 -0.0470027 -0.0243926 0.0171966 -0.0235329 0.0317331 -0.000967796 -0.023802 0.0273944 -0.00335535 -0.0102868 0.0142361 0.00719535 0.00236858 -0.0497816 -0.0251683 0.0165842 -0.0039859 -0.00219088 -0.00396357 0.00384191 0.0243193 -0.0138449 -0.00424307 -0.0110959 -0.0159146 0.0111866 0.00471442 -0.0366164 -0.0377823 -0.0126851 0.0172986 -0.0155401 -0.00276165 0.0208168 0.001107 0.0112291 -0.00535538 0.0261896 0.0130461 0.0171223 0.00316334 0.0387004 -0.0678114 -0.050988 -0.0154749 -0.00805297 -0.0376116 0.027933 0.0426207 0.00117214
internal_weight=9988.73 3990.72 1963.37 5998.01 1683.1 4101.93 2027.35 1896.09 1117.98 1524.26 280.271 207.423 1453.92 159.136 3075.07 917.756 1026.85 1289.81 138.9 818.422 1164.84 593.375 2313.48 768.412 599.445 1294.78 890.704 606.276 158.841 909.369 861.589 571.461 168.967 535.951 70.3414 482.701 392.36 457.124 322.298 283.795 281.406 528.33 45.9323 482.398 179.002 62.7056 299.893 107.443 27.8564 761.594 189.536 180.44 109.563 70.877 9.09638 19.2122 116.296 43.8584 36.0823 815.235 28.6296 529.322
internal_count=1315393 1132173 704520 183220 673071 58135 427653 125085 287587 646851 31449 29307 633537 45232 52097 270032 6038 113361 27200 5549 110067 71190 46611 22015 19257 588305 267196 11724 26220 140066 138294 38877 2758 68617 13314 92749 86429 10016 8900 102780 102658 66772 4774 61998 15616 2350 8707 2167 7347 5486 1946 1735 1255 480 211 461 13266 6390 2946 5341 1235 38187
is_linear=0
shrinkage=0.05


end of trees

feature_importances:
popularity=125
biencoder_cosine=117
rank_biencoder_top100=88
rank_biencoder_last2turns_top100=74
rank_biencoder_large_top100=63
pmi_sum=62
rank_biencoder_current_only_top100=50
rank_decay_descending=47
rank_metadata_qwen3=47
turn_number=41
rank_cf_bpr=34
rank_pmi_leg=29
n_legs_containing=26
score_biencoder_last2turns_top100=23
rank_bm25_norepeat=22
score_biencoder_large_top100=15
n_prior_accepts=14
score_cf_bpr=13
score_bm25_norepeat=12
score_biencoder_top100=9
score_biencoder_current_only_top100=6
score_decay_descending=4
score_metadata_qwen3=4
score_pmi_leg=3
is_in_all_legs=2

parameters:
[boosting: gbdt]
[objective: lambdarank]
[metric: ndcg]
[tree_learner: serial]
[device_type: cpu]
[data_sample_strategy: bagging]
[data: ]
[valid: ]
[num_iterations: 500]
[learning_rate: 0.05]
[num_leaves: 63]
[num_threads: 25]
[seed: 0]
[deterministic: 0]
[force_col_wise: 0]
[force_row_wise: 0]
[histogram_pool_size: -1]
[max_depth: -1]
[min_data_in_leaf: 10]
[min_sum_hessian_in_leaf: 0.001]
[bagging_fraction: 0.8]
[pos_bagging_fraction: 1]
[neg_bagging_fraction: 1]
[bagging_freq: 5]
[bagging_seed: 3]
[bagging_by_query: 0]
[feature_fraction: 0.8]
[feature_fraction_bynode: 1]
[feature_fraction_seed: 2]
[extra_trees: 0]
[extra_seed: 6]
[early_stopping_round: 0]
[early_stopping_min_delta: 0]
[first_metric_only: 0]
[max_delta_step: 0]
[lambda_l1: 0]
[lambda_l2: 0]
[linear_lambda: 0]
[min_gain_to_split: 0]
[drop_rate: 0.1]
[max_drop: 50]
[skip_drop: 0.5]
[xgboost_dart_mode: 0]
[uniform_drop: 0]
[drop_seed: 4]
[top_rate: 0.2]
[other_rate: 0.1]
[min_data_per_group: 100]
[max_cat_threshold: 32]
[cat_l2: 10]
[cat_smooth: 10]
[max_cat_to_onehot: 4]
[top_k: 20]
[monotone_constraints: ]
[monotone_constraints_method: basic]
[monotone_penalty: 0]
[feature_contri: ]
[forcedsplits_filename: ]
[refit_decay_rate: 0.9]
[cegb_tradeoff: 1]
[cegb_penalty_split: 0]
[cegb_penalty_feature_lazy: ]
[cegb_penalty_feature_coupled: ]
[path_smooth: 0]
[interaction_constraints: ]
[verbosity: -1]
[saved_feature_importance_type: 0]
[use_quantized_grad: 0]
[num_grad_quant_bins: 4]
[quant_train_renew_leaf: 0]
[stochastic_rounding: 1]
[linear_tree: 0]
[max_bin: 255]
[max_bin_by_feature: ]
[min_data_in_bin: 3]
[bin_construct_sample_cnt: 200000]
[data_random_seed: 1]
[is_enable_sparse: 1]
[enable_bundle: 1]
[use_missing: 1]
[zero_as_missing: 0]
[feature_pre_filter: 1]
[pre_partition: 0]
[two_round: 0]
[header: 0]
[label_column: ]
[weight_column: ]
[group_column: ]
[ignore_column: ]
[categorical_feature: ]
[forcedbins_filename: ]
[precise_float_parser: 0]
[parser_config_file: ]
[objective_seed: 5]
[num_class: 1]
[is_unbalance: 0]
[scale_pos_weight: 1]
[sigmoid: 1]
[boost_from_average: 1]
[reg_sqrt: 0]
[alpha: 0.9]
[fair_c: 1]
[poisson_max_delta_step: 0.7]
[tweedie_variance_power: 1.5]
[lambdarank_truncation_level: 20]
[lambdarank_norm: 1]
[label_gain: ]
[lambdarank_position_bias_regularization: 0]
[eval_at: ]
[multi_error_top_k: 1]
[auc_mu_weights: ]
[num_machines: 1]
[local_listen_port: 12400]
[time_out: 120]
[machine_list_filename: ]
[machines: ]
[gpu_platform_id: -1]
[gpu_device_id: -1]
[gpu_use_dp: 0]
[num_gpu: 1]

end of parameters

pandas_categorical:null
