tree
version=v4
num_class=1
num_tree_per_iteration=1
label_index=0
max_feature_idx=22
objective=lambdarank
feature_names=rank_biencoder_large_top100 score_biencoder_large_top100 rank_biencoder_stella_top100 score_biencoder_stella_top100 rank_biencoder_top100 score_biencoder_top100 rank_bm25_norepeat score_bm25_norepeat rank_cf_bpr score_cf_bpr rank_decay_descending score_decay_descending rank_metadata_qwen3 score_metadata_qwen3 rank_pmi_leg score_pmi_leg popularity turn_number n_prior_accepts pmi_sum is_in_all_legs n_legs_containing biencoder_cosine
feature_infos=[0:101] [0:0.016393441706895828] [0:101] [0:0.016393441706895828] [0:101] [0:0.016393441706895828] [0:101] [0:0.016393441706895828] [0:101] [0:0.016393441706895828] [0:101] [0:0.016393441706895828] [0:101] [0:0.016393441706895828] [0:101] [0:0.016393441706895828] [0:93] [1:8] [0:7] [0:63.063323974609375] [0:1] [1:8] none
tree_sizes=7007 6953 6954 6931 6965 6973 6922 6944 6930 6945 6936 6966 6975 6959 6991 6947 6921 6943 6934 6961 6894 6947 6935 6971 6905 6903 6939 6947 6926 6953 6925 6942 6910 6934 6985 6971 6952 6906 6935 6930 6935 6902 6906 6972 6903 6940 6883 6896 6913 6930 6931 6919 6970 6914 6904 6929 6892 6887 6945 6952 6889 6902 6918 6858 6903 6918 6907 6885 6894 6906 6892 6959 6884 6927 6890 6914 6923 6868 6936 6896 6825 6899 6921 6881 6921 6930 6872 6867 6848 6923 6908 6980 7019 6921 6898 6871 6922 6919 6874 6900 6946 6929 6938 6900 6859 6887 6946 6919 6970 6918 6834 6886 6968 6873 6848 6908

Tree=0
num_leaves=63
num_cat=0
split_feature=21 2 16 21 21 16 12 0 19 2 19 17 16 2 4 0 0 16 0 0 0 16 4 8 2 12 15 4 7 2 0 19 0 16 4 16 16 16 12 16 15 16 8 2 0 7 11 8 16 1 16 2 0 8 4 17 4 0 15 2 2 2
split_gain=3573.97 626.789 411.649 254.313 184.327 92.4788 72.0999 61.4157 66.2582 59.0878 54.5303 51.4213 39.6384 39.2635 38.5253 37.1391 36.158 35.6887 33.6006 31.6113 30.1252 29.1511 23.6834 21.6044 21.0725 21.1961 20.6376 21.4045 18.3693 18.2546 17.8721 17.2479 19.7561 16.4499 15.2334 14.7246 14.4979 14.273 18.7474 15.2126 13.9192 13.274 13.2026 12.4847 12.4708 12.3276 16.1938 12.49 12.7524 17.8406 11.6456 11.4203 11.1254 14.2007 11.0605 10.6777 10.6063 10.2668 10.5607 10.1575 10.134 10.0876
threshold=2.5000000000000004 16.500000000000004 64.500000000000014 3.5000000000000004 1.5000000000000002 48.500000000000007 16.500000000000004 63.500000000000007 9.4565019607543963 37.500000000000007 4.2452108860015878 1.5000000000000002 51.500000000000007 70.500000000000014 5.5000000000000009 70.500000000000014 35.500000000000007 70.500000000000014 37.500000000000007 59.500000000000007 54.500000000000007 49.500000000000007 3.5000000000000004 3.5000000000000004 29.500000000000004 4.5000000000000009 0.013606071937829258 19.500000000000004 0.016261236742138866 7.5000000000000009 30.500000000000004 20.007032394409183 18.500000000000004 19.500000000000004 7.5000000000000009 70.500000000000014 7.5000000000000009 47.500000000000007 12.500000000000002 26.500000000000004 0.014389234129339458 35.500000000000007 3.5000000000000004 29.500000000000004 46.500000000000007 0.012903762981295587 0.014185110572725536 18.500000000000004 47.500000000000007 0.0076046728063374766 45.500000000000007 51.500000000000007 76.500000000000014 8.5000000000000018 100.00000000000001 1.5000000000000002 53.500000000000007 20.500000000000004 1.0000000180025095e-35 46.500000000000007 98.500000000000014 70.500000000000014
decision_type=2 2 2 2 2 2 2 2 2 2 2 2 2 2 2 2 2 2 2 2 2 2 2 2 2 2 2 2 2 2 2 2 2 2 2 2 2 2 2 2 2 2 2 2 2 2 2 2 2 2 2 2 2 2 2 2 2 2 2 2 2 2
left_child=2 6 4 5 7 16 34 -1 21 29 13 18 26 35 -8 55 43 19 -5 57 61 22 -9 -13 -24 -26 27 41 -20 -6 -16 32 -25 44 -2 -4 52 38 39 -34 59 -11 -35 -3 -18 46 47 -38 51 56 -28 -49 -29 -54 -23 -15 -50 -7 -59 -21 -41 -14
right_child=1 3 10 11 9 17 14 8 -10 12 -12 23 20 15 30 -17 33 -19 28 40 -22 54 24 31 25 -27 50 36 -30 -31 -32 -33 37 42 -36 -37 45 -39 -40 60 -42 -43 -44 -45 -46 -47 -48 48 49 -51 -52 -53 53 -55 -56 -57 -58 58 -60 -61 -62 -63
leaf_value=-0.03844577850950396 0.089956882029470886 0.01643832434577476 0.0026313780966525386 0.051906362283561339 0.038749884516378535 0.043008028345466409 0.077483508197309439 0.048083488622202179 0.043016620597766966 0.018078531367208366 0.055634537996106362 0.072801168374296024 -0.041364297391480093 0.051422527561206632 0.053324040452688605 -0.029720274005334703 -0.070691206690821559 0.06029992830395077 -0.066082533133219337 -0.00087291984948387679 -0.031062264905309174 -0.071062017365843042 -0.039783187076864013 0.060829923309883072 0.053385528334349924 -0.076159113523841707 0.071582267957155041 -0.0087717247021096706 0.069291483547684024 -0.0083974066107239675 0.022699495882913798 0.075385939853480771 0.074573775927019123 0.045934810755410352 0.073580396222451869 0.054970097920220652 -0.0011576587254899593 0.045496864661611174 -0.0018732432183768848 0.035350424739295935 0.054606690484740032 -0.053420981218469513 -0.047679089637401945 -0.014966644790290029 -0.0019520204760916768 -0.10000000000000001 0.027838252956500227 -0.033462819712625456 -0.012633717966164942 0.0022541158949786369 -0.099999999999999922 -0.070126210815784726 0.079415530069184698 -0.062682155270492645 -0.046310477252123554 0.0040612503425198369 -0.10000000000000001 0.0065740515735901971 0.080209911804383333 -0.056534761236589015 -0.034640268322140032 0.042410911475840807
leaf_weight=205.02160650443693 413.42251411930192 53.815228990584728 21.246746457982226 13.089482061594024 26.140475508116651 41.552405203139642 157.51937597250799 3.9914868561900212 13.246021730010396 18.929936620465018 57.309390107460786 87.863892070541624 4.1338519253477015 19.749725509027485 211.89867066522129 103.30115290092363 7.7502992366498793 44.708109310100554 19.654876238113506 12.294211359170729 49.337442767748144 62.805644681124249 42.914332524407655 82.742743295806576 3.1692622221889897 858.11292922122811 5.5296037669759235 30.947416067006998 2.8720645485445848 95.663361805287423 61.458010784408543 40.236222542531323 19.970161470613675 3.8737788301659739 216.29638739579241 36.56405680559692 9.7722597525571455 95.372846907470375 53.083460451322026 19.528355703281708 4.5612756706541395 9.8789839093515166 135.79027827220852 76.821629044425208 44.38729959691409 15.677787965832975 5.8683088164543724 24.943173831852619 5.2431487762369207 18.388745019503403 1.2042862676898947 143.05583353935799 1.8909070941153938 25.059458360963617 160.41455602935457 29.944288067723392 10.294897072293677 67.699628417336498 5.2464935635216525 24.588929352117702 7.0348999099369385 27.481582520733355
leaf_count=94902 9085 9817 7696 1055 4998 5741 9454 1324 2911 5563 10898 8049 1644 3519 20712 51325 2398 5187 9523 2957 19744 36005 23147 6752 431 461965 664 9370 437 29381 10111 1531 2052 514 10392 8135 2196 12587 8989 2751 623 3883 35891 18892 9483 7302 1099 8868 1362 4239 319 60396 234 10644 78252 11210 3700 11903 330 9365 2768 6223
internal_value=-0.000629243 0.0470212 -0.0455701 0.0178524 -0.0538396 -0.00573322 0.0735482 -0.0636476 -0.0681616 -0.0288365 0.0123875 0.0457998 -0.0379672 0.000630397 0.0577881 -0.012634 -0.0223176 0.0209173 -0.0118037 0.00962649 -0.00664594 -0.0694632 -0.0734421 0.0508552 -0.0739786 -0.0756824 -0.0457286 -0.0475518 -0.0488231 0.00172093 0.0464388 0.0447909 0.0403585 -0.036136 0.0843319 0.0357345 -0.0516199 0.0316715 0.0184352 0.0416023 -0.0277911 -0.00643966 -0.0450826 -0.00202952 -0.0121702 -0.0571789 -0.0540932 -0.0563644 -0.0590361 -0.0310751 0.0408966 -0.0646827 -0.0292252 -0.0527122 -0.0532746 0.0228839 -0.0705192 0.0231703 0.0118702 -0.0379811 0.0168144 0.0314569
internal_weight=4172.37 2025.13 2147.23 964.539 1879.12 523.09 1060.59 1349.68 1144.65 529.441 268.115 441.449 407.638 210.806 430.876 152.995 322.439 200.651 35.6164 155.943 80.9529 1131.41 908.188 405.833 904.197 861.282 326.685 319.951 22.5269 121.804 273.357 317.969 277.732 191.802 629.719 57.8108 291.142 194.99 99.6169 46.5334 41.4444 28.8089 139.664 130.637 52.1376 233.244 217.566 211.698 201.926 33.9268 6.73389 167.999 57.8978 26.9504 223.22 49.694 15.538 114.499 72.9461 36.8831 26.5633 31.6154
internal_count=1202898 229349 973549 169595 880766 113101 59754 698937 604035 181829 92783 56494 147450 81885 40277 66054 76995 36106 11015 30919 27611 601124 486867 45479 485543 462396 119839 118856 9960 34379 30823 37430 35899 48286 19477 15831 109410 29147 16560 7571 12945 9446 36405 28709 11881 89162 81860 80761 78565 9301 983 69264 20248 10878 114257 14729 5062 17974 12233 12322 5519 7867
is_linear=0
shrinkage=0.05


Tree=1
num_leaves=63
num_cat=0
split_feature=0 8 19 2 0 2 4 10 0 16 2 2 16 14 2 2 2 16 8 16 0 2 0 16 2 16 12 19 16 16 10 16 2 2 2 2 0 19 8 16 4 2 12 0 16 0 0 10 19 16 4 4 0 2 19 16 4 14 6 4 0 16
split_gain=2733.49 734.584 557.174 373.691 284.715 151.994 265.962 145.807 129.118 119.062 105.658 103.182 83.6524 79.5423 73.7751 65.0078 72.9681 63.3933 62.9618 62.9456 60.604 59.0993 51.3004 51.1479 48.3274 47.158 45.1613 44.5692 42.6653 39.0157 38.8834 55.4321 38.5769 36.9807 36.2583 35.512 35.3096 35.2575 35.5962 35.0399 34.8747 34.7314 34.6012 33.4938 33.1501 32.6955 32.0671 31.5346 30.7247 30.6965 34.7264 30.6175 34.0502 29.9771 29.9026 28.8387 28.728 28.5508 35.9874 34.482 28.2708 27.9562
threshold=61.500000000000007 5.5000000000000009 7.3649959564208993 55.500000000000007 1.5000000000000002 65.500000000000014 7.5000000000000009 18.500000000000004 13.500000000000002 52.500000000000007 1.5000000000000002 2.5000000000000004 40.500000000000007 60.000000000000007 3.5000000000000004 16.500000000000004 4.5000000000000009 80.500000000000014 15.500000000000002 58.500000000000007 77.500000000000014 16.500000000000004 15.500000000000002 35.500000000000007 9.5000000000000018 48.500000000000007 2.5000000000000004 18.279785156250004 6.5000000000000009 44.500000000000007 15.500000000000002 41.500000000000007 71.500000000000014 8.5000000000000018 19.500000000000004 4.5000000000000009 22.500000000000004 16.484162330627445 3.5000000000000004 80.500000000000014 11.500000000000002 11.500000000000002 8.5000000000000018 11.500000000000002 68.500000000000014 97.500000000000014 96.500000000000014 1.0000000180025095e-35 23.358599662780765 63.500000000000007 6.5000000000000009 14.500000000000002 66.500000000000014 69.500000000000014 5.4801788330078134 29.500000000000004 2.5000000000000004 17.500000000000004 18.500000000000004 44.500000000000007 38.500000000000007 1.5000000000000002
decision_type=2 2 2 2 2 2 2 2 2 2 2 2 2 2 2 2 2 2 2 2 2 2 2 2 2 2 2 2 2 2 2 2 2 2 2 2 2 2 2 2 2 2 2 2 2 2 2 2 2 2 2 2 2 2 2 2 2 2 2 2 2 2
left_child=1 11 3 17 10 6 8 23 14 13 49 26 61 -9 -6 16 29 20 24 22 -2 47 55 28 43 -24 48 60 -5 -10 35 -32 -15 40 -21 -22 -31 38 -4 -14 -33 -26 -38 -16 -18 -25 53 -20 -1 -3 -51 -34 -53 -11 -54 -8 -43 58 -48 -60 -13 -7
right_child=2 4 37 7 5 12 19 9 15 46 -12 27 39 32 18 -17 44 -19 21 34 30 -23 25 45 41 -27 -28 -29 -30 36 31 33 51 -35 -36 -37 42 -39 -40 -41 -42 56 -44 -45 -46 -47 57 -49 -50 50 -52 52 54 -55 -56 -57 -58 -59 59 -61 -62 -63
leaf_value=0.066865629360612466 0.010440554534682782 0.055589496308893399 -0.034042452980404973 -0.039792487284056544 0.015169339630501528 -0.011587854210518819 0.034568251944459304 -0.091828347636741622 6.8912996068234275e-05 -0.098405361828684423 0.0176695079865519 0.032517412933516586 -0.0050226319207155486 -0.034963057328702737 0.027603746301387806 0.016277699493836239 -0.066968715354332894 0.040455557619841688 0.058308853471175717 0.044923291933279125 -0.06946979326069852 0.02369610647948282 -0.00025383593764722261 0.01074588156075377 -0.10178295333068488 0.02349629644590262 0.039766171599831479 0.05796998610699175 0.0091262448603243139 -0.10309123611426896 -0.041160715872975429 -0.056482508714826629 -0.023617492238014827 -0.020292115186379491 0.020173061064338967 0.015344103513384775 0.057072281997354729 0.039486768392764264 0.015545251552610925 0.041396131413325821 0.037088721204896605 -0.10194067144450876 -0.054762461831082798 -0.10214606611803259 0.0066440912669502323 -0.042789348331939175 0.048101778969331578 -0.03327572327341477 -0.037946694140576692 -0.10239002359585501 0.074333697800578177 -0.02456207123546544 -0.062691972171674534 -0.01056288481993514 0.069459240452367607 0.015703241771244072 0.0092139171070492742 -0.036040335996195445 0.066037353955898437 -0.091715385954214662 -0.00027575532821031589 -0.03980174154108039
leaf_weight=540.79370077000931 185.26685829664348 403.18625565012917 40.953224614495412 62.440220215823501 496.88380063837394 127.71923064242583 327.54984558164142 171.09049098286778 118.79395278636366 10.332802668679504 417.56661988073029 939.42899017909076 550.17904164735228 192.54590207606088 164.97705633239821 60.835883075837046 176.63555898726918 53.799247394315898 9.6752545200288278 295.63526794803329 14.015140528790651 58.659869968891144 748.20897831133334 32.049200667999685 12.889412657823412 290.02505096991081 247.21764903655276 168.93202180927619 155.75923953345045 20.422694334993139 317.21341519034468 12.090084430295972 58.99073408881668 286.7248702927609 296.26583461870905 103.37558089802042 10.196464814245703 139.40582386986353 311.20116807776503 43.899035599082708 56.463025283999741 6.9053433821536592 21.50004186690785 5.1284505790099493 16.743653763784096 258.98695841082372 5.7857964474242172 329.22068521939218 7.0836169160902491 6.5724642397835833 4.8171531818807125 62.978019331116229 1249.4490343228681 161.72098787059076 4.2953285374678662 530.98261188948527 36.742401359952055 407.37500768189784 3.6836943924427024 58.082821200368926 70.665772338863462 280.90771677903831
leaf_count=1314 13260 1583 1030 6364 3383 22116 8810 56423 866 1820 6865 7927 71268 48117 860 3380 2443 1250 27 6179 236 2102 57466 1548 159 13868 1144 860 13401 249 73639 432 11106 48447 10937 3126 22 2284 18009 1720 3923 132 277 58 143 35143 71 4206 69 93 46 14176 389620 30194 274 16963 356 100959 61 10520 1388 68186
internal_value=-0.000513443 0.0172015 -0.0319787 -0.0382643 0.00832777 0.00385214 0.0081817 -0.0474616 -0.00810426 -0.0526447 0.0354221 0.0435859 -0.01357 -0.0594562 0.000793272 -0.0315675 -0.0395575 -0.0123819 -0.0106506 0.0183002 -0.015297 -0.0226406 0.0138581 -0.0231732 0.0103812 0.00638063 0.0575058 0.0341988 -0.0048724 -0.0157546 -0.0213337 -0.0259687 -0.0559245 -0.0124043 0.032535 0.00521827 -0.0518208 0.0182037 0.00977853 -0.00159255 0.0205864 -0.0296675 -0.0187863 0.023692 -0.060595 -0.036894 -0.0343325 -0.030661 0.0655105 0.0533028 -0.0276461 -0.0588583 -0.0604371 -0.0158383 -0.0622392 0.0229007 -0.00837143 -0.0410325 -0.0711378 -0.0823072 0.0302232 -0.0309833
internal_weight=12259.9 7843.85 4416.07 3924.51 5869.73 5037.58 4034.88 2895.57 1546.21 2386.33 832.142 1974.12 1002.71 1739.35 1121.08 425.128 364.292 1028.95 624.198 2488.67 975.149 397.556 1896.77 509.236 226.643 1038.23 795.095 1179.03 218.199 170.913 789.882 672.491 1568.26 355.278 591.901 117.391 52.1192 491.56 352.154 594.078 68.5531 56.5372 31.6965 170.106 193.379 291.036 646.981 338.896 547.877 414.576 11.3896 1375.71 1316.72 172.054 1253.74 858.532 43.6477 474.927 67.5523 61.7665 1010.09 408.627
internal_count=1202898 317465 885433 864110 304763 296176 132886 719797 18663 663341 8587 12702 163290 519716 11283 7380 4000 144313 7900 114223 143063 6335 97107 56456 1565 71334 2527 10175 19765 1414 129803 126441 463293 52802 17116 3362 548 21323 19039 72988 4355 647 299 918 2586 36691 143625 4233 1383 1722 139 415176 404070 32014 389894 25773 488 111611 10652 10581 9315 90302
is_linear=0
shrinkage=0.05


Tree=2
num_leaves=63
num_cat=0
split_feature=2 4 16 8 0 10 12 14 0 2 2 14 8 16 10 0 4 2 0 16 4 16 2 17 12 14 10 4 16 10 14 17 0 4 12 16 2 0 16 17 4 12 16 16 8 14 10 8 12 0 12 8 9 2 17 4 8 16 2 17 14 17
split_gain=2720.7 741.911 408.78 390.021 186.31 152.89 152.049 103.822 98.613 63.4693 62.6363 62.6251 64.151 58.3956 54.6371 52.1253 45.3939 43.8854 41.1177 50.8612 39.7282 34.9876 34.5111 34.2786 33.2031 32.2369 36.8174 35.4478 32.8167 28.8863 38.9113 36.2495 28.2936 30.8465 31.5266 32.063 28.1861 26.8797 26.7457 25.7899 25.9555 25.5377 24.3996 56.0534 24.2782 23.6083 23.5442 35.1146 22.9603 26.5226 22.3984 22.3689 22.1939 22.1463 21.8072 30.1816 34.1304 24.3675 47.3839 21.7015 30.647 21.5508
threshold=36.500000000000007 7.5000000000000009 48.500000000000007 13.500000000000002 63.500000000000007 18.500000000000004 3.5000000000000004 18.500000000000004 70.500000000000014 1.5000000000000002 11.500000000000002 60.000000000000007 13.500000000000002 73.500000000000014 5.5000000000000009 82.500000000000014 17.500000000000004 55.500000000000007 95.500000000000014 51.500000000000007 41.500000000000007 71.500000000000014 71.500000000000014 4.5000000000000009 13.500000000000002 17.500000000000004 1.5000000000000002 26.500000000000004 9.5000000000000018 60.000000000000007 15.500000000000002 1.5000000000000002 20.500000000000004 34.500000000000007 6.5000000000000009 16.500000000000004 31.500000000000004 35.500000000000007 63.500000000000007 3.5000000000000004 48.500000000000007 5.5000000000000009 73.500000000000014 65.500000000000014 1.5000000000000002 1.5000000000000002 4.5000000000000009 12.500000000000002 8.5000000000000018 42.500000000000007 8.5000000000000018 1.0000000180025095e-35 0.014389234129339458 6.5000000000000009 4.5000000000000009 19.500000000000004 18.500000000000004 65.500000000000014 26.500000000000004 6.5000000000000009 6.5000000000000009 5.5000000000000009
decision_type=2 2 2 2 2 2 2 2 2 2 2 2 2 2 2 2 2 2 2 2 2 2 2 2 2 2 2 2 2 2 2 2 2 2 2 2 2 2 2 2 2 2 2 2 2 2 2 2 2 2 2 2 2 2 2 2 2 2 2 2 2 2
left_child=1 6 3 29 20 25 9 18 -9 -1 -8 -7 -13 17 -6 21 -16 -10 45 -20 -5 54 -18 -23 -21 -3 36 37 -29 31 -31 -2 33 51 35 -35 -27 -28 -17 40 -33 -24 43 -26 -12 -4 -34 -48 49 -22 -19 -30 -39 -49 57 56 -56 -14 -59 -11 -61 -15
right_child=2 5 7 4 14 11 10 8 13 59 44 12 15 61 16 38 22 50 19 24 48 23 41 -25 42 26 27 28 32 30 -32 39 46 34 -36 -37 -38 52 -40 -41 -42 -43 -44 -45 -46 -47 47 53 -50 -51 -52 -53 -54 -55 55 -57 -58 58 -60 60 -62 -63
leaf_value=0.065238279583895262 -0.032785961971348081 0.032431660378853748 -0.018189507317947256 -0.0087322631622472405 0.0055166213576912882 0.021315055064325916 0.034780953134086627 -0.0050551373208991938 -0.0045626421119605012 0.045902774981794521 -0.10482476274395139 0.022334067693582042 -0.0090150314571936334 0.0089159576368748866 -0.017973464364902488 -0.031388131194691513 -0.044275079260103913 -0.0072813826198199847 -0.082430068180501498 0.032172985855326394 -0.10157658822392945 0.033681757878259805 0.002789581202982552 -0.019705597505796826 0.0097479230170362322 0.035045759711122282 0.02041863383861249 -0.069473855804256954 0.039708511475555638 0.046858288347787651 -0.035494933974579389 -0.027984976267535579 0.03888504325196885 0.09214205365354966 0.01257599257865652 -0.10389749669771378 -0.10353626453440574 -0.0035046924937299304 -0.00031315380654610881 0.012581088425993564 0.060994750450623247 -0.062784964173294225 0.013009527824049788 -0.049217034728152684 0.0093426949735429098 0.030373999105399431 -0.041851683100329502 -0.10176883252529585 -0.034893161581479482 0.072860105155919147 -0.043630452163653598 -0.10309351427208602 -0.1029587512771051 0.025618694605209841 -0.10123669961231403 -0.0074278884524278561 0.017075482543965029 -0.0865287677893916 0.033721445280600559 -0.10373059485691312 0.025412667813389758 -0.033337238474513579
leaf_weight=625.05478412192315 34.008315950399265 370.1913246428594 28.762142134597525 224.35787273349706 35.965427667368203 277.1917575916741 1436.005159630673 807.69836167973699 97.10364206333179 422.24257539771497 4.7517198063433161 209.69932492845692 711.230793892988 116.87758003349882 72.391190811991692 278.1071290562395 343.40067613101564 45.932983887614682 19.296428967500106 68.042389780865051 2.8118103272281578 114.87082838476636 15.016323482384903 40.726749058347195 82.809956186334603 225.21821631398052 484.57582775130868 18.370304818963632 3.301753684878352 18.33421994629316 65.896715004229918 9.5308791222050768 54.283801063895226 2.5105392932891837 48.450594890397042 12.326016007922588 3.7298847548663607 22.327041759621356 92.197773668682203 187.07037950353697 58.504821330774575 1320.2477602584986 94.810462676454335 78.522194483317435 232.67822598549537 192.63532207487151 35.845992262242362 3.597487974446266 578.59683392872103 9.6844421490095538 548.0544197083218 16.184387452434748 7.4918612600304177 66.110148818232119 6.2414148899260899 396.33458664093632 261.05758550646715 26.81983062857762 11.794987471774219 4.8920031972229472 75.396647331770509 40.681436003185809
leaf_count=1398 5053 3264 568 26489 4500 5556 15601 72066 15610 2102 78 3549 29965 14290 15627 59614 86963 7349 5029 1370 248 1299 2604 987 9378 1795 6227 649 11 370 12922 264 728 2 720 292 138 824 6062 7852 1015 421997 4347 8866 8128 3554 1067 194 123528 161 154026 473 320 2105 306 25606 8188 1033 415 69 469 7618
internal_value=-0.000417802 0.020885 -0.0274788 -0.039594 -0.04645 0.00649584 0.0404101 -0.0112479 -0.0175606 0.0546018 0.0308475 -0.00105209 -0.00393703 -0.0294627 -0.0554871 -0.00677765 -0.0567401 -0.0357252 0.0072626 -0.00356772 -0.0266457 -0.00279547 -0.0584118 0.0197079 0.0011264 0.0198193 0.0151704 0.00996843 -0.00504059 0.00819732 -0.0175694 0.0157042 -0.000161752 -0.0238893 -0.00695246 -0.070725 0.0327881 0.0175833 -0.0236511 0.0221685 0.0485299 -0.0620475 -0.0071209 -0.018951 0.00705785 0.024065 0.0121258 -0.00163587 -0.0334449 0.0336097 -0.0408196 -0.078897 -0.0284921 0.0190444 -0.00527267 0.00132889 0.0143129 -0.0111152 -0.0497981 0.0413719 0.0175439 -0.00199374
internal_weight=11798.9 6601.81 5197.04 2975.82 2602.47 3800.79 2801.02 2221.23 1656.35 1127.59 1673.44 2426.27 2149.08 848.65 1787.02 1939.38 1751.06 691.091 564.879 343.481 815.451 1569.08 1678.66 155.598 324.185 1374.52 1004.32 775.376 260.981 373.345 84.2309 289.114 242.611 82.7733 63.2872 14.8366 228.948 514.395 370.305 255.106 68.0357 1335.26 256.143 161.332 237.43 221.397 159.837 105.554 591.093 12.4963 593.987 19.4861 29.8189 69.7076 1413.48 663.634 267.299 749.846 38.6148 502.531 80.2887 157.559
internal_count=1202898 189234 1013664 709593 682117 161389 27845 304071 270959 4038 23807 142580 137024 198893 531691 133475 527191 176985 33112 28990 150426 67799 511564 2286 23961 18809 15545 13612 6241 27476 13292 14184 5592 1498 1014 294 1933 7371 65676 9131 1279 424601 22591 18244 8206 4122 4094 3366 123937 409 161375 484 1144 2299 65513 34100 8494 31413 1448 2640 538 21908
is_linear=0
shrinkage=0.05


Tree=3
num_leaves=63
num_cat=0
split_feature=21 2 19 21 21 12 14 0 6 0 19 0 2 19 2 19 0 10 10 6 2 10 17 4 0 17 4 0 0 12 6 19 4 4 0 0 2 17 6 12 2 21 19 14 4 0 3 4 14 10 2 0 19 14 1 4 17 19 2 15 19 0
split_gain=3003.46 554.961 425.392 278.508 244.144 194.582 95.9083 86.226 57.0177 53.5402 52.0852 48.7336 51.6941 41.342 37.2103 34.9962 34.8832 34.6221 31.2057 31.1285 30.4493 28.8031 27.5006 26.5166 25.6748 25.5547 54.7765 26.4998 32.2499 24.6904 31.4539 30.2807 24.5279 27.8363 22.4515 22.0929 21.4686 21.1558 20.4846 45.965 20.7609 20.2561 22.1468 29.7505 19.7046 23.5036 19.6432 19.5144 23.104 22.6281 19.0088 18.5153 18.4399 61.0038 18.2888 18.2191 23.2363 23.0815 17.8876 17.8172 18.7084 17.4863
threshold=2.5000000000000004 4.5000000000000009 4.2452108860015878 1.5000000000000002 3.5000000000000004 7.5000000000000009 60.000000000000007 26.500000000000004 18.500000000000004 5.5000000000000009 7.5297496318817148 21.500000000000004 21.500000000000004 7.8472931385040292 37.500000000000007 31.480008125305179 84.500000000000014 7.5000000000000009 1.5000000000000002 18.500000000000004 46.500000000000007 17.500000000000004 1.5000000000000002 45.500000000000007 4.5000000000000009 2.5000000000000004 5.5000000000000009 55.500000000000007 6.5000000000000009 60.000000000000007 60.000000000000007 5.022111415863038 2.5000000000000004 11.500000000000002 65.500000000000014 10.500000000000002 77.500000000000014 2.5000000000000004 10.500000000000002 13.500000000000002 70.500000000000014 1.5000000000000002 12.892192840576174 1.5000000000000002 94.500000000000014 42.500000000000007 0.015504807699471714 97.500000000000014 4.5000000000000009 60.000000000000007 3.5000000000000004 47.500000000000007 13.735037326812746 2.5000000000000004 0.012121656909585001 4.5000000000000009 5.5000000000000009 7.891686439514161 78.500000000000014 0.014389234129339458 38.423259735107429 71.500000000000014
decision_type=2 2 2 2 2 2 2 2 2 2 2 2 2 2 2 2 2 2 2 2 2 2 2 2 2 2 2 2 2 2 2 2 2 2 2 2 2 2 2 2 2 2 2 2 2 2 2 2 2 2 2 2 2 2 2 2 2 2 2 2 2 2
left_child=2 5 3 6 13 16 -1 15 -5 -7 17 -8 -13 20 -10 29 18 -11 25 37 21 -3 44 50 58 -2 -27 28 -28 -6 31 -31 -9 55 -24 -25 -32 -19 -26 -40 -41 42 43 -4 -14 -46 54 48 -15 -49 51 -21 53 -35 -30 56 -34 -57 -22 -59 -61 -55
right_child=1 4 41 8 7 9 11 32 14 10 -12 12 22 47 -16 -17 -18 19 -20 23 24 -23 34 35 38 26 27 -29 46 30 36 -33 33 52 -36 -37 -38 -39 39 40 -42 -43 -44 -45 45 -47 -48 49 -50 -51 -52 -53 -54 61 -56 57 -58 59 -60 60 -62 -63
leaf_value=-0.08527684976746612 0.071573016383650948 0.048864437528622191 -0.10198902138623776 -0.078340324494139871 0.025808330770448213 0.0313484972268811 -0.010985569449115775 0.043467338804772611 -0.0038963832836167375 -0.077603430599893011 0.043773162613880423 -0.011289716127836833 -0.058904839115346899 -0.072263736131897238 -0.023590481714349614 0.054965918950834781 -0.10471628754109015 0.057707418290124816 0.043989155469228422 -0.002916028848240073 -0.016479702147159381 -0.0043936130036699118 -0.039599737915404061 0.0090288625367712667 -0.065279777629950159 0.059763505110761332 0.028341204022341832 0.086116616352581096 0.076745609005095958 -0.04930617393937662 0.018147732289465028 0.041106298977178955 0.031750146416081364 -0.088865454866833976 -0.054236340803136232 -0.10282953798323849 -0.10118868020505278 -0.00090006340557421461 0.040901103923616129 -0.014241019191991536 -0.038294992903826777 0.034775942297296074 0.036219718599503896 0.0037398316083066007 -0.076122123310889106 -0.024086315198289035 -0.078143890828442919 -0.10486569021389419 0.015584587777932644 0.045669997595354776 0.024634119499800489 -0.064291418044739881 0.020560509487746747 0.012715522983228089 -0.10658182370840641 -0.079811968529286723 -0.10387560658131166 0.032973242279282042 0.061970665715951612 -0.10365397078017274 0.064848297683632303 -0.0020792723209645024
leaf_weight=171.01260853512213 254.64968289341778 25.908517270348966 7.0501240901648989 39.535989480093122 1396.9348641606048 699.9558917330578 92.768604825250804 43.672607220476493 354.47442519571632 13.601338813081382 87.102581186685711 92.280340506345965 71.99883408145979 9.246193871367721 741.68376419064589 87.653758365195245 3.592896230518817 39.626452759373933 696.41865222528577 182.27868267591111 13.113123171497138 1260.7687649944564 314.61319668515353 7.0664662206545499 24.936242831172422 312.51859777932987 32.290238258894533 9.5784378964453918 4.7084506489336517 35.872442065970972 365.70251068973448 12.483565975446252 19.434002813883129 17.343509134370834 1566.7792469663545 11.76111546019092 3.8079962697811416 25.183833777438849 30.077888534869999 238.30822795606218 143.85317926201969 138.23057036148384 53.499985172180459 118.25197285297327 24.049323250539601 222.19190839864314 16.526225380599499 2.5923063815571359 39.280813002493232 67.456339333206415 62.448992345482111 13.176316123455761 208.57118175458163 434.4264671348501 1.9131918614730237 22.819515551207587 3.7708565224893382 11.897276734933259 16.29574026260525 6.5218903776258212 2.2039378434419632 369.66617478406988
leaf_count=63400 421 722 1183 14729 17372 5711 20006 564 37206 378 891 19336 27700 558 143901 460 185 243 3668 3612 944 67938 74852 148 7015 824 177 13 10 1446 7256 156 281 943 492426 953 285 506 2997 26173 24799 6398 1496 14196 5819 50901 201 287 1830 1169 1248 699 2659 13472 31 1476 187 183 456 281 9 27512
internal_value=-0.000329951 0.0185748 -0.0351784 -0.0399519 0.00885183 0.0378864 -0.0491072 0.0175925 -0.0193495 0.0227438 0.00912491 -0.0465133 -0.0479514 -0.00535671 -0.0172218 0.024109 0.0508693 0.000627062 0.0512901 0.00374246 -0.00728915 -0.00332121 -0.0494894 -0.00356254 -0.0182314 0.0593328 0.0510767 0.00932109 -0.00394743 0.0226186 0.0119554 -0.0259653 0.00672088 0.00525751 -0.0517888 -0.0608463 0.0169179 0.0349339 -0.0212734 -0.0186115 -0.0232954 0.0204019 0.00928939 -0.002209 -0.035896 -0.0291684 -0.0489886 0.0232164 -0.00115377 0.0400991 0.000619308 -0.00705356 0.00728385 0.00391276 0.0237768 -0.0260587 0.00971057 -0.0451648 0.0269904 -0.00682761 -0.0610943 0.0059139
internal_weight=11397.4 7389.02 4008.42 3691.39 4914.62 2474.4 2555.69 3042.78 1135.69 1142.2 442.246 2384.68 2291.91 1871.84 1096.16 1902.46 1332.2 355.143 1328.6 341.542 1753.26 1286.68 2199.63 276.732 466.584 632.185 377.535 65.0165 55.4381 1814.8 417.867 48.356 1140.33 1096.65 1881.39 18.8276 369.511 64.8103 437.176 412.239 382.161 317.033 178.802 125.302 318.24 246.241 23.1479 118.576 48.527 70.0486 257.904 195.455 1030.01 821.436 6.62164 66.6475 23.2049 43.4426 29.4089 20.6231 8.72583 804.093
internal_count=1202898 229349 973549 950276 209430 19919 754440 74542 195836 14389 8678 691040 671034 134888 181107 26975 5530 7787 5345 7409 131044 68660 651698 6660 62384 1677 1256 432 419 26515 9143 1602 47567 47003 567278 1101 7541 749 60984 53969 50972 23273 16875 15379 84420 56720 242 3844 2388 1456 5559 4311 44586 41927 41 2417 468 1949 1400 473 290 40984
is_linear=0
shrinkage=0.05


Tree=4
num_leaves=63
num_cat=0
split_feature=21 2 16 21 21 12 16 19 4 16 0 21 8 19 19 2 0 19 19 16 15 19 2 0 2 2 17 17 2 15 12 0 4 16 0 19 16 0 16 7 19 7 2 0 0 17 7 4 16 2 2 16 17 19 15 0 0 16 2 11 2 17
split_gain=2863.67 477.311 408.717 209.924 194.061 187.813 83.2472 73.0935 62.3728 54.7769 50.001 49.6923 43.5279 41.6724 40.8384 41.119 38.3542 36.7012 35.8007 34.9491 31.2698 28.1777 26.8934 26.2483 26.1774 25.976 51.5392 23.997 23.7305 23.7032 23.6202 29.5647 27.3497 25.1331 29.0873 34.6939 25.1059 22.9647 46.22 29.6286 22.0861 21.8623 21.6826 21.4644 22.8225 21.2949 21.1032 30.9693 20.1482 25.6645 20.9149 24.0698 20.0789 27.2065 19.9476 19.9357 19.5301 25.6995 52.3587 21.1537 22.8664 21.0123
threshold=2.5000000000000004 5.5000000000000009 56.500000000000007 3.5000000000000004 1.5000000000000002 2.5000000000000004 73.500000000000014 5.4801788330078134 14.500000000000002 65.500000000000014 63.500000000000007 1.5000000000000002 8.5000000000000018 9.7022557258605975 8.6299066543579119 22.500000000000004 1.0000000180025095e-35 20.007032394409183 6.6848840713500985 64.500000000000014 1.0000000180025095e-35 17.322132110595707 20.500000000000004 89.500000000000014 19.500000000000004 50.500000000000007 1.5000000000000002 3.5000000000000004 29.500000000000004 1.0000000180025095e-35 60.000000000000007 29.500000000000004 34.500000000000007 31.500000000000004 10.500000000000002 7.9491722583770761 40.500000000000007 15.500000000000002 37.500000000000007 0.013606071937829258 17.513369560241703 1.0000000180025095e-35 1.5000000000000002 58.500000000000007 36.500000000000007 3.5000000000000004 0.013986697886139156 18.500000000000004 73.500000000000014 38.500000000000007 46.500000000000007 71.500000000000014 2.5000000000000004 7.9491722583770761 0.015749008394777778 7.5000000000000009 41.500000000000007 46.500000000000007 20.500000000000004 0.012739370577037336 34.500000000000007 2.5000000000000004
decision_type=2 2 2 2 2 2 2 2 2 2 2 2 2 2 2 2 2 2 2 2 2 2 2 2 2 2 2 2 2 2 2 2 2 2 2 2 2 2 2 2 2 2 2 2 2 2 2 2 2 2 2 2 2 2 2 2 2 2 2 2 2 2
left_child=2 5 4 9 7 42 11 10 24 13 -1 18 -7 22 15 -6 19 25 29 -14 28 41 -3 -13 -5 48 -27 -8 -12 -4 31 46 -33 -32 35 36 45 38 39 55 54 -11 -2 44 -26 -35 -18 -48 50 -50 51 56 53 -24 -29 -28 59 -58 -59 60 -10 -62
right_child=1 3 6 8 14 12 27 -9 17 21 20 23 16 -15 -16 -17 30 -19 -20 -21 -22 -23 52 -25 43 26 37 40 -30 -31 33 32 -34 34 -36 -37 -38 -39 -40 -41 -42 -43 -44 -45 -46 -47 47 -49 49 -51 -52 -53 -54 -55 -56 -57 57 58 -60 -61 61 -63
leaf_value=-0.037028435460567159 0.059509418812170603 -0.0022930455347303573 -0.031472484267963272 0.030667776126703503 -0.005350489359959066 0.037509582340810789 0.023135079439267941 0.015830004996783064 0.0068485355234458537 0.019661134642077041 -0.03180972300522452 0.010225245763156074 0.039666248060725162 0.034102388893346734 0.028218614783322354 -0.032824465174485999 0.037517907842998542 0.030243649639235259 0.0072636142421064163 -0.10762869553764672 -0.081184681158096239 -0.10426632537222572 -0.032141673711974739 -0.02215256684253997 0.0094863220166874502 -0.052589360484573591 0.080810217218420022 -0.0049666061233020631 -0.057901124036697539 -0.084132052633037746 0.021859027919585185 -0.10559707050409495 0.018486226249040467 -0.105887597156973 0.017787914229471416 -0.10546193501582379 0.0031002083088697255 0.0071051988320579226 -0.10627532670775071 -0.10711524467798827 0.048068512214027498 -0.066787231590632407 0.043372146362954465 0.047532961001149794 -0.073970016330948574 -0.021425303674875707 0.016865902638604595 -0.10448257444646968 0.04527012467893627 -0.10260909408336061 0.040244815919526056 -0.10239258071836024 -0.011561444436528071 0.067626527823108823 -0.10507550916814748 -0.10438474186764231 0.010947384615666099 -0.10371059083909605 -0.0042719708539024513 0.01985617718069772 0.015502152019299996 -0.077227794030916702
leaf_weight=331.12117191101424 583.90049763116986 577.74254638003185 356.52235416299663 842.44379524968099 171.65326637320686 546.92966703954153 188.15689354715869 37.444554151967168 220.12187221436761 268.55405839148443 93.113303443184122 169.99647557130083 260.67729276651517 54.229523810558021 34.696062978357077 659.1577566586202 238.35193428187631 218.43129734694958 58.922101055039093 4.0903614470735183 137.39523795666173 4.8499034177511922 219.52409651398193 99.078786035417579 204.30424891610164 44.506412490038201 10.725483971647924 162.24650566326454 1360.0825649222825 22.731960541568696 254.17920125368983 7.9485407518222955 10.063087305985389 9.6155307868029904 150.80876600672491 9.3256109221838397 147.59451562259346 398.20028076856397 13.60907155764289 3.6054199440404764 19.594214442186058 7.5181953480932853 323.47361982287839 36.72259224485606 8.5340693532489222 33.329975959612057 92.724668188719079 5.5738298632204524 66.696799696888775 3.0689998152665785 57.002981055527925 4.8241413142532101 598.88720928202383 7.0528049939312032 5.1334915678016833 1.6808946686796833 100.92889851005748 17.393005546648055 55.412553847068921 446.19668635714334 9.7445119745098072 16.374738755170256
leaf_count=86187 1461 24987 93374 10074 16409 3432 13012 5527 5421 9309 26024 15557 1365 1531 1358 145601 1947 1906 5355 118 55703 150 20134 16009 4042 9683 70 18084 466519 8283 3988 337 223 347 4502 294 2251 20880 644 170 183 1522 1647 1055 688 680 824 180 766 177 1229 257 75377 81 364 107 3760 1006 2010 7451 276 990
internal_value=-0.000172969 0.0185345 -0.0346355 0.00862126 -0.0446462 0.0352587 -0.00851091 -0.053357 0.0171423 -0.00500822 -0.0547051 -0.0186097 0.0257824 -0.00890492 -0.0249286 -0.0271481 0.0205435 0.01112 -0.0289955 0.0373907 -0.058385 0.015208 -0.010567 -0.0016969 0.0264543 0.00827851 -0.00138147 0.0105288 -0.0562293 -0.0346288 0.0158946 0.0261394 -0.0362718 0.0098875 0.00121018 -0.0112986 -0.00668992 0.00394571 -0.0385281 0.019053 -0.00215727 0.0173069 0.0537566 0.0122309 0.00614002 -0.0403365 0.0294786 0.00998507 0.0128514 0.0387649 0.0109033 0.00898298 -0.016358 -0.0290361 -0.00803691 0.0557188 0.00960328 -0.00538553 -0.0280275 0.013364 0.00160001 -0.0426323
internal_weight=11104.5 7197.47 3907.05 4518.89 2824.66 2678.59 1082.38 1959.16 2780.53 1738.36 1921.71 707.252 1771.21 1457.44 865.507 830.811 1224.28 1688.52 438.176 264.768 1590.59 280.922 1403.21 269.075 1092 1470.09 472.328 375.131 1453.2 379.254 959.516 354.662 18.0116 604.854 350.674 199.866 190.54 427.821 29.6209 16.0118 186.974 276.072 907.374 249.561 212.838 42.9455 336.65 98.2985 997.765 69.7658 927.999 870.996 825.464 226.577 167.38 12.4064 866.172 173.734 72.8056 692.438 246.241 26.1193
internal_count=1202898 229349 973549 205753 803328 23596 170221 639960 72662 133091 634433 138578 20488 122110 163368 162010 17056 56803 107012 1483 548246 10981 120579 31566 15859 54897 31554 31643 492543 101657 15573 3511 560 12062 8074 3572 3278 21871 991 347 18631 10831 3108 5785 4730 1027 2951 1004 23343 943 22400 21171 95592 20215 18448 177 20914 6776 3016 14138 6687 1266
is_linear=0
shrinkage=0.05


Tree=5
num_leaves=63
num_cat=0
split_feature=3 19 12 11 0 0 3 16 16 16 4 19 4 0 4 16 16 8 3 0 18 16 3 16 8 6 16 14 16 16 19 3 18 0 6 6 3 0 4 18 16 18 14 0 16 4 8 3 11 16 3 14 6 14 14 16 3 6 6 19 3 11
split_gain=2281.53 549.336 448.948 305.176 274.428 173.66 132.457 96.2019 93.6421 62.2229 47.3818 46.7625 45.9417 45.1098 44.0103 48.2129 39.4281 39.0982 36.9294 36.2637 31.2666 36.832 30.1733 30.0507 28.933 28.8213 38.6641 27.3046 26.0221 26.3077 25.085 25.0639 24.444 24.3826 26.9582 26.9327 24.337 26.9679 24.1695 42.3914 23.3688 29.3286 34.3572 23.3538 23.2588 22.5705 24.4265 28.2258 22.5491 22.4414 24.4708 24.862 22.1195 21.5922 21.4335 21.1014 21.0986 20.2005 47.9819 20.8402 21.1917 19.8571
threshold=0.010256679728627207 4.2452108860015878 15.500000000000002 1.0000000180025095e-35 67.500000000000014 15.500000000000002 0.015749008394777778 70.500000000000014 59.500000000000007 48.500000000000007 9.5000000000000018 10.291841983795168 32.500000000000007 63.500000000000007 17.500000000000004 45.500000000000007 27.500000000000004 4.5000000000000009 1.0000000180025095e-35 17.500000000000004 1.0000000180025095e-35 25.500000000000004 0.007272823480889202 40.500000000000007 1.0000000180025095e-35 12.500000000000002 58.500000000000007 1.0000000180025095e-35 18.500000000000004 6.5000000000000009 21.882502555847172 0.0090499590151011961 1.0000000180025095e-35 4.5000000000000009 16.500000000000004 7.5000000000000009 0.013986697886139156 8.5000000000000018 19.500000000000004 3.5000000000000004 29.500000000000004 4.5000000000000009 7.5000000000000009 21.500000000000004 7.5000000000000009 88.500000000000014 14.500000000000002 0.011428944766521456 0.016261236742138866 53.500000000000007 0.013606071937829258 14.500000000000002 2.5000000000000004 60.000000000000007 60.000000000000007 38.500000000000007 0.0062696540262550124 3.5000000000000004 6.5000000000000009 6.3691070079803476 0.010050504934042694 0.016261236742138866
decision_type=2 2 2 2 2 2 2 2 2 2 2 2 2 2 2 2 2 2 2 2 2 2 2 2 2 2 2 2 2 2 2 2 2 2 2 2 2 2 2 2 2 2 2 2 2 2 2 2 2 2 2 2 2 2 2 2 2 2 2 2 2 2
left_child=1 3 6 4 9 10 19 14 11 22 33 12 38 32 44 56 20 25 28 61 -12 36 -1 -13 -8 26 -15 -25 29 -19 57 -17 52 34 35 55 37 -22 39 -7 -26 -42 -43 -11 -6 46 -21 -48 -34 -47 -51 -52 -5 -14 -44 -4 -16 -3 -59 -60 -61 -2
right_child=2 30 5 13 7 8 24 -9 -10 43 16 23 53 17 15 31 -18 18 -20 45 21 -23 -24 27 40 -27 -28 -29 -30 -31 -32 -33 48 -35 -36 -37 -38 -39 -40 -41 41 42 54 -45 -46 49 47 -49 -50 50 51 -53 -54 -55 -56 -57 -58 58 59 60 -62 -63
leaf_value=-0.037684972912222489 0.02748913504617025 0.040982867511417359 -0.10896485144969743 0.029262392427994478 0.033876389413493031 -0.033441438907269555 0.06074374417536698 -0.012558973278109793 0.014772522184919113 0.0068074525893062968 -0.089780407274704821 -0.041109146914316608 -0.10432458308270708 0.0079484013643491228 -0.06515840123244869 -0.046195646110715818 0.015200561688352552 -0.030409934446396628 0.012310048826455755 0.015535889244832624 -0.07742911391873275 -0.10457101724711189 -0.016692823877168965 -0.10404418266777782 0.052762283569095125 0.054002374248256706 -0.10120899735710787 0.046126721671943392 -0.041118046730859253 0.046114577174701646 0.036566918081741666 -0.010936399852560681 0.024937236814901592 0.01495796919753139 0.034580591682524545 -0.10755180227386707 0.018126122032861448 -0.0024956030592851296 0.0087176769909419177 0.004117328370957035 0.042194858341915047 0.049073653593771929 -0.10636078796464864 -0.015184355305298736 -0.031425787568617157 0.047791741055817023 0.026390925244834613 -0.033712924882205376 -0.055221310224995171 -0.073546097287461754 0.07049390433616419 -0.10725320821628631 -0.098508169667825357 -0.024723544878890402 0.00078203806421963675 0.046122745096593372 -0.05189097320569306 -0.10527809493188561 0.036489314294267522 0.0072695390714046489 -0.099506748411120519 0.045099384567438908
leaf_weight=476.16313839587383 1143.7557620803127 50.46278562489897 2.7322683730162707 5.6957847434096029 18.550287157064304 143.36983103584498 287.52397601678967 158.60028799704742 427.07799796434119 180.58074717200361 12.299798646708949 14.402384378481655 8.6628729391377401 95.085441518342122 781.90837493678555 561.48893654788844 551.55712288117502 27.069355135550722 61.350646564504132 334.20434109051712 17.113419694360346 9.0138447438366693 267.25619919551536 3.183455277234315 345.40758006204851 30.372056781779975 8.8689085142686945 61.56895868992433 164.05881226831116 19.195179986767471 111.46610135352239 55.371799224987626 199.19672791915946 305.91313408338465 546.40220794372726 6.5448238025419405 77.357496544951573 40.239945530542172 198.33588961325586 157.83215571963228 439.72947043459862 44.53911456419155 5.0005343817174426 364.16552264604252 51.465969752520323 79.871912148781121 29.072577556129545 59.533418698236346 9.1776616279967111 8.8482075762003678 9.9399119345471245 2.4527423344552508 8.3575966244097781 513.75980170350522 70.139478683937341 11.118558079004286 485.84666343103163 9.2040370386093837 64.605870780535042 465.7379585755989 4.6936505143530658 186.12519068014808
leaf_count=121940 11166 854 82 104 3306 8704 655 29103 18184 14030 475 631 616 4766 296446 180240 15371 5750 4229 5133 1218 522 37284 150 1237 738 1526 897 42626 1006 1228 11262 6270 6963 5528 192 1557 1588 12622 8894 2112 188 70 49915 16919 1126 745 2233 344 402 52 107 667 78264 699 57 150931 660 4027 26487 395 912
internal_value=0.000209342 -0.0258793 0.0202846 -0.0330078 -0.0389221 0.00691659 0.0339262 -0.0500104 -0.00510121 -0.0207316 0.0185382 -0.0128094 -0.0156771 -0.000996497 -0.0530493 -0.0544954 0.00892307 -0.0109119 -0.0218223 0.0255644 -0.0132683 -0.00672045 -0.0301384 0.0242144 0.0469269 0.0111544 -0.00136441 0.0387438 -0.0317786 0.00134013 0.0147998 -0.0430306 0.0171022 0.026334 0.0324738 -0.0239664 -0.000173026 -0.0248547 -0.00483571 -0.0137604 0.0425363 0.0362222 0.0142772 -0.00789418 -0.0141245 0.0144229 0.00934785 -0.0139922 0.0214067 0.0356444 -0.0100331 0.0353144 -0.0467232 -0.0260435 -0.00634827 0.0155296 -0.0600739 0.01072 0.00791393 0.00986113 0.0062042 0.0299538
internal_weight=10890.6 4736 6154.63 4029.83 3401.4 3108.49 3046.14 2113.23 1528.19 1288.17 1580.29 1101.12 1021.96 628.428 1954.63 1884.62 707.582 406 271.674 1853.8 156.025 143.725 743.419 79.1548 1192.34 134.326 103.954 64.7524 210.323 46.2645 706.17 616.861 222.428 872.711 566.798 20.3957 134.711 57.3534 499.538 301.202 904.816 559.409 119.679 544.746 70.0163 523.923 422.81 88.606 208.374 101.113 21.2409 12.3927 14.0534 522.423 75.14 13.8508 1267.76 594.704 544.242 535.037 470.432 1329.88
internal_count=1202405 1013053 189352 979402 911376 162515 26837 688207 128962 223169 33553 110778 109100 68026 659104 638879 20731 60641 53611 21876 5360 4885 159224 1678 4961 7030 6292 1047 49382 6756 33651 191502 7385 12822 5859 331 4363 2806 30220 17598 4306 3069 957 63945 20225 9798 8111 2978 6614 1687 561 159 771 78880 769 139 447377 32423 31569 30909 26882 12078
is_linear=0
shrinkage=0.05


Tree=6
num_leaves=63
num_cat=0
split_feature=21 2 19 21 12 21 14 2 21 0 5 6 6 0 2 2 0 18 19 9 0 18 6 0 0 5 0 5 6 10 0 19 9 5 19 5 2 0 0 0 2 9 19 19 10 9 0 5 2 12 18 5 18 2 9 7 10 18 14 14 14 19
split_gain=2715.2 429.842 304.969 169.529 135.296 131.242 55.5869 44.6907 44.3153 41.7487 61.4614 44.0902 37.6994 35.756 34.6911 28.0684 25.2328 24.4239 24.406 25.9618 35.9315 26.352 27.2622 21.0877 20.4722 19.9731 29.1139 22.8311 19.4723 22.9357 40.3078 21.0678 19.2486 21.1311 19.1241 19.1215 34.9056 31.1088 25.8269 23.2503 19.0335 20.2895 18.9624 18.4867 22.2286 23.7797 46.0082 38.1657 23.5324 19.9644 21.0356 18.4377 18.3821 23.7435 21.2874 17.7164 17.2313 16.9136 16.191 15.8899 24.6638 15.8852
threshold=2.5000000000000004 9.5000000000000018 4.2452108860015878 1.5000000000000002 2.5000000000000004 3.5000000000000004 60.000000000000007 25.500000000000004 3.5000000000000004 26.500000000000004 1.0000000180025095e-35 60.000000000000007 18.500000000000004 21.500000000000004 1.5000000000000002 1.5000000000000002 15.500000000000002 1.0000000180025095e-35 15.984091281890871 0.012739370577037336 100.00000000000001 1.0000000180025095e-35 1.5000000000000002 10.500000000000002 34.500000000000007 0.015749008394777778 15.500000000000002 0.014389234129339458 60.000000000000007 16.500000000000004 16.500000000000004 14.401458740234377 0.015268065501004459 0.010929288342595102 22.307836532592777 0.013606071937829258 5.5000000000000009 2.5000000000000004 3.5000000000000004 32.500000000000007 17.500000000000004 0.012739370577037336 23.900530815124515 21.174427032470707 1.5000000000000002 0.014185110572725536 100.00000000000001 0.015504807699471714 3.5000000000000004 6.5000000000000009 1.5000000000000002 0.0064309346489608296 1.5000000000000002 21.500000000000004 0.014389234129339458 0.014185110572725536 60.000000000000007 3.5000000000000004 1.5000000000000002 5.5000000000000009 10.500000000000002 14.830810546875002
decision_type=2 2 2 2 2 2 2 2 2 2 2 2 2 2 2 2 2 2 2 2 2 2 2 2 2 2 2 2 2 2 2 2 2 2 2 2 2 2 2 2 2 2 2 2 2 2 2 2 2 2 2 2 2 2 2 2 2 2 2 2 2 2
left_child=2 4 3 6 14 9 -1 57 15 -3 11 -11 -5 -9 34 25 -14 51 19 61 28 22 -22 -10 -13 27 -27 -6 29 31 -31 -21 43 -34 -2 36 38 -38 -16 -37 -18 -42 -36 44 -25 49 47 -47 -49 50 -46 -15 54 -54 -23 -40 -4 -8 -35 -55 -61 -7
right_child=1 5 56 12 8 18 7 13 23 10 -12 24 16 17 35 -17 40 -19 -20 20 21 52 -24 32 -26 26 -28 -29 -30 30 -32 -33 33 58 42 39 37 -39 55 -41 41 -43 -44 -45 45 46 -48 48 -50 -51 -52 -53 53 59 -56 -57 -58 -59 -60 60 -62 -63
leaf_value=-0.076014002365486777 0.055974823277418963 0.0040619162363412674 -0.10382413874910484 -0.072073538021871428 0.02834820482732487 0.003860918927440473 -8.6400773358911998e-05 -0.015637937714239009 0.033169410858960476 -0.024880844523925583 -0.019838708867143326 -0.10384556964188399 0.00076122419402207262 -0.027247388211808062 -0.11582961406267454 0.0091443477280743896 -0.0064040987023435917 -0.049873551150255296 0.026877933394881478 0.0197534101837341 0.017539382008456155 -0.10083036279367429 -0.077651846113514389 0.059798784723290213 0.036523890048334687 0.043385323515960111 -0.10751798685153494 -0.017356797858659179 0.030886466803998338 0.018783835027264287 -0.056814610839364857 -0.10525858368831782 0.064900131400272315 -0.11409097582629855 0.076471659953892768 0.041754330236284887 0.047399887631400621 -0.10605591561307737 -0.10788147895214589 -0.10864708187723669 -0.028042741304683275 0.01752163692620131 -0.10514039823194384 0.047711513364811477 0.023787920115134163 -0.091893930196910667 0.065485645713279042 -0.107132146559326 0.059504449585105451 0.016259372891145967 -0.10791674430591164 -0.057263944303704198 -0.10693603148743092 0.044375661814578797 0.045612630978398135 0.045305925720031739 0.011224038210640386 -0.040536778246052486 0.024456209196602852 -0.10886114390467255 0.00029856232043856294 -0.10091244921635814
leaf_weight=148.71628005290404 556.0424303826876 687.01270823541563 3.2854130533523849 36.606195913627744 84.187125472119078 545.96777156880125 75.076429762411863 91.936444815946743 1187.2183525146684 47.293114152969792 624.3632209606003 2.6634918483905485 123.43774879234843 222.94208737951703 2.8354730475693932 556.72306322748773 139.57824357238133 1665.744862045045 336.90013445192017 588.82140835537575 11.885875006439163 2.6554527087137094 20.484183180844411 18.414949779398739 104.87606902397238 155.01942231832072 3.2635504608042529 40.453115270938724 311.95754253026098 45.642847055569291 28.730990264099091 3.3896019724197677 41.993643709924072 2.1743673766031852 2.3710489049553862 374.85246228706092 4.922896401025354 10.034247848205267 1.9645853796973813 2.587333215866237 726.15771116089309 25.282716942485422 3.6496432814747095 31.95854917075485 5.4153890116140229 24.062635566107929 9.9612916610203666 2.8019027989357701 8.6886984547600132 152.93262283573858 6.8878285782411695 66.395235168049112 5.1612914470024398 19.535239238291979 37.896584705915302 48.057726724538952 347.1206002291292 39.406459727790207 69.837444147095084 5.3598966649733475 149.65923647605814 3.6418133634142569
leaf_count=63410 1366 36961 474 14765 1662 20475 13546 20005 9210 11803 73290 206 12920 55975 61 14494 13070 562303 3920 10233 830 272 7442 131 3371 938 176 768 7018 786 1677 122 233 36 6 1829 34 310 43 95 151263 4013 56 273 81 789 79 79 57 3545 309 27683 413 581 531 292 22745 11262 593 419 10870 206
internal_value=0.000320652 0.0186661 -0.034244 -0.0388715 0.0313756 0.00657562 -0.0464456 -0.0444112 0.0249254 -0.00492343 -0.0128458 0.0153533 -0.0222239 -0.0461114 0.0467565 0.0156613 -0.0204251 -0.0475444 0.0145371 0.0122024 0.0162361 -0.000574703 -0.0426988 0.0299041 0.0330473 0.0284851 0.0402739 0.0135142 0.0205762 0.0157511 -0.0104202 0.0190379 0.0195701 0.0367112 0.0550151 0.0363313 0.0118865 -0.0555485 0.0309685 0.0407233 -0.0233602 -0.0265097 -0.0336185 0.0120863 0.00711819 0.00251507 -0.0294861 -0.0560953 0.0188713 0.0113299 -0.0499456 -0.0341354 0.00561577 -0.00124553 0.0360232 0.0392896 0.0101453 -0.0140099 0.0202728 0.00187957 -0.00347571 0.00316667
internal_weight=10704.9 6993.21 3711.69 3361.28 3409.31 3583.9 2310.22 2161.5 2401.99 1466.21 779.196 154.833 1051.06 2047.02 1007.32 839.646 1014.46 1955.08 2117.69 1780.79 1231.18 252.638 32.3701 1562.35 107.54 282.923 158.283 124.64 978.542 666.585 74.3738 592.211 375.129 114.005 562.063 445.255 67.8149 14.9571 52.8578 377.44 891.019 751.44 6.02069 261.124 229.165 210.75 45.5145 35.5532 11.4906 165.236 12.3032 289.337 220.268 179.716 40.552 50.0223 350.406 114.483 72.0118 174.554 155.019 549.61
internal_count=1202405 228971 973434 950215 37545 191426 754184 690774 33453 125631 88670 15380 196031 665966 4092 18038 181266 645961 65795 61875 41194 21358 8272 15415 3577 3544 1114 2430 19836 12818 2463 10355 6205 862 1428 2664 740 344 396 1924 168346 155276 62 5343 5070 4939 1004 925 136 3935 390 83658 13086 12283 803 335 23219 24808 629 11870 11289 20681
is_linear=0
shrinkage=0.05


Tree=7
num_leaves=63
num_cat=0
split_feature=2 19 12 10 0 0 2 19 16 16 16 0 9 16 17 17 17 2 2 12 4 12 6 4 4 6 4 16 16 4 0 2 10 2 16 2 10 16 4 16 2 16 9 0 6 9 0 0 10 2 16 12 6 16 14 10 10 12 9 16 16 17
split_gain=2082.86 462.829 415.965 257.357 211.955 114.654 84.4991 81.3867 76.9805 55.9739 53.6497 46.0917 38.2539 33.4584 33.3326 31.2284 31.1834 29.5345 28.1269 27.9929 25.8072 28.7089 25.7584 24.0908 23.314 23.1641 22.5426 22.1337 21.9085 26.6587 20.5534 20.2993 26.9689 20.6709 31.1479 22.8531 19.4581 19.4485 23.4821 20.7129 18.9891 18.6495 18.6337 19.7673 18.5747 18.2853 18.2308 17.9801 17.8116 17.6184 32.4621 17.8199 17.5041 17.9967 17.4689 17.457 17.4421 17.387 17.2449 16.7092 16.6921 16.4705
threshold=38.500000000000007 4.2452108860015878 11.500000000000002 60.000000000000007 70.500000000000014 15.500000000000002 2.5000000000000004 4.850494623184205 68.500000000000014 48.500000000000007 49.500000000000007 1.0000000180025095e-35 0.012579114176332952 59.500000000000007 1.5000000000000002 2.5000000000000004 6.5000000000000009 100.00000000000001 76.500000000000014 2.5000000000000004 32.500000000000007 17.500000000000004 2.5000000000000004 100.00000000000001 5.5000000000000009 12.500000000000002 17.500000000000004 51.500000000000007 77.500000000000014 61.500000000000007 19.500000000000004 16.500000000000004 7.5000000000000009 34.500000000000007 50.500000000000007 36.500000000000007 6.5000000000000009 80.500000000000014 87.500000000000014 83.500000000000014 3.5000000000000004 71.500000000000014 0.012579114176332952 29.500000000000004 60.000000000000007 0.013072453904896976 26.500000000000004 6.5000000000000009 4.5000000000000009 100.00000000000001 33.500000000000007 10.500000000000002 1.5000000000000002 71.500000000000014 60.000000000000007 2.5000000000000004 60.000000000000007 3.5000000000000004 0.016001024283468727 84.500000000000014 76.500000000000014 2.5000000000000004
decision_type=2 2 2 2 2 2 2 2 2 2 2 2 2 2 2 2 2 2 2 2 2 2 2 2 2 2 2 2 2 2 2 2 2 2 2 2 2 2 2 2 2 2 2 2 2 2 2 2 2 2 2 2 2 2 2 2 2 2 2 2 2 2
left_child=2 3 6 12 9 11 19 10 17 18 20 41 15 16 22 -2 24 26 -5 -1 -7 23 -14 46 40 -18 -6 -27 29 60 58 -8 48 34 42 -35 -26 -11 -39 -40 -13 -4 -34 47 -10 -28 -22 -44 -33 55 51 -51 53 -32 -19 -17 -31 -20 -3 -46 -12 -36
right_child=1 30 5 4 8 7 31 -9 44 37 28 13 14 -15 -16 49 25 54 57 -21 21 -23 -24 -25 36 27 45 -29 -30 56 52 32 33 35 61 -37 -38 38 39 -41 -42 -43 43 -45 59 -47 -48 -49 -50 50 -52 -53 -54 -55 -56 -57 -58 -59 -60 -61 -62 -63
leaf_value=0.05159474836691872 -0.060957109109954326 0.040236631613956075 0.035245314183479239 -0.017414381859955277 0.004628359839286003 -0.0056712380533889186 0.030130357638640994 0.02336770353771131 -0.082546298698880125 -0.011965599693137818 0.011044706903376895 0.025421214747996787 0.0074537038964285849 0.028157583411578726 0.012332860933939302 -0.104051923302276 -0.10865810399938927 -0.073410844641687123 0.084199374694994292 0.035224472803458827 0.027643568932560189 -0.027322361471548259 -0.069918934397540294 0.055306695312472377 0.031588091635651176 0.027050974747832808 -0.046077292403753085 -0.018986813839058363 0.030290315626902181 -0.10355821611378245 0.049402660671323984 0.016282414091989297 0.029607285235829457 0.059755065676810548 -0.010982054582398653 -0.10082056519527523 -0.0047889730039902649 0.056102601185529871 -0.10149829785197245 0.019525434641192496 0.00073875405997684239 -0.10635503354352034 -0.10674104647512468 -0.10162303567833433 -0.016540428921124114 0.025338396853035912 -0.09785862712161314 0.0063914157360689091 0.044474321939163411 0.045608281187585711 -0.047419093689280538 -0.015525143015283752 0.0067372462406099154 -0.11176090914155826 -0.05423762903927172 0.013488018470200626 -0.012704714537681881 -0.038759000016359506 -0.10778774290593998 0.037802057813575776 -0.10839428292235365 -0.10410102859249099
leaf_weight=659.38531309273094 36.953152533853427 74.554618004709482 308.32677880465053 255.13246224494651 23.599415710195899 392.88886173674837 1178.4500486005563 269.23016741732135 9.5916247565764916 463.44339003378991 300.35415736411233 183.4479993005516 19.950908164260909 293.49988427199423 338.27622662694193 3.3059865368995807 3.3609927631914607 135.88547577522695 2.8927463786676517 432.38121040235274 5.7741169501096028 383.75076972780516 23.342056126566604 20.094236331060529 39.677782409824431 315.76359425159171 654.96615952532738 28.460566020570695 77.032800650689751 5.4889727998524895 36.292193733155727 162.92055381601676 33.29161558393389 19.067981994710866 7.698694191407415 2.5071114548481992 500.03826970560476 23.63620760012418 5.4571298379451028 10.039479067549108 135.4653912470676 2.3429666794836512 3.9447338120080522 6.3633249566191799 132.94355870224535 9.0874074581079167 5.8004834889434278 32.017462504096329 85.39180982997641 18.429890973726287 62.164277561474591 33.748543261783198 584.28031184757128 1.8190303938463319 944.83244714862667 71.01441419031471 140.57358969375491 470.675777628785 2.0209173075854769 15.829736123327164 2.953984633088111 12.392454779008402
leaf_count=1930 7994 1407 2471 36477 4379 26351 11211 6977 3098 64673 14762 1742 1368 4792 17029 259 153 61363 42 2441 148 70161 8186 319 475 6843 207913 1030 1815 499 324 2345 712 205 228 175 15914 524 790 690 3188 110 124 449 31157 936 524 596 1014 1079 19928 7934 31260 73 358666 3707 18996 129738 65 1814 175 657
internal_value=0.000427602 -0.0254797 0.0195436 -0.0324163 -0.0381481 0.00802445 0.0344651 -0.0017098 -0.0485032 -0.0219443 -0.00676828 0.0166487 -0.00260432 0.0130175 0.00704609 -0.0189254 0.00933363 -0.051494 -0.0307977 0.0451115 -0.014858 -0.0235464 -0.0342629 0.0222091 0.00421861 0.0219691 -0.0433934 0.0232446 0.00565365 0.00143034 0.0118862 0.0269372 0.0166443 -0.00311544 -0.0130817 0.0410955 -0.00211468 -0.00910745 0.0247411 -0.0230931 0.0149368 0.0341774 0.00162114 -0.0203917 -0.0151062 -0.0451 -0.0352505 -0.00601821 0.0259773 -0.0106927 -0.0230113 0.00606773 0.00887878 0.0417104 -0.0566484 0.0082595 -0.016119 -0.0380079 0.0363301 -0.0107583 0.00988146 -0.0684189
internal_weight=10514.3 4464.17 6050.14 3765.2 3158.01 3414.33 2635.81 1603.94 1926.74 1231.28 1334.71 1810.38 607.185 1499.71 381.569 225.616 1206.21 1768.37 728.701 1091.77 808.308 415.42 43.293 31.6688 858.629 347.585 687.653 344.224 526.404 449.371 698.967 1544.05 365.596 117.283 95.7083 21.5751 539.716 502.576 39.1328 15.4966 318.913 310.67 75.6171 42.3255 158.365 664.054 11.5746 35.9622 248.312 188.663 114.343 52.1784 622.392 38.1112 1080.72 74.3204 146.063 473.569 76.5755 148.773 303.308 20.0911
internal_count=1202405 1002873 199532 969744 902260 177445 22087 140727 669326 232934 133750 36718 67484 34137 26583 40901 29345 633257 166257 4371 97503 71152 9554 991 21319 8026 213228 7873 36247 34432 33129 17716 6505 3146 2766 380 16389 66677 2004 1480 4930 2581 1881 1169 36069 208849 672 720 3359 32907 28941 9013 31657 397 420029 3966 19495 129780 1472 32971 14937 885
is_linear=0
shrinkage=0.05


Tree=8
num_leaves=63
num_cat=0
split_feature=21 2 16 21 12 21 16 16 0 21 0 12 14 2 16 17 2 6 0 14 2 16 2 17 8 0 13 4 17 16 2 4 8 16 16 4 0 4 6 14 16 0 4 17 6 5 0 16 17 0 16 2 4 17 16 14 0 0 2 17 6 8
split_gain=2346.17 361.124 274.24 129.222 122.216 119.222 60.4329 59.5386 54.4938 35.7922 33.9023 41.6115 32.0703 31.3378 31.2186 30.7802 27.9393 26.6722 25.6432 22.6758 22.5142 22.3747 20.2912 27.5424 27.2584 20.1744 39.4714 23.1404 19.7585 19.2277 20.3681 22.4007 24.5218 33.1062 20.5534 19.0145 18.9068 17.2859 17.2533 17.1263 17.0709 16.7454 16.7392 16.2516 18.2757 24.2703 16.5529 16.1773 16.1214 15.8333 15.9917 15.3321 16.5861 25.9892 15.1902 15.1885 16.8417 15.2839 14.9819 14.9707 14.9376 15.6614
threshold=2.5000000000000004 9.5000000000000018 61.500000000000007 1.5000000000000002 2.5000000000000004 3.5000000000000004 52.500000000000007 79.500000000000014 17.500000000000004 3.5000000000000004 15.500000000000002 60.000000000000007 14.500000000000002 20.500000000000004 43.500000000000007 4.5000000000000009 1.5000000000000002 60.000000000000007 3.5000000000000004 10.500000000000002 9.5000000000000018 1.0000000180025095e-35 50.500000000000007 1.5000000000000002 2.5000000000000004 5.5000000000000009 0.016001024283468727 17.500000000000004 3.5000000000000004 65.500000000000014 2.5000000000000004 10.500000000000002 16.500000000000004 34.500000000000007 22.500000000000004 10.500000000000002 53.500000000000007 73.500000000000014 2.5000000000000004 1.5000000000000002 46.500000000000007 63.500000000000007 6.5000000000000009 3.5000000000000004 5.5000000000000009 0.01197647722437978 11.500000000000002 14.500000000000002 2.5000000000000004 17.500000000000004 89.500000000000014 3.5000000000000004 3.5000000000000004 5.5000000000000009 86.500000000000014 6.5000000000000009 81.500000000000014 90.500000000000014 36.500000000000007 7.5000000000000009 18.500000000000004 11.500000000000002
decision_type=2 2 2 2 2 2 2 2 2 2 2 2 2 2 2 2 2 2 2 2 2 2 2 2 2 2 2 2 2 2 2 2 2 2 2 2 2 2 2 2 2 2 2 2 2 2 2 2 2 2 2 2 2 2 2 2 2 2 2 2 2 2
left_child=2 4 3 14 16 6 10 8 -4 18 15 17 28 -14 41 -3 42 -12 35 -16 -21 -17 24 38 25 26 27 -7 -5 30 31 -11 59 34 -34 51 -13 -38 -24 -10 -19 -1 -2 -44 45 46 -45 -37 -39 54 -51 -6 53 -53 -9 -8 -57 -58 -43 -33 -15 -62
right_child=1 5 7 12 9 22 55 49 39 29 11 36 13 60 19 21 -18 40 -20 20 -22 -23 23 -25 -26 -27 -28 -29 -30 -31 -32 32 33 -35 -36 47 37 48 -40 -41 -42 58 43 44 -46 -47 -48 -49 -50 50 -52 52 -54 -55 -56 56 57 -59 -60 -61 61 -63
leaf_value=-0.039051054583865229 0.054501241123955504 -0.017495689598561778 0.028362426316712236 -0.1015405117421713 0.035981287990690287 0.040621911697191537 0.035403137814478423 -0.10832034776249895 -0.10050449728968354 0.035483090903510754 -0.018645597026089419 -0.017687146135934539 -0.0053432237360703421 -0.066137290711570401 -0.00041224528366852817 -0.043278926421610631 0.034590249407435089 0.05275241066589919 0.0073172527034106637 0.029587367822224365 -0.041799038335782218 0.021214649300892251 0.00043607795121129673 0.0089149672274799578 0.013632261013609585 0.035059295713423602 -0.11036123078204069 -0.11215458035172116 0.02731333113232683 0.04279016872939706 0.019730994163109299 0.029725205123110245 -0.11102053185571176 -0.10860717150995616 0.044272833654124738 -0.10990349048585511 -0.049110559997209452 -0.07023833735853606 -0.065359044654224346 -0.018906260635813837 -0.10337174705892745 -0.034501619602336955 0.048922301408300374 0.039942440657007042 0.055967942014255312 -0.11952724998488291 -0.11593911670956514 0.0054483127238300032 -0.003992462903199912 0.022111104511286298 -0.099550017988289774 -0.11303625547825102 0.027299701716544136 0.014271941713863907 0.033372744989407087 0.0090141551694533414 -0.090900783842921926 -0.010630163880617821 -0.055911984046449072 -0.11144668406043252 0.020157128224250188 -0.03045297834439591
leaf_weight=220.43913465202786 494.29882624093443 125.15266285615508 65.847367482027039 3.2103954628109923 230.6221756497398 21.593682954553522 47.854550455696881 4.7542124669998875 6.5125492280349127 564.52696439111605 28.856134780682623 355.87266135157552 148.45924132026266 28.593833056511357 37.947300811996683 14.777034189552067 435.33577757608145 36.025785713922232 484.99342896649614 11.272789857350288 546.53259325539693 149.5517837186344 18.957877391949296 525.83340065297671 1198.69629680668 265.10240089683793 7.1698896447196594 2.7999265892431131 40.590031440136954 183.35299568250775 714.81609187589493 54.200162834720686 2.6535670859739211 9.3987119672819954 10.812734065111725 3.2244572020135811 115.20971107366495 11.259819982340558 21.001766328234226 510.15412423259113 1.8403165987692762 88.977382323006168 32.932087572757155 8.5318150212988311 8.2104305177926999 5.6271734293550244 2.1277569886296979 52.980700521729887 49.812222438398749 184.85152203030884 2.7410849379375568 6.5444460608996478 28.935620630625635 10.346942481119184 3.1412833202630281 427.4661577178631 6.9219766866881391 41.383161368314177 999.91936778859235 1.9453624011948694 15.681323763914405 606.42225731653161
leaf_count=65396 1123 7063 3472 414 1631 166 845 372 1085 3208 7282 40574 15677 12557 4045 1373 2664 1079 14365 1620 189946 6999 1336 23895 28816 2872 164 56 1583 1541 9430 532 97 408 114 160 21461 1805 8490 100349 306 27320 103 31 22 100 49 1007 7109 12857 449 246 444 185 64 22032 1367 6336 390786 85 1792 143650
internal_value=0.000444365 0.0175657 -0.0326692 -0.0400886 0.0292874 0.00627168 -0.00492082 -0.00646246 -0.0144753 0.023107 -0.0128624 -0.0196534 -0.0237888 -0.026072 -0.0473009 0.00118668 0.0440604 0.0175679 0.0146506 -0.0378121 -0.0403564 0.0154152 0.013939 0.00587388 0.0169906 0.0305602 -0.00722752 0.0230861 0.0178689 0.0275919 0.0255404 0.0319932 0.00705791 -0.0365912 0.0136719 0.0253422 -0.0243203 -0.037711 -0.0341442 -0.0199348 0.0451647 -0.0516183 0.0515327 0.025982 -0.00485723 -0.0355203 0.00882693 -0.00116935 -0.0162062 0.0174141 0.0203334 0.0307323 0.00431722 -0.0350527 -0.0519467 0.00855253 0.00585181 -0.0221327 -0.0541625 0.0248338 -0.0308014 -0.0291773
internal_weight=10345.6 6819.56 3526.05 2748.05 3346.42 3473.14 1411.98 778.002 582.514 2359.35 888.358 598.877 842.957 799.157 1905.09 289.481 987.064 66.7222 817.648 595.753 557.805 164.329 2061.16 565.793 1495.36 296.666 31.5635 24.3936 43.8004 1541.71 1358.35 643.538 79.0105 22.865 13.4663 332.654 532.154 176.282 39.9596 516.667 37.8661 1309.34 551.728 57.4293 24.4972 16.2867 10.6596 56.2052 61.072 195.488 187.593 276.449 45.827 16.8914 7.8955 523.626 475.771 48.3051 1088.9 56.1455 650.697 622.104
internal_count=1202405 228971 973434 854786 37545 191426 125631 118648 104906 33453 95051 79616 175673 173676 679113 15435 4092 8667 18038 195611 191566 8372 65795 33721 32074 3258 386 222 1997 15415 13874 4444 1236 619 211 3673 70949 30375 9826 101434 1385 483502 1428 305 202 180 80 1167 8914 13742 13306 2506 875 431 436 30580 29735 7703 418106 617 157999 145442
is_linear=0
shrinkage=0.05


Tree=9
num_leaves=63
num_cat=0
split_feature=2 19 12 10 0 2 0 2 19 0 0 12 12 0 12 4 14 4 6 17 19 9 9 5 0 10 6 4 17 19 12 4 9 19 6 12 2 2 6 12 0 11 0 10 4 2 19 9 10 17 17 4 12 10 10 17 2 14 14 17 19 3
split_gain=1755.65 456.594 280.896 244.966 185.171 85.2996 80.7464 61.8118 57.9343 41.9155 36.1376 32.1058 29.5321 28.5558 28.3254 28.0386 24.8773 24.5829 24.2828 24.0118 23.6803 22.0885 19.7009 25.8124 18.9691 20.583 24.2864 38.3177 44.7004 21.725 19.7434 19.5666 23.1305 18.734 18.1347 17.6958 17.1941 17.0592 16.9303 16.3024 24.2352 43.9537 18.983 16.4331 15.9333 15.689 14.9758 14.9505 14.8539 30.9068 24.6565 15.9102 15.2835 19.0288 14.8346 14.7242 14.6057 14.075 24.4739 26.0515 24.4579 19.3908
threshold=31.500000000000004 4.2452108860015878 15.500000000000002 60.000000000000007 67.500000000000014 2.5000000000000004 4.5000000000000009 71.500000000000014 10.499359607696535 98.500000000000014 63.500000000000007 2.5000000000000004 8.5000000000000018 21.500000000000004 10.500000000000002 9.5000000000000018 60.000000000000007 66.500000000000014 12.500000000000002 2.5000000000000004 20.723875999450687 0.014389234129339458 0.013423423748463394 0.0079682543873786944 17.500000000000004 1.0000000180025095e-35 60.000000000000007 37.500000000000007 3.5000000000000004 17.513369560241703 1.0000000180025095e-35 100.00000000000001 0.013072453904896976 15.984091281890871 1.0000000180025095e-35 1.5000000000000002 12.500000000000002 2.5000000000000004 13.500000000000002 9.5000000000000018 5.5000000000000009 0.013606071937829258 16.500000000000004 16.500000000000004 17.500000000000004 100.00000000000001 22.307836532592777 0.016261236742138866 7.5000000000000009 6.5000000000000009 6.5000000000000009 49.500000000000007 1.0000000180025095e-35 5.5000000000000009 2.5000000000000004 1.5000000000000002 1.0000000180025095e-35 15.500000000000002 4.5000000000000009 6.5000000000000009 6.8902804851531991 0.014185110572725536
decision_type=2 2 2 2 2 2 2 2 2 2 2 2 2 2 2 2 2 2 2 2 2 2 2 2 2 2 2 2 2 2 2 2 2 2 2 2 2 2 2 2 2 2 2 2 2 2 2 2 2 2 2 2 2 2 2 2 2 2 2 2 2 2
left_child=2 3 5 10 13 11 15 12 9 22 -2 46 -6 35 18 37 -9 -15 48 -16 -3 -17 57 -24 25 -7 27 29 36 33 -31 32 -26 39 -33 -5 -29 -4 54 42 41 -41 -27 -42 -14 -19 -1 -44 50 -50 -12 -51 -52 -54 -21 -46 -11 58 -8 -60 -59 -61
right_child=1 20 6 4 7 24 8 16 -10 56 14 -13 44 17 19 21 -18 45 -20 38 -22 -23 23 -25 31 26 -28 28 -30 30 -32 34 -34 -35 -36 -37 -38 -39 -40 40 43 -43 47 -45 55 -47 -48 -49 49 51 52 -53 53 -55 -56 -57 -58 60 59 61 -62 -63
leaf_value=0.04907556685672354 0.011966718315606834 0.0092642431778669244 0.034985549433578504 0.076424629692888546 0.055238533289205451 0.042111853501038771 0.021997763260002891 -0.069954009191338956 0.029055927566138812 0.039749388410805747 0.011591221049370586 0.031621491501059668 0.0093404821806965192 -0.014429908752402777 -0.062787312001327006 0.0080575723371708301 -0.047406229803841383 -0.018695737045579742 0.034493271412858365 0.013090913473180827 0.031830624801084582 -0.10751691024644444 -0.10429822222112357 0.023709591681476645 -0.022064922699611387 0.022875690534165206 0.037036709448287554 0.05337085919556564 -0.11040977334801523 -0.10692030472732945 0.043542585647602897 -0.11171868166283346 0.014318768778510294 -0.10263854038727016 0.039022845091507358 -0.0094505145816754094 -0.10508670328205967 0.017133556280245221 -0.0090339028052442271 0.01376918845811563 0.026425777084340487 -0.11014218545827195 -0.10502148625212702 -0.035377086027880027 -0.01360053740560572 -0.037214467324523069 -0.032672280802649459 0.056830117416899632 -0.095611979293853774 0.078297171961526482 0.016464081027975971 -0.027001102255537524 -0.088381708950956206 0.0051397886780897009 -0.07150956919633257 -0.037048205912845154 -0.020010087476567327 0.00096063871224596857 -0.10466156381226546 -0.10782438490869595 0.041027823321377561 0.049206768357370229
leaf_weight=641.49164753500372 280.34224949683994 603.71596694202162 328.42833629483357 6.1008791546337298 10.21497367788106 179.00471022585407 14.575617601163684 134.55234131659381 188.27164261066355 10.623799613676963 103.92082212376408 513.84720543888398 23.620906823780388 354.59009499987587 35.153885434614494 186.83378534112126 1346.8022052510642 166.39890364755411 43.357374387094751 6.7792493391316411 143.97763218777254 4.2276569050736716 4.0459676729515186 147.82391681196168 51.415550883160904 534.40581440296955 259.9001667778939 9.8765335557982343 12.109945143107323 2.2208976130932561 119.08436096413061 2.0434480938129118 290.45283127529547 3.2164116087369612 84.48371812608093 359.10632439737674 2.0709222508594385 225.84248145029414 125.1150855331216 17.030669728294018 60.435147896641865 12.343938232632352 5.0847571077756575 13.084463734179733 81.818991225212812 365.77731270401273 5.6518057142384341 1.9833249673247335 13.463147388072686 5.2526061721146116 9.5504635684192163 11.315198756055906 16.732011714717373 8.0588215882889944 21.98852867167443 368.50468179257587 272.13417349720839 1261.2368053472601 13.737308919429781 2.7830972070805711 39.273448537569493 6.6953368354588747
leaf_count=1835 8546 33411 2078 28 292 887 297 63556 3080 660 7742 3031 3661 49354 11305 4908 505992 29510 1917 723 1645 143 335 2836 2480 5199 2414 57 479 32 659 82 4815 79 1250 49147 89 3673 25407 228 778 342 163 353 17841 104034 95 6 3128 71 507 1625 2460 695 5484 110626 51563 66799 763 205 928 77
internal_value=0.000473972 -0.0221813 0.0195162 -0.0290456 -0.0348119 0.0305558 0.00800872 -0.0443851 0.00268471 -0.000115713 -0.001803 0.0409525 -0.0288755 -0.0197826 -0.011437 0.0220178 -0.0494543 -0.0246287 0.0011267 -0.0255037 0.0136097 0.00550023 0.00323318 0.0202993 0.0232856 0.0264373 0.0237723 0.0194247 -0.042713 0.0213689 0.0407879 0.0142227 0.00884682 0.0177313 0.0354629 -0.00801595 0.0259045 0.0277116 -0.0169864 0.0183322 8.81071e-05 -0.0383014 0.021799 0.0154266 -0.0306884 -0.0314241 0.0483616 -0.0596054 -0.00746954 -0.0393426 -0.000546602 0.00638234 -0.0372771 -0.0579804 -0.0515731 -0.032788 -0.0177648 0.00129652 -0.0287835 -0.0606656 0.00217061 0.00309863
internal_weight=10174 4646.21 5527.77 3898.52 3217.49 2821.24 2706.53 1965.51 1961.2 1772.93 681.029 1160.99 484.16 1251.97 400.687 745.332 1481.35 886.766 211.65 189.037 747.694 191.061 1490.17 151.87 1660.25 1231.85 1052.85 792.947 24.0574 768.89 121.305 428.396 341.868 647.585 86.5272 365.207 11.9475 554.271 153.883 644.368 102.894 29.3746 541.474 73.5196 473.945 532.176 647.143 7.06808 168.293 30.031 138.262 16.5678 34.3413 24.7908 28.7678 450.324 282.758 1338.3 37.7914 23.2157 1300.51 9.47843
internal_count=1202405 1038707 163698 1003651 934041 25353 138345 701968 127543 124463 69610 4961 132420 232073 61064 10802 569548 182898 18145 42919 35056 5051 72240 3171 20392 11765 10878 8464 625 7839 691 8627 7295 7148 1332 49175 146 5751 31614 7069 1701 570 5368 1131 132128 133544 1930 169 16228 4824 11404 1696 3662 3155 6207 128467 52223 69069 1342 1045 67727 282
is_linear=0
shrinkage=0.05


Tree=10
num_leaves=63
num_cat=0
split_feature=2 19 12 0 12 2 16 0 16 2 16 4 12 2 0 8 2 8 4 11 2 4 19 17 14 8 19 17 0 11 19 8 11 19 6 12 2 11 1 2 17 19 0 19 19 17 2 14 12 6 4 17 11 16 0 4 16 16 0 4 2 16
split_gain=1684.31 377.445 267.257 205.376 162.53 90.981 80.979 75.744 73.0696 67.608 62.6881 59.0376 45.2317 41.8795 36.3451 32.5319 31.6789 30.135 38.4304 26.8511 26.0006 25.4418 24.731 36.1245 24.6682 24.2456 22.7456 27.9902 20.7623 33.1485 20.3074 20.2147 19.4365 19.7816 19.3464 22.3217 25.5102 27.1883 26.6792 19.1658 30.8136 18.6477 18.6379 18.389 35.4252 20.5694 18.2943 17.8503 17.8308 26.1383 25.26 17.8115 34.7692 17.8071 19.7749 17.5472 17.4315 20.5238 17.4058 24.208 17.8245 16.327
threshold=31.500000000000004 4.850494623184205 17.500000000000004 70.500000000000014 11.500000000000002 2.5000000000000004 66.500000000000014 6.5000000000000009 73.500000000000014 100.00000000000001 59.500000000000007 47.500000000000007 2.5000000000000004 2.5000000000000004 15.500000000000002 17.500000000000004 55.500000000000007 18.500000000000004 87.500000000000014 0.015749008394777778 97.500000000000014 2.5000000000000004 12.603030204772951 2.5000000000000004 18.500000000000004 60.000000000000007 3.580557227134705 2.5000000000000004 77.500000000000014 0.014815627597272398 9.5697541236877459 2.5000000000000004 0.014599318150430919 31.480008125305179 8.5000000000000018 2.5000000000000004 5.5000000000000009 0.015038444194942715 0.011696306522935631 10.500000000000002 1.5000000000000002 11.306703090667726 8.5000000000000018 8.7831611633300799 6.7531604766845712 6.5000000000000009 13.500000000000002 9.5000000000000018 1.5000000000000002 13.500000000000002 85.500000000000014 2.5000000000000004 0.014599318150430919 52.500000000000007 18.500000000000004 4.5000000000000009 10.500000000000002 44.500000000000007 29.500000000000004 89.500000000000014 7.5000000000000009 60.500000000000007
decision_type=2 2 2 2 2 2 2 2 2 2 2 2 2 2 2 2 2 2 2 2 2 2 2 2 2 2 2 2 2 2 2 2 2 2 2 2 2 2 2 2 2 2 2 2 2 2 2 2 2 2 2 2 2 2 2 2 2 2 2 2 2 2
left_child=2 3 5 8 21 12 20 13 9 14 11 32 -1 -4 -2 -16 -8 18 -11 -20 25 -5 23 30 61 -6 27 58 41 -30 -3 34 33 -9 35 51 -37 -38 -39 40 -13 43 -28 44 45 -25 -40 -46 50 -50 -23 -7 -53 -17 -55 -33 -51 -58 59 -12 -60 -24
right_child=1 22 7 4 6 31 16 10 -10 17 26 39 -14 -15 15 53 -18 -19 19 -21 -22 48 24 28 -26 -27 42 -29 29 -31 -32 55 -34 -35 -36 36 37 38 46 -41 -42 -43 -44 -45 47 -47 -48 -49 49 56 -52 52 -54 54 -56 -57 57 -59 60 -61 -62 -63
leaf_value=0.047933217796176569 0.0094864167546333811 0.036286442045030703 0.031117357739860987 0.069635360435746405 0.012412504877615962 0.047101177022582479 0.023564777832472711 -0.00063658511836690943 0.024299763002493781 -0.065518777899083364 0.044448937104987304 -0.070798314887357661 0.028449168419151627 0.0089815112470303451 0.0083740177909884146 -0.026216379504978383 -0.023856346665275027 -0.033230848344982016 0.049357163755278169 -0.11450751772451709 -0.051398064671204904 -0.11038334190324735 0.009429073887356372 0.047680972456247833 -0.091189376277863263 -0.04071842387622146 -0.10313250136956123 -0.0057334649460670231 -0.009786619531483064 -0.11212818662912596 -0.10560736556780387 0.028135661205068236 0.034583722662527745 0.054970548017907385 0.047147250199894901 0.030095463933061364 -0.10684389201519767 -0.11261058007245683 -0.038904641170820708 -0.030042225869948487 0.0049845146014452823 -0.071797354191452556 0.036306249432840665 0.032438070290667864 -0.11056088924169585 -0.10011725386292168 0.045510196139541971 -0.019959329729059363 -0.028838501388883116 -0.092567635799069625 0.023010350686690374 -0.10817462449549559 0.025155656516964848 -0.10001978277955206 -0.0010044675185288993 0.014374078500113123 0.041886782408672149 -0.018491054419733335 0.036042096460218241 -0.10981974001303758 -0.013139678684443053 0.033973322027005114
leaf_weight=699.47760866209865 211.94534158776514 84.603501895908266 397.29182205768302 12.273623201064764 22.181489130947739 106.51143242232502 45.508529208600521 845.94689798436593 111.06155933253467 12.754122279584406 82.230283395852894 15.501030358253045 518.792995469179 462.31858091428876 123.67683420539834 354.15751794562675 155.74899687129073 581.94013026007451 31.279159454861656 2.7171094506047657 1091.9645754410885 3.7381230746395877 115.20563863450661 29.538143166340888 4.7377333063632241 671.53646206529811 2.4394035460427395 153.61491345986724 207.5675095745828 8.2258155634626728 2.5990174207836381 317.3567145220004 43.729820334352553 16.301604263484478 124.37308247550391 38.132867683889344 8.4195948648266477 4.9588296632282427 10.343754056841137 239.83261617098469 99.599171865032986 6.5773386233486226 136.11704155779444 70.800584871787578 6.4653500537388018 2.5579442935995749 16.912279562558979 34.160946200368926 102.70185634656809 3.7466683634556821 70.137162683298811 5.0122829680331042 199.84339869790711 5.2468416476622215 129.49567977152765 857.59499222924933 36.53778258501552 22.893877422902733 30.967309038154781 2.624135124962776 45.476806350285187 164.50704548810609
leaf_count=1997 13536 2040 3336 56 2141 527 4772 45525 6765 1032 903 2481 3302 11051 3913 56028 42721 158741 905 147 446862 387 2575 633 487 220795 108 10203 19882 968 231 3081 761 97 766 262 292 176 185 45461 10376 397 2409 1981 398 291 114 1887 19585 957 3819 152 1581 646 13140 15212 3053 4388 603 173 2755 2965
internal_value=0.00017829 -0.0223426 0.0188335 -0.0286908 -0.0384026 0.0292208 -0.0432004 0.00709942 -0.0147901 -0.0177776 0.00102594 -0.00470784 0.0396361 0.0192122 -0.00836038 -0.0145352 -0.0131334 -0.0301281 0.00849376 0.0362605 -0.0465892 -0.000577462 0.0103925 0.00313801 0.0219479 -0.0390196 0.0169692 0.00954134 -0.00375427 -0.0136878 0.0320574 0.0217103 0.00206399 0.000414719 0.0299753 0.024501 0.000722235 -0.0268427 -0.00593377 -0.0219932 -0.00522148 0.0105267 0.0338513 0.0142995 -0.00335978 0.035902 0.0134745 -0.0343778 -0.00417181 -0.0132714 0.0162606 0.0305164 0.0218934 -0.0203305 -0.0048601 0.0180911 0.0120342 0.0186284 0.0240885 0.0396782 0.00678373 0.0238642
internal_weight=10022.5 4540.79 5481.72 3803.24 2238.97 2907.73 1986.94 2573.99 1564.27 1453.21 1714.38 1260.91 1218.27 859.61 824.522 612.577 201.258 628.691 46.7504 33.9963 1785.68 252.029 737.547 453.096 284.45 693.718 453.47 314.913 365.894 215.793 87.2025 1689.46 905.978 862.249 514.508 390.134 78.7673 40.6345 32.2149 354.933 115.1 150.1 138.556 143.523 72.7224 32.0961 27.256 40.6263 239.755 165.88 73.8753 311.367 204.856 488.9 134.743 1174.95 63.1783 59.4317 161.299 84.8544 76.4441 279.713
internal_count=1203013 1039124 163889 1004389 749536 27647 717291 136242 254853 248088 121855 104701 5299 14387 87263 73727 47493 160825 2084 1052 669798 32245 34735 28708 6027 222936 17154 14637 26437 20850 2271 22348 46383 45622 4055 3289 1029 767 475 58318 12857 5587 2517 5190 3209 924 299 2285 32189 27983 4206 2260 1733 69814 13786 18293 8398 7441 4434 1076 3358 5540
is_linear=0
shrinkage=0.05


Tree=11
num_leaves=63
num_cat=0
split_feature=21 2 16 21 19 21 12 16 2 2 9 21 16 16 2 9 17 2 12 16 16 4 12 16 4 12 4 14 17 2 4 12 19 7 17 2 19 19 14 21 3 16 9 19 16 17 2 9 9 21 14 2 4 2 4 4 4 19 19 4 17 4
split_gain=1905.89 298.6 259.149 162.343 126.704 99.1387 73.7963 45.8051 41.6997 29.5808 26.6999 25.63 24.9735 24.8404 24.2917 23.9381 23.4953 22.3228 21.5249 21.2202 20.6887 37.1074 19.5929 18.9829 18.5925 35.4911 23.6798 21.6198 20.574 20.0391 17.0222 16.6678 16.6348 16.5195 16.2147 28.9829 15.9954 24.3586 17.1366 20.0279 19.3546 15.8572 20.2679 15.4207 14.9856 38.192 25.2039 14.8649 14.853 14.7829 17.7863 16.2529 14.6405 14.4296 16.8542 14.8625 14.224 14.2015 15.3265 14.1996 19.0502 18.2835
threshold=2.5000000000000004 2.5000000000000004 66.500000000000014 3.5000000000000004 10.499359607696535 1.5000000000000002 2.5000000000000004 57.500000000000007 24.500000000000004 11.500000000000002 0.014599318150430919 1.5000000000000002 43.500000000000007 65.500000000000014 15.500000000000002 0.014185110572725536 2.5000000000000004 68.500000000000014 3.5000000000000004 73.500000000000014 43.500000000000007 18.500000000000004 60.000000000000007 47.500000000000007 41.500000000000007 4.5000000000000009 46.500000000000007 13.500000000000002 4.5000000000000009 26.500000000000004 16.500000000000004 4.5000000000000009 4.2452108860015878 0.012903762981295587 1.5000000000000002 73.500000000000014 14.679243087768556 28.241104125976566 13.500000000000002 6.5000000000000009 0.0062696540262550124 52.500000000000007 0.016261236742138866 8.6729841232299822 75.500000000000014 6.5000000000000009 4.5000000000000009 0.013423423748463394 0.016001024283468727 6.5000000000000009 6.5000000000000009 5.5000000000000009 18.500000000000004 53.500000000000007 68.500000000000014 6.5000000000000009 1.0000000180025095e-35 22.660007476806644 14.177910804748537 82.500000000000014 7.5000000000000009 76.500000000000014
decision_type=2 2 2 2 2 2 2 2 2 2 2 2 2 2 2 2 2 2 2 2 2 2 2 2 2 2 2 2 2 2 2 2 2 2 2 2 2 2 2 2 2 2 2 2 2 2 2 2 2 2 2 2 2 2 2 2 2 2 2 2 2 2
left_child=2 6 4 7 5 12 -2 14 15 -7 33 19 34 18 -3 -5 31 -15 20 -4 -10 -22 -13 -11 25 -20 -26 -27 29 -29 -17 -16 -24 44 35 -1 38 -38 40 47 -19 42 -23 53 46 -46 -9 -40 49 -32 51 -51 -52 54 55 -33 -8 58 -18 61 -61 -48
right_child=1 3 11 8 -6 9 56 10 13 23 -12 22 -14 17 16 30 57 36 24 -21 21 41 32 -25 26 27 -28 28 -30 -31 48 43 -34 -35 -36 -37 37 -39 39 -41 -42 -43 -44 -45 45 -47 59 -49 -50 50 52 -53 -54 -55 -56 -57 -58 -59 -60 60 -62 -63
leaf_value=-0.00051170128481684257 0.046256892575129688 0.0010274739310489054 -0.024291254849824709 0.014654592402649064 0.027039244953841191 -0.00021686902134097045 0.036015891053297715 -0.059168772695178486 0.027591121772657518 -0.033899328969907515 -0.10132947722080982 -0.085286179082142088 -0.037207379000669109 0.036456072473149852 0.049161395353610644 0.029107212651956468 -0.0081995905448505081 0.051394113324206306 -0.10513337227276039 0.0016112045989229069 -0.1087391738713761 -0.0028237247977755415 0.0040925194610777751 -0.016731460441430063 -0.06628262723562095 0.028123500325391904 -0.0058733918459051718 -0.10097001570007998 0.015265491417639974 -0.0098216971605985803 0.021638294119042695 -0.080231372426090811 0.032125273864377191 -0.079597924249360269 -0.051741562409101466 -0.047532634121263184 -0.11001184199804104 0.035959707121248019 0.0085321573009859205 0.072605473312799998 -0.10478032563707405 0.026097725607424505 -0.11348344810107568 0.056110182649887846 0.036019026189179272 -0.10664937986732259 0.0071420478534544342 -0.080024339697707891 0.030747020476729676 -0.10796198566540545 -0.10742754055804543 0.031011139773859681 -0.016498732901701743 -0.055812922444335167 -0.086151419215226427 -0.014130778871205538 0.022026020136739682 0.066506042137922661 -0.10154555467946101 0.035958932131508449 -0.10350034954687615 -0.095900176221326711
leaf_weight=44.702589533757418 694.13902841135859 503.40157326345798 128.26992146403063 920.42432925733738 75.193484556628391 109.72275822935626 234.8770712246187 13.497379673644899 164.27043462381698 475.71381160349119 5.2860279297456136 4.9012074451893559 638.82558898546267 130.10456201946363 6.7181144473142913 833.00667925190646 579.43553473521024 25.474787739105526 6.8085050815716377 206.13851473876275 7.5153344585560253 27.999070049263537 126.68278062948957 243.40093015227467 17.253317570779473 111.08723697252572 271.45056361111347 6.4488969719968727 115.99400440277532 92.845269952202216 81.279320346191525 9.214775227243079 90.889119778061286 4.9092247623484573 1044.0546909624245 122.78906232956797 7.1764711835421604 4.7493306156247854 8.4216782152652794 4.8265800280496469 2.1513668131083241 47.014184676809236 4.8553299771156153 4.9449013695120803 99.779036086518317 4.9223231235519043 287.40083764493465 10.83586831204593 93.191876009106636 2.2554736910387865 4.8118675434961906 31.290259286295623 55.323733822908252 51.36463713995181 10.212629174580796 110.24711280455813 802.37349278479815 6.3101287847384802 4.4309841156937173 66.458510533673689 2.5424354351125649 4.3704116598237297
leaf_count=12858 1997 19848 32623 18248 2890 8401 1344 530 4317 126735 970 1514 229445 2306 205 7303 75252 422 422 24157 334 1357 13197 49537 1209 2010 22018 424 4153 4175 1567 801 2321 1868 417044 53133 268 41 738 46 154 1548 296 57 1954 511 14022 2298 959 56 191 300 1276 8479 1616 8760 8958 53 307 2268 331 591
internal_value=0.000267733 0.0158065 -0.0306836 0.00945942 -0.0369731 -0.0387697 0.0336384 -0.00258875 0.0163846 -0.0243988 0.0104343 0.000424827 -0.0452068 0.00838913 -0.00754135 0.0206057 -0.0130512 0.0245864 0.00479678 -0.00832427 0.017135 -0.00252116 0.013576 -0.0280885 -0.000196029 0.00785159 -0.00948353 0.0102086 0.000964577 -0.0157415 0.0255801 -0.0282099 0.015803 0.0116552 -0.0494248 -0.034983 0.00031867 -0.0518801 0.0123571 -0.0184703 0.0392321 0.00747355 -0.0191774 -0.0310047 0.0125905 0.0293118 0.00791279 -0.041297 0.0146232 0.006035 -0.00750264 0.0216672 -0.0237746 -0.0333841 -0.0245 -0.0192295 0.0251939 -0.00810167 -0.008908 0.0104225 0.0308204 0.00559859
internal_weight=9906.99 6595.7 3311.28 4864.31 2754.4 2679.21 1731.39 1775.45 3088.87 828.837 489.166 556.882 1850.37 1067.28 1286.28 2021.58 782.879 193.741 873.542 334.408 251.654 87.3839 222.473 719.115 621.888 333.184 288.704 326.375 215.288 99.2942 1101.16 192.702 217.572 483.88 1211.55 167.492 63.6361 11.9258 51.7103 24.0841 27.6262 79.8686 32.8544 185.984 478.971 104.701 374.27 19.2575 268.153 174.961 93.6813 33.5457 60.1356 181.039 129.675 119.462 1037.25 590.177 583.867 360.772 69.0009 291.771
internal_count=1203013 229158 973855 216859 900043 897153 12299 138423 78436 184673 23045 73812 712480 48536 115378 29900 95530 6273 42263 56780 7852 3535 17032 176272 34411 11184 23227 10762 8752 4599 11652 19918 15518 22075 483035 65991 3967 309 3658 3082 576 3201 1653 19713 20207 2465 17742 3036 4349 3390 1823 356 1467 19656 11177 9561 10302 75612 75559 17212 2599 14613
is_linear=0
shrinkage=0.05


Tree=12
num_leaves=63
num_cat=0
split_feature=21 4 19 13 21 21 14 0 14 0 17 0 17 21 9 6 2 4 2 10 4 14 4 9 2 9 17 6 2 0 9 17 0 2 0 17 0 9 13 6 19 14 21 19 19 14 4 19 4 1 2 9 2 19 14 19 17 0 14 0 2 17
split_gain=1777.53 263.584 189.219 115.255 111.222 94.3442 36.3986 42.0674 35.1925 34.8616 28.131 28.0027 35.2077 25.3257 25.2129 23.3717 22.7804 35.994 20.7326 19.9177 19.2225 32.5452 31.5784 40.6909 18.9835 18.4546 22.731 20.7687 17.8538 20.548 19.1406 17.2015 16.4902 16.0036 15.9565 15.3366 15.1761 14.1851 14.0925 19.9541 13.7985 46.0924 22.5984 19.4078 18.0638 16.2266 13.6175 13.2003 12.8384 15.8005 12.8152 12.7981 14.6953 13.6704 12.6229 13.6866 12.6152 18.9955 12.5501 26.5615 20.2449 23.1203
threshold=2.5000000000000004 7.5000000000000009 4.2452108860015878 0.015749008394777778 3.5000000000000004 1.5000000000000002 12.500000000000002 25.500000000000004 60.000000000000007 1.0000000180025095e-35 1.5000000000000002 43.500000000000007 1.5000000000000002 3.5000000000000004 0.015749008394777778 18.500000000000004 9.5000000000000018 18.500000000000004 1.5000000000000002 4.5000000000000009 45.500000000000007 1.0000000180025095e-35 33.500000000000007 0.014599318150430919 25.500000000000004 0.012579114176332952 6.5000000000000009 60.000000000000007 9.5000000000000018 15.500000000000002 0.014185110572725536 2.5000000000000004 8.5000000000000018 1.0000000180025095e-35 65.500000000000014 6.5000000000000009 41.500000000000007 0.014599318150430919 0.012579114176332952 1.0000000180025095e-35 11.719474315643312 3.5000000000000004 1.5000000000000002 9.4993648529052752 10.499359607696535 60.000000000000007 19.500000000000004 11.093832492828371 38.500000000000007 0.013072453904896976 78.500000000000014 0.015038444194942715 71.500000000000014 8.1350202560424822 5.5000000000000009 5.4801788330078134 1.5000000000000002 20.500000000000004 17.500000000000004 10.500000000000002 1.0000000180025095e-35 3.5000000000000004
decision_type=2 2 2 2 2 2 2 2 2 2 2 2 2 2 2 2 2 2 2 2 2 2 2 2 2 2 2 2 2 2 2 2 2 2 2 2 2 2 2 2 2 2 2 2 2 2 2 2 2 2 2 2 2 2 2 2 2 2 2 2 2 2
left_child=2 3 5 9 6 8 37 33 -1 -2 32 14 -13 -11 58 -7 17 -14 -5 -9 21 -18 23 35 -12 26 31 -27 -17 -30 46 -22 -10 56 -26 38 -16 48 -23 -40 41 -4 44 -44 54 -45 -31 -46 49 -3 -34 52 53 -21 -43 -56 57 -8 -6 60 61 -60
right_child=1 4 40 18 11 15 7 19 10 13 24 12 16 -15 36 28 20 -19 -20 51 25 22 -24 -25 34 27 -28 -29 29 30 -32 -33 50 -35 -36 -37 -38 -39 39 -41 -42 42 43 45 47 -47 -48 -49 -50 -51 -52 -53 -54 -55 55 -57 -58 -59 59 -61 -62 -63
leaf_value=-0.065938455366493287 0.033985766624949287 -0.10461107218547708 -0.083101873615526775 0.048442648236810847 0.021107882089115206 -0.063047115601535419 -0.12313205167922583 0.031679946588394826 0.034574899477632599 0.0060273305191901848 -0.01756294868464189 -0.035718150604342969 -0.10809728889798993 0.020819812008191663 0.02971861979764915 -0.0001018468135965415 0.067605968574832961 0.040897614747412825 0.033226767838630065 -0.012479209333394487 -0.068366269506325128 0.013700408123391107 -0.066279199344691314 -0.080868553727443448 -0.031901702021734916 0.0080778791854738182 -0.075625425650470979 0.038027466397185808 0.00014114943313782996 -0.0049563212799378087 0.030102817904978957 0.0093768653866469955 -0.010830078779068492 0.0011471309644551968 -0.044911708140781402 0.041941042131445061 -0.1051996494588507 -0.10746306674046108 0.076210765261710695 -0.076380605530309231 0.020498662460125005 -0.10227290583281726 0.026938306888838161 -0.11116072418124888 0.059708140092741349 0.046218338606485825 -0.028591969897848981 -0.10751414534837672 0.035386233190940655 0.062262519485911688 -0.03373243372151883 0.025994802796400443 -0.03296624346800598 -0.090965944287847891 -0.098927055575790998 -0.010996142895423064 0.040855422024284105 0.08508055551988325 0.019084915273139658 0.0032300072587338208 0.022413325217164395 -0.12364904681699865
leaf_weight=123.81120857945643 351.20530249504372 3.686311828903853 15.935490067116914 521.39213159261271 435.18100047321059 31.437516849255189 2.9479341320693484 23.07900449889712 11.427838153671471 415.59778993949294 81.391535092494451 48.855713145108894 4.278939228039234 952.49150938924868 363.06969117885455 107.68815370777156 11.380379965994505 76.928789235418662 392.32661618455313 543.51160614716355 8.1496892776340228 26.926607912871987 28.713512587826699 14.587315004784612 293.20799348806031 247.15764544683043 11.93914367223624 75.588355478597805 93.426751790801063 67.922569146379828 15.469218537677078 56.047687777783722 88.294914840720594 709.88243106438313 1201.1914699818008 25.345485381782055 2.0963334497064343 1.9090960188768793 2.6329694851301602 11.500327938003464 109.86722465092316 4.5163427470251909 98.723237652797252 4.8107694434002042 11.570541164372115 2.4833037462085477 592.80863421224058 1.3141908589750517 83.003315707668662 2.3058254150673747 198.17593270400539 18.047420380171388 114.58205909177195 5.6051177666522554 4.7094421300571403 73.376968843629584 40.442397028207779 1.7431274838745592 6.319098827429114 510.18107012321707 386.11034976062365 5.1488261623308063
leaf_count=63312 2158 431 2865 1183 6852 14780 70 2244 1311 14127 19666 9853 277 11186 3357 7127 100 1002 2263 58695 726 1062 2126 1031 90453 13895 1193 1861 12083 13931 1736 2735 22553 36292 488033 679 78 223 30 1027 3219 1007 3983 531 280 81 146607 183 1816 31 69034 1854 25809 689 770 10310 467 4 56 15658 5873 145
internal_value=0.000341178 0.0153311 -0.0299852 0.0275597 0.0070939 -0.0340443 -0.00330656 -0.00521809 -0.0401206 0.0199335 -0.0384146 0.0139334 0.00510106 0.0163262 0.0172946 -0.0206881 0.0084183 0.0330469 0.0419094 -0.0140028 0.00457186 -0.0128768 -0.0212256 -0.00525325 -0.0410783 0.00986864 -0.0122742 0.0150922 -0.0191702 -0.0218383 -0.0248751 -0.000492422 -0.024324 0.00298264 -0.0423591 0.0113572 0.0289441 0.0273909 -0.00752159 -0.0479535 0.00605611 -0.00124135 0.00523238 0.0211234 -0.012411 -0.0575802 -0.0261622 0.0426521 0.0302837 -0.0403967 -0.0266736 -0.0155493 -0.016679 -0.0132804 -0.021 -0.0162993 0.0318525 -0.0457634 0.0141269 0.0107802 0.0204688 -0.0449992
internal_weight=9775.46 6541.9 3233.56 2633.01 3908.88 2906.25 1550.75 1459.84 1997.5 1719.29 1873.69 2358.14 650.033 1368.09 1708.11 908.753 601.177 81.2077 913.719 704.825 519.969 121.087 109.706 80.9927 1575.79 398.883 76.1365 322.746 877.315 769.627 676.2 64.1974 297.899 755.016 1494.4 66.4054 365.166 90.9045 41.0599 14.1333 327.308 217.44 201.505 106.017 95.4875 7.29407 660.731 12.8847 88.9955 5.99214 286.471 681.746 663.699 549.117 82.6028 78.0864 45.1335 4.69106 1342.94 907.759 397.578 11.4679
internal_count=1203013 229158 973855 30917 198241 950626 128625 126124 754362 27471 691050 69616 37597 25313 32019 196264 27744 1279 3446 89291 26465 6055 5955 3829 598152 20410 4654 15756 181484 174357 162274 3461 92898 36833 578486 2798 3435 2501 2119 1057 23229 20010 17145 4595 12550 612 160538 463 2278 462 91587 87047 85193 59384 12087 11080 541 74 28584 21732 6074 201
is_linear=0
shrinkage=0.05


Tree=13
num_leaves=63
num_cat=0
split_feature=21 3 16 21 21 12 16 1 16 8 1 8 16 16 21 21 8 14 17 16 17 17 6 1 1 5 16 4 12 4 10 16 5 9 3 14 10 6 12 16 1 17 3 5 3 9 6 4 5 8 4 16 4 1 5 16 14 17 3 4 4 3
split_gain=1637.76 252.71 233.402 136.17 84.5327 67.2916 52.4001 41.8856 32.7383 28.7429 28.0731 26.8915 26.8073 23.7727 23.42 23.162 22.5679 21.8382 21.2631 20.5266 19.5219 18.4551 18.3849 19.6422 19.3164 23.1769 18.0161 17.0134 16.9485 26.549 22.0258 21.498 17.503 16.6547 16.5732 19.8282 20.7236 21.187 16.5837 27.5219 16.4481 26.0257 28.7509 22.1118 19.5604 16.1673 15.8771 18.177 23.5437 19.7487 15.1684 27.8031 39.1206 27.899 21.8774 21.6958 15.0533 14.9984 14.6825 14.5546 36.2786 14.5459
threshold=2.5000000000000004 0.015749008394777778 66.500000000000014 4.5000000000000009 1.5000000000000002 2.5000000000000004 57.500000000000007 0.012739370577037336 36.500000000000007 4.5000000000000009 0.015749008394777778 4.5000000000000009 48.500000000000007 70.500000000000014 3.5000000000000004 3.5000000000000004 10.500000000000002 10.500000000000002 5.5000000000000009 73.500000000000014 5.5000000000000009 2.5000000000000004 60.000000000000007 0.0090499590151011961 0.015749008394777778 0.012270400300621988 17.500000000000004 89.500000000000014 1.5000000000000002 1.0000000180025095e-35 1.0000000180025095e-35 67.500000000000014 0.015749008394777778 0.015268065501004459 0.014815627597272398 16.500000000000004 2.5000000000000004 13.500000000000002 14.500000000000002 46.500000000000007 0.015268065501004459 4.5000000000000009 0.014815627597272398 0.011299795936793091 0.014389234129339458 0.013986697886139156 18.500000000000004 100.00000000000001 0.0064725596457719812 7.5000000000000009 20.500000000000004 64.500000000000014 5.5000000000000009 0.015268065501004459 0.016001024283468727 1.0000000180025095e-35 18.500000000000004 3.5000000000000004 0.011428944766521456 25.500000000000004 100.00000000000001 0.0085838492959737795
decision_type=2 2 2 2 2 2 2 2 2 2 2 2 2 2 2 2 2 2 2 2 2 2 2 2 2 2 2 2 2 2 2 2 2 2 2 2 2 2 2 2 2 2 2 2 2 2 2 2 2 2 2 2 2 2 2 2 2 2 2 2 2 2
left_child=2 3 4 6 8 -3 7 11 -1 13 14 -2 16 22 50 20 33 18 -10 61 27 -16 24 -24 28 -26 -17 40 -5 -30 32 -32 -31 -6 35 -13 45 -38 39 -39 44 42 43 -42 -9 -37 -8 48 -48 -50 51 52 53 54 -7 -54 -36 -45 -18 -12 -61 -4
right_child=1 5 19 9 12 10 46 15 17 -11 59 34 -14 -15 21 26 58 -19 -20 -21 -22 -23 23 -25 25 -27 -28 -29 29 30 31 -33 -34 -35 56 36 37 38 -40 -41 41 -43 -44 57 -46 -47 47 -49 49 -51 -52 -53 55 -55 -56 -57 -58 -59 -60 60 -62 -63
leaf_value=-0.048127513183068987 0.013692181295713654 0.043496225702432653 -0.019326508614896293 0.023819779769308644 0.041853242748841821 -0.015466708609478583 -0.019724202439265908 -0.011983824975336283 -0.043363528292100204 0.013079790958644597 0.032144715839166935 0.0078216783468583462 -0.0092762374927331439 0.046471378772756783 0.039391897840567236 0.037980475720139545 -0.034998190264410013 -0.036817284877742606 0.014933738152591747 0.0088038486043543526 0.0096687283401366841 0.013883572884388226 -0.10782189086018559 0.042122837213560582 -0.11107096722490178 0.038970244994580371 0.0090862339036852629 -0.10421018291550715 -0.11398722840980045 -0.11476570079650604 0.012344226026485005 -0.10637812285122582 0.033637252484495915 -0.092123211184444109 -0.11426499674230878 0.036597767747581215 -0.050846969077229701 0.027162371875728758 -0.018844953424611424 -0.092962313498167207 -0.10724346392143996 0.01485824759531988 -0.11349587171799254 -0.00054014233267535229 0.01963054063916744 -0.098757767317798284 -0.10051969821017193 0.035146585745313257 -0.1045918211652742 0.012781547114406695 0.020126883680727761 0.034795615558461605 0.0019797343609395182 0.027912831434871849 -0.1195838478922191 -0.11349817547733546 0.012936126306829519 -0.10791194199161708 -0.015579104823689533 -0.12226160232591475 0.070295050569090176 0.010517637046418157
leaf_weight=891.57279694103636 106.49872052832507 681.93535789242014 151.73235235514585 267.78900983277708 17.263020145008344 18.836013036780063 35.884685186902061 136.47478173510171 25.120570272440091 1304.3721272086259 530.5036875680089 86.419106696732342 275.46717510279268 109.29230140149593 103.54410406854004 74.22594598075375 404.47741178725846 839.0284958104603 41.44939630641602 327.26321138977073 240.90575200645253 224.96371118025854 2.2240032763220361 121.66062650037929 2.6268010456114999 127.55863129068166 197.47724301181734 4.663972290698438 4.4959838157519689 6.2816823134198767 290.77208200003952 3.8637309367768458 2.9060209654271603 2.6797078833915284 2.3987617297098032 25.456824860069904 48.91887196036987 39.384343474870548 640.32592673983891 5.4249809107277533 7.1795187247917047 25.410003166645765 12.353186753112821 32.713400318287313 76.270335882902145 2.4154157522134474 4.6848860997706643 91.222488767234609 3.6068075373768798 561.10473369224928 51.858781605027616 23.18613303732127 5.425539678893986 29.453207023441792 6.8911929298192254 16.248639008030295 76.57105282926932 3.611470296047627 128.18576655746438 5.0700164046138507 4.7264222372323275 55.858889772556722
leaf_count=372628 5498 1997 36373 2726 1240 556 6909 8940 8185 29131 2949 3400 48194 1024 632 945 118698 328841 4694 31584 10717 2590 155 839 102 698 4133 519 95 251 4975 194 23 628 136 1352 12936 2295 84561 998 687 764 585 1127 1832 472 564 2149 320 21664 1343 281 158 284 336 945 2785 358 16935 208 20 5855
internal_value=0.000415093 0.014792 -0.0291025 0.00890592 -0.0352359 0.0313353 0.000981048 -0.00342992 -0.0413262 0.0178824 0.0232105 -0.0101035 -0.0220182 0.0245505 0.0144167 0.00507415 -0.0283699 -0.0346302 -0.00706508 0.00100256 -0.000920856 0.0219237 0.0216646 0.039431 0.0185484 0.0359428 0.0169798 -0.00946217 0.0146177 0.00662522 0.00841004 0.0107874 -0.0678266 0.0238508 -0.0128363 -0.0148757 -0.0174501 -0.019057 -0.0167871 0.0126191 -0.00795917 -0.0270936 -0.0461779 -0.0270627 -0.000649895 0.0248678 0.0126661 0.0144255 0.0111058 0.0120319 -0.00181832 -0.0131942 -0.0276722 -0.005315 -0.0433551 -0.0845914 0.00907231 -0.0112152 -0.030325 0.0310295 -0.0293601 -0.011296
internal_weight=9648.19 6488.09 3160.1 4785.45 2625.24 1702.64 2541.6 1845.1 1797.17 2243.84 1020.71 1033.81 828.073 939.471 480.407 811.286 552.606 905.598 66.57 534.854 539.582 328.508 830.179 123.885 706.294 130.185 271.703 298.677 576.109 308.32 303.824 294.636 9.1877 19.9427 927.315 848.345 761.926 734.054 685.135 44.8093 294.013 81.2676 55.8576 43.5044 212.745 27.8722 696.504 660.619 569.396 564.712 151.9 100.041 76.8546 55.1804 25.7272 21.6742 78.9698 36.3249 532.663 540.3 9.79644 207.591
internal_count=1203013 229158 973855 216859 900043 12299 176646 145040 714348 40213 10302 114433 185695 11082 7125 30607 137501 341720 12879 73812 25529 3222 10058 994 9064 800 5078 14812 8264 5538 5443 5169 274 1868 108935 106014 102614 100790 87854 3293 14293 3521 2757 2172 10772 1824 31606 24697 22548 21984 3903 2560 2279 1176 892 1103 2921 1485 135633 3177 228 42228
is_linear=0
shrinkage=0.05


Tree=14
num_leaves=63
num_cat=0
split_feature=21 2 19 21 21 12 1 15 15 2 17 8 15 19 1 6 1 8 2 2 15 8 2 17 4 8 15 12 12 2 2 17 19 1 1 1 19 11 11 21 8 2 6 12 4 2 1 17 17 4 2 19 5 1 1 12 11 6 19 21 19 15
split_gain=1527.46 257.204 195.239 122.193 83.2546 54.2922 37.5563 31.6042 26.7081 26.6014 26.5695 25.7515 22.9798 23.3144 21.4221 21.0674 19.8736 19.5994 18.7595 17.3836 17.0502 16.2297 18.5237 15.6731 35.149 27.4943 16.845 15.3632 14.5761 14.9192 21.2376 16.868 14.5602 14.3278 14.2758 29.9618 22.4474 20.33 19.1485 16.6702 15.4014 18.2969 14.9854 14.3184 19.9988 14.1349 13.7084 22.9798 13.6725 13.4865 15.5968 14.9423 13.2191 13.1268 13.0318 12.7314 12.5442 19.191 12.5135 25.3622 18.0361 16.0218
threshold=2.5000000000000004 2.5000000000000004 4.2452108860015878 3.5000000000000004 1.5000000000000002 2.5000000000000004 0.012579114176332952 1.0000000180025095e-35 0.014815627597272398 20.500000000000004 1.5000000000000002 4.5000000000000009 0.012739370577037336 8.3838934898376483 0.014815627597272398 18.500000000000004 0.015749008394777778 12.500000000000002 54.500000000000007 25.500000000000004 0.016001024283468727 9.5000000000000018 44.500000000000007 5.5000000000000009 43.500000000000007 18.500000000000004 1.0000000180025095e-35 9.5000000000000018 12.500000000000002 46.500000000000007 23.500000000000004 2.5000000000000004 23.358599662780765 0.0079052620567381399 0.0072203108575195083 0.0083683477714657801 5.4801788330078134 0.016261236742138866 0.014185110572725536 5.5000000000000009 10.500000000000002 71.500000000000014 5.5000000000000009 14.500000000000002 9.5000000000000018 9.5000000000000018 0.010256679728627207 6.5000000000000009 1.5000000000000002 78.500000000000014 69.500000000000014 7.1423771381378183 0.010471491608768703 0.0079682543873786944 0.0076046728063374766 8.5000000000000018 0.015749008394777778 13.500000000000002 10.594813346862795 1.5000000000000002 9.4993648529052752 0.015038444194942715
decision_type=2 2 2 2 2 2 2 2 2 2 2 2 2 2 2 2 2 2 2 2 2 2 2 2 2 2 2 2 2 2 2 2 2 2 2 2 2 2 2 2 2 2 2 2 2 2 2 2 2 2 2 2 2 2 2 2 2 2 2 2 2 2
left_child=2 5 4 8 7 32 11 10 9 -3 -1 18 13 34 49 -6 20 -8 -5 -12 -7 -17 -23 26 25 27 -19 -25 -28 30 31 -30 53 -21 37 -36 38 45 42 -38 41 52 -37 46 -45 -13 47 -44 -20 51 -51 -11 -40 -2 -24 -50 57 -52 59 61 -61 -4
right_child=1 3 58 6 15 16 17 -9 -10 14 19 12 -14 -15 -16 21 -18 23 48 33 -22 22 54 24 -26 -27 28 -29 29 -31 -32 -33 -34 -35 35 36 39 -39 40 -41 -42 -43 43 44 -46 -47 -48 -49 55 50 56 -53 -54 -55 -56 -57 -58 -59 -60 60 -62 -63
leaf_value=-0.022833224299205729 -0.042874947001925338 0.003260793071512791 -0.013150135473558061 0.025276144645447113 -0.061059257080130436 0.013605755695695353 0.023236630740698219 -0.063832507540081643 0.028478927975769147 -0.014799462412061301 -0.016665771338682727 -0.11558584777570613 0.013753026987125442 -0.092588020241113275 0.012697856011374201 0.028019633280803421 0.03033072504963949 0.011950647866963322 -0.034275282301033279 -0.043249922143130178 0.050384596466038413 -0.010139788868361298 -0.034440381572713834 -0.11572866459164373 -0.1080819368422844 0.014890645921500573 0.054785567125061996 -0.020784737516151643 -0.10584994010097691 0.066753093312611672 -0.077926463386304073 0.026706081660178346 -0.038104681673528172 -0.030622479700245744 0.029922539989453642 -0.10119532563808512 0.058318772065042518 0.04227297621209835 -0.0063145938931384359 -0.099511538563463522 0.018915615388146231 0.040066385553222408 -0.0944234495330636 -0.10277804755066725 -0.021482929907263981 -0.020254575249412612 0.011870365398598932 0.029399738131085137 0.015390167806317601 0.014607589469769471 -0.06565771692953673 -0.072509085923621971 -0.078692283444833103 0.043307746512943321 -0.018322492319197563 -0.027331942476117879 0.030494890103806262 -0.0086719500955943461 0.02108502539337026 0.020565098448297167 -0.10186782600003397 -0.090278177041980476
leaf_weight=283.96858025575057 4.4478287156671277 764.51576149312314 74.539401000365615 285.94738774723373 30.043562636245042 436.94989431346767 1098.0237304255133 115.62988913082518 67.696888524573296 584.98807355901226 78.915464442106895 4.0301491618156424 300.2054514947813 7.2507813824340692 96.906346766278148 18.378038608585484 536.94207162130624 362.75945280934684 20.29586065444164 1145.6250171537977 33.960935859940946 324.0578605356859 224.4609584135469 4.8629515580832949 7.2345729684457174 137.59973614686169 48.498701364966109 34.407775200670585 2.5557447504252186 12.508727497421203 6.5904039600864044 39.37499968521297 5.6164331766776732 279.43357279337943 78.977300904458389 5.3006273270584634 19.657899529673163 13.043128508143125 12.555619409307839 1.8286426649428893 84.904869280057028 9.0857852678745967 8.7329161325469595 8.2475133258849365 91.430612347554415 110.47769759350922 58.480146544985473 6.5629027094691983 126.63537737634033 89.234568934421986 18.948141022352502 11.435901709832249 12.679412432480602 666.60502403974533 284.18548784404993 20.223511167801917 13.573883675504474 67.069416745333001 126.86324165621772 102.33281648741104 3.0991624156013122 7.4019076917320481
leaf_count=92898 72 32401 11124 3884 14780 6949 11509 63312 1524 71753 19666 324 7443 620 4773 1761 3177 6678 2221 488033 176 46196 71279 192 554 2346 326 902 118 113 287 641 85 90453 2653 403 283 431 365 135 2446 218 882 672 5704 17389 1739 231 4835 8208 7645 1537 606 1840 62248 1286 1104 9478 4463 4290 654 2698
internal_value=0.000442041 0.0143216 -0.028401 0.00837436 -0.0326168 0.0311106 0.0143923 -0.0384988 -0.00230034 -0.00356572 -0.0368604 0.00790359 0.00268786 -0.00354158 -0.00948187 -0.0199096 0.0237554 0.0191506 0.0174976 -0.0395089 0.0162582 -0.018457 -0.0194828 0.0123155 -5.92986e-05 0.00435918 0.0171393 -0.0325418 0.0343242 0.0180642 0.00551223 0.0186266 0.0420655 -0.0407739 -0.00231408 0.00234647 -0.00447077 -0.0168727 -0.00802978 0.0448864 0.00749005 -0.0207752 -0.0183812 -0.0158504 -0.0282094 -0.0236098 0.000847651 -0.0412952 0.004191 -0.012219 -0.000573429 -0.015906 -0.042681 0.0427365 -0.0254352 0.00950703 -0.0141757 -0.0212249 0.00895905 0.000749016 0.0169662 -0.0201173
internal_weight=9538.8 6439.86 3098.93 4755.34 2784.7 1684.52 3040.97 1903.57 1714.37 1646.67 1787.94 1286.55 833.451 533.246 882.156 881.126 1007.85 1754.42 453.102 1503.97 470.911 851.082 832.704 656.393 184.105 176.87 472.288 39.2707 109.529 61.0299 48.5211 41.9307 676.669 1425.06 525.995 398.444 319.467 127.551 297.98 21.4865 119.226 34.3208 178.755 173.454 99.6781 114.508 73.776 15.2958 167.155 785.25 188.826 596.424 25.235 671.053 508.646 146.859 99.5914 86.0176 314.237 187.373 105.432 81.9413
internal_count=1203013 229158 973855 216859 950626 12299 78436 754362 138423 136899 691050 54770 42544 35101 104498 196264 10302 23666 12226 598152 7125 181484 179723 12157 3994 3440 8163 1094 1485 1159 1046 759 1997 578486 34481 16337 13684 18144 13266 418 3635 1189 9631 9228 6376 17713 2852 1113 8342 99725 26435 73290 971 1912 133527 6121 18227 17123 23229 18766 4944 13822
is_linear=0
shrinkage=0.05


Tree=15
num_leaves=63
num_cat=0
split_feature=21 21 2 16 2 16 19 0 10 16 16 4 1 17 16 14 16 21 8 6 17 4 19 1 16 19 12 19 4 19 0 16 19 16 16 16 2 19 2 4 2 4 17 2 4 0 12 8 0 12 16 16 2 16 2 2 2 0 17 17 2 4
split_gain=1365.26 356.845 144.448 134.188 98.849 82.8674 57.1734 37.6899 35.7284 33.9404 27.5653 27.3706 25.0192 24.3652 23.6195 23.5857 23.4922 21.6145 19.7924 33.2317 19.2079 19.1025 27.2462 24.5716 19.0415 20.1618 17.5948 18.1399 17.5484 17.4981 17.4791 16.7556 16.7041 16.1235 15.4049 18.0163 20.6521 15.2634 17.9503 23.5237 15.0244 18.739 14.8883 28.4883 16.3682 23.2539 14.8043 14.496 14.4642 14.3628 14.1443 14.1417 14.0446 13.7908 13.628 13.5386 24.3484 16.1001 13.5333 13.4662 23.7494 17.9232
threshold=3.5000000000000004 1.5000000000000002 7.5000000000000009 73.500000000000014 5.5000000000000009 54.500000000000007 6.6062862873077401 19.500000000000004 1.5000000000000002 80.500000000000014 54.500000000000007 27.500000000000004 0.0067797389347106227 5.5000000000000009 87.500000000000014 60.000000000000007 43.500000000000007 6.5000000000000009 3.5000000000000004 15.500000000000002 4.5000000000000009 44.500000000000007 16.086322784423832 0.013423423748463394 16.500000000000004 17.513369560241703 9.5000000000000018 7.814871311187745 2.5000000000000004 10.490225315093996 2.5000000000000004 87.500000000000014 8.6299066543579119 23.500000000000004 23.500000000000004 36.500000000000007 1.0000000180025095e-35 10.721748352050783 9.5000000000000018 2.5000000000000004 6.5000000000000009 6.5000000000000009 1.5000000000000002 17.500000000000004 10.500000000000002 15.500000000000002 60.000000000000007 5.5000000000000009 63.500000000000007 1.0000000180025095e-35 46.500000000000007 78.500000000000014 11.500000000000002 21.500000000000004 1.0000000180025095e-35 14.500000000000002 60.500000000000007 77.500000000000014 4.5000000000000009 2.5000000000000004 92.500000000000014 77.500000000000014
decision_type=2 2 2 2 2 2 2 2 2 2 2 2 2 2 2 2 2 2 2 2 2 2 2 2 2 2 2 2 2 2 2 2 2 2 2 2 2 2 2 2 2 2 2 2 2 2 2 2 2 2 2 2 2 2 2 2 2 2 2 2 2 2
left_child=1 3 8 6 11 7 15 29 12 26 18 -3 -2 31 -15 -1 48 37 19 28 -19 22 23 47 25 -13 -7 46 -4 40 50 52 33 49 58 36 -36 38 -12 -40 41 -6 43 44 53 -46 -28 -22 -17 -9 -10 55 -11 -42 -14 -29 -57 -58 -26 60 61 -20
right_child=2 4 10 -5 5 9 -8 32 30 13 17 24 54 14 -16 16 -18 20 59 -21 21 -23 -24 -25 34 -27 27 51 -30 -31 -32 -33 -34 -35 35 -37 -38 -39 39 -41 42 -43 -44 -45 45 -47 -48 -49 -50 -51 -52 -53 -54 -55 -56 56 57 -59 -60 -61 -62 -63
leaf_value=-0.063011461905398927 -0.13057735106004792 0.016498785871712152 0.039279691469604645 0.0052740870971031062 -0.0057528561723169686 -0.070385174007038601 0.0017066552029771137 0.07593182100456887 0.035399326386087039 -0.10317003050208906 0.04084709685227246 -0.1088772866491232 0.048021356556824941 -0.081012755290459662 0.054922359017541736 -0.031451042121212178 -0.031497761680602768 0.042282687690648378 -0.0092443626412400878 0.041113497852093867 0.013720123192604414 0.042574683818036869 0.022700666225329302 -0.11119165782341954 -0.10949550455597407 0.093224627900805809 -0.065850086737956157 0.060053457137389937 0.0041291172472081158 0.064043548878545395 0.020292380020426614 -0.099393184122280306 0.0071363816302994904 -0.029268183905882608 0.021977919020140249 -0.0018752271829507842 -0.10804407025083618 0.024929506966426346 -0.11836798426219367 0.0025951021546783502 -0.11916628398867385 -0.10644826763474557 -0.0028490291541293754 -0.069216451104306229 -0.091956036895208856 0.031654080273205987 -0.0044177688430241668 -0.10280441320564004 -0.046783592913282782 -0.01681930350710904 0.018820023017499864 -0.11053977605518935 0.042806353823193199 0.038641552582762473 0.033317890597682705 -0.04171031342832926 0.045120582965272625 -0.0024893232281499294 0.074956339928428414 0.0060658267042738414 -0.065076593395109086 0.035358033154209469
leaf_weight=111.34313512349036 2.1702136266976586 468.67956755519845 40.352370805107057 190.75844504369888 9.979120612144472 9.5475527911912632 83.093885185662657 4.2328972290270022 489.78646777989343 1.679162646178155 31.198834653943777 8.1634884595405275 271.12306953594089 9.2115589166060072 4.8929899958893648 189.3111157361418 612.59158855932765 148.11680656997487 165.00722783419769 100.55363377858885 14.500392731279137 40.023436943884008 46.023445122642443 8.4751487569883448 1.12010983750224 1.4538054466247565 9.9706948325037938 17.110761690884829 295.69232217397075 8.5066688177175802 876.97546326834708 2.2065635309554628 41.599670292809606 718.50340608612169 4.6115747834555796 78.098339570686221 9.0421489081345481 151.13612395664677 4.0879203742370001 239.11558547406457 1.4883471340872372 8.6037715998245385 388.72053200751543 25.953200000803918 9.0134190812241268 6.5840123016387215 597.07598376134411 3.2711231992580023 820.41308542620391 299.45103673823178 174.46914127306081 2.1390992794185868 88.006906515453011 19.830302429618314 376.34329758863896 17.328375737648457 40.590461086248979 31.566665844176896 8.8634993080049735 823.65735503518954 16.851015662774444 26.084155236603692
leaf_count=63828 83 8991 225 24390 346 2801 10603 51 2418 90 390 899 597 1039 148 65398 236985 1521 5486 896 228 449 450 309 130 1 3627 160 7131 119 10256 304 2422 159685 145 3403 1038 2516 241 12759 64 663 31622 3619 503 135 58865 233 369525 59673 1249 140 1862 250 1695 931 750 1782 109 28924 6616 686
internal_value=-0.00043191 -0.0183538 0.0200321 -0.0346196 -0.00729911 -0.0118205 -0.0388084 -0.0186788 0.029072 0.00090467 0.0108382 0.0112046 0.0389068 0.0273326 -0.0338557 -0.0407503 -0.0392224 0.0191131 0.00697218 0.0158958 0.0304589 0.0148632 -0.000483488 -0.0411368 -0.0110784 -0.0783264 -0.00295742 -0.00205802 0.00835001 -0.00702735 0.0249265 0.0367244 -0.0239217 -0.0251856 -0.00472127 -0.0111393 -0.0641289 0.0121699 0.0051422 0.000561877 -0.00831321 -0.0523742 -0.0065001 -0.0290747 -0.000853681 -0.0397775 -0.00542679 -0.00772803 -0.0439089 -0.0155265 0.0310447 0.0167491 0.0400733 0.0276243 0.0394749 0.0193034 0.0115115 0.0242926 0.0542618 0.00319548 -0.00817394 -0.00315609
internal_weight=9306.35 4961.34 4345.01 2007.51 2953.83 2373.79 1816.75 1542.47 2190.87 831.327 2154.15 580.033 649.637 105.997 14.1045 1733.66 1622.32 685.949 1468.2 436.598 260.41 112.294 72.2701 26.2467 111.353 9.61729 725.33 715.782 336.045 478.679 1541.23 91.8926 1063.79 1022.19 101.736 91.7521 13.6537 425.538 274.402 243.204 470.173 18.5829 451.59 62.8693 36.9161 15.5974 607.047 17.7715 1009.72 303.684 664.256 108.735 89.6861 21.3186 647.466 106.596 89.4855 72.1571 9.98361 1031.6 207.942 191.091
internal_count=1202454 1117096 85358 770729 346367 331651 746339 259152 16298 72499 69060 14716 2375 3443 1187 735736 671908 19096 49964 8252 3190 1669 1220 770 5725 900 69056 66255 7356 37321 13923 2256 221831 219409 4825 4586 1183 15906 13390 13000 37202 1009 36193 4571 952 638 62492 461 434923 59724 3667 3763 1952 314 2292 3623 3463 2532 239 41712 12788 6172
is_linear=0
shrinkage=0.05


Tree=16
num_leaves=63
num_cat=0
split_feature=21 2 16 21 12 21 16 19 19 0 21 2 6 16 16 0 0 2 19 14 16 19 14 8 6 12 19 8 0 8 0 10 4 17 12 4 4 0 16 4 17 6 12 10 2 3 4 16 4 4 2 16 1 0 12 4 4 19 19 3 0 2
split_gain=1291.05 264.597 184.951 102.413 94.2898 78.3901 56.9392 53.0018 33.189 32.8288 30.5806 28.3205 19.8351 19.6485 19.1122 18.2679 17.6767 18.6172 17.5842 20.9878 17.4011 17.3951 16.9262 24.1582 15.9323 23.2265 19.8021 35.8455 15.7956 15.687 15.455 16.2446 19.5919 15.3098 14.2666 15.7184 14.1805 25.5398 14.1528 13.9546 13.7108 13.7098 30.6457 19.547 17.3305 16.147 14.8727 13.7994 13.6985 15.4089 13.6306 13.4527 28.561 20.0334 17.9658 15.678 13.1621 13.3867 19.2338 15.3193 13.0923 23.9363
threshold=2.5000000000000004 9.5000000000000018 66.500000000000014 3.5000000000000004 5.5000000000000009 1.5000000000000002 71.500000000000014 8.8715415000915545 8.6299066543579119 14.500000000000002 6.5000000000000009 1.5000000000000002 60.000000000000007 84.500000000000014 41.500000000000007 65.500000000000014 71.500000000000014 8.5000000000000018 7.2388703823089608 17.500000000000004 54.500000000000007 9.4858131408691424 1.0000000180025095e-35 3.5000000000000004 17.500000000000004 10.500000000000002 7.5297496318817148 16.500000000000004 22.500000000000004 10.500000000000002 36.500000000000007 60.000000000000007 8.5000000000000018 7.5000000000000009 1.5000000000000002 1.5000000000000002 55.500000000000007 97.500000000000014 43.500000000000007 7.5000000000000009 7.5000000000000009 15.500000000000002 11.500000000000002 14.500000000000002 28.500000000000004 0.0070176301524043092 5.5000000000000009 32.500000000000007 72.500000000000014 42.500000000000007 11.500000000000002 79.500000000000014 0.011050061322748663 17.500000000000004 1.0000000180025095e-35 9.5000000000000018 6.5000000000000009 14.044111728668215 9.7623982429504412 0.010811126790940763 28.500000000000004 36.500000000000007
decision_type=2 2 2 2 2 2 2 2 2 2 2 2 2 2 2 2 2 2 2 2 2 2 2 2 2 2 2 2 2 2 2 2 2 2 2 2 2 2 2 2 2 2 2 2 2 2 2 2 2 2 2 2 2 2 2 2 2 2 2 2 2 2
left_child=2 4 5 6 11 7 8 15 30 -6 12 39 34 18 -7 -1 -16 -18 19 28 41 48 23 -14 -11 -26 27 -27 -4 -15 -3 -32 -33 50 -5 -36 37 -24 -17 -2 -31 43 46 45 -44 -12 -43 -45 49 -19 -8 52 -41 54 -54 -56 -37 58 60 -59 61 -58
right_child=1 3 13 10 9 14 33 -9 -10 24 20 -13 22 29 16 38 17 21 -20 -21 -22 -23 36 -25 25 26 -28 -29 -30 40 31 32 -34 -35 35 56 -38 -39 -40 51 -42 42 44 47 -46 -47 -48 -49 -50 -51 -52 -53 53 -55 55 -57 57 59 -60 -61 -62 -63
leaf_value=-0.029588487253607312 0.042423130211890786 -0.010207696825652502 0.051183464040091955 0.011585673607003022 0.018881534096907873 -0.02770725824967887 -0.10705573489825917 0.010104052586766993 0.020192391502883374 0.01978482014143718 -0.10488649105695121 0.025562104433511069 0.054948865188708798 -0.10306829899218602 -0.0015823751454025086 -0.047141904666298327 0.01590109102732782 -0.046014386729002606 0.015154294657877689 -0.0062843236470348732 0.029229349692262947 0.017700000061896353 0.0086120308437886775 -0.081392215861126715 -0.10659899398687955 -0.10832617269107443 0.023940598726581781 -0.0044600603253512772 -0.085649696630874267 0.035328115629080753 0.00069718122710129161 0.017204144473424367 -0.03032924333473749 -0.092528646452511493 -0.10928217717195582 0.024120413297297111 0.024433780058280931 -0.10490580768601128 -0.036267780270195012 -0.12833221081107851 -0.096122594196440245 -0.10838021462236208 0.0077253894205180085 -0.0029787879294895193 -0.098912258977986542 0.011748320425473562 0.06136953367057494 -0.098169768013977282 -0.049621533856637201 0.0010184879556249307 0.025077166049195333 0.067506870260845439 -0.13547982381795429 0.0535732540296667 -0.11742424984034552 0.014890013904127178 -0.013636764382973253 0.034908400531858681 -0.11171554884082863 -0.10673964001193673 -0.0045714823336887216 -0.079657204754277289
leaf_weight=292.87089957133867 610.99269983358681 597.17627464875113 2.4931900091469297 134.80223762220703 1380.7884712236701 412.39650567038916 1.9801552044227708 52.617189097218215 70.402265419950709 97.750634864671156 2.9933185442350796 669.91654676152393 4.608703331090509 2.2678738301619878 193.95534067659173 866.85760337428655 26.49421895807609 30.432924476917833 96.243731693131849 338.9368205065839 231.70254778396338 17.616424705833197 534.28290050383657 11.012646008748559 5.3701421879231921 8.6442814085166884 59.659181201364845 212.68590685748495 13.689738070592284 58.520383438328281 62.002782445633784 23.252629526192322 320.12641346873716 2.9189268639311186 3.7393540907651177 32.628781316103414 161.86951637896709 5.0012242142111054 456.95583624695428 3.5936909965239456 2.0533091700635842 1.3286029938608397 20.532533241435889 8.2355174347758275 4.6781109892763189 342.72712275502272 44.834267265163362 7.0804565204307428 76.082860527094454 40.709087954135612 136.23125316970982 11.454051246866582 2.5865545980632296 21.944928217679262 2.4686203785240712 24.048993855714798 64.59453948866576 25.611298599746082 4.7522077024914315 2.0624992256052783 243.39321147033479 17.434659746009856
leaf_count=101042 1711 49038 7 4248 17987 109019 127 4074 2415 1661 206 5005 31 389 30174 413199 1517 9478 4942 60999 2886 936 14793 543 238 618 990 9091 4072 3125 9879 2497 56742 589 263 770 4413 558 195471 115 378 39 439 225 318 5760 248 389 25145 9349 4290 11 62 62 54 182 2340 385 527 80 24876 1437
internal_value=-0.000369736 0.0125689 -0.0274342 0.00228946 0.0228884 -0.0331199 -0.00906514 -0.0392811 -0.0129922 0.0152849 0.00950737 0.0328508 0.00488798 -0.000155765 -0.0202265 -0.0408884 -0.0122195 -0.0230022 -0.00380269 -0.00894037 0.0181728 -0.029255 0.0103081 -0.0411681 0.0023556 -0.00359398 -0.00162539 -0.00851666 -0.0645688 0.0260385 -0.0153225 -0.0228573 -0.0271104 0.0207909 -0.00245581 -0.0072573 0.011455 0.00755929 -0.0433884 0.0400622 0.0308722 0.0122482 0.032272 0.00828972 -0.0120624 0.0107385 0.056484 -0.0469848 -0.0348734 -0.0191011 0.0231841 0.0182382 0.0079107 0.0175018 -0.00969662 0.0025724 -0.00628027 -0.00905222 -0.011852 0.0243515 -0.0103936 -0.0276689
internal_weight=9217.1 6235.9 2981.19 3124 3111.9 2466.99 1214.09 1669.3 1072.96 1764.9 1909.91 1347.01 1245.79 514.205 797.687 1616.68 385.291 191.336 451.363 355.12 664.112 164.841 716.775 15.6213 384.11 286.36 280.989 221.33 16.1829 62.8416 1002.56 405.382 343.379 141.13 529.019 394.217 701.154 539.284 1323.81 677.09 60.5737 432.41 71.3735 361.036 25.2106 345.72 46.1629 15.316 147.225 71.142 138.211 66.0968 54.6428 51.0491 29.1042 26.5176 390.477 357.848 330.175 27.6738 325.422 82.0292
internal_count=1202454 229138 973316 191351 37787 899404 125577 713786 120571 30585 65774 7202 55264 73912 185618 709712 76599 46425 70020 65078 10510 44908 20338 574 12598 10937 10699 9709 4079 3892 118156 69118 59239 5006 34926 30678 19764 15351 608670 2197 3503 7624 1044 6580 757 5966 287 614 43972 18827 4417 486 475 360 298 236 30415 29645 29180 465 28653 3777
is_linear=0
shrinkage=0.05


Tree=17
num_leaves=63
num_cat=0
split_feature=21 21 16 2 2 21 16 10 19 19 19 16 21 4 13 2 8 19 14 19 4 2 5 14 6 8 8 10 8 16 6 2 17 14 14 14 2 17 19 16 8 10 16 2 2 16 16 13 2 19 16 2 14 10 4 13 16 16 19 16 16 4
split_gain=1208.46 244.97 176.218 76.5794 71.9285 68.0175 44.7287 37.4713 36.8166 33.3502 34.1233 28.4944 24.1842 22.8843 20.3528 20.2098 36.6048 20.1967 19.6878 19.5788 19.1313 18.9991 18.8357 18.5435 18.3567 18.1289 17.9974 19.4709 17.8688 17.8427 16.8865 16.8384 16.611 16.548 15.8593 15.5049 15.4714 14.9162 15.3913 14.6872 20.6529 18.6841 21.5901 14.6671 18.9037 17.7286 14.2136 14.0325 13.7596 13.5472 22.9798 13.4183 13.1167 20.879 23.1582 17.0578 18.3768 18.2118 15.4077 13.0307 21.9899 37.6204
threshold=2.5000000000000004 4.5000000000000009 61.500000000000007 4.5000000000000009 9.5000000000000018 1.5000000000000002 75.500000000000014 1.5000000000000002 8.8715415000915545 7.8472931385040292 6.3033483028411874 76.500000000000014 3.5000000000000004 1.5000000000000002 0.014599318150430919 77.500000000000014 13.500000000000002 7.2388703823089608 14.500000000000002 5.022111415863038 82.500000000000014 46.500000000000007 0.0077221228275448093 17.500000000000004 18.500000000000004 10.500000000000002 9.5000000000000018 13.500000000000002 1.5000000000000002 52.500000000000007 6.5000000000000009 25.500000000000004 1.5000000000000002 60.000000000000007 1.5000000000000002 1.0000000180025095e-35 3.5000000000000004 4.5000000000000009 31.480008125305179 17.500000000000004 2.5000000000000004 1.5000000000000002 48.500000000000007 61.500000000000007 22.500000000000004 45.500000000000007 29.500000000000004 0.012739370577037336 5.5000000000000009 11.719474315643312 30.500000000000004 21.500000000000004 6.5000000000000009 1.0000000180025095e-35 11.500000000000002 0.013072453904896976 68.500000000000014 67.500000000000014 9.2478270530700701 39.500000000000007 26.500000000000004 42.500000000000007
decision_type=2 2 2 2 2 2 2 2 2 2 2 2 2 2 2 2 2 2 2 2 2 2 2 2 2 2 2 2 2 2 2 2 2 2 2 2 2 2 2 2 2 2 2 2 2 2 2 2 2 2 2 2 2 2 2 2 2 2 2 2 2 2
left_child=2 4 5 7 13 8 9 -3 33 10 12 17 21 24 20 19 -17 23 -7 28 22 -6 -11 -4 -2 -13 -15 -28 47 36 -8 -20 46 -1 -19 -29 -26 -21 52 -34 41 42 -41 44 49 -45 -14 -5 -40 50 -24 -52 53 -39 -55 56 58 -57 -56 60 -30 -62
right_child=1 3 11 15 6 18 30 -9 -10 14 -12 25 32 26 -16 16 -18 34 31 37 -22 -23 43 -25 29 -27 27 35 59 -31 -32 -33 39 -35 -36 -37 -38 38 48 40 -42 -43 -44 45 -46 -47 -48 -49 -50 -51 51 -53 -54 54 55 57 -58 -59 -60 -61 61 -63
leaf_value=-0.060857897914106632 -0.11667409110831331 0.040094457053023447 -0.068826178511636929 -0.10970172615281476 -0.0080737927720446381 0.016351771930316752 -0.083045863142056336 0.023746666563441335 0.0063511037491147879 -0.098522971217286315 -0.074906522432682948 -0.073351381571158877 -0.091490777283703584 0.039736780452945819 -0.11235601105810733 0.0044955275353662947 -0.083411674424113263 -0.10069137215597009 -0.0082639790632734172 0.031572735102070301 0.030383409015794061 -0.022673281406724168 0.0614456576081868 -0.014347554019093057 0.035914588139650122 0.012201216651828559 0.035646856032325418 -0.11266017393363295 0.013963838701346397 -0.010973029310043373 0.02667894344611927 -0.026916032594859526 0.024609228290050238 -0.039386993090611888 0.015376692820015667 0.0042111733853724435 -0.0042923929986688654 -0.11476883865313313 -0.10406196677022764 -0.11712266632515114 -0.0071103896320365975 0.038068080569625011 0.02131093919586298 -0.096309021547081319 -0.027110605643609932 0.038298654058636979 -0.014270930958734629 0.025635493003811006 0.037770755498342419 0.032498946368019532 -0.10176797395190536 0.041153796155251395 0.01882359764779766 -0.050175490312095096 0.067048977793076905 0.032088223922195715 0.036385237438627212 -0.10683015283407256 -0.10862920407823416 0.014989844467379965 -0.0015811728399326786 -0.071599863930152635
leaf_weight=95.936904565431178 2.2666667541488996 556.78673397935927 16.358579848892987 1.9315574960783113 673.11693611054216 33.918521426385269 3.6062541671562931 946.2263177447021 42.635601758258417 4.5963508475106201 19.760454569477588 6.3669722694903603 7.7815012278733766 41.572069646790624 3.326312201563268 108.48094169050455 13.293228745693339 3.0600078986026338 156.67223038582597 284.49004706600681 89.776706991018727 333.12682621879503 5.068848456721752 345.9178427857114 196.1472767473897 225.56788891984615 51.32587750768289 2.8495980054140082 223.84354217106011 28.5407197130844 126.73161023855209 531.44062228489202 73.273158565163612 1389.2787759820931 77.008922710316256 689.93078253779095 27.249737706501037 4.1713587297126642 1.7482156576588739 4.5443525905720872 237.88074078934733 51.495112657314166 7.4076798954047263 2.6137365684844545 51.557600755710155 38.140580066479743 25.446016070432961 227.85500916535966 78.206695032073185 35.818220090586692 7.4489253598730993 2.1067216196097434 140.74309879541397 18.367016846546903 1.4977918919175843 52.129907408263534 5.5494283931329838 2.4710856233723453 7.4861848298460245 437.83234444994014 203.93196483759675 21.175813885172829
leaf_count=59014 64 1818 7987 115 58252 1963 1068 6957 3462 456 2060 1090 2573 413 293 4556 1652 596 20633 3543 2045 59729 75 84405 1282 20068 572 141 4428 586 3504 153177 2648 616292 4629 18852 718 87 31 349 15379 1212 335 350 2432 945 5807 2197 440 556 647 54 2314 472 19 559 47 134 356 9912 4648 1456
internal_value=-0.000278645 0.0122473 -0.026763 0.0214345 0.00146555 -0.0334825 -0.00456999 0.0298027 -0.0394588 -0.00676628 -0.0096561 -0.00434207 -0.00874428 0.0119397 0.0104658 0.0145811 -0.00510068 -0.0117848 -0.0208362 0.0159799 0.0121887 -0.0129071 0.00110317 -0.0168075 0.0249797 0.00985266 0.00772063 0.00593193 0.0120721 0.0262541 0.023643 -0.0226693 0.00152671 -0.0407739 0.0109409 0.00373045 0.0310102 0.0232902 0.0157469 0.00453205 -0.000350073 0.0249962 -0.0313237 0.00431089 -0.00581966 0.0296657 -0.0323549 0.0244979 0.0346696 0.0159419 -0.0246097 -0.0702582 0.00923719 -0.0054806 -0.000270624 0.0129877 -0.0351518 0.0258012 -0.0793405 0.00885235 0.00286685 -0.00816781
internal_weight=9106.89 6182.73 2924.16 3338.22 2844.51 2249.88 1804.62 1503.01 1527.85 1674.29 1433.83 674.28 1414.07 1039.88 240.454 1835.21 121.774 442.345 722.031 1713.43 237.128 1006.24 147.351 362.276 254.204 231.935 785.678 744.106 1116.57 251.938 130.338 688.113 407.829 1485.22 80.0689 692.78 223.397 596.861 312.371 374.601 301.328 63.4471 11.952 142.755 102 40.7543 33.2275 229.787 79.9549 50.4427 14.6245 9.55565 232.416 91.6728 87.5014 69.1344 14.5334 54.601 8.98398 886.784 448.951 225.108
internal_count=1202454 229138 973316 45741 183397 854541 160769 8775 678768 156197 148344 118775 146284 22628 7853 36966 6208 97617 175773 30758 7560 117981 5515 92392 2650 21158 19978 19565 22756 2586 4572 173810 28303 675306 5225 18993 2000 8002 4459 19923 17275 1896 684 5059 3764 1295 8380 2312 471 1332 776 701 3988 1674 1587 1115 422 693 375 20444 10532 6104
is_linear=0
shrinkage=0.05


Tree=18
num_leaves=63
num_cat=0
split_feature=21 21 2 21 2 8 14 4 14 4 14 6 2 17 6 4 14 4 12 10 8 6 17 14 14 17 12 6 4 17 2 2 10 2 15 5 10 17 14 6 14 17 3 2 8 8 4 9 4 17 5 8 6 2 12 12 2 12 10 10 8 8
split_gain=1141.18 230.827 103.372 91.747 45.8362 34.6441 28.086 24.903 24.1986 22.9288 20.2189 18.1903 17.8007 20.6199 19.3338 17.4325 16.3001 15.9484 39.0016 15.5906 15.3831 14.8296 14.534 21.5909 14.2085 14.1709 14.0557 30.7954 28.6127 13.8594 13.7724 13.6885 13.6782 27.4214 14.8425 13.2632 13.7623 13.1139 13.0725 13.6859 23.8766 12.7714 30.3063 12.4641 11.9116 11.3733 15.1381 11.3526 11.3371 11.2053 10.6083 10.3803 18.5646 13.1554 16.9226 13.6945 21.2256 19.1133 13.2213 12.596 22.9811 19.3399
threshold=2.5000000000000004 3.5000000000000004 7.5000000000000009 1.5000000000000002 18.500000000000004 1.0000000180025095e-35 11.500000000000002 98.500000000000014 60.000000000000007 1.5000000000000002 14.500000000000002 15.500000000000002 36.500000000000007 1.5000000000000002 1.0000000180025095e-35 84.500000000000014 3.5000000000000004 12.500000000000002 1.0000000180025095e-35 60.000000000000007 9.5000000000000018 1.5000000000000002 1.5000000000000002 11.500000000000002 60.000000000000007 2.5000000000000004 3.5000000000000004 2.5000000000000004 1.0000000180025095e-35 5.5000000000000009 4.5000000000000009 39.500000000000007 18.500000000000004 76.500000000000014 0.013606071937829258 0.0070176301524043092 1.5000000000000002 1.5000000000000002 1.0000000180025095e-35 7.5000000000000009 10.500000000000002 4.5000000000000009 0.015504807699471714 1.5000000000000002 13.500000000000002 4.5000000000000009 38.500000000000007 0.015749008394777778 9.5000000000000018 5.5000000000000009 0.0099504948593676108 13.500000000000002 60.000000000000007 30.500000000000004 3.5000000000000004 11.500000000000002 25.500000000000004 12.500000000000002 1.0000000180025095e-35 14.500000000000002 9.5000000000000018 11.500000000000002
decision_type=2 2 2 2 2 2 2 2 2 2 2 2 2 2 2 2 2 2 2 2 2 2 2 2 2 2 2 2 2 2 2 2 2 2 2 2 2 2 2 2 2 2 2 2 2 2 2 2 2 2 2 2 2 2 2 2 2 2 2 2 2 2
left_child=3 4 5 7 9 25 15 -1 32 -2 20 -12 21 14 -14 50 -11 26 -19 -17 -5 -10 24 29 -9 -3 43 28 -28 -24 -13 45 33 -4 -35 -27 -37 -18 -36 -40 47 -38 -43 -7 -32 46 -15 -41 -45 -39 -6 52 59 54 58 56 -56 -57 -53 -23 -61 -62
right_child=1 2 8 10 6 17 -8 22 12 16 11 30 13 31 -16 19 37 18 -20 -21 -22 51 23 -25 -26 35 27 -29 -30 -31 44 -33 -34 34 38 36 41 49 39 40 -42 42 -44 48 -46 -47 -48 -49 -50 -51 -52 53 -54 -55 55 57 -58 -59 -60 60 61 -63
leaf_value=-0.043723903101443605 0.02088302003005681 0.051980148901885674 0.028546062551826304 -0.11058302212864837 -0.10501144225759461 0.037563198080694499 -0.013590058581971029 -0.060614571629523044 0.025412068265210055 0.057754365769473716 -0.06022738702260353 0.0096424555418674479 0.013125037497296117 0.036758825472031763 -0.055113972151589578 -0.11885158242631562 0.012724890695466487 -0.12762713366393841 0.015021096239297461 0.032022069531108678 0.014005363437050051 0.0089349454680100557 -0.032480744836228988 -0.03406877232250545 -0.014672427616660899 -0.11460322790696516 0.017992239989478791 0.022638642587721219 -0.11258665390707914 -0.00067602379788522804 0.016086102701182919 0.004293231653082384 0.009812628630876348 -0.10518805641987834 -0.11659539119882295 0.040438033079628677 0.027702314537428302 -0.0096575854329040336 0.026484110554582191 -0.11495266989273928 0.05950751259463502 0.022499541898064114 -0.12189938364514107 0.019431434810207659 -0.017496058682356454 -0.073511876908831278 -0.12248142076683879 -0.002234599835108778 0.049891716312984294 0.0037564399731289384 -0.0055764294497782831 0.024917161119618454 0.025940094567650864 0.024471212915332243 0.020152591902842954 -0.10377989107992665 -0.098562093322874314 -0.0055980838787708315 -0.1071201651813512 -0.063306442926038473 0.048294985258800209 -0.094578688724334004
leaf_weight=396.74832242855337 180.83480716333725 151.70701437303796 365.51023061224259 2.5578144793398669 3.8776686126366249 341.43974016048014 816.0885923136957 18.243082792265341 145.48501578066498 12.53046573884785 22.569121895590797 54.219259995734319 15.485844504088162 7.0450083799660224 31.480990784708411 1.7591930483467866 166.8684612166835 4.8724339772015801 289.20551067590714 64.212584375869483 78.985071262810379 248.5363283167826 57.167443838901818 1130.6158631145954 217.16671378887258 1.5363580379635084 8.5965623296797293 862.98835596686695 8.1938949124887568 85.45678941893857 27.315443009836599 402.71518014150206 289.19379338226281 3.9640797199681392 2.4208257687278083 149.90816969703883 33.620877422392368 316.44397637993097 23.962353925686326 6.7748549031093663 4.6114625297486844 10.753599455580117 5.4881005194038144 241.59756262833253 792.58475692581851 10.622109052026643 1.8936310703866182 3.3326856698840857 34.968732552602887 306.45417867973447 8.7012215484864992 2.6602817662060261 172.34238096512854 52.739310270058922 89.525237167719752 5.0950014125555745 3.9305424494668832 182.94558627402876 6.5985927828587574 17.426602787803859 12.295792588964103 2.9337213328108183
leaf_count=201691 2556 303 4055 312 469 1080 107145 12689 1439 121 11749 3157 442 90 9686 220 3856 147 4238 1007 3360 4650 20605 457810 63506 33 63 7611 195 14428 3524 22751 7514 407 187 509 189 14860 602 601 71 84 115 1580 180485 928 87 99 151 13090 456 29 2850 1617 1802 330 312 6803 409 915 191 193
internal_value=-0.000244887 0.0119503 0.0183925 -0.026187 -0.00265247 0.0261237 -0.0108415 -0.0325774 0.0105392 0.0047995 -0.0137399 -0.0159076 0.00677078 -0.00118629 -0.0326143 0.0177136 0.00117433 0.0233032 0.0126576 0.0279989 0.0100973 0.0107323 -0.029646 -0.0317562 -0.0182327 0.0404403 0.0253934 0.0213338 -0.0457314 -0.0134242 -0.0147633 0.00230922 0.018142 0.0240088 -0.0127907 0.0317438 0.0328693 0.000276632 -0.00387945 0.00317474 -0.0347726 0.0101144 -0.0262931 0.0311725 -0.0163772 -0.0385374 0.00302413 -0.077787 0.0232828 -0.00305814 -0.0362291 0.00805275 0.0130186 0.00149609 -0.00267131 -0.000483631 0.0151597 -0.00825834 -0.0691829 0.005099 -0.0240953 0.0207727
internal_weight=9017.81 6134.18 4256.4 2883.63 1877.77 2144.88 894.639 1905.4 2111.53 983.132 978.231 896.689 1411.76 469.243 46.9668 78.5507 802.297 1791.86 294.078 65.9718 81.5429 942.514 1508.65 1273.24 235.41 353.014 1497.78 879.779 16.7905 142.624 874.119 422.276 699.77 410.576 45.0663 201.307 199.771 789.767 41.1022 38.6814 14.719 49.8626 16.2417 618.006 819.9 19.5607 8.93864 10.1075 276.566 622.898 12.5789 797.029 453.535 343.495 290.755 281.496 93.4558 188.041 9.25887 281.192 32.6561 15.2295
internal_count=1202454 229138 85358 973316 143780 16298 109297 770729 69060 34483 202587 198915 55524 33984 10128 2152 31927 15065 4385 1227 3672 21540 569038 492843 76195 1233 10680 7869 258 35033 187166 23856 13536 6022 1967 930 897 31806 1560 1373 771 388 199 2811 184009 1105 177 700 1731 27950 925 20101 8799 11302 9685 9247 2114 7133 438 5949 1299 384
is_linear=0
shrinkage=0.05


Tree=19
num_leaves=63
num_cat=0
split_feature=21 21 16 2 21 19 0 19 10 16 2 16 0 7 4 0 4 16 16 0 19 2 19 16 0 14 1 0 16 19 19 1 10 1 4 2 4 16 2 19 4 2 8 3 16 8 7 4 14 0 10 12 2 0 0 14 16 2 0 0 7 17
split_gain=1067.43 221.238 172.766 96.3766 62.9556 44.3701 38.7243 44.276 35.0968 33.4669 27.1871 22.0188 20.0087 38.6746 31.0692 22.6843 18.6138 17.776 17.5505 17.1312 19.4572 17.2431 22.916 18.2822 17.116 16.8154 16.6165 16.0252 17.7164 15.7269 15.5464 15.3967 15.3767 16.2374 15.3042 15.0931 14.9741 31.0622 16.3594 14.5695 21.6576 14.2291 13.6977 17.9122 13.6223 13.1536 25.4067 13.4875 25.6458 20.2647 15.9541 13.1762 12.7751 14.2364 16.0191 15.4005 12.7001 12.5139 12.3828 12.3528 12.1474 37.4216
threshold=2.5000000000000004 3.5000000000000004 66.500000000000014 7.5000000000000009 1.5000000000000002 8.5026760101318377 4.5000000000000009 7.8472931385040292 1.5000000000000002 78.500000000000014 46.500000000000007 54.500000000000007 29.500000000000004 0.012739370577037336 1.0000000180025095e-35 33.500000000000007 1.5000000000000002 76.500000000000014 42.500000000000007 92.500000000000014 17.513369560241703 93.500000000000014 7.3649959564208993 77.500000000000014 71.500000000000014 60.000000000000007 0.0067797389347106227 36.500000000000007 45.500000000000007 6.6062862873077401 14.830810546875002 0.0071175277698785075 4.5000000000000009 0.0094788861460983771 92.500000000000014 16.500000000000004 6.5000000000000009 65.500000000000014 34.500000000000007 9.4858131408691424 70.500000000000014 1.0000000180025095e-35 5.5000000000000009 0.016001024283468727 26.500000000000004 3.5000000000000004 0.013072453904896976 23.500000000000004 3.5000000000000004 10.500000000000002 7.5000000000000009 5.5000000000000009 93.500000000000014 90.500000000000014 15.500000000000002 11.500000000000002 43.500000000000007 2.5000000000000004 2.5000000000000004 8.5000000000000018 0.015504807699471714 6.5000000000000009
decision_type=2 2 2 2 2 2 2 2 2 2 2 2 2 2 2 2 2 2 2 2 2 2 2 2 2 2 2 2 2 2 2 2 2 2 2 2 2 2 2 2 2 2 2 2 2 2 2 2 2 2 2 2 2 2 2 2 2 2 2 2 2 2
left_child=2 6 4 8 5 25 16 9 26 10 17 45 58 14 -14 -15 -2 27 -6 -4 21 23 -23 -21 -20 -1 -3 -8 34 -25 -24 -11 33 -17 57 -13 37 -37 -39 40 -26 -28 -34 -44 -36 46 -5 -48 -49 -50 -51 -52 60 54 -54 -55 -27 -29 -10 -12 -47 -62
right_child=1 3 19 11 18 -7 7 -9 12 31 59 35 13 15 -16 32 -18 -19 24 20 -22 22 30 29 39 56 41 28 -30 -31 -32 -33 42 -35 44 36 -38 38 -40 -41 -42 -43 43 -45 -46 52 47 48 49 50 51 -53 53 55 -56 -57 -58 -59 -60 -61 61 -63
leaf_value=-0.058535642860502238 0.025041664432296103 -0.12898399830215868 0.012711081630603969 0.035738462002492075 -0.026668221181410587 0.0067308202033485517 -0.0025199636562827071 0.022410405344904613 0.027780584780134527 -0.051033090360959599 -0.090418705345144179 0.028138256593993591 0.045706467632692156 -0.11576916073132562 -0.10633513350741788 -0.11482060910859188 0.0028295147318387268 -0.11549573421417286 -0.00081376262655472726 -0.013439798080978725 0.039863883015469739 -0.034962148491767368 0.0091042670873764803 0.029727466966499163 -0.010130245335600167 -0.040773096614155964 0.044677031399212599 -0.11336778801507182 -0.0034197500369209329 -0.11116231537851057 -0.11026489858741771 0.033797008252853533 0.05241425720824662 0.018983781890914795 0.056335513876505816 -0.10680131763158821 0.014447087329411468 -0.10721331948729539 0.038982882996668605 0.017177949625387833 -0.047452820864621437 0.029340661552408151 0.018418667006041372 -0.11835614119728817 -0.056541539657889585 0.0032831858234808396 0.017322363673735072 -0.11333203114542932 -0.11206576665919465 0.0085650377851094056 -0.11474002023869623 -0.012442604672688066 -0.10392148639221394 0.029070321304618174 0.018502192454310378 -0.043853009708710519 -0.030767955728234445 -0.031943080772121324 0.018408055632113868 -0.022449978858673031 0.028743062638110124 -0.11069786524805465
leaf_weight=100.05443654861301 145.6936835674569 1.5348006850108493 192.24661943526007 102.60219216858968 413.64036391966511 55.655587697401643 689.7614197608782 119.80770210339688 641.01066082145553 5.8923551114276043 6.8348545106127849 228.07876713224687 4.4959008092992034 3.1533037736080578 13.299547838047145 3.9377806680276972 267.46985257184133 3.7544240686111143 182.32066602981649 67.648950026952662 21.285645642317832 101.76332269504201 59.143177746329457 56.242619000840932 81.838617768837139 918.94780103303492 259.45637070247903 4.9190075499936929 122.22041031694971 2.0530223706737152 2.8595147170126429 57.998549167066813 32.387743359431624 5.3448618613183498 8.893549223081207 7.9577902727760401 433.68164352257736 2.2681384561583391 12.239383994601665 20.298270685598254 74.029783921316266 362.61682876292616 18.636196753010157 2.7465135231614104 3.8213666777592143 802.12024684122298 163.46290136594325 5.1051736697554579 3.8952489919029167 138.47067891736515 4.787940065842121 9.1887352131307107 2.8969614864327005 8.7105761594139022 34.420567057561129 42.885932220960967 484.35342877323274 115.86790214618668 782.71903148316778 304.45888918894343 95.500360738253221 5.0667971610091618
leaf_count=64008 1474 83 20887 896 113504 4787 39796 3844 3667 839 1318 3078 41 136 898 145 8012 301 28334 12838 307 31933 3884 3641 17974 435025 597 503 10456 163 259 1017 149 65 342 451 15243 152 172 922 24884 1695 352 121 608 26444 1859 229 197 4262 381 428 343 436 1671 10970 209966 16892 8349 58378 1508 340
internal_value=-0.000242152 0.0115514 -0.0255907 0.0178619 -0.0313262 -0.0371088 -0.00283574 -0.00669721 0.0253552 -0.0093303 -0.0111197 0.0102688 0.0212288 -0.00248422 -0.0679228 0.0151049 0.0106622 -0.00691464 -0.0196505 0.000977702 -0.00627545 -0.0096654 -0.0203627 0.00424428 -0.0115531 -0.0387318 0.0353318 -0.00648347 -0.0171743 0.0247657 0.00359906 0.0259735 0.0216499 -0.0377772 -0.0297665 0.0176363 0.0123852 -0.0274179 0.0161262 -0.0226677 -0.0278566 0.0357372 0.0319091 0.000850554 0.0224112 0.00671655 0.0140478 0.00719818 -0.00305236 0.000548682 0.00342614 -0.0474863 0.0035558 -0.014527 0.00899844 -0.031542 -0.0373198 -0.0352591 0.0226279 -0.0239423 0.00533695 0.0217177
internal_weight=8926.46 6092.07 2834.38 4234.68 2331.14 1559.01 1857.39 1444.23 2131.34 1324.42 1260.53 2103.34 1507.73 84.0018 17.7954 66.2064 413.164 949.238 772.128 503.243 310.996 289.711 163.766 125.945 358.487 1503.36 623.608 945.484 255.722 58.2956 62.0027 63.8909 63.0531 9.28264 133.502 684.226 456.147 22.4653 14.5075 176.167 155.868 622.073 53.7705 21.3827 12.7149 1419.11 427.513 324.911 161.448 156.343 152.447 13.9767 991.601 88.914 37.3175 51.5965 1403.3 120.787 1423.73 311.294 902.687 100.567
internal_count=1202454 229138 973316 85358 899404 713786 143780 134294 16298 130450 128594 69060 13923 1907 939 968 9486 68898 185618 73912 53025 52718 36076 16642 72114 708999 2375 68597 28801 3804 4143 1856 832 210 18345 19096 16018 775 324 43780 42858 2292 622 473 950 49964 8252 7356 5497 5268 5071 809 41712 13420 2014 11406 644991 17395 12016 59696 28292 1848
is_linear=0
shrinkage=0.05


Tree=20
num_leaves=63
num_cat=0
split_feature=2 19 4 10 8 0 16 16 10 16 0 4 16 8 4 19 16 16 17 8 1 4 6 0 16 4 0 16 4 8 19 16 17 17 16 6 5 16 10 7 17 17 19 17 0 16 4 4 16 2 2 0 8 4 2 4 14 14 8 8 10 14
split_gain=826.408 281.41 155.922 125.345 105.396 95.6937 42.033 39.3226 35.5416 35.9217 32.2431 28.4825 24.139 22.7913 22.2202 19.893 18.3625 18.2365 17.5201 17.1875 16.6039 16.5258 16.2978 15.9179 17.7504 16.8502 15.475 15.4473 15.3339 15.1895 14.794 14.5146 14.7504 14.3723 14.0109 25.6917 34.57 23.2345 15.7986 24.8241 17.1813 19.8858 13.7275 13.4891 13.4522 25.6312 18.5531 13.7635 13.45 30.7407 26.2981 25.5985 22.5249 13.9221 14.4678 13.3842 13.291 13.1777 13.1766 13.1677 13.0359 17.7888
threshold=36.500000000000007 4.2452108860015878 3.5000000000000004 60.000000000000007 18.500000000000004 66.500000000000014 53.500000000000007 48.500000000000007 9.5000000000000018 49.500000000000007 1.5000000000000002 17.500000000000004 70.500000000000014 8.5000000000000018 5.5000000000000009 31.480008125305179 84.500000000000014 26.500000000000004 2.5000000000000004 1.5000000000000002 0.0063492704648524531 2.5000000000000004 3.5000000000000004 13.500000000000002 23.500000000000004 6.5000000000000009 15.500000000000002 70.500000000000014 12.500000000000002 6.5000000000000009 11.295234203338625 61.500000000000007 1.5000000000000002 7.5000000000000009 48.500000000000007 1.0000000180025095e-35 0.015749008394777778 60.500000000000007 7.5000000000000009 0.015749008394777778 1.5000000000000002 6.5000000000000009 4.850494623184205 2.5000000000000004 15.500000000000002 53.500000000000007 70.500000000000014 76.500000000000014 38.500000000000007 7.5000000000000009 9.5000000000000018 1.0000000180025095e-35 13.500000000000002 36.500000000000007 14.500000000000002 1.0000000180025095e-35 7.5000000000000009 60.000000000000007 16.500000000000004 14.500000000000002 1.5000000000000002 7.5000000000000009
decision_type=2 2 2 2 2 2 2 2 2 2 2 2 2 2 2 2 2 2 2 2 2 2 2 2 2 2 2 2 2 2 2 2 2 2 2 2 2 2 2 2 2 2 2 2 2 2 2 2 2 2 2 2 2 2 2 2 2 2 2 2 2 2
left_child=2 3 10 14 12 7 11 29 27 15 34 -7 17 20 -2 23 -8 -4 -14 44 -12 -3 33 -10 42 -26 31 57 -16 -5 -27 32 -9 -23 55 -36 -37 38 39 -38 -40 -42 -25 -31 -19 -46 -47 -48 49 58 -51 52 -50 54 -52 -1 -11 -6 -21 -54 61 -20
right_child=1 21 4 5 8 6 16 26 9 56 13 -13 18 -15 28 -17 -18 19 60 48 -22 22 -24 24 25 30 -28 -29 -30 43 -32 -33 -34 -35 35 36 37 -39 40 -41 41 -43 -44 -45 45 46 47 -49 51 50 53 -53 59 -55 -56 -57 -58 -59 -60 -61 -62 -63
leaf_value=0.043514250127859477 0.038762192333938558 0.062325860667931055 0.024076384630318783 0.034884895512742417 0.05167687629280529 -0.0026992030678848269 -0.025276860924723379 -0.094339079667261294 -0.0021719196418830068 0.025281555503097831 -0.14202348472115631 -0.043494391932242679 0.053055869938012784 0.011090497263905664 -0.07301381882060809 0.053118217172996945 0.026066501035640639 0.030187876953610644 0.019903058594197883 0.007607241046686395 0.027900379709341734 0.042373015767562139 0.0083599178215122052 -0.00055351791820913005 -0.076834043811292205 -0.020834952333039652 -0.010899470906459629 -0.11610588901666402 -0.0039929796831142065 -0.039649082748013903 0.025031655821162777 0.024540027715105748 -0.001707274878642268 -0.061689300516823142 0.051916359907653142 -0.11936410706326384 0.03353974189789917 0.037917551967968893 0.03928229837807487 -0.12111840207756396 -0.12489778519144112 -0.013356210793254495 -0.095549577545197231 -0.02187642538374503 0.0177421340157984 -0.11540366338246628 0.064262537506263748 -0.11305220157797582 -0.11966624668142326 -0.10752195216387823 -0.045074887823063452 0.013079058362075813 0.056546165313485913 -0.073094254959819124 0.0040115023091796447 0.028613770548209606 0.0034527458958822873 0.015495093286082846 0.058489695038643666 -0.13295361963596616 0.026961780832758953 -0.11369176578411518
leaf_weight=330.64583904808387 30.607858011731878 16.1102996901609 370.25615802255925 10.248085429891942 29.706336798612028 44.537321360548958 372.91450794588309 4.9495229809544972 443.5992945440812 78.31080406694673 1.4423909178003658 1088.0039525607135 72.60531550925225 428.13130064844154 8.1785871009342355 12.884947706479577 18.267255929298699 175.1832356560044 6.4102035881951451 106.15737861196976 433.91798256337643 55.038705298909917 551.88646242988762 196.4021948853042 12.875352127943186 381.41957651369739 293.79570513428189 2.0755246402695766 500.07144729152787 144.8665445210645 18.430085632484406 70.785047203768045 32.626964515773579 3.5308825303800395 40.808975061401725 5.3254576809704295 20.7721500126645 43.251999585423619 4.6231326358392861 2.9649256607517591 8.1423806427046639 7.8465070906095198 3.8780516739934674 405.89022215583827 62.062194334343076 6.916020558215676 3.572616646066308 1.5777118215337393 6.9030398912727833 8.6304787374101561 20.407488047145307 571.72992940270342 4.3038131715729833 9.5063850483857077 56.771901491563767 276.92780119762756 636.61196799133904 164.61836860666517 14.456169785000382 1.1648214431479553 87.612019268795848 4.0762960491701943
leaf_count=1063 585 164 4519 354 215 16916 134564 1002 16131 1343 56 538497 365 8840 757 65 2004 1127 53 1246 2443 754 32582 27599 1444 59498 53517 121 66786 39605 415 3663 4547 172 86 137 89 294 28 47 226 106 414 116108 750 251 7 76 160 367 688 10037 12 727 1430 1597 40642 3250 93 37 1113 118
internal_value=5.26008e-05 -0.0181587 0.0129031 -0.0244744 0.0070856 -0.0292115 -0.0370095 -0.0168752 -0.000611001 -0.00283298 0.0258487 -0.0418901 0.0166721 0.019282 -0.002612 -0.00863317 -0.0228792 0.014536 0.0344366 0.0111697 0.0273374 0.0123405 0.0110214 -0.00938621 -0.0146068 -0.0205337 -0.00494281 0.019577 -0.00510364 -0.0254289 -0.0187208 0.0112072 -0.0139086 0.0360996 0.0334977 0.0188463 0.00432351 0.0118427 -0.013587 0.0142219 -0.0456121 -0.070159 -0.00239294 -0.0265512 0.0226328 0.00477823 -0.0619005 0.00994531 0.00759754 -0.00306512 -0.0242871 0.0115393 -0.0596171 -0.0160002 -0.00896774 0.0367227 0.00584382 0.0210262 0.0137058 0.0161826 0.0206559 -0.0320277
internal_weight=8828.23 3652.31 5175.92 3025.74 3571.12 2486.89 1523.72 963.162 1980.81 1784.41 1604.8 1132.54 1590.3 863.492 538.858 1069.49 391.182 1419.6 170.704 1049.34 435.36 626.566 610.456 1056.6 613.005 412.725 402.157 196.4 508.25 561.005 399.85 108.362 37.5765 58.5696 741.309 133.736 92.9266 87.6011 44.3491 23.7371 20.612 15.9889 200.28 550.757 249.312 74.1285 12.0663 5.15033 800.031 215.93 95.3163 584.102 12.3717 86.6858 77.1794 607.574 714.923 194.325 120.614 5.46863 98.0985 10.4865
internal_count=1201902 1012577 189325 978905 174313 910777 691981 218796 151137 147551 15012 555413 23176 11339 68128 105566 136568 21527 1649 17008 2499 33672 33508 105501 89370 61357 62729 3586 67543 156067 59913 9212 5549 926 3673 1013 927 790 496 136 360 332 28013 155713 2211 1084 334 83 14797 4551 3212 10246 209 2845 2118 2660 41985 3465 1339 49 1284 171
is_linear=0
shrinkage=0.05


Tree=21
num_leaves=63
num_cat=0
split_feature=21 4 16 21 21 16 19 12 19 14 16 1 16 4 2 12 6 2 8 16 21 21 7 8 19 16 8 1 19 12 1 2 1 8 16 2 16 2 14 15 1 1 16 4 1 16 2 9 16 10 10 19 4 20 9 10 12 12 4 7 8 2
split_gain=994.156 166.5 157.871 93.1994 61.3603 49.9126 48.3685 46.0929 33.8105 37.0294 31.5203 29.759 34.7536 29.5802 27.4618 26.1979 32.8469 24.8214 20.8929 19.4958 21.4381 22.1572 21.0806 17.4814 16.8609 22.0584 16.773 16.6499 16.1999 23.6897 21.3671 25.5567 31.1127 20.8819 19.6652 15.3287 15.2965 14.904 14.3519 13.4486 13.1718 20.7073 22.189 19.9824 13.1303 13.106 18.5392 19.5262 18.0032 16.1356 15.4511 24.7003 14.8559 15.532 14.7845 18.8405 14.7636 24.9254 18.9026 18.3302 18.5904 13.8281
threshold=2.5000000000000004 3.5000000000000004 66.500000000000014 5.5000000000000009 1.5000000000000002 53.500000000000007 8.5026760101318377 3.5000000000000004 19.385061264038089 1.5000000000000002 79.500000000000014 0.016261236742138866 60.500000000000007 6.5000000000000009 26.500000000000004 18.500000000000004 60.000000000000007 1.0000000180025095e-35 5.5000000000000009 50.500000000000007 5.5000000000000009 3.5000000000000004 0.015038444194942715 1.0000000180025095e-35 4.2452108860015878 80.500000000000014 11.500000000000002 0.011050061322748663 5.3830134868621835 8.5000000000000018 0.009756329935044052 25.500000000000004 0.0071175277698785075 2.5000000000000004 64.500000000000014 1.5000000000000002 1.0000000180025095e-35 1.0000000180025095e-35 5.5000000000000009 0.013606071937829258 0.013793759513646366 0.015268065501004459 59.500000000000007 7.5000000000000009 0.0079682543873786944 29.500000000000004 17.500000000000004 1.0000000180025095e-35 40.500000000000007 7.5000000000000009 3.5000000000000004 10.991758823394777 18.500000000000004 1.0000000180025095e-35 1.0000000180025095e-35 15.500000000000002 11.500000000000002 6.5000000000000009 29.500000000000004 0.012739370577037336 8.5000000000000018 1.5000000000000002
decision_type=2 2 2 2 2 2 2 2 2 2 2 2 2 2 2 2 2 2 2 2 2 2 2 2 2 2 2 2 2 2 2 2 2 2 2 2 2 2 2 2 2 2 2 2 2 2 2 2 2 2 2 2 2 2 2 2 2 2 2 2 2 2
left_child=2 7 4 5 6 8 27 35 9 -3 11 12 19 17 -6 16 -15 36 -5 23 21 -21 -22 -9 25 -4 -16 -1 30 33 31 32 34 38 -7 -2 -11 -32 -30 -8 43 42 -42 -31 -19 46 -20 -48 50 61 51 -47 53 -49 55 -52 57 -51 59 -59 -61 -50
right_child=1 3 24 18 14 28 39 10 -10 13 -12 -13 -14 15 26 -17 -18 44 45 20 22 -23 -24 -25 -26 -27 -28 -29 29 40 37 -33 -34 -35 -36 -37 -38 -39 -40 -41 41 -43 -44 -45 -46 48 47 52 49 56 54 -53 -54 -55 -56 -57 -58 58 -60 60 -62 -63
leaf_value=-0.039582134627715745 0.040610059391386559 -0.11246303040690531 -0.01366358998363229 0.020991025465059029 -0.0020220937948008436 -0.099517423062418772 -0.084048168845854823 -0.12328436530555353 0.032221134016851387 0.024375923978690015 -0.11609456315316738 0.032776432652132592 0.037107682030509535 -0.0095526732949323245 0.017426764032221355 -0.011548978605254799 0.018958355541470469 -0.092772897104927976 0.027132971050902906 -0.022301361704347447 0.023856051195873584 -0.11778466570018241 -0.110901586817564 0.011588445155545198 0.013451506300254336 0.015532519184854319 -0.026085594869808479 -0.015944879278593293 -0.11776486006355169 -0.099480606152350798 0.045131851209823375 -0.00032947248453623853 -0.094425876771445802 -0.10614894769969481 0.029711450752398946 0.025382905594459611 -0.12371047161159006 0.0086260303310605174 0.033297464467735148 0.014204983164111187 0.0052509145588258456 0.02477649579348869 -0.10817120859086554 0.026525401131915202 0.017812309671391795 -0.089878694841215315 -0.10135243146551286 -0.1014969256492428 -0.029444267356009791 0.012343767546411939 -0.10614044035914205 0.046181827037257261 0.017904374435250503 0.072035198844020792 0.0026513921630337491 0.025782641723853757 0.012452959917620333 -0.1091274853822984 -0.099525119180355934 -0.10310254771106137 0.0043872401965279481 0.024002913299594829
leaf_weight=1350.1068371881265 429.22888237889856 8.0675244871526939 246.60308399633504 878.91465244488791 182.07408240821678 3.7998594911769059 3.7178172771818927 2.4142547976225606 61.218759901123121 2.614558811299502 4.374562974786385 261.22632065741345 121.93209196487442 224.15304146090057 23.081508804578334 1093.7031930324156 183.89889188087545 2.7220344161614767 177.99290114257019 21.725072487257425 28.216744468547407 8.4346320675685984 3.2348310472443691 494.48342572641559 166.98055238998495 87.701682026963681 547.36868978384882 78.851226071477868 1.9223539377562691 3.1809980841353527 30.155847785063088 155.15392787766177 17.60238035954535 6.8824605129193506 13.068316003307698 268.76304066902958 5.2361390832811594 383.75736756774131 8.6345295216888207 55.085606945445761 9.4357401137240249 24.501629202160984 7.9409926375374189 288.78021160583012 193.25142157403752 13.00679424358532 5.0841141433920702 5.5909856678917995 12.925428098533301 48.491651068907231 7.3072260809130967 4.4861124809831372 31.202083409298211 1.6760009163990615 90.819173738127574 4.2983939480036479 127.22520941460971 5.3309049746021619 9.9651320441625995 4.627768498845394 30.7538633979857 189.93246481311508
leaf_count=679177 1139 801 55915 9807 22785 613 1008 61 806 25 190 1516 1448 24667 3280 103907 4993 506 1959 977 269 391 74 8592 9833 7903 159344 29629 105 234 266 18636 1960 698 402 1590 185 15271 277 3786 251 413 447 6744 5360 542 380 386 179 874 508 41 967 11 2312 97 2784 198 666 200 566 2951
internal_value=7.16501e-05 0.0114323 -0.0248882 0.00633889 -0.0305638 0.000668524 -0.036449 0.025 -0.0042905 -0.00559485 0.0178088 0.0184309 0.0129235 -0.00508936 -0.0189288 -0.0075152 0.00329654 0.012784 0.0157218 0.0076437 -0.0188858 -0.0490048 0.00999607 0.0109331 0.000476544 -0.00600427 -0.024325 -0.0382778 0.00988663 0.0184234 0.00491797 -0.0089815 -0.0479248 -0.038387 0.000600326 0.0347468 -0.0743925 0.0112857 0.0057898 0.00799298 0.0213911 -0.00483247 -0.0465819 0.0251525 0.0162763 0.00971277 0.0199783 -0.00926156 0.00557147 0.0103564 -0.0115565 -0.0549855 0.00290927 -0.0614748 -0.00413934 -0.0572799 0.00118007 -0.013282 -0.0378024 -0.0226947 -0.00967197 0.0205974
internal_weight=8764.92 6023.35 2741.57 4379.31 2240.29 2729.68 1487.76 1644.03 1774.87 1713.65 946.042 941.667 680.441 1705.58 752.524 1501.76 408.052 203.824 1649.63 558.509 61.6113 30.1597 31.4516 496.898 501.285 334.305 570.45 1428.96 954.817 351.279 603.538 189.624 34.4706 17.4393 16.8682 697.992 7.8507 413.913 10.5569 58.8034 333.84 41.8784 17.3767 291.961 195.973 770.716 221.546 43.5532 549.17 429.252 119.918 17.4929 38.4691 7.26699 102.425 11.6056 226.395 99.1693 50.6777 40.7125 35.3816 202.858
internal_count=1201902 229242 972660 212995 899009 187567 713600 16247 141250 140444 13518 13328 11812 139643 185409 133567 29660 6076 25428 10364 1711 1368 343 8653 73651 63818 162624 708806 46317 9169 37148 21611 2975 1080 1015 2729 210 15537 382 4794 8089 1111 698 6978 5866 15621 3703 1744 11918 8418 3500 583 1364 397 2917 605 5288 2504 1630 964 766 3130
is_linear=0
shrinkage=0.05


Tree=22
num_leaves=63
num_cat=0
split_feature=21 4 12 15 21 12 15 0 2 17 6 0 0 6 21 6 2 2 10 0 17 17 15 2 6 21 17 2 15 8 2 8 2 0 17 3 4 12 15 2 4 4 2 2 20 17 20 2 12 17 2 15 12 8 12 6 3 2 0 10 5 5
split_gain=933.822 162.06 77.5696 70.4079 69.0204 43.3536 31.3529 29.4577 28.7998 27.5959 20.4627 24.3576 19.923 19.7506 19.5788 19.3933 16.9067 16.379 16.1716 15.9386 15.0813 14.9151 18.9084 14.801 14.4579 16.4989 14.3234 14.1682 16.6239 24.685 15.977 14.3435 14.038 15.4136 13.7007 13.0407 12.1673 14.5664 11.9017 32.3105 11.5853 11.2147 10.9262 10.8379 23.3456 22.1415 15.7068 12.1994 17.3219 12.7452 16.8594 11.3414 10.5698 13.473 16.4668 12.7313 10.4486 10.2994 10.1864 16.8071 14.2795 12.7951
threshold=2.5000000000000004 7.5000000000000009 2.5000000000000004 0.012739370577037336 1.5000000000000002 11.500000000000002 0.013793759513646366 1.5000000000000002 20.500000000000004 1.5000000000000002 15.500000000000002 47.500000000000007 9.5000000000000018 15.500000000000002 3.5000000000000004 6.5000000000000009 1.5000000000000002 44.500000000000007 7.5000000000000009 29.500000000000004 2.5000000000000004 2.5000000000000004 0.016261236742138866 23.500000000000004 1.5000000000000002 5.5000000000000009 3.5000000000000004 35.500000000000007 0.012739370577037336 12.500000000000002 69.500000000000014 14.500000000000002 54.500000000000007 9.5000000000000018 7.5000000000000009 0.016001024283468727 23.500000000000004 10.500000000000002 0.015504807699471714 1.5000000000000002 6.5000000000000009 1.0000000180025095e-35 98.500000000000014 1.5000000000000002 1.0000000180025095e-35 7.5000000000000009 1.0000000180025095e-35 5.5000000000000009 4.5000000000000009 2.5000000000000004 14.500000000000002 1.0000000180025095e-35 2.5000000000000004 4.5000000000000009 6.5000000000000009 8.5000000000000018 0.010050504934042694 11.500000000000002 59.500000000000007 7.5000000000000009 0.0077822189778089532 0.0068260179832577714
decision_type=2 2 2 2 2 2 2 2 2 2 2 2 2 2 2 2 2 2 2 2 2 2 2 2 2 2 2 2 2 2 2 2 2 2 2 2 2 2 2 2 2 2 2 2 2 2 2 2 2 2 2 2 2 2 2 2 2 2 2 2 2 2
left_child=4 2 16 5 6 10 9 17 15 32 11 -3 23 -6 42 26 -2 41 36 -11 -8 22 -5 -10 25 -16 -7 -15 29 -29 -30 34 -1 -34 -32 -28 37 -13 39 -23 -27 -4 -9 44 -43 46 47 48 -45 50 -49 -50 -20 54 -54 -55 -57 -38 -14 60 61 -60
right_child=1 3 7 21 13 8 20 14 12 19 -12 18 58 27 24 -17 -18 -19 52 -21 -22 38 -24 -25 -26 40 35 28 30 -31 31 -33 33 -35 -36 -37 57 -39 -40 -41 -42 43 -44 45 -46 -47 -48 49 51 -51 -52 -53 53 55 -56 56 -58 -59 59 -61 -62 -63
leaf_value=0.0053810610308701948 0.040458409238244064 0.011717434148122666 0.03444710635211598 0.035519812514439787 -0.062109682901659247 0.053523603947410049 -0.048280020010627811 -0.0013981858216973928 -0.049250202661444129 -0.012982083189575878 0.023573361777952453 -0.11740089074920777 -0.0095604242420422765 -0.0028461258411256636 0.044704120482411826 0.00092517538733064085 0.025952041016857413 -0.1139275877657297 -0.095526114290528708 -0.03659776709872721 -0.0032280703748687762 -0.10977314993720183 -0.10205964368894418 0.013465382579231459 0.015472005983226589 -0.11810624526343644 -0.11328872623455849 0.025263698496308901 -0.1059798444630194 -0.021765481835466321 -0.11124385369668358 0.017507196629602133 0.0315891725930856 -0.026634141344774612 0.042276094532885888 0.052329037535241311 0.034842162553797656 0.074846919773833648 0.021918792336236892 0.010456472348962721 0.016130433646600308 0.030778301833078725 0.056775944872661299 -0.12227763368800459 -0.10850473424744644 -0.073816050185289347 0.056936575510862897 -0.11403388266651884 0.0018238802843475504 0.031177562424682906 0.019930291364747332 -0.11725016660326702 0.038354823960140783 -0.082158072590360398 -0.093037864124411729 -0.0035856630491009466 -0.10404785588027057 -0.0025951413211201565 0.00062916860004100716 -0.027220121024336786 -0.094332231773462838 0.073815782487105991
leaf_weight=53.100672115338966 435.62684139143676 500.24013516353443 199.74947057617828 123.72715522814542 20.34826668119058 28.284942620433867 21.413041025400162 327.01102798152715 10.251149938674642 75.765766874887049 194.24873057065997 4.3043721541762352 563.60334434942342 276.52662851091009 3.8714414499700061 829.82286630070303 372.69320117426105 2.1240881709381929 5.7526413267478338 1253.6655618879013 140.20164893893525 5.6614907514303914 2.5488413283601394 114.32923042448238 733.72365184361115 5.8079675929620844 2.6774121208582065 29.432655949727632 3.0713663052301845 536.60151164990384 4.3646923224441698 65.562402106821537 12.047124940901993 201.38620228122454 2.1787447668612003 2.1374425534158945 20.635301109869033 1.2778048682957877 293.43549980199896 430.84748611948453 2.2223542332649231 159.75668854825199 8.2756765177473408 3.228694859892129 3.0662263873964539 7.5743753449060014 18.45249745156616 3.7422158895060402 50.053149743704125 56.209735429380089 6.3064016001299024 2.0829590810462824 12.905396583024411 12.371464783558617 2.925003493204712 17.853001231560491 3.027004169765859 167.45001632429194 19.26703512179666 202.39542641979642 2.8417691187933078 8.6545673548243922
leaf_count=13846 1160 8759 1046 1556 11752 213 13339 13080 688 25876 4372 476 59191 35524 41 35539 2227 174 1229 603570 29542 195 185 6060 10026 152 156 3037 401 148129 594 2911 1496 82591 52 21 242 14 4611 9722 19 861 212 74 39 231 66 131 626 679 92 51 618 3518 566 3639 321 12758 2524 40482 455 145
internal_value=9.79114e-05 0.0111037 0.021154 0.00436825 -0.0243378 0.00044127 -0.0301829 0.0147535 -0.00414167 -0.032308 0.0091128 0.00536125 -0.0102893 -0.0133866 0.0100728 0.0024222 0.0337699 0.0246285 -0.0074339 -0.0352519 -0.0091972 0.0168766 0.0327428 0.0083048 0.0145853 -0.0400815 0.0399532 -0.0123063 -0.0163861 -0.0193201 0.00570485 0.0104621 -0.0176242 -0.0233478 -0.0601269 -0.0397666 -0.000646858 -0.0733938 0.0141318 0.0088971 -0.0809569 0.0252054 3.76906e-05 0.0192595 0.0281554 0.00944944 0.0139519 0.00743031 -0.00989317 0.0219056 -0.0299594 -0.00293341 -0.0314047 -0.0238894 0.0140772 -0.0419646 -0.0181498 0.0015122 -0.0131967 -0.0219864 0.0124465 0.0233141
internal_weight=8680.72 5985.06 2401.58 3583.48 2695.67 2727.26 1757.58 1593.26 1784.27 1595.97 942.991 748.742 921.343 938.086 1080.91 862.923 808.32 512.347 248.502 1329.43 161.615 856.22 126.276 124.58 745.625 11.9018 33.0998 917.738 641.211 566.034 75.1772 72.1058 266.534 213.433 6.54344 4.81485 193.667 5.58218 729.944 436.509 8.03032 510.222 335.287 310.473 162.823 147.65 140.076 121.623 55.3648 66.2584 10.0486 52.1361 54.8345 49.0819 15.8304 33.2515 20.88 188.085 796.762 233.159 30.7634 27.9216
internal_count=1201902 229242 30987 198255 972660 181986 770260 27600 145474 727379 36512 32140 109545 202400 23530 35929 3387 4070 23381 629446 42881 16269 1741 6748 10238 212 390 190648 155124 151166 3958 3557 97933 84087 646 177 13490 490 14528 9917 171 3896 13292 2850 900 1950 1719 1653 751 902 223 677 9891 8662 1184 7478 3960 13000 102797 43606 3124 2669
is_linear=0
shrinkage=0.05


Tree=23
num_leaves=63
num_cat=0
split_feature=21 4 16 12 19 21 12 16 0 16 19 17 19 19 7 0 2 16 0 15 2 19 16 7 16 16 16 17 4 15 16 16 0 15 2 0 19 16 17 2 3 2 7 4 7 16 2 17 4 2 16 16 8 19 1 10 16 12 11 15 2 10
split_gain=873.256 156.32 147.96 72.559 60.1606 50.7347 43.117 56.6337 30.6566 27.1712 25.475 27.4909 24.5908 21.2867 19.9028 21.0091 19.4657 19.3182 20.6735 19.2891 17.6373 17.5283 15.2629 15.156 14.4003 14.1777 14.9406 13.6967 17.1767 13.4696 13.0524 13.0018 12.9631 13.6241 12.9632 18.273 12.8316 15.1194 12.3364 19.3133 12.2295 12.2049 12.0814 16.0517 15.6898 12.7477 11.9782 11.9705 14.1401 11.7071 13.6933 11.585 11.5847 11.5804 14.0109 11.1937 12.6648 12.01 11.1726 11.0267 10.9511 11.5234
threshold=2.5000000000000004 7.5000000000000009 61.500000000000007 2.5000000000000004 13.735037326812746 1.5000000000000002 17.500000000000004 53.500000000000007 1.5000000000000002 80.500000000000014 10.594813346862795 5.5000000000000009 8.5652632713317889 13.197630882263185 1.0000000180025095e-35 87.500000000000014 26.500000000000004 79.500000000000014 15.500000000000002 0.015504807699471714 1.5000000000000002 5.9585900306701669 74.500000000000014 0.012579114176332952 59.500000000000007 47.500000000000007 53.500000000000007 3.5000000000000004 84.500000000000014 1.0000000180025095e-35 75.500000000000014 67.500000000000014 17.500000000000004 0.014599318150430919 24.500000000000004 96.500000000000014 6.3691070079803476 75.500000000000014 1.5000000000000002 77.500000000000014 0.010695492848753931 98.500000000000014 0.015268065501004459 50.500000000000007 0.015038444194942715 66.500000000000014 4.5000000000000009 3.5000000000000004 3.5000000000000004 69.500000000000014 51.500000000000007 76.500000000000014 17.500000000000004 23.900530815124515 0.016261236742138866 16.500000000000004 77.500000000000014 60.000000000000007 0.015504807699471714 0.015504807699471714 89.500000000000014 1.0000000180025095e-35
decision_type=2 2 2 2 2 2 2 2 2 2 2 2 2 2 2 2 2 2 2 2 2 2 2 2 2 2 2 2 2 2 2 2 2 2 2 2 2 2 2 2 2 2 2 2 2 2 2 2 2 2 2 2 2 2 2 2 2 2 2 2 2 2
left_child=2 3 5 20 6 12 9 19 25 14 11 17 29 22 -3 23 -7 18 51 32 53 46 -10 -16 -14 40 -27 -19 -29 38 -28 42 33 -8 -34 -36 -23 -38 39 -1 -5 -37 44 -44 49 60 -20 -40 -49 50 58 -4 -18 -2 -55 56 -9 -57 -17 -11 -45 -62
right_child=1 4 10 8 -6 16 7 55 13 59 -12 -13 24 -15 15 31 52 27 21 -21 -22 36 -24 -25 -26 26 30 28 -30 -31 -32 -33 34 -35 35 41 37 -39 47 -41 -42 -43 43 45 -46 -47 -48 48 -50 -51 -52 -53 -54 54 -56 57 -58 -59 -60 -61 61 -63
leaf_value=0.00029613759430663144 0.040735754186044082 0.017660552638575737 0.031754978909714064 -0.10802484637720278 0.020819245650943299 -0.004743976379449925 -0.0029340025406193078 0.029275801643405281 0.0058051001728695343 0.050408942559147463 0.025185342668900615 -0.025602653923607901 0.0078465475174586338 0.029751297311624743 -0.066564219336108038 0.028654675226151134 0.005634040932248471 0.025621381266445472 0.040034053200630568 -0.076757337212737031 0.024924235892526375 0.067108734899858649 0.03578769356072916 0.0081461386598463328 -0.10465408035550006 -0.027061201603394591 0.021447459335668339 0.04987680998644603 -0.045941901568931298 -0.057311505942446356 -0.11979260032159596 -0.053685237422771259 -0.0055325219023297928 -0.11093512554900152 -0.024110600887431877 0.030607846952699958 0.014002200428483332 -0.10095868005536329 -0.045533222637480886 -0.03515212287047758 0.029190129579606386 -0.033216525418339117 -0.085907332363404476 0.027036296393284993 -0.091333914242652456 0.06786337867279367 -0.019400377530729405 0.081189694315798533 -0.034681726271956904 -0.025799251447382848 -0.099905201859631712 -0.11319907194435515 -0.026147039560670229 -0.107170639848018 0.05472423931910967 -0.054187989889135826 -0.11048084836101424 0.006733808052739299 -0.11589066039781758 -0.11098844041795851 0.01582590481059714 -0.02078369005378175
leaf_weight=56.253639944596216 423.62090573366731 321.88959071482532 39.168365455232561 1.630321200005709 467.51102271885611 170.94105109211523 455.0082579938462 74.818753923056647 915.03613918973133 43.467377461725846 72.036789128091186 140.05250263866037 41.913065317552537 117.40222804807127 6.8482554480433455 26.958716917783029 30.500651217531413 94.303119315765798 8.8193786409683508 10.928667156025766 371.16954175382853 10.131950440350918 44.510927271330729 776.04002516600303 3.0515755065716794 23.642999166622758 75.322614355944097 6.6250001869630077 15.907547771465033 79.713162168045528 1.6720464699901629 15.317467799526638 235.38375770568382 2.9389132345095268 340.89848169393372 26.826266312738881 28.500253668986264 3.1790927108377209 360.43639337935019 121.23275797325186 408.9892749695573 10.391967585310338 4.8342611500993362 34.063372386852279 7.0032811027485868 8.0409666730556619 218.52886253106408 2.6434121229685834 663.63301155506633 65.436359290382825 2.5303290421143165 1.4286739584058512 478.78184239636175 2.919324110262095 2.4647050648927689 8.2155345780774933 1.6569341714493919 528.56130129983649 1.4066166779957701 1.0846690079197276 35.631158402655274 54.177312023704872
leaf_count=19654 1118 7578 1870 186 6228 21560 22547 2596 21844 693 2165 40004 3678 1130 364 1097 5274 5636 366 992 2227 351 556 16503 316 417 735 459 2769 58900 88 3077 18949 206 56323 2710 2443 537 163323 60959 2644 3034 617 753 1768 81 61735 923 370871 15591 394 162 148705 36 6 785 223 27239 97 40 1217 6553
internal_value=0.000106274 0.0107268 -0.0237848 0.020627 0.00409943 -0.0304489 0.0015782 -0.00378865 0.0144411 0.00805645 -0.00282145 -0.00638191 -0.0361336 0.00965476 0.00679792 0.00343029 -0.0193434 -7.16427e-05 -0.00660631 -0.0106668 0.0329049 -0.0116229 0.00719592 0.00749262 0.000211567 0.0245233 0.00770459 0.0172532 -0.0177694 -0.0374064 0.0183802 -0.00902215 -0.00999269 -0.00362711 -0.0147443 -0.0204788 0.0181303 0.00246562 -0.0360888 -0.0239169 0.0286453 0.012787 -0.0061726 0.0035776 -0.0190754 0.00685699 -0.0170948 -0.0381929 -0.034222 -0.0138222 0.0115449 0.0266538 -0.0242437 0.0398096 -0.0330583 0.00835115 0.0262478 0.00580138 0.0214868 0.0464795 0.00289685 -0.00625898
internal_weight=8604.03 5956.25 2647.78 2388.38 3567.87 2009.1 3100.36 1695.63 1588.21 1404.73 638.682 566.645 1328.88 1076.95 1360.18 1038.29 680.224 426.592 309.757 1082.38 800.174 269.16 959.547 782.888 44.9646 511.257 100.638 116.836 22.5325 1283.91 76.9947 255.4 1071.45 457.947 613.5 378.117 41.8113 31.6793 1204.2 177.486 410.62 37.2182 240.082 136.747 103.335 131.913 227.348 1026.71 666.276 96.332 30.8957 40.597 509.282 429.005 5.38403 613.253 76.4757 536.777 28.3653 44.552 123.872 89.8085
internal_count=1201902 229242 972660 30987 198255 854163 192027 135604 27600 56423 118497 116332 678624 23530 55690 48112 175539 76328 67464 104761 3387 65432 22400 16867 3994 4070 1240 8864 3228 674630 823 31245 103769 22753 81016 62067 3331 2980 615730 80613 2830 5744 28168 9221 18947 8604 62101 535117 371794 17179 1588 2032 153979 1160 42 30843 2819 28024 1194 733 8523 7770
is_linear=0
shrinkage=0.05


Tree=24
num_leaves=63
num_cat=0
split_feature=21 2 19 21 2 0 0 19 19 8 19 21 14 8 2 6 4 2 17 4 13 8 4 0 4 13 10 6 6 8 10 2 10 1 7 6 19 13 4 2 10 6 8 7 17 15 0 2 0 10 0 6 0 2 2 17 0 4 13 4 4 0
split_gain=806.75 148.837 125.42 85.0474 56.4389 35.7377 33.7996 34.6268 33.5462 31.853 26.9099 21.943 18.4709 15.3664 17.4097 16.7967 14.7608 14.2282 13.6899 12.3784 12.2973 17.8795 11.8438 11.3021 10.6423 12.976 25.3152 21.9006 13.0023 11.3536 15.0678 11.3448 11.8392 18.5954 14.6165 10.3652 17.3353 20.0376 26.3357 18.3076 15.3672 14.6315 16.8197 14.0927 12.456 14.9254 11.7539 10.3555 11.7441 18.1826 13.3783 11.781 10.1081 10.0788 14.2012 11.9297 11.3102 10.5122 14.964 17.7124 9.77343 16.6999
threshold=2.5000000000000004 2.5000000000000004 4.2452108860015878 3.5000000000000004 35.500000000000007 66.500000000000014 1.5000000000000002 30.30601787567139 33.991844177246101 6.5000000000000009 7.814871311187745 6.5000000000000009 60.000000000000007 8.5000000000000018 27.500000000000004 17.500000000000004 10.500000000000002 11.500000000000002 1.5000000000000002 14.500000000000002 0.016261236742138866 8.5000000000000018 4.5000000000000009 15.500000000000002 14.500000000000002 0.016261236742138866 1.0000000180025095e-35 60.000000000000007 1.0000000180025095e-35 3.5000000000000004 60.000000000000007 30.500000000000004 7.5000000000000009 0.0074907417874783286 0.012903762981295587 60.000000000000007 6.8398654460906991 0.014389234129339458 11.500000000000002 10.500000000000002 8.5000000000000018 10.500000000000002 18.500000000000004 0.016261236742138866 5.5000000000000009 0.012739370577037336 1.5000000000000002 97.500000000000014 40.500000000000007 15.500000000000002 24.500000000000004 5.5000000000000009 14.500000000000002 5.5000000000000009 6.5000000000000009 6.5000000000000009 1.5000000000000002 50.500000000000007 0.015749008394777778 7.5000000000000009 28.500000000000004 1.5000000000000002
decision_type=2 2 2 2 2 2 2 2 2 2 2 2 2 2 2 2 2 2 2 2 2 2 2 2 2 2 2 2 2 2 2 2 2 2 2 2 2 2 2 2 2 2 2 2 2 2 2 2 2 2 2 2 2 2 2 2 2 2 2 2 2 2
left_child=2 6 4 10 -1 23 16 9 11 -8 13 22 -7 15 -15 -3 -2 -4 -14 -20 -11 -22 -5 -6 -13 26 27 -26 -28 -27 -31 -30 33 -33 -34 36 37 38 43 41 -37 -40 -43 -24 45 -44 -41 48 49 -48 -51 -50 -16 55 -55 56 -39 58 -56 -60 61 -36
right_child=1 3 17 8 5 12 7 -9 -10 20 -12 24 18 14 52 -17 -18 -19 19 -21 21 -23 35 -25 25 29 28 -29 31 30 -32 32 34 -35 60 40 -38 53 39 46 -42 42 44 -45 -46 -47 47 -49 51 50 -52 -53 -54 54 57 -57 -58 -59 59 -61 -62 -63
leaf_value=-0.0091622197664264684 0.033848639978703209 -0.047952711249481667 -0.10963577826321685 0.016043926227958877 -0.0044751523472220771 -0.057625364675020753 0.029010173613465723 -0.10602014243011806 0.038289522611930915 0.0097881358577920994 0.01850965985188963 0.018671847161061794 -0.020904681160107449 -0.0017334599212451959 -0.00043800726287199459 0.046257420420802664 -0.0028849288574710474 0.0094728766199482159 -0.0030265753567839653 -0.036239423763011334 0.044363651832746764 -0.14519966177104399 -0.090420292061830929 -0.023027495604730868 -0.11532421492400223 0.03153900191017061 -0.1079458430040115 0.061826089568231768 0.00083262561269927958 -0.10963141899107987 0.08691382929200403 -0.10567861400690576 -0.094861204577952149 0.033366349266988747 0.075305721867274342 0.023524101148282711 0.020108490980056772 -0.12263350703263941 0.047223839552526098 0.057816267159599671 0.0047858535091475397 -0.11668209691379013 -0.1068724970616179 0.070896664236166418 0.052951693432163251 0.0878826563656009 -0.085443006841990771 -0.046629999357822367 -0.10125585731312203 0.0065637958383566175 -0.083066091765134131 0.0085841180203952532 -0.016555884629550145 -0.11608495446326184 -0.0041695200780241977 -0.1190753950207597 0.03705527759582132 0.0060472321088940323 0.013730840953725152 -0.10856325663502953 0.019537856247943412 -0.099566455336660503
leaf_weight=374.3296973684337 649.17990091070533 5.8028161963447955 2.5300140422768882 248.1344961237628 99.896939887665212 82.553278467035852 358.8453606814146 5.6688917977735391 106.86734707187861 427.6575594630558 124.75923703983426 729.66763228003401 191.85820198431611 802.16907504189294 123.71432206290774 25.61863145721145 28.550685359165072 279.06721918308176 28.804566195933148 1076.3334093847079 2.0998736117035151 3.0515489764511576 15.824274444486946 460.60374112252612 7.5546256222296506 76.131109077949077 2.4440318867564192 2.2685639932751638 217.80099530494772 3.1840204419568181 1.4056218862533558 2.4726517694070926 3.9345648251473895 87.315323553048074 1.9342506155371655 130.196188489208 82.587928949389607 1.14370872452855 20.632722983602434 4.5843866621144107 685.50569886551239 3.3325760164298091 3.4519199645146728 1.4805249860510237 7.0250693215057254 1.3758646249771116 12.132814778713508 35.03572062542662 2.5842536636628202 20.845581384608526 5.2022708752192548 44.095729708438739 455.1298696778249 2.6246813400648525 42.705652270000428 1.3505121241323639 36.345736889634281 204.54601106431801 4.5711120078340164 8.4045153507031483 28.33753806585446 4.6410556598566473
leaf_count=75398 2729 2245 222 3913 22454 63558 1799 103 558 7150 3921 7481 75995 43836 9166 1116 458 23027 12360 549106 17 68 1101 150540 290 573 117 4 4223 150 2 181 299 1114 4 2193 2668 21 269 82 20245 199 220 11 103 1 1040 9467 310 875 609 2935 78116 121 1884 67 313 12946 88 818 757 266
internal_value=0.000132006 0.0103318 -0.0231042 0.00575925 -0.0269377 -0.0303675 0.0240918 0.0171138 0.0107966 0.0179955 -0.00374953 0.00974535 -0.0346931 -0.00571566 -0.00650232 0.028859 0.0323012 0.00840274 -0.0332334 -0.0353738 0.00886314 -0.067928 0.00598833 -0.0197209 0.0149698 0.00882249 0.00474659 -0.0744132 0.00697544 0.0269348 -0.0494376 0.00778618 0.0195597 0.0295372 -0.00350129 0.00417709 -0.00104857 -0.00469417 -0.0180185 -0.0116925 0.00777671 0.0198082 -0.0174419 -0.0766187 0.0104607 -0.0513695 -0.0207565 -0.0237608 -0.014319 -0.034886 -0.0113371 0.00250326 -0.0131111 0.00314978 -0.000363198 0.0269241 0.0321836 0.000803985 -0.0184572 -0.0654809 0.00679467 -0.0481245
internal_weight=8509.9 5913.93 2595.98 4438.87 2314.38 1940.05 1475.05 797.323 2901.68 791.654 1537.19 2794.81 1379.55 1412.43 1381.01 31.4214 677.731 281.597 1297 1105.14 432.809 5.15142 1625.72 560.501 1169.09 439.424 358.704 9.82319 348.88 80.7208 4.58964 346.436 128.635 89.788 38.8474 1377.59 561.884 479.296 177.604 160.299 815.702 35.8182 15.1854 17.3048 11.8529 4.82778 124.481 119.896 84.8607 38.1807 26.0479 46.68 578.844 301.692 262.852 38.84 37.4894 260.227 55.6813 12.9756 34.9128 6.57531
internal_count=1201902 229242 972660 216918 949411 874013 12324 9137 78518 9034 138400 77960 701019 134479 131118 3361 3187 23249 637461 561466 7235 85 62499 172994 15461 7980 7255 294 6961 725 152 6844 2621 1295 1326 58586 36148 33480 17222 16110 22438 792 523 1112 324 221 15318 15236 5769 2524 1484 3245 87282 16258 15857 401 334 15736 2790 906 1027 270
is_linear=0
shrinkage=0.05


Tree=25
num_leaves=63
num_cat=0
split_feature=21 21 16 0 21 2 16 16 8 19 14 2 19 2 0 16 2 0 14 2 17 16 19 0 4 0 2 7 2 17 4 16 16 19 0 14 17 19 2 16 2 2 19 1 19 16 14 14 7 8 19 0 19 4 17 14 9 2 4 7 21 16
split_gain=782.979 165.755 124.729 81.1857 43.4533 35.4347 33.9303 33.08 23.305 21.7762 27.0317 21.5342 21.1437 18.9836 16.6117 19.7042 16.0531 17.7237 15.8121 15.433 15.9242 23.9607 15.431 16.5247 16.9897 15.1032 14.0806 13.0093 12.925 12.5138 16.9871 13.8135 12.1697 15.2862 12.0412 12.0081 15.863 22.9594 24.9389 12.9459 15.4964 12.5056 12.4639 11.8831 11.7817 11.7781 11.5793 11.2683 11.2635 18.3343 36.8183 12.7606 12.6354 11.7021 20.6186 10.9068 10.9295 10.8883 16.8963 33.9649 28.4717 17.3069
threshold=2.5000000000000004 3.5000000000000004 54.500000000000007 1.5000000000000002 1.5000000000000002 9.5000000000000018 63.500000000000007 80.500000000000014 3.5000000000000004 5.1947252750396737 1.5000000000000002 1.5000000000000002 10.499359607696535 25.500000000000004 24.500000000000004 17.500000000000004 55.500000000000007 59.500000000000007 1.5000000000000002 100.00000000000001 4.5000000000000009 70.500000000000014 6.5123097896575937 25.500000000000004 24.500000000000004 1.0000000180025095e-35 11.500000000000002 0.013072453904896976 1.5000000000000002 7.5000000000000009 17.500000000000004 26.500000000000004 47.500000000000007 36.242588043212898 64.500000000000014 17.500000000000004 2.5000000000000004 8.5697569847106951 5.5000000000000009 35.500000000000007 16.500000000000004 87.500000000000014 9.0843286514282244 0.013072453904896976 13.197630882263185 84.500000000000014 11.500000000000002 6.5000000000000009 0.014815627597272398 5.5000000000000009 24.394544601440433 28.500000000000004 10.306714534759523 31.500000000000004 5.5000000000000009 2.5000000000000004 0.012579114176332952 1.0000000180025095e-35 2.5000000000000004 0.014599318150430919 4.5000000000000009 46.500000000000007
decision_type=2 2 2 2 2 2 2 2 2 2 2 2 2 2 2 2 2 2 2 2 2 2 2 2 2 2 2 2 2 2 2 2 2 2 2 2 2 2 2 2 2 2 2 2 2 2 2 2 2 2 2 2 2 2 2 2 2 2 2 2 2 2
left_child=2 5 4 -3 12 25 55 9 11 16 -11 -5 34 29 27 47 28 -18 -8 35 21 -21 23 -20 45 -2 -9 -13 -4 30 -6 -31 -14 -34 -1 36 39 38 43 40 -10 -40 -39 -38 -27 -25 -23 -16 49 50 -44 53 -50 54 -52 56 -7 58 -37 60 -60 -62
right_child=1 3 7 8 13 6 18 26 19 10 -12 14 32 -15 15 -17 17 -19 22 20 -22 46 -24 24 -26 44 -28 -29 -30 31 -32 -33 33 -35 -36 57 37 42 41 -41 -42 -43 48 -45 -46 -47 -48 -49 52 -51 51 -53 -54 -55 -56 -57 -58 -59 59 -61 61 -63
leaf_value=-0.027048331410466409 0.023138591126292754 0.029753911591671501 -0.11593807897147926 0.033023103309874284 -0.069358373928134806 0.029164504828890797 -0.12452418004586004 -0.11003156823459886 -0.10236924858090318 -0.10379743805024358 0.007941139068946992 0.034668483584566603 0.031532069909420209 -0.025415078855225877 0.029173190308224822 0.0090005953192321443 -0.0064983702163310883 -0.029367791547365647 0.015113260460667386 -0.05432785387930187 0.0049687311719490181 0.052571952554820056 0.032161024382331892 -0.08520808786113819 -0.004495871737776486 0.0019419217644253556 0.016362750184166785 0.015833844795637653 -0.00056529616162259569 0.060539397270109978 -0.0050133733237384265 -0.01480222884886025 -0.11267006392709636 0.083082743074870624 -0.04048336748224033 0.038938274682599937 0.052305863760343158 0.042854912698259154 -0.08948224887582204 0.038670845272094398 0.041959538357518145 0.042246617397761858 -0.1063404900307019 -0.12351607457391503 0.057560970698120675 0.052764098466343605 -0.090107653910777061 -0.056347240637291823 -0.053870930278489396 0.011511177277621739 0.067092355849110871 -0.10547777931563121 0.031756286972542992 0.074469192455479949 -0.10733720675210839 -0.013670094799103314 -0.13320310269900745 0.0060928176886600027 -0.11930997611010224 -0.12439402724560961 0.041769926355796475 -0.13489464818283034
leaf_weight=204.59714682761114 110.47271967539564 787.47372336033732 2.4707818147726348 193.95474408799782 11.331698203925042 21.665639366023246 2.2204949352890244 2.2391091990284613 3.7011570800095788 5.6103878365829578 153.55089372955263 116.77924663387239 17.050075751263652 422.50250058306847 4.8581497590057579 292.84801773924846 123.12196411809418 271.61833583959378 107.2316106276121 32.366170386318117 80.235653814626858 9.3774592303670925 57.331424590665847 11.512804216705261 63.197089134948328 549.17648476385511 138.42727800342254 426.57580157183111 138.63310412364081 14.054461156483741 108.17663428920787 10.727342553902416 3.5470238067209712 1.3873722553253172 902.17830469377805 62.945345878601074 8.0391169385984558 35.830453103408217 13.858880166430025 94.076591358752921 3.7382021974772215 2.0709345573559395 10.135662206448616 1.0914797051809717 9.6893558697774989 1.7868742248974729 1.6761635190341611 18.593147872714326 4.5201268796809009 389.15878191613592 3.5511478846892732 1.932096485979854 91.934409878915176 7.5028204955160618 3.2398433201014996 868.94710638106335 1.0885065924376238 1300.1462197563378 3.4785068645142045 5.0370171791873863 26.264705594163392 1.4635640494525421
leaf_count=85719 1063 4501 376 816 2100 417 156 197 107 1069 12088 799 764 138927 80 8440 26183 119321 3070 9334 7934 77 1415 1435 6664 17058 10324 3809 25497 796 13866 1657 312 1 534399 291 67 550 899 1031 61 48 355 49 63 26 442 990 130 7174 7 38 672 13 56 112421 96 35962 185 154 168 74
internal_value=-0.000342678 0.00972048 -0.0235713 0.0153496 -0.0313633 -0.00287877 -0.00825968 -0.00776147 0.0118605 -0.0122369 0.00400239 0.0179742 -0.0370353 -0.0200676 0.0145788 0.00546907 -0.0170605 -0.0222347 0.00829136 0.00892914 -0.0082306 -0.0326217 0.00951477 0.00244814 -0.0153056 0.00624552 0.0143508 0.0198818 -0.00258552 -0.0044093 -0.0111145 0.0279261 0.0115194 -0.0576315 -0.0379998 0.00995237 0.0154331 0.012205 -0.0345946 0.0336498 -0.0298455 -0.072357 0.0143459 0.031288 0.00290622 -0.0666709 0.0309361 -0.0386309 0.0123507 0.00877762 -0.0315761 0.0151261 0.0277436 0.0314282 -0.0161244 -0.0127753 0.0213972 0.00731103 0.0232791 -0.00391647 0.0155296 0.0324451
internal_weight=8374 5842.78 2531.22 4038.46 1695.55 1804.32 1134.98 835.672 3250.98 695.005 159.161 1053.61 1128.76 566.793 859.654 316.299 535.844 394.74 243.28 2197.37 123.655 43.4198 241.06 183.728 76.4968 669.339 140.666 543.355 141.104 144.29 119.508 24.7818 21.9845 4.9344 1106.78 2073.72 674.382 572.866 25.0604 101.516 7.43936 15.9298 547.805 9.1306 558.866 13.2997 11.0536 23.4513 511.975 415.52 26.3616 16.2259 96.4545 14.2938 6.79099 891.701 22.7541 1399.34 99.1891 36.2438 31.2068 27.7283
internal_count=1202793 229197 973596 85313 778541 143884 125700 195055 80812 184534 13157 14934 621195 157346 14118 9510 171377 145504 12766 65878 17787 9853 12610 11195 8125 18184 10521 4608 25873 18419 15966 2453 1077 313 620118 48091 11257 10058 1063 1199 168 947 8995 116 17121 1461 519 1070 8445 7643 469 114 802 76 63 112934 513 36834 872 581 427 242
is_linear=0
shrinkage=0.05


Tree=26
num_leaves=63
num_cat=0
split_feature=21 21 16 2 21 2 16 16 0 12 2 14 0 16 0 17 16 16 16 16 12 16 0 14 14 16 16 17 9 3 0 16 8 16 17 2 16 16 17 8 16 17 3 16 17 12 16 0 17 8 12 16 2 10 16 10 0 9 6 17 8 2
split_gain=731.671 155.153 111.279 75.8677 42.8935 30.6154 33.3554 30.2109 25.224 24.4909 20.6568 19.3182 19.1325 14.645 14.3127 13.6393 13.412 13.3038 12.8926 23.2502 12.6441 13.1277 13.0918 12.5427 19.2447 12.3268 13.3526 34.5815 28.9639 14.8548 12.7093 11.8543 25.051 13.6347 13.2267 14.1867 11.4896 11.4186 11.3571 11.0763 19.2052 10.738 15.3104 10.5463 12.2226 10.3142 10.256 12.4347 10.2389 27.8278 21.4007 17.5628 15.2084 10.1882 10.1705 26.2894 12.354 15.6533 11.6679 13.1606 10.0624 10.0047
threshold=2.5000000000000004 3.5000000000000004 54.500000000000007 1.5000000000000002 1.5000000000000002 9.5000000000000018 71.500000000000014 77.500000000000014 17.500000000000004 3.5000000000000004 25.500000000000004 17.500000000000004 15.500000000000002 65.500000000000014 1.0000000180025095e-35 7.5000000000000009 85.500000000000014 48.500000000000007 50.500000000000007 52.500000000000007 10.500000000000002 43.500000000000007 22.500000000000004 5.5000000000000009 3.5000000000000004 75.500000000000014 64.500000000000014 3.5000000000000004 0.013986697886139156 0.0065147271379828462 57.500000000000007 1.0000000180025095e-35 4.5000000000000009 26.500000000000004 4.5000000000000009 15.500000000000002 26.500000000000004 15.500000000000002 7.5000000000000009 1.0000000180025095e-35 33.500000000000007 5.5000000000000009 0.015504807699471714 37.500000000000007 4.5000000000000009 5.5000000000000009 41.500000000000007 12.500000000000002 2.5000000000000004 1.5000000000000002 12.500000000000002 78.500000000000014 15.500000000000002 1.0000000180025095e-35 61.500000000000007 14.500000000000002 6.5000000000000009 1.0000000180025095e-35 11.500000000000002 2.5000000000000004 7.5000000000000009 15.500000000000002
decision_type=2 2 2 2 2 2 2 2 2 2 2 2 2 2 2 2 2 2 2 2 2 2 2 2 2 2 2 2 2 2 2 2 2 2 2 2 2 2 2 2 2 2 2 2 2 2 2 2 2 2 2 2 2 2 2 2 2 2 2 2 2 2
left_child=2 5 4 9 -1 14 17 12 13 -3 15 -10 -4 -5 41 46 38 20 -11 -20 21 -7 43 24 -14 26 31 28 30 -29 -28 32 53 -33 35 45 -17 -24 -8 -35 -41 42 -2 44 -22 -34 47 -6 -15 50 -50 -51 -53 -13 55 56 57 -21 59 -56 -12 -25
right_child=1 3 7 8 10 6 16 -9 11 18 60 25 23 48 -16 36 -18 -19 19 54 22 -23 37 61 -26 -27 27 29 -30 -31 -32 33 34 39 -36 -37 -38 -39 -40 40 -42 -43 -44 -45 -46 -47 -48 -49 49 51 -52 52 -54 -55 58 -57 -58 -59 -60 -61 -62 -63
leaf_value=-0.036147097762101447 -0.071862204646756786 0.034986633296612106 0.013239820103126972 0.013446287651173894 -0.098663750562122329 0.024349932604428661 0.020309457097396857 0.0092373098180787445 0.014054197992317642 0.022614943552676237 0.020295980699701253 -0.014867233788051533 -0.028953414111681897 0.04172901945474046 0.0024072202168211945 0.052725035989150473 -0.10129237963711196 -0.0037359124648889347 -0.11898460392439239 0.018693354096478567 -0.034167211920222346 -0.08224574025102438 -0.0080956472570055654 0.0058810231308670949 0.037210651534505972 0.030731157763421869 0.047213985977201556 -0.021750027112089246 -0.097326067747794398 -0.10888364056531695 -0.086214394945061668 0.019802335966024931 0.05492407904825504 0.020115186971701657 0.014691049780976913 -0.071063259024457467 -0.013044922712479699 -0.029708978486176926 -0.087984902174366844 -0.025538398905769696 0.0021615741823454116 0.03538472845424135 0.014741247108254286 0.003788181342528953 -0.0053733886499133078 -0.05152450332735168 0.006682800934704196 -0.017071058325043562 -0.12243966990867217 0.029782438643653243 0.057376081469087584 -0.11189513780034994 0.018543466183953746 -0.11661226972006269 0.019102544882553005 -0.112321805652422 0.044839892079758886 -0.12366086750797733 0.033826280472877938 -0.11100726139954964 -0.026220942248899211 -0.020187616976453146
leaf_weight=1099.7679593029898 5.8515708353370419 511.4980988688767 61.51341671589762 1616.8825363789801 5.0375424956437191 30.352514096535742 124.54622536082752 194.54727575939614 476.32516831136309 287.79730885010213 11.97031550388783 3.5568948718719184 19.037818792974576 78.455656045582145 556.28627240727656 17.717931616120044 2.3923519835807374 385.12175466690678 3.9600530620664349 4.9117473503574782 62.288585523143411 3.1920960200950494 82.439881678204983 39.77919319528155 25.999147091759369 34.479835054138675 20.477367016486831 8.0721964698750543 5.0154088442213824 12.413505405187605 1.9550900964532036 111.3294208755251 5.5014119120314717 65.201343697495759 34.756200927775353 12.077402889961375 10.620789276901631 236.18109850771725 2.4690070375800124 72.890223057707772 442.16087448014878 64.012968455906957 39.912730262614787 99.590370639227331 90.265418542083353 3.8808727804571408 50.164093403611332 63.91623790957965 5.7703722915612161 119.70283486042172 2.3199262581765634 4.2155979671515507 4.7555192688014358 7.9814839169848693 4.8459608573466522 5.84658045368269 10.551789395511149 3.1822357317432761 33.480921612121165 3.2450208482332528 403.87037282378878 492.24906062637456
leaf_count=621195 198 1751 5094 22091 868 2965 4185 18081 9853 2124 1389 150 2842 524 17121 796 267 34908 134 45 6139 911 13739 4388 1400 1578 277 1175 634 1001 433 4245 40 1331 1686 1776 1657 46758 561 5250 25663 491 374 7561 7706 187 5082 10016 172 1345 18 186 106 739 30 201 83 83 309 93 137538 163250
internal_value=-0.000291522 0.00944343 -0.0229282 0.0148909 -0.0304003 -0.0028239 -0.0078764 -0.00801276 0.0112823 0.0279673 -0.0191803 0.00600741 -0.0132681 0.0150772 0.00566319 -0.00310107 0.0159952 -0.0109986 0.0179334 -0.00130754 -0.015627 0.0142063 -0.0173803 -0.0160938 0.00924208 0.00145393 0.000203454 -0.0253907 0.0112989 -0.0745495 0.0355851 0.0018191 -0.0181402 0.00377451 -0.00436629 -0.0352316 0.0280758 -0.0241168 0.0182044 0.000699353 -0.00175854 0.0221625 0.00366785 -0.0088679 -0.0171301 0.0108929 -0.0105182 -0.023032 0.0273301 0.0190701 -0.0708768 0.0247254 -0.0427507 -0.0852477 0.00574631 -0.0198126 0.00919458 -0.0372747 0.0208045 -0.0330801 -0.0248819 -0.0182385
internal_weight=8300.59 5804.4 2496.19 4019.5 1663.07 1784.9 1118.84 833.126 3150.18 869.32 563.297 1318.07 638.579 1832.1 666.064 147.457 129.408 989.432 357.822 70.0243 604.31 33.5446 570.765 577.065 45.037 841.75 807.27 47.9336 27.4479 20.4857 22.4325 759.336 67.7543 691.582 56.2159 21.4597 28.3387 318.621 127.015 580.252 515.051 109.777 45.7643 252.144 152.554 9.38228 119.118 68.9538 215.22 136.764 8.0903 128.674 8.97112 11.5384 66.0643 24.4924 18.6458 8.09398 41.5719 8.09098 415.841 532.028
internal_count=1202793 229197 973596 85313 778541 143884 125700 195055 80460 4853 157346 56018 176974 24442 18184 18419 5013 120687 3102 978 85779 3876 81903 171880 4242 46165 44587 3520 1344 2176 710 41067 4578 36489 3689 2003 2453 60497 4746 32244 30913 1063 572 21406 13845 227 15966 10884 2351 1827 190 1637 292 889 844 412 211 128 432 123 138927 167638
is_linear=0
shrinkage=0.05


Tree=27
num_leaves=63
num_cat=0
split_feature=0 19 12 10 2 2 16 2 16 19 0 0 6 16 2 16 0 4 16 14 16 12 6 8 16 8 16 4 10 19 17 19 0 4 2 12 2 10 4 19 14 6 8 16 10 2 0 16 0 4 16 4 0 2 12 2 2 17 0 17 17 8
split_gain=560.127 189.115 118.816 102.115 69.4797 35.5327 34.5747 30.9985 31.8038 28.8512 26.1554 24.9197 24.0135 23.6094 21.3387 18.2661 16.6443 23.7068 14.7159 14.2765 15.4227 13.9495 21.5258 13.7066 13.1435 13.0783 16.2187 12.7474 12.6164 12.5247 12.8808 25.4385 17.7982 20.5504 17.2444 20.5094 15.5504 14.6741 14.0715 13.7982 13.2703 12.1633 21.013 19.182 14.8876 12.1208 13.3961 12.1045 12.9289 11.9663 11.862 20.6882 24.8809 15.3737 18.3033 14.128 13.4906 12.8263 11.9842 16.0894 11.659 16.3076
threshold=29.500000000000004 3.580557227134705 12.500000000000002 18.500000000000004 56.500000000000007 1.5000000000000002 51.500000000000007 2.5000000000000004 61.500000000000007 27.339073181152347 98.500000000000014 30.500000000000004 9.5000000000000018 79.500000000000014 77.500000000000014 80.500000000000014 77.500000000000014 28.500000000000004 54.500000000000007 11.500000000000002 80.500000000000014 3.5000000000000004 3.5000000000000004 11.500000000000002 78.500000000000014 7.5000000000000009 43.500000000000007 32.500000000000007 60.000000000000007 22.660007476806644 2.5000000000000004 9.1367974281311053 35.500000000000007 35.500000000000007 70.500000000000014 7.5000000000000009 76.500000000000014 2.5000000000000004 84.500000000000014 12.472984313964846 6.5000000000000009 12.500000000000002 17.500000000000004 60.500000000000007 60.000000000000007 16.500000000000004 32.500000000000007 50.500000000000007 36.500000000000007 4.5000000000000009 38.500000000000007 25.500000000000004 4.5000000000000009 20.500000000000004 14.500000000000002 58.500000000000007 5.5000000000000009 7.5000000000000009 1.0000000180025095e-35 5.5000000000000009 1.5000000000000002 18.500000000000004
decision_type=2 2 2 2 2 2 2 2 2 2 2 2 2 2 2 2 2 2 2 2 2 2 2 2 2 2 2 2 2 2 2 2 2 2 2 2 2 2 2 2 2 2 2 2 2 2 2 2 2 2 2 2 2 2 2 2 2 2 2 2 2 2
left_child=2 3 5 45 12 21 -6 24 9 14 15 -3 -5 16 41 23 25 -18 -19 20 -7 -1 28 -8 -4 26 -14 -25 -23 30 31 -13 33 39 -34 37 -37 40 47 -32 -36 42 -9 44 -43 46 -2 48 -38 -11 51 53 -53 -46 -55 57 58 -56 59 -52 -47 -62
right_child=1 11 7 4 6 19 10 8 -10 49 -12 29 13 -15 -16 -17 17 18 -20 -21 -22 22 -24 27 -26 -27 -28 -29 -30 -31 32 -33 34 -35 35 36 38 -39 -40 -41 -42 43 -44 -45 50 60 -48 -49 -50 -51 56 52 -54 54 55 -57 -58 -59 -60 -61 61 -63
leaf_value=0.034187511404902719 -0.063498116786732242 -0.10230023311720311 0.015665419810211866 0.03339524330642523 -0.035654867857490384 0.025334172123850276 0.057873062559285038 -0.076686190183675285 0.013211538953542386 -0.098868598906070804 -0.031030065619287773 0.029824433726485435 0.051433974718754355 0.020184892276025129 -0.02173219952493094 0.027685724039709026 -0.00018307978534543005 -0.036529457978903467 -0.012237509519267619 0.013011769804618182 -0.11790317965942054 -0.1228516333751748 0.021530224506549261 0.020500290059797133 -0.11797208757441668 -0.011597859689977447 -0.097111199800004072 -0.02009786825231194 0.020325992594513745 0.024123422686530976 0.016152743791344966 -0.10746310219464886 0.015392071671192335 -0.10174539205387177 0.019541133641235421 -0.095341225404446617 0.095132043784752915 -0.11056144013433888 -0.0044057543956716573 -0.10633069138752314 -0.11431031842529023 0.01056152559044083 -0.0013685426270100551 -0.066390797298432752 0.0027951557504382486 -0.027578088432201206 0.016931126922370251 0.031782303490154477 -0.092331043949424874 0.040793227454662032 -0.12491156169228906 -0.10173229494627559 -0.019686708551200791 0.062130156344242404 -0.060023261753069101 0.02519244491480431 0.0056523225764831177 0.004269434463633608 -0.031430184238548244 0.049253471920161551 0.0053468160405988454 -0.014742913317900475
leaf_weight=490.8715986716561 5.4306715936399987 5.0468325428664675 485.00834303488955 26.676517216023058 1085.5908450101269 352.57117346324958 6.5875907074660054 14.584645100636406 410.15581165300682 1.5877041677013028 237.76187545061111 82.715470748720691 14.916692732833328 45.825909995939583 149.81367084453814 31.968481651274487 83.257206918206066 236.41997635981534 84.674076045048423 1084.2820633837255 1.8893396425992239 4.1836755750700831 191.29983399994671 21.818069497589022 1.8469006535597134 412.99350622587372 2.0957102193497112 169.91370433929842 2.4335738578811279 117.71528304833919 13.234817435499286 3.5176805923692873 232.04763970593922 8.3842910719104093 6.9751963913440704 4.1758648534305385 1.1986175775527943 7.2213673600926986 193.02404121938162 2.7828358886763445 2.5209631836041826 252.29984634695575 25.367712136241607 11.045335958711801 265.20139664970338 50.334655523765832 110.90016333316453 49.908631080528721 3.9533064127899706 45.100766201037914 1.5322737274691451 10.057037341874091 113.81409259163775 5.4030574187636367 34.668934533605352 8.3577297541778517 406.40442008839455 9.993607263080774 46.438623568974435 9.8526333570480329 270.68080288451165 161.15403511619661
leaf_count=1629 253 254 6469 818 588254 2829 267 697 15353 56 112692 2137 210 1718 47214 2116 11419 95432 20843 14022 73 122 1205 3657 104 52873 186 54620 14 1342 382 347 7744 511 160 515 7 1008 19163 154 283 5443 840 797 9253 9650 2485 1985 765 287 74 1573 13603 56 4330 727 24092 725 1902 56 16953 38045
internal_value=-0.00025612 -0.0143623 0.0118065 -0.0198325 -0.024338 0.0203305 -0.0307572 0.00395097 0.000955698 -0.00260556 -0.0193977 0.0084219 -0.0133406 -0.014757 -0.00392769 -0.00738776 -0.0166762 -0.0239587 -0.0301236 0.0158595 0.0245707 0.0296693 0.0184634 -0.0130415 0.0151585 -0.00982808 0.0331351 -0.015478 -0.0701963 0.00918803 0.00631368 0.0242241 0.00337423 -0.0383242 0.00540511 -0.00321066 0.0003436 -0.056843 0.00195421 -0.00512698 -0.0159927 -0.00173237 -0.0288633 -0.000809916 -0.000187624 -0.00130978 0.0131764 0.0242501 -0.0487169 0.0360438 -0.00316222 -0.00897104 -0.026348 -0.00231982 -0.0255383 -0.0344722 0.00243723 -0.0456372 -0.0201596 0.0258129 -0.00480481 -0.00215036
internal_weight=8229.49 3793.42 4436.07 3059 2460.5 2127.53 1553.64 2308.53 1821.68 1411.52 468.05 734.423 906.86 880.183 1364.84 230.288 834.357 404.351 321.094 1438.74 354.461 688.789 197.917 198.319 486.855 430.006 17.0124 191.732 6.61725 729.376 611.661 86.2332 525.428 24.4019 501.026 268.978 252.26 16.7175 248.085 16.0177 9.49616 1215.02 39.9524 1175.07 1164.02 598.5 116.331 55.0606 5.15192 46.6885 911.724 447.496 123.871 323.625 58.4233 53.0203 464.228 44.6625 57.8235 11.3849 482.169 431.835
internal_count=1202793 1049248 153545 1012491 945105 19894 761606 133651 127078 111725 173352 36757 183499 182681 111382 60660 180963 127694 116275 16924 2902 2970 1341 58544 6573 53269 396 58277 136 36503 35161 2484 32677 1047 31630 23886 22435 1451 21920 536 443 64168 1537 62631 61834 67386 2738 2757 772 343 56391 30267 15176 15091 5838 5782 26124 5055 2032 130 64648 54998
is_linear=0
shrinkage=0.05


Tree=28
num_leaves=63
num_cat=0
split_feature=21 21 16 0 21 19 0 16 19 16 8 4 19 2 4 19 2 19 2 17 15 0 4 2 16 19 19 15 10 17 2 20 20 17 4 4 1 17 15 15 5 19 10 15 8 10 6 17 10 0 2 16 4 19 3 19 10 15 17 5 16 2
split_gain=637.459 135.089 97.1241 65.0431 40.8084 31.2264 30.0826 30.3826 25.3626 23.7594 22.459 21.6503 20.566 19.7001 17.192 16.6874 19.26 16.348 15.2455 19.9202 20.3807 13.8183 13.5037 13.0075 12.9036 19.9677 15.2291 27.0755 16.5587 14.4561 18.602 15.5882 13.0538 12.7672 13.6593 12.6939 12.6792 12.2845 12.1519 19.8352 18.0383 11.7426 11.6542 24.0878 11.6099 12.5256 12.7793 16.775 13.2201 11.5334 11.3757 11.2576 11.2299 11.1459 18.3346 11.648 11.0088 10.826 10.7295 16.7169 15.5883 12.9165
threshold=2.5000000000000004 3.5000000000000004 54.500000000000007 1.5000000000000002 1.5000000000000002 10.499359607696535 2.5000000000000004 71.500000000000014 15.327054977416994 77.500000000000014 5.5000000000000009 93.500000000000014 12.892192840576174 25.500000000000004 4.5000000000000009 13.735037326812746 2.5000000000000004 14.679243087768556 98.500000000000014 5.5000000000000009 0.013793759513646366 15.500000000000002 25.500000000000004 15.500000000000002 65.500000000000014 33.991844177246101 20.432101249694828 0.016261236742138866 7.5000000000000009 4.5000000000000009 4.5000000000000009 1.0000000180025095e-35 1.0000000180025095e-35 7.5000000000000009 20.500000000000004 100.00000000000001 0.015749008394777778 7.5000000000000009 0.014599318150430919 0.013986697886139156 0.012121656909585001 12.306680202484133 3.5000000000000004 0.014185110572725536 2.5000000000000004 5.5000000000000009 2.5000000000000004 7.5000000000000009 2.5000000000000004 64.500000000000014 1.5000000000000002 51.500000000000007 33.500000000000007 6.7531604766845712 0.0068729333579540261 3.580557227134705 4.5000000000000009 0.016001024283468727 4.5000000000000009 0.010471491608768703 11.500000000000002 78.500000000000014
decision_type=2 2 2 2 2 2 2 2 2 2 2 2 2 2 2 2 2 2 2 2 2 2 2 2 2 2 2 2 2 2 2 2 2 2 2 2 2 2 2 2 2 2 2 2 2 2 2 2 2 2 2 2 2 2 2 2 2 2 2 2 2 2
left_child=2 6 4 50 5 49 14 8 23 17 11 15 37 33 -2 16 42 21 24 20 -20 22 -4 56 26 29 27 28 -12 -26 32 -32 -31 34 -6 -13 -29 53 39 40 -28 -18 -5 -44 45 46 47 48 -37 -1 -3 -22 -10 54 -9 -56 -8 -19 59 -16 -60 -61
right_child=1 3 9 10 13 -7 7 12 52 -11 18 35 -14 -15 58 -17 41 57 19 -21 51 -23 -24 -25 25 -27 38 36 -30 30 31 -33 -34 -35 -36 44 -38 -39 -40 -41 -42 -43 43 -45 -46 -47 -48 -49 -50 -51 -52 -53 -54 -55 55 -57 -58 -59 60 61 -62 -63
leaf_value=-0.025003966907669629 0.021528693354241971 0.032152757672844472 -0.10456503637848623 0.033091081354745915 -0.060106588204623071 0.025955607414602944 0.06703950085987867 -0.072492425308672184 -0.087343829233314144 0.0072452206488362592 0.01374151449297337 -0.11933983308342466 -0.10246069802206857 -0.023662012882469833 -0.11424085098645123 0.031328208654291326 0.011095565180695141 0.025953626800779325 -0.06457744626855437 0.006851886736412488 -0.12115538800877286 -0.017266952937412625 0.012860248688075712 -0.013686514710360385 0.029594799965218223 -0.10031802262973327 0.042647196543313011 -0.10781275919680705 0.0017608006972810405 -0.11498953050680537 0.015156053281096191 -0.10170896708049884 0.033592203978909586 0.027671934519203065 -0.0037003754970187557 -0.0031032422046670801 0.040320542867137626 -0.0935925143239002 0.026184978380756327 -0.099726694672689548 -0.094026256235955286 -0.10888224541153123 0.016233896301029359 -0.12845756026025143 -0.018840880116574976 0.027905662477586985 0.023734233012603401 -0.10823455177931102 -0.12388687682297053 -0.038618640144285482 0.019869117091898925 0.025708508255619739 0.037744825753428711 0.045306470042471972 0.019083709583474648 -0.10146808149586617 -0.0041958095736095522 -0.096294926216533738 -0.10922367169640379 -0.025131448391767841 0.014546122928921698 0.061386361667046987
leaf_weight=191.43351230665576 180.04826346714981 445.73647205391899 2.5559096396900705 197.916030918248 11.97108741244301 20.705102270934731 5.4783715922385445 6.0313600560184559 1.8856210415251542 197.52704032463953 416.86804883670993 2.1882362165488294 3.641699436120688 399.85835577186663 4.5879047135822466 205.20624416833743 635.37774698808789 35.009316844749264 26.480498551856726 58.205158217810094 1.4582597170956422 528.05204540956765 58.171770330751315 726.44798192626331 158.32394295791164 3.4776115007698527 11.578545363154264 7.6147062596864981 935.87388858641498 5.1354545187205067 85.983551220037043 2.9513665097765616 2.0757454438135028 28.792177869938314 103.75885854003718 51.123641833430156 1.7827210058458147 2.4391852549742898 142.28851998620667 5.1771904518827787 3.0501366327516726 2.0459584109485141 89.259236007928848 2.9721906185150138 50.501804869854823 54.485115426592529 30.324382996186614 4.5724092824384561 2.3705184957943848 829.98002564610215 326.57002529827878 12.402194758411495 37.020717911887914 32.897851688787341 112.83787781000137 2.0399751472286871 542.6044186729705 1.9097962509840716 2.6625331472605458 30.207977675367147 57.125291023170575 5.0326389586552969
leaf_count=85719 2060 1696 456 750 2421 1077 17 1130 158 18081 7738 151 209 138927 522 1429 9359 736 9218 5574 225 170910 4631 107559 2359 59 125 518 29495 206 1848 94 21 2453 13545 2216 13 604 1320 156 95 82 596 77 4118 1127 831 528 197 534399 2805 287 449 459 2978 170 24451 241 287 1126 1638 67
internal_value=-0.000228859 0.00883923 -0.021808 0.0139315 -0.0290388 -0.0348347 -0.00272626 -0.00557995 -0.00808512 -0.00787289 0.0107963 0.0157735 0.0149993 -0.0179437 0.0123075 0.0184258 0.0155714 -0.0126455 0.00728099 -0.0118631 -0.0388656 -0.0146693 0.00791805 -0.00929906 0.00833956 0.0186817 0.00658936 0.00486529 0.00545284 0.0203079 0.00501524 0.0112778 -0.0722202 -0.00212253 -0.00953503 0.00041065 -0.0797114 0.017737 0.0210773 -0.0156168 0.0141503 0.0107105 0.0262504 0.0115712 0.00176573 0.00904946 -0.0025737 -0.0163126 -0.0084556 -0.036067 0.0269586 0.0102569 0.0316823 0.0195026 0.0124816 0.016943 -0.00348378 0.0196298 -0.00435893 -0.0244639 0.00903428 -0.012776
internal_weight=8144.09 5734.37 2409.72 3981.38 1586.5 1042.12 1752.99 1473.33 1313.44 823.226 3209.07 1328.34 159.888 544.38 279.665 1132.78 927.571 625.699 1880.73 98.5461 40.341 588.78 60.7277 1274.53 1782.18 257.948 1524.23 1362.14 1352.74 254.47 96.1461 88.9349 7.2112 144.522 115.73 195.566 9.39743 156.246 162.094 19.8059 14.6287 637.424 290.147 92.2314 193.378 142.876 88.391 58.0666 53.4942 1021.41 772.306 13.8605 38.9063 153.807 120.909 114.878 548.083 36.9191 99.6163 39.8285 59.7878 35.2406
internal_count=1202793 229197 973596 85313 778541 621195 143884 138184 132634 195055 80812 21461 5550 157346 5700 12293 10864 176974 59351 15304 9730 175997 5087 132027 44047 4587 39460 37764 37233 4528 2169 1942 227 18419 15966 9168 531 5341 1696 376 220 9441 1423 673 9017 4899 3772 2941 2413 620118 4501 512 607 4737 4278 3148 24468 977 3640 1715 1925 1193
is_linear=0
shrinkage=0.05


Tree=29
num_leaves=63
num_cat=0
split_feature=21 21 16 2 21 19 1 16 14 19 16 19 2 1 4 2 14 1 19 2 16 16 16 19 19 17 16 12 14 19 1 17 16 4 19 16 4 14 1 4 19 9 19 1 1 17 16 14 19 12 16 2 19 1 17 5 2 2 2 4 4 17
split_gain=604.994 127.123 90.1627 65.5525 39.4617 27.4426 27.2969 32.831 27.2635 21.278 19.8505 22.7368 17.9621 17.6398 16.5651 13.6543 13.3712 13.3139 12.4796 12.1202 11.6365 19.8438 22.1561 18.7896 11.4184 16.7509 12.4919 11.277 11.2645 11.1541 10.9365 10.727 10.3349 17.5366 11.1096 10.2139 10.0284 9.9889 17.1533 19.6155 14.2251 16.1856 12.5727 17.4686 18.6403 13.1194 10.8368 9.98749 9.91796 17.7554 12.6975 9.75863 9.70568 14.2426 9.57769 16.5234 9.46978 15.3663 11.4131 20.2068 15.0402 12.9141
threshold=2.5000000000000004 3.5000000000000004 54.500000000000007 2.5000000000000004 1.5000000000000002 10.499359607696535 0.015268065501004459 71.500000000000014 60.000000000000007 16.484162330627445 80.500000000000014 5.1947252750396737 25.500000000000004 0.012739370577037336 6.5000000000000009 55.500000000000007 1.5000000000000002 0.0082988981157541292 8.295539855957033 17.500000000000004 65.500000000000014 50.500000000000007 56.500000000000007 5.7912888526916513 31.480008125305179 5.5000000000000009 64.500000000000014 2.5000000000000004 60.000000000000007 12.892192840576174 0.0079682543873786944 7.5000000000000009 57.500000000000007 1.5000000000000002 10.569199562072756 26.500000000000004 17.500000000000004 10.500000000000002 0.010152545757591726 1.5000000000000002 8.4317336082458514 0.016261236742138866 17.797605514526371 0.015038444194942715 0.013072453904896976 6.5000000000000009 38.500000000000007 1.0000000180025095e-35 23.617717742919925 3.5000000000000004 75.500000000000014 35.500000000000007 15.77792549133301 0.014599318150430919 4.5000000000000009 0.013986697886139156 78.500000000000014 50.500000000000007 3.5000000000000004 25.500000000000004 70.500000000000014 6.5000000000000009
decision_type=2 2 2 2 2 2 2 2 2 2 2 2 2 2 2 2 2 2 2 2 2 2 2 2 2 2 2 2 2 2 2 2 2 2 2 2 2 2 2 2 2 2 2 2 2 2 2 2 2 2 2 2 2 2 2 2 2 2 2 2 2 2
left_child=2 6 4 14 5 30 7 9 24 19 11 15 31 18 27 -4 -13 -17 -10 28 21 -16 -23 -24 25 26 -5 -3 -2 -9 -1 36 34 -34 -30 -33 -6 38 46 -40 41 -39 43 44 51 -45 -27 -14 50 -50 -42 -41 53 -37 -22 -56 57 58 59 -8 61 -60
right_child=1 3 10 8 12 -7 56 29 13 -11 -12 16 47 -15 20 17 -18 -19 -20 -21 54 22 23 -25 -26 37 -28 -29 32 -31 -32 35 33 -35 -36 52 -38 40 39 42 48 -43 -44 45 -46 -47 -48 -49 49 -51 -52 -53 -54 -55 55 -57 -58 -59 60 -61 -62 -63
leaf_value=-0.037990669848302357 -0.11200671419251057 0.032566682246403973 -0.0031926495426298587 0.013871424211046866 -0.060077348699384518 0.021234116442231804 0.018345134430576088 0.017485110408208902 0.0008969005825117095 0.030909078229860238 0.008736075309482812 -0.0908255270013405 0.052879573506288129 0.010206643905880587 0.012751313624595077 -0.028017518408560673 0.0074526612242830957 -0.0079647737420282892 -0.083421690168265783 -0.014404905724923991 0.044449056282665544 -0.12126631662346976 0.013617361757503358 -0.10843757406051349 0.030368236907877755 -0.057851114976276909 0.029939161827859717 0.021345479564308781 -0.0078670903786841381 -0.095776647052566763 -0.024625516196604455 0.045948746122600928 -0.12050752177124313 0.014513515787965668 0.079601820637777931 -0.08050402309820949 -0.0052457141466448962 -0.11705671025399265 -0.11911405012188077 -0.012337006791012154 0.03198598673549042 0.043057737064514524 0.0025348369649625534 -0.1260419062971945 -0.11508306827020141 0.037653404048293343 0.020681947147219822 -0.023920236785300329 0.047425267084722174 -0.094967858382775563 -0.10420092849099222 -0.1117164240622721 0.074715842215784256 0.057877444768432922 -0.11915958002900723 0.036940243968588513 0.043209282721127833 -0.076554980204857154 -0.019111102055478946 -0.069748136817650977 0.048452157463079036 0.013140697037754055
leaf_weight=806.52845266152872 2.4072300475090733 443.52874733414501 138.65887574898079 333.84989997837692 9.0414169237483275 21.81687060277909 213.68835250218399 150.36272222199477 787.12005825154483 32.833883873187006 146.47851068922319 3.5417983827646813 4.2797787883318952 1104.3915309566073 146.91154475789517 256.01640312524978 151.61578293994535 122.32404584018514 4.4128779452294102 653.95560641400516 37.560074086301029 5.7507635406218496 16.280014775227759 3.9105751253664485 128.6026362425182 4.6627390829380593 189.69890246610157 452.15553730982356 403.79617764556315 2.2056178813800207 188.91537816473283 19.227416668087248 2.4675848302431396 94.534951068460941 3.6631472595036021 6.1231580707244557 107.32588137005223 3.9363951859995714 4.2634395537897936 16.874393761623658 77.592118705390021 2.6348707866854966 72.81076400866732 1.3854055106639851 8.5954588162712735 10.506190998945383 75.863939801231027 389.55394802615047 4.1865119468420744 4.5888977376744133 1.7501498353667546 2.8938471879810086 2.4132801713421932 2.6702674240805209 2.6051524067297569 4.8537555662915111 19.233528501819819 5.3929998120293012 85.099697337253019 6.7141054803505531 13.272488726768641 48.857755507575348
leaf_count=534399 253 1464 25873 6108 2100 1077 2199 5202 44870 454 10521 1069 128 17235 1618 119321 12088 26183 417 102875 180 277 184 133 756 336 2447 3018 22187 205 85719 796 173 3032 21 1578 13866 355 142 475 1380 22 1046 79 464 155 1552 138799 18 138 98 219 3 76 92 35 477 773 3792 313 328 1600
internal_value=-0.000188138 0.00865782 -0.0213774 0.0136121 -0.0284372 -0.0342385 -0.00261072 -0.00599268 0.00958137 -0.00878423 -0.0079425 -0.0115772 -0.0175214 0.00612365 0.0238943 -0.0166149 0.00520925 -0.0215341 0.000426816 -0.00990695 0.0115295 0.00563241 -0.0346835 -0.0100226 0.0165207 0.0143386 0.0196933 0.026902 -0.00410375 0.0158477 -0.0354542 -0.00259391 -0.00358885 0.0110788 -0.00708073 0.0238349 -0.00950598 0.00475558 -0.00163598 -0.0138325 0.018111 -0.0528559 -0.00986258 -0.0322861 -0.0536129 0.0185824 0.0161346 -0.0230857 0.0234033 -0.0270359 0.0289819 -0.026885 -0.0141059 -0.0384822 0.0341718 -0.0175803 0.00899612 0.00723206 0.00846117 0.0156616 -0.00231776 -0.00734803
internal_weight=8069.19 5692.66 2376.53 3954.18 1557.9 1017.26 1738.49 1346.23 2840.62 1193.66 818.635 672.157 540.635 1895.92 1113.56 516.999 155.158 378.34 791.533 1160.82 217.872 172.853 25.9414 20.1906 944.697 816.094 523.549 895.684 506.869 152.568 995.444 146.801 504.462 97.0025 407.459 30.4341 116.367 292.545 197.856 117.329 94.6889 6.57127 113.066 40.2553 28.3637 11.8916 80.5267 393.834 88.1177 8.77541 79.3423 19.7682 11.2067 8.79343 45.019 7.45891 392.259 373.025 367.632 220.402 147.23 133.957
internal_count=1202793 229197 973596 85313 778541 621195 143884 134402 78312 128995 195055 184534 157346 62522 7001 171377 13157 145504 45287 128541 2519 2212 594 317 15790 15034 8555 4482 25666 5407 620118 18419 25413 3205 22208 2453 15966 6479 4468 2580 2011 377 2438 1392 1158 234 1888 138927 1634 156 1478 694 1657 1654 307 127 9482 9005 8232 2512 5720 5392
is_linear=0
shrinkage=0.05


Tree=30
num_leaves=63
num_cat=0
split_feature=21 19 0 8 19 21 2 10 14 19 2 12 4 0 0 2 14 6 4 12 12 4 19 3 7 10 21 6 19 4 0 8 10 19 15 19 21 19 19 14 19 4 0 10 3 10 4 19 19 12 21 21 19 5 4 19 10 5 6 3 2 5
split_gain=517.943 105.2 97.0249 57.2295 46.5908 44.4063 30.1933 22.0367 20.5039 20.0604 19.3363 19.1621 17.9732 19.7245 17.9465 15.3542 15.1724 15.141 14.7399 14.0365 13.7535 13.5555 28.3014 15.7624 12.7891 15.3129 20.7691 11.7342 11.3575 11.3186 10.5531 9.98171 16.4612 9.6487 11.9645 12.6055 11.4487 12.8952 11.5622 10.3827 10.7948 9.5016 10.7452 9.3723 19.773 10.1826 9.35817 9.1585 9.09264 8.95295 8.50972 11.8519 8.49476 12.6822 8.21697 8.19866 8.1598 27.1651 10.9782 11.7186 8.04463 11.8295
threshold=2.5000000000000004 4.850494623184205 4.5000000000000009 13.500000000000002 5.022111415863038 1.5000000000000002 1.5000000000000002 6.5000000000000009 60.000000000000007 17.322132110595707 79.500000000000014 1.5000000000000002 100.00000000000001 31.500000000000004 3.5000000000000004 20.500000000000004 4.5000000000000009 7.5000000000000009 11.500000000000002 1.5000000000000002 1.0000000180025095e-35 7.5000000000000009 9.9847888946533221 0.015504807699471714 0.015749008394777778 2.5000000000000004 5.5000000000000009 18.500000000000004 44.719579696655281 22.500000000000004 66.500000000000014 18.500000000000004 12.500000000000002 23.028923988342289 0.015749008394777778 29.196767807006839 1.5000000000000002 6.8902804851531991 8.6299066543579119 2.5000000000000004 10.499359607696535 28.500000000000004 1.5000000000000002 12.500000000000002 0.0094788861460983771 9.5000000000000018 1.0000000180025095e-35 9.4858131408691424 20.216666221618656 4.5000000000000009 3.5000000000000004 4.5000000000000009 6.110328435897828 0.0079052620567381399 1.0000000180025095e-35 8.295539855957033 8.5000000000000018 0.0081634009256958979 11.500000000000002 0.015749008394777778 7.5000000000000009 0.0099504948593676108
decision_type=2 2 2 2 2 2 2 2 2 2 2 2 2 2 2 2 2 2 2 2 2 2 2 2 2 2 2 2 2 2 2 2 2 2 2 2 2 2 2 2 2 2 2 2 2 2 2 2 2 2 2 2 2 2 2 2 2 2 2 2 2 2
left_child=1 5 6 9 7 8 20 -5 -1 21 12 16 13 19 -7 -10 48 -18 -16 -9 -2 22 46 24 25 -24 -27 -20 -8 -12 -17 -29 -33 36 35 -35 39 -38 55 47 -41 -22 -43 44 45 -15 -4 -3 -11 -14 -44 -52 53 -6 -32 -39 57 -54 59 -58 61 -60
right_child=2 33 3 4 52 14 28 10 15 11 29 -13 49 43 18 30 17 -19 27 -21 41 -23 23 -25 -26 26 -28 31 -30 -31 54 32 -34 34 -36 -37 37 38 -40 40 -42 42 50 -45 -46 -47 -48 -49 -50 -51 51 -53 56 -55 -56 -57 58 -59 60 -61 -62 -63
leaf_value=-0.055939853042276555 0.037625514740620494 0.019487185101939461 -0.0085810352279892671 0.011744024901298496 -0.084720737077097763 0.025877230040604479 0.012334796006756165 -0.11927229144229481 -0.0018430342076879093 -0.12411401609103195 -0.080164123160569478 0.028702970617284464 -0.11359159860808493 0.037999182587599122 0.01101603319847946 -0.020370328240560939 -0.1048865607884501 0.037454874962008278 -0.052832949824516695 -0.0022859031622413082 0.022447127678044135 0.005249967309529445 0.058296804593843003 -0.11810961735148165 -0.11227291584758559 0.057008594370257987 -0.10720630516905122 0.013915748675720502 -0.10727121292663128 -0.02313142067642672 0.111429592300617 0.043730079558391359 -0.018530411682623146 -0.1017540242523729 0.062897784410094346 0.038111627074922966 0.039409676680457292 -0.013869652579099291 0.01773696692201706 -0.012437352553431499 0.017528973955299201 -0.13764967748774554 -0.14498086795243351 -0.013655622583221592 -0.097055825756462571 -0.08892008882266389 0.021323750677019894 -0.074352333000701099 0.01681983073942564 0.027410128000116826 0.071880695819405926 -0.11203338386301583 -0.10996368611711023 0.065810888297059306 -0.031622440568891484 -0.10960724693419571 -0.099309211839397796 0.039744180316727017 -0.099042895947996992 0.032933742585062202 0.012399611728281315 -0.0027530013098330673
leaf_weight=67.957682527252473 177.25611083302647 3.6645878695417187 28.203602657653391 170.25293718720786 1.5658344838302571 27.283882070798427 956.99242615024559 2.5710575855337074 54.728298332192935 1.2077485667541648 9.6602161356713605 224.73658732441254 1.153050910681485 6.3667453764937818 49.029148910893127 278.09556665120181 6.8278647200204432 2.5719717945903522 22.562296054093167 942.56523521163035 575.21042179386131 1017.3599264479708 6.6949723637662855 4.86617537587881 2.9142652316950253 3.1355815813876706 4.989086729940027 26.473753746366128 1.9889183593913902 87.453984157298692 1.0049212907906611 10.805854389211161 605.43081840930972 2.6280744634568718 16.406270897481591 4.1622789918910712 42.6244887560606 21.112168203108016 55.725276193814352 69.36629238515161 53.027037746272981 1.8820732901804138 0.85166419204324473 460.06346029788256 10.117131592007352 2.1020699921064097 361.16681564669125 8.9512545177713019 21.838547022081912 47.617283759638667 3.566952551715076 1.1611464163288472 3.2377608481328926 13.14792186161503 931.433200343512 2.5011661937460294 4.6805280665867022 47.253518839832395 3.4744196548126629 2.6090227020904422 355.14262622105889 38.918136744759977
leaf_count=63371 469 726 389 7293 168 2522 15589 120 17936 41 2577 1855 135 229 8823 111076 129 14 14789 51805 3452 39954 34 112 78 44 174 4543 35 22060 366 2078 163212 100 127 46 1338 1623 2804 12380 1868 114 65 61592 1024 286 3556 1434 159 2270 13 35 348 267 561532 425 346 469 250 17 10674 982
internal_value=-0.000163812 -0.0198458 0.00809041 0.00372512 -0.00156844 -0.0237291 0.0179858 -0.00534179 -0.0291846 0.0106616 -0.00719498 0.0235172 -0.00576984 -0.0067922 -0.0139213 -0.0277476 -0.012402 -0.0659393 -0.0154415 -0.00260414 0.0254299 0.00834851 0.0160003 -0.0383957 -0.0165222 0.00230701 -0.0438303 -0.0173913 0.0120867 -0.0288046 -0.0289187 -0.0161471 -0.0174387 0.00891257 0.039796 -0.0160207 0.00612476 0.0172286 0.00531183 -0.00390609 0.00054559 0.0217199 -0.0343393 -0.0150619 -0.0498716 0.00649617 0.0191576 -0.0470943 0.00943415 0.0240765 0.000507702 0.0267143 0.0123995 0.0497913 -0.0314683 -0.0240103 0.0111911 0.0301441 0.00882722 -0.0519778 0.0099422 -0.0106448
internal_weight=7970.35 2354.97 5615.38 3896.47 2209.95 2074.81 1718.91 1739.92 1333.22 1686.51 1569.67 257.183 1472.56 1423.79 741.586 1265.26 32.4461 9.39984 714.302 945.136 759.928 1429.33 411.97 22.6001 17.7339 14.8196 8.12467 665.273 958.981 97.1142 1210.53 642.71 616.237 280.169 23.1966 6.79035 256.972 121.963 79.3386 135.009 122.393 582.672 7.46184 478.649 18.5859 8.46882 389.37 12.6158 23.0463 48.7703 5.57976 4.7281 470.03 14.7138 932.438 23.6133 455.316 50.4913 404.825 7.28955 397.535 42.3926
internal_count=1202342 973119 229223 209451 162912 950248 19772 149391 754281 46539 142098 2198 117461 115056 195967 690910 343 143 193445 51925 4148 44341 4387 442 330 252 218 184622 15624 24637 672974 169833 165290 22871 273 146 22598 6190 4852 16408 14248 3679 227 63131 1539 515 3945 2160 200 2405 113 48 13521 435 561898 2048 13086 817 12269 363 11906 1232
is_linear=0
shrinkage=0.05


Tree=31
num_leaves=63
num_cat=0
split_feature=21 19 2 19 21 8 10 1 1 14 4 2 2 17 2 2 4 17 12 6 10 8 4 8 1 14 19 6 19 9 12 21 4 19 4 17 8 4 17 4 19 14 6 14 17 1 4 2 17 4 4 4 1 7 6 8 4 2 2 17 19 19
split_gain=474.693 104.813 94.7384 55.8025 41.7431 38.2505 31.1186 25.6314 21.8216 19.7529 14.6846 13.9675 13.8747 13.1635 12.9214 15.0665 17.1697 19.6341 18.492 12.514 18.979 15.4683 25.8904 15.2124 12.4946 12.4745 12.3658 12.1131 11.9857 27.0718 16.5597 15.2976 11.9848 11.6645 11.5024 11.2404 17.3153 31.4124 19.6731 16.188 11.7537 15.476 25.5999 13.3884 23.5345 12.6161 12.5291 16.9735 11.0532 14.8883 13.8949 12.7387 10.8959 10.205 9.88005 12.0283 9.79617 12.6639 10.4778 10.1856 9.69755 9.64714
threshold=2.5000000000000004 4.6272630691528329 4.5000000000000009 4.6272630691528329 1.5000000000000002 1.0000000180025095e-35 60.000000000000007 0.014599318150430919 0.012739370577037336 60.000000000000007 10.500000000000002 54.500000000000007 3.5000000000000004 2.5000000000000004 6.5000000000000009 18.500000000000004 83.500000000000014 4.5000000000000009 14.500000000000002 11.500000000000002 7.5000000000000009 4.5000000000000009 14.500000000000002 5.5000000000000009 0.0078432578593492525 1.5000000000000002 23.028923988342289 18.500000000000004 5.022111415863038 0.012579114176332952 1.0000000180025095e-35 3.5000000000000004 12.500000000000002 12.204118251800539 1.5000000000000002 2.5000000000000004 1.0000000180025095e-35 21.500000000000004 5.5000000000000009 22.500000000000004 10.306714534759523 16.500000000000004 6.5000000000000009 13.500000000000002 3.5000000000000004 0.012579114176332952 23.500000000000004 16.500000000000004 2.5000000000000004 9.5000000000000018 20.500000000000004 1.0000000180025095e-35 0.014815627597272398 0.013986697886139156 6.5000000000000009 1.0000000180025095e-35 11.500000000000002 12.500000000000002 29.500000000000004 1.5000000000000002 30.30601787567139 36.242588043212898
decision_type=2 2 2 2 2 2 2 2 2 2 2 2 2 2 2 2 2 2 2 2 2 2 2 2 2 2 2 2 2 2 2 2 2 2 2 2 2 2 2 2 2 2 2 2 2 2 2 2 2 2 2 2 2 2 2 2 2 2 2 2 2 2
left_child=1 4 5 6 9 13 10 33 56 -1 -4 -11 -6 -2 48 -16 17 18 -17 20 53 22 -21 -23 -13 -9 -3 -14 34 31 -31 -30 -20 -7 -27 -5 37 -37 39 -39 41 43 -43 46 45 -45 -38 -48 50 51 -10 -50 -32 -12 55 -22 57 -8 -58 -59 -28 -35
right_child=2 26 3 35 12 7 8 25 14 11 19 24 27 -15 15 16 -18 -19 32 21 54 23 -24 -25 -26 28 60 -29 29 30 52 -33 -34 61 -36 36 40 38 -40 -41 -42 42 -44 44 -46 -47 47 -49 49 -51 -52 -53 -54 -55 -56 -57 58 59 -60 -61 -62 -63
leaf_value=-0.055560611633193348 0.047409828022336099 0.0063303687815469915 0.012425633546032943 0.026425961305096609 0.015161974249642718 -0.00020021517085866888 -0.058868116461784505 0.040900208213688886 0.016528252992704332 -0.014301870385973912 -0.069706018383771537 -0.032520585935200359 -0.052152844899781885 0.024835531135102958 0.0095018838054877208 -0.10366830197991335 0.036947689870822163 0.0039970117818714096 -0.050413080631478806 -0.10624749882707774 0.023862189542497025 -0.10167371237795574 0.036547350984901743 0.0043710827625249296 -0.020092098508570282 0.023778131832694008 0.051777051936935971 -0.014029090478995249 0.016592724547267679 -0.12229482081195325 -0.10698310376459393 -0.11671870874475335 -0.010522527822613264 0.028151471174643679 0.013210066513076428 -0.11403439256652544 0.01467916018956732 0.081020135139565297 0.027150894783297869 -0.11859445898624388 0.016274093930161156 -0.099456281041893121 0.02433012980674662 -0.094257260285664501 -0.10265886035803046 0.058741515093036351 -0.11439946929925947 -0.0099511612808642017 0.0097578809020818311 -0.005306844137085996 -0.11241995760158147 -0.077732855778313834 0.01610159965956072 0.0011293989772214277 -0.015441098539920034 -0.071676815584395245 -0.0023964141822305288 0.01954831428129555 -0.015200228824654355 -0.027505935065368994 -0.10009151565622117 -0.098177794827730591
leaf_weight=64.061584019276779 115.35106198675931 258.01014293730259 447.9741556677036 138.9504396347329 39.754418169148266 345.01851020893082 23.451724629849195 55.952990175224841 26.679608776001263 182.16046619717963 5.1541954819113007 779.71325387631077 21.502708858461119 146.71429222961888 373.14417069917545 7.1054960167966774 20.819094715639949 113.87331996532157 24.900185303762555 3.3387814504094413 4.0001535820774761 3.417889022268354 64.451557977125049 321.13332893315237 273.03107886074577 489.89104572241195 21.992507290793586 671.42461705167079 3.0612553530372661 2.327028631232678 1.8427432123571623 7.2445053760893643 77.228316538734362 53.498926795553416 542.72211129055358 7.5474961991421869 62.495863736607134 1.2897416036576057 19.118087171111256 4.7794520356692374 600.73967271368019 4.372629316058009 93.20528071327135 1.8189233250450367 9.144383969716726 5.197384936735034 4.1329268966801456 66.075020311633125 5.2548272646963623 25.43989779939875 2.2666105742100617 19.977309932350181 74.097401842474937 376.36405242758337 53.518641742761247 18.674250030657277 286.58681212109514 15.382517126388846 361.12135751126334 45.575497868470848 1.1039159088395525 1.5551606668159355
leaf_count=63361 248 22747 6626 2059 2443 8618 1885 264 423 78547 490 501216 14802 708 11600 420 962 8212 2090 93 129 329 1004 20126 111061 2658 217 178669 54 51 49 237 5677 484 6035 217 1326 4 302 282 9879 460 3992 158 838 39 338 2825 92 934 135 1006 602 17881 6232 2952 24770 935 65121 6333 56 39
internal_value=-9.86345e-05 -0.0191476 0.00778959 0.00322629 -0.0231069 0.0170828 -0.000504153 0.0141436 -0.00559518 -0.0284896 0.00509981 -0.0270853 -0.0135641 0.0347719 0.000739108 0.00318504 -0.00647809 -0.0105303 -0.0256747 0.00123913 -0.00437756 0.00779165 0.0295145 0.00325431 -0.0292972 0.0178595 0.00946799 -0.0152121 0.0167097 -0.000941755 0.00908888 -0.0771195 -0.0202483 0.0032102 0.0182238 0.0132102 0.0111233 -0.0245587 0.00225319 -0.0761751 0.012502 0.00330695 0.0187831 -0.00683734 -0.0498058 0.0190778 -0.00160463 -0.0160997 -0.0182178 -0.0322983 0.00643107 -0.0595121 0.0131149 0.000172434 -0.0271605 -0.0548221 -0.0116229 -0.0276444 -0.00953502 -0.015632 0.0445183 0.0245829
internal_weight=7897.73 2312.75 5584.98 3745.7 2031.65 1839.28 2726.83 1577.21 1428.81 1298.97 1298.03 1234.9 732.682 262.065 696.689 617.071 243.926 223.107 109.234 850.053 457.711 392.342 67.7903 324.551 1052.74 1177.14 281.107 692.927 1121.19 88.5729 78.2672 10.3058 102.129 400.073 1032.61 1018.87 879.917 32.7348 25.1873 6.06919 847.182 246.442 97.5779 148.865 16.1607 7.01631 132.704 70.2079 79.6183 50.672 28.9462 25.2321 75.9401 381.518 76.193 22.6744 732.118 84.4097 647.708 60.958 23.0964 55.0541
internal_count=1202342 973119 229223 209176 950099 20047 186457 19091 130595 754185 55862 690824 195914 956 31551 28961 17361 16399 8187 49236 27684 21552 1097 20455 612277 9950 23020 193471 9686 993 702 291 7767 9141 8693 22719 20660 805 588 286 19855 9976 4452 5524 1035 197 4489 3163 2590 2032 558 1098 651 18371 9313 3081 99044 9153 89891 7268 273 523
is_linear=0
shrinkage=0.05


Tree=32
num_leaves=63
num_cat=0
split_feature=21 19 3 16 19 21 8 8 19 3 0 0 0 14 4 6 0 6 4 16 4 16 14 16 16 1 12 19 0 16 8 4 16 16 0 21 0 16 16 19 19 3 3 10 19 4 3 12 4 16 8 0 3 16 6 8 19 6 19 14 19 11
split_gain=450.048 96.985 88.5062 52.9583 52.5549 34.8716 32.3807 21.9638 22.1445 19.7988 19.1646 16.4577 16.2271 15.7734 15.6326 14.8652 14.5467 20.3193 16.9443 14.3112 15.2358 22.679 14.1187 13.6333 20.4619 16.1647 16.0765 13.4238 12.3309 12.1124 11.9372 11.8931 16.6669 37.6371 27.8182 14.2366 32.8439 12.1549 11.7206 10.9932 13.3439 10.9391 10.9378 11.4619 10.7143 19.8639 10.6274 10.4806 10.4759 13.5795 15.9913 10.2306 10.228 11.4289 10.0912 11.9375 10.0792 9.96132 9.89634 9.65425 11.2022 10.9202
threshold=2.5000000000000004 4.6272630691528329 0.015749008394777778 69.500000000000014 4.6272630691528329 1.5000000000000002 13.500000000000002 1.0000000180025095e-35 23.028923988342289 0.013245614245533945 2.5000000000000004 31.500000000000004 100.00000000000001 2.5000000000000004 88.500000000000014 1.5000000000000002 29.500000000000004 18.500000000000004 2.5000000000000004 36.500000000000007 18.500000000000004 81.500000000000014 60.000000000000007 78.500000000000014 70.500000000000014 0.011428944766521456 5.5000000000000009 33.991844177246101 3.5000000000000004 38.500000000000007 7.5000000000000009 5.5000000000000009 34.500000000000007 27.500000000000004 5.5000000000000009 3.5000000000000004 7.5000000000000009 1.5000000000000002 69.500000000000014 10.594813346862795 40.488258361816413 0.012121656909585001 0.009569597430527212 4.5000000000000009 6.0646126270294198 9.5000000000000018 0.012422839645296337 15.500000000000002 98.500000000000014 49.500000000000007 18.500000000000004 4.5000000000000009 0.016261236742138866 53.500000000000007 2.5000000000000004 8.5000000000000018 23.028923988342289 60.000000000000007 6.0227477550506601 7.5000000000000009 6.110328435897828 0.014599318150430919
decision_type=2 2 2 2 2 2 2 2 2 2 2 2 2 2 2 2 2 2 2 2 2 2 2 2 2 2 2 2 2 2 2 2 2 2 2 2 2 2 2 2 2 2 2 2 2 2 2 2 2 2 2 2 2 2 2 2 2 2 2 2 2 2
left_child=1 3 4 5 6 22 12 8 -4 11 19 29 -2 15 42 -12 31 18 -18 -9 30 -22 -1 24 38 -26 -27 58 -7 -8 47 35 33 34 -33 36 -15 51 -11 -32 -41 54 -14 -44 -34 -46 -24 59 49 -13 -51 -37 -19 -54 -16 -56 -3 -50 -6 -21 61 -61
right_child=2 56 7 -5 27 28 9 10 -10 23 13 48 14 16 41 -17 17 52 -20 20 21 -23 46 -25 25 26 -28 -29 -30 -31 39 32 44 -35 -36 37 -38 -39 -40 40 -42 -43 43 -45 45 -47 -48 -49 57 50 -52 -53 53 -55 55 -57 -58 -59 -60 60 -62 -63
leaf_value=-0.055083717292966516 0.0096763606028332158 0.0056119460553367964 0.035549250022889479 -0.00073946095477481677 0.041045114246148123 0.019243885477340537 -0.011083765547325611 0.027771985081049961 -0.104067000701071 0.0018662725806400209 -0.14660853161688422 -0.025372643843311948 0.034950951294742065 0.011436207353564459 -0.029966837355710482 0.040719440488997422 -0.14128089295693033 -0.096616376304284685 0.015736925290143151 0.028884636840342044 -0.13378940529214389 0.068947868668365372 -0.030646377013592421 0.043006703939143957 0.0092791839780386604 0.051102273142576926 -0.12209830638592761 0.030069552780779038 -0.017682110290760947 0.0034159895571414926 0.023638788582104577 -0.12477861824557453 0.013963760430745129 -0.11900917565028682 0.011798220904944956 0.0087017976173910366 -0.090905651065284865 0.024749300139927159 0.050148421200374743 -0.10803318214435922 0.07879940964292359 -0.11987304199877874 0.0095883648113969204 -0.10584946792159736 0.019341056863680844 -0.11110569755770219 -0.0043435875505782907 -0.13770853910770517 -0.0097853968727283774 0.035913583619391461 -0.01255509365043927 -0.072475061602015417 -0.10983679536761742 0.024215487870230718 0.006265233241476079 -0.03946683667265749 0.039286678471227715 0.026880808171775523 0.010679387450045366 0.032382815171470299 -0.11065519577927763 -0.018969406284384666
leaf_weight=57.562180462118704 998.21836287085898 262.30842468258925 205.81172532774508 242.700690468424 27.58181883348152 23.471781624713913 236.54700023005717 386.19507007068023 2.8798412829637519 758.21529984951485 1.0843574814498413 245.20777402201202 31.982747934060171 39.618425134569407 51.642699463060126 45.330650330055505 1.8404200496152068 9.9969194228760916 25.865326195955276 21.893513923045248 4.0685485191643229 2.0870125293731689 1023.8085646447726 20.298622925998643 6.1373629872687188 1.598626944236458 8.274366414174434 107.72145838127472 614.69794768356951 368.24882244225591 175.83819174626842 4.2425621836446217 94.041426521958783 9.0773032498545927 30.760297782719135 11.322842344641687 9.7734128134325129 188.60246014595032 12.781399455852805 3.3156615574844173 1.3427006965503094 2.4001429141499093 7.3803458753973246 3.0344049287959916 6.8371929763816279 5.0916548543609679 39.899490675656125 1.3911044038832177 64.083409865619615 19.470764744328335 135.07525332318619 5.9056581091135731 2.3403966180048874 4.9590260600671172 75.32038854341954 17.604871278395876 24.27722182602156 26.054844202240929 986.51964065991342 14.110421620309351 2.6488996627740553 38.874059131368995
leaf_count=61193 18168 22747 653 45829 789 2364 21478 1861 31 26691 25 48917 1692 555 4381 281 56 1052 386 104 202 3 641620 265 267 15 486 563 183267 22805 1213 162 1665 371 529 72 549 1256 172 73 6 231 210 505 77 206 15826 40 13500 745 17576 106 299 145 8019 5278 273 1685 22418 79 42 268
internal_value=-7.47793e-05 -0.0187402 0.00759688 -0.0226343 0.00401851 -0.0256545 0.000652801 0.018701 0.0336226 -0.00339194 0.0159896 -0.0077728 0.00713072 0.0085907 -0.0062883 0.036343 0.00572995 -0.0212394 0.00530664 0.021628 0.0126934 -0.0650523 -0.0309649 0.0025484 0.00150489 -0.0544424 -0.0940538 0.0132879 -0.016324 -0.00225514 0.0145382 0.00872466 -0.00244616 -0.0282836 -0.00475573 0.0152922 -0.00881469 0.021077 0.00266668 0.0216304 -0.0541816 -0.0140043 0.0204588 -0.0240452 0.00830137 -0.0363382 -0.0296598 -0.00168248 -0.0145846 -0.0180566 -0.00644868 -0.0191243 -0.0637616 -0.0187654 -0.0122467 -0.0023988 0.0084646 0.000813125 0.0115053 0.000758305 -0.0103103 -0.00529368
internal_weight=7857.27 2288.73 5568.55 2002.14 4211.4 1759.44 3089.58 1357.15 208.692 1901.99 1148.46 1094.69 1187.58 496.69 189.366 46.415 450.275 45.0021 27.7057 651.765 265.57 6.15556 1121.27 807.306 787.007 16.0104 9.87299 1121.82 638.17 604.796 259.415 405.273 150.05 44.0802 35.0029 255.223 49.3918 205.831 770.997 180.497 4.65836 146.968 42.3975 10.4148 105.97 11.9288 1063.71 78.918 489.892 399.754 154.546 17.2285 17.2963 7.29942 144.568 92.9253 286.586 90.1383 1014.1 77.5269 55.6334 52.9845
internal_count=1202342 973119 229223 950099 216856 904270 193086 12367 684 154602 11683 126706 38484 7792 20316 306 7486 1938 442 3891 2030 205 718639 27896 27631 768 501 23770 185631 44283 1825 5548 3010 1062 691 2538 1104 1434 26863 1292 79 17909 2407 715 1948 283 657446 533 82423 67238 18321 178 1496 444 17678 13297 23020 15185 23207 493 389 347
is_linear=0
shrinkage=0.05


Tree=33
num_leaves=63
num_cat=0
split_feature=0 19 3 10 3 19 3 16 10 16 10 13 16 0 0 19 1 0 19 4 19 16 16 3 3 16 3 4 4 10 12 0 3 14 19 0 8 10 16 16 0 3 6 16 16 7 0 3 6 11 16 16 5 16 0 0 3 3 4 16 0 19
split_gain=355.802 140.272 76.6799 68.0464 52.1165 39.8868 33.1969 32.7688 24.0396 23.2486 17.6773 24.5382 15.1857 14.3757 13.5495 13.1874 20.5246 12.5844 10.6968 12.3035 12.4704 18.4359 12.7348 16.1945 11.3522 10.6931 12.6997 11.6818 20.948 12.2108 17.4927 11.1744 11.1176 10.5332 10.4771 10.4199 10.3364 10.5041 16.7097 17.14 23.5119 16.5892 26.4966 14.7465 14.4497 12.8977 13.0433 16.3178 12.4606 17.1814 11.6879 31.1918 13.3758 12.0445 10.9812 10.6412 11.0469 10.4528 12.8746 10.1864 10.8115 10.1693
threshold=29.500000000000004 4.850494623184205 0.015749008394777778 60.000000000000007 0.0086581707000732439 4.6272630691528329 0.010929288342595102 52.500000000000007 1.5000000000000002 79.500000000000014 1.5000000000000002 0.014599318150430919 29.500000000000004 30.500000000000004 84.500000000000014 11.483613014221193 0.016001024283468727 85.500000000000014 33.991844177246101 1.0000000180025095e-35 7.0164742469787607 55.500000000000007 78.500000000000014 0.015504807699471714 0.015038444194942715 30.500000000000004 0.0083683477714657801 7.5000000000000009 12.500000000000002 1.5000000000000002 3.5000000000000004 22.500000000000004 0.0080322581343352812 4.5000000000000009 10.891676902770998 16.500000000000004 15.500000000000002 11.500000000000002 27.500000000000004 37.500000000000007 1.0000000180025095e-35 0.012903762981295587 12.500000000000002 72.500000000000014 38.500000000000007 0.013793759513646366 7.5000000000000009 0.012903762981295587 7.5000000000000009 0.015038444194942715 63.500000000000007 48.500000000000007 0.012121656909585001 54.500000000000007 3.5000000000000004 4.5000000000000009 0.014185110572725536 0.013793759513646366 19.500000000000004 75.500000000000014 7.5000000000000009 10.891676902770998
decision_type=2 2 2 2 2 2 2 2 2 2 2 2 2 2 2 2 2 2 2 2 2 2 2 2 2 2 2 2 2 2 2 2 2 2 2 2 2 2 2 2 2 2 2 2 2 2 2 2 2 2 2 2 2 2 2 2 2 2 2 2 2 2
left_child=2 3 5 12 7 6 25 14 -8 -6 11 -4 -2 -3 -5 -13 -17 -9 19 61 21 -21 -22 34 -23 26 32 -27 31 -30 -31 -29 -1 -15 35 -24 37 38 48 40 -40 54 50 -39 -44 -42 -47 -48 49 -10 51 52 -43 -53 -41 -55 -57 58 -51 60 -38 -7
right_child=1 13 10 4 9 18 8 17 36 -11 -12 15 -14 33 -16 16 -18 -19 -20 20 22 24 23 -25 -26 27 -28 28 29 30 -32 -33 -34 -35 -36 -37 59 43 39 41 45 42 44 -45 -46 46 47 -49 -50 57 -52 53 -54 55 -56 56 -58 -59 -60 -61 -62 -63
leaf_value=-0.017221916913630002 0.010354380439183188 -0.093985669655549275 -0.13246077753955568 -0.024259397942913003 -0.013086036821787467 -0.1140280658783569 0.020549883551372241 -0.0050382573774865802 -0.073003801924852132 0.021997570405731172 0.016428626436890661 0.033007543055242963 -0.0071025715443469159 0.016089451040230414 -0.036454753806274172 -0.11337636635882008 0.022983992400356382 -0.022666851038212282 0.032083815739062653 -0.093431684219499378 0.013382730755715442 0.047591832754112606 -0.11519420650481987 0.079385235342895988 -0.099023332177386236 0.015971959792010187 -0.043410566625806356 -0.096482636359055685 -0.11127805417188555 0.038628902117215182 -0.0084125646310405158 0.0043500070761123841 0.039718629831967757 0.0036109515625050541 -0.10231430456630793 0.03786327474647691 0.0048722422505835701 0.016650163980256587 0.052811586265534893 -0.11073135474187122 -0.10651734622203977 -0.11302073884538243 0.030265073159643354 -0.1162229277715498 -0.11418347081098944 -0.071256752573007745 -0.10567439700404797 0.0062370191564620992 0.03263596178615797 -0.11257808564071362 0.031053221518855124 -0.11397356450711736 0.014743719490242694 -0.11617259879715534 0.034443565533817166 -0.11058489220296218 0.018773713877748385 0.02186423326841817 0.016213607096671825 0.028057593375767804 -0.0059410940068784779 -0.0091685948083586235
leaf_weight=65.371617187163793 176.18719371163752 3.4650039640255264 2.3128824960440388 364.43579476280138 761.168725009833 3.1495989989489308 225.25235449604224 177.99070150800981 7.0695536620914927 50.34328031190671 955.64748499263078 316.00447577843443 425.28408039419446 264.05756492796354 607.29758292844053 3.9540206049568942 9.1347999712452275 234.76534108392661 87.778689099475741 2.5709007726982227 524.76904791616835 50.369496687781066 1.5800858791917543 2.5658882390707722 1.3558077551424492 55.752589282346889 44.672279089223593 10.069392482982947 2.7370052132755509 21.208527809008956 289.78278600610793 3.7787622460164121 9.8663455527275783 470.32977743295487 6.4161319816485047 3.7534013176336884 422.02509607397951 265.61161425570026 7.2615899904631069 1.3475259011611331 6.9952902183867982 2.129894316662102 2.1933048889040938 2.1046582916751495 8.219187568407504 14.081252594012765 3.8526800652034607 21.075902604032308 61.93783664307557 3.5230082375928751 23.309996854513884 7.3026696690358248 53.616474807262421 2.995012253522872 39.055683338548988 2.0934045133180899 7.7989405361004174 37.284156593959779 4.319623454939574 31.056382111273706 511.10606378316879 8.6958044543862325
leaf_count=20796 16628 249 72 161709 172927 113 1725 45321 191 1688 9536 1012 54716 8787 443274 79 36 116081 421 193 8528 642 89 11 62 2704 6050 1531 219 263 47678 408 688 27357 248 71 12221 4321 36 53 275 106 15 88 313 354 162 332 571 110 201 234 575 74 490 77 83 295 55 613 28480 105
internal_value=-4.97813e-05 -0.0117744 0.00968511 -0.0168894 -0.0209705 0.00526871 0.00207314 -0.0268677 0.00528746 -0.0109096 0.0198794 0.0298299 -0.00198896 0.00761835 -0.031881 0.0309705 -0.0182093 -0.015065 0.0157723 0.0134066 0.0144138 0.0372534 0.0121134 -0.0344151 0.0437488 -0.00926185 -0.0222933 -0.00518544 -0.00878637 -0.0061299 -0.0052045 -0.0689683 -0.00975501 0.00809774 -0.0592668 -0.00748116 0.00306856 0.00831075 0.00215903 -0.00643537 -0.0308014 0.00221368 -0.00787728 0.0156056 -0.0837566 -0.0439991 -0.0327882 -0.0110587 0.0174699 -0.000526697 8.36408e-05 -0.00942301 0.00986224 -0.0626712 0.0296017 -0.0336005 -0.00860098 0.0108276 -0.0416412 -0.000113 -0.00105057 -0.0370499
internal_weight=7793.24 3535.33 4257.92 2797.47 2196 2970.86 2277.86 1384.49 1774.62 811.512 1287.05 331.406 601.471 737.852 971.733 329.093 13.0888 412.756 693.005 605.226 593.381 54.2962 539.085 14.3155 51.7253 503.239 119.91 383.329 327.576 313.728 310.991 13.8482 75.238 734.387 11.7496 5.33349 1549.37 585.179 317.463 203.329 53.2667 150.062 109.659 267.716 10.4125 46.0051 39.0098 24.9286 114.134 52.1963 99.2464 75.9364 55.7464 20.19 40.4032 12.8874 9.89235 45.1268 7.84263 964.188 933.131 11.8454
internal_count=1202342 1048737 153605 1012344 941000 142870 132387 766385 52050 174615 10735 1199 71344 36393 604983 1127 115 161402 10483 10062 9844 897 8947 419 704 80337 27534 52803 50099 48160 47941 1939 21484 36144 408 160 50325 9011 4602 3380 1159 2221 1678 4409 328 1123 848 494 1222 651 1350 1149 681 468 543 234 160 460 165 41314 40701 218
is_linear=0
shrinkage=0.05


Tree=34
num_leaves=63
num_cat=0
split_feature=21 2 19 16 19 8 10 2 1 16 1 17 16 14 14 1 2 1 16 2 17 1 8 2 17 2 16 1 17 12 12 8 21 21 16 16 17 10 16 2 17 19 8 15 19 19 14 1 19 16 12 19 19 21 19 14 19 16 3 12 8 6
split_gain=402.143 82.5184 80.1404 46.6718 41.2382 34.6304 26.1948 24.5923 20.0176 19.2088 17.585 17.0182 21.3002 16.8172 17.579 16.7402 15.3098 20.9041 16.4075 15.3541 30.4181 13.8806 13.5296 13.1907 27.8816 20.7305 16.474 14.4198 12.6638 12.0885 11.9002 11.4479 18.3018 11.4039 11.6692 11.3572 10.5532 10.089 25.2503 10.0599 9.91844 10.0004 13.9642 31.4047 10.2135 10.4278 15.761 23.8475 18.2366 11.9022 25.7215 21.3666 9.75475 10.5052 16.6346 9.64051 9.62574 11.1695 16.5701 9.55919 15.2594 16.0643
threshold=2.5000000000000004 4.5000000000000009 4.6272630691528329 56.500000000000007 4.6272630691528329 1.0000000180025095e-35 60.000000000000007 21.500000000000004 0.015749008394777778 54.500000000000007 0.0077221228275448093 4.5000000000000009 75.500000000000014 3.5000000000000004 5.5000000000000009 0.012739370577037336 6.5000000000000009 0.014185110572725536 53.500000000000007 18.500000000000004 4.5000000000000009 0.010152545757591726 17.500000000000004 52.500000000000007 1.5000000000000002 58.500000000000007 38.500000000000007 1.0000000180025095e-35 2.5000000000000004 6.5000000000000009 60.000000000000007 13.500000000000002 3.5000000000000004 1.5000000000000002 65.500000000000014 35.500000000000007 7.5000000000000009 6.5000000000000009 37.500000000000007 5.5000000000000009 2.5000000000000004 31.480008125305179 1.0000000180025095e-35 0.014599318150430919 6.0227477550506601 8.7831611633300799 9.5000000000000018 1.0000000180025095e-35 7.9491722583770761 68.500000000000014 13.500000000000002 7.5697588920593271 16.962289810180668 1.5000000000000002 14.830810546875002 60.000000000000007 6.8902804851531991 78.500000000000014 0.0070672258734703073 60.000000000000007 15.500000000000002 18.500000000000004
decision_type=2 2 2 2 2 2 2 2 2 2 2 2 2 2 2 2 2 2 2 2 2 2 2 2 2 2 2 2 2 2 2 2 2 2 2 2 2 2 2 2 2 2 2 2 2 2 2 2 2 2 2 2 2 2 2 2 2 2 2 2 2 2
left_child=2 5 3 7 6 28 23 -1 13 15 55 39 -13 -7 21 -8 17 -17 19 -18 30 -15 -12 -3 -25 27 -27 -26 -2 -19 -21 -22 -33 34 -5 -10 -35 38 -37 -11 -6 42 43 -42 -44 46 47 48 -46 51 -51 -48 53 54 -4 -9 57 58 -55 -39 61 -61
right_child=1 4 52 33 40 8 9 10 35 11 22 12 -14 14 -16 16 18 29 -20 20 31 -23 -24 24 25 26 -28 -29 -30 -31 -32 32 -34 36 -36 37 -38 59 -40 -41 41 -43 44 -45 45 -47 49 -49 -50 50 -52 -53 -54 56 -56 -57 -58 -59 -60 60 -62 -63
leaf_value=-0.0076235866650289493 0.045781901752496114 0.0079245910316665894 -0.0044081610967294585 -0.02761095532103788 0.023837853444331286 0.028601790979856979 -0.01519785761413215 -0.054465360799402666 0.024529745570250238 0.046406385966215213 0.069232723446768216 -0.0069478146941794501 -0.10697310662502604 0.030864027732320942 0.0059517818034202502 -0.10221741350875323 0.0081910567836056564 -0.11816685950970354 -0.10571093711272811 -0.098640478885903965 0.041935293146285905 -0.11076028911949674 -0.020572415259368797 -0.045901117426274313 0.0089520337509538788 0.015596759984808584 -0.0083900580438303358 -0.1028543842595071 0.02327624214402399 -0.0085443172941388097 -0.030855882998072126 0.0038976886105813314 -0.10284719801146265 0.003348581998052685 -0.0074966451622148489 -0.12372914483666241 -0.044229396240318603 0.028833862032710978 0.0044585443340865684 0.0084865180790872682 0.010220223175953606 0.022983050155402321 0.044928864808239821 -0.11382320261589883 0.036157123192223126 0.010208153546310838 -0.070869535578381146 -0.11583700372838029 -0.12339297964069836 -0.10969030221094206 0.037029544395623441 0.0039590782207399346 0.026497391196132744 0.024247404132782507 -0.10936370939699019 -0.031231706332606676 0.0015089504385683453 0.050378653353839925 -0.097705835438007482 0.03592730864137935 0.012711413490492677 -0.12531992394872304
leaf_weight=156.74037832359318 111.51746256416664 943.34803172509419 120.12099188705906 112.73362182575511 140.50149649637751 85.323419097112492 496.53169084771071 47.160136429185513 419.52690358716063 18.750488112214953 4.241838880814611 109.73194800020428 5.5936804451048365 2.4843336595222336 692.02602460002527 7.9168550693429998 298.21895736979786 2.6612452081171787 3.5909540420398107 7.3980947141535571 18.309484480880201 5.6987548109609634 371.37112672824878 34.94091787666548 4.5491622737608832 148.57233661180362 138.12864888494369 7.8775511607527733 142.22056434908882 45.719598964322358 51.886468416312709 70.665826061042026 4.2574219591915599 191.4666495162528 200.08053798397304 3.9847095720469943 12.410481890779918 109.83694730745628 106.97649535303935 260.25953682488762 15.392885611858221 119.77952284924686 18.893816316034645 7.6326866284944108 8.0018974684644508 618.94975870335475 12.31400743848644 7.7037259140051892 2.3074208516627541 3.2803870849311343 33.417297352803871 42.345255877124146 50.827035248745233 13.55707054375671 3.8977171978913239 838.28129702922888 68.764195565134287 28.390196171123534 3.5055766673758617 2.4559869971126318 108.85000066994689 4.1624200846999875
leaf_count=31760 248 20727 15733 62807 2059 667 80167 55826 2360 188 209 10354 923 35 12932 611 9516 88 423 518 254 193 154285 9700 240 9010 15515 670 708 1498 6099 6433 339 30925 57445 56 3984 728 752 13184 403 708 541 364 199 12973 1434 613 257 360 804 2004 934 649 392 552858 4570 326 416 12 1238 118
internal_value=1.45461e-06 0.00725066 -0.0179443 -0.0216136 0.00299199 0.016051 -0.000277764 -0.026302 0.0132333 -0.00499806 -0.0286236 0.00435687 -0.0117994 0.00764408 0.00509029 -0.00866084 -0.00230424 -0.026899 0.000743416 0.00159152 -0.0113126 -0.067764 -0.0195582 0.00490102 -0.00363699 0.00129986 0.00404024 -0.0619244 0.0331674 -0.0145742 -0.0393147 0.00649325 -0.00216796 -0.00874871 -0.0147455 0.0190424 0.000452398 0.0121963 -0.000144783 0.0110349 0.011492 0.00954299 0.00745294 -0.0308986 0.00863475 0.00769322 -0.00653936 -0.0492849 0.000446786 0.00188886 0.0239143 -0.0128988 0.00661182 0.00236929 -0.00770675 -0.0324692 0.01331 0.0311635 -0.000808288 0.0182741 0.00822944 -0.0654836
internal_weight=7728.04 5504.49 2223.55 1934.49 3709.43 1795.06 2678.91 1417.79 1541.33 1401.49 1261.05 394.336 115.326 785.533 700.209 1007.16 510.625 56.2977 454.327 450.736 152.517 8.18309 375.613 1277.42 334.069 299.128 286.701 12.4267 253.738 48.3808 59.2846 93.2327 74.9232 516.691 312.814 755.793 203.877 336.267 110.961 279.01 1030.52 890.019 770.239 23.0256 747.214 728.32 109.37 18.013 10.3093 91.3569 36.6977 54.6593 289.063 238.236 124.019 885.441 114.217 45.4528 17.0626 225.305 115.468 6.61841
internal_count=1202342 229223 973119 950099 209176 20047 186457 794938 19091 130595 763178 24649 11277 13827 13160 105946 25779 2197 23582 23159 13643 228 154494 55862 35135 25435 24525 910 956 1586 6617 7026 6772 155161 120252 5264 34909 2904 808 13372 22719 20660 19952 767 19185 18644 5671 1069 456 4602 1164 3438 23020 22086 16125 608684 5961 1391 1065 2096 1368 130
is_linear=0
shrinkage=0.05


Tree=35
num_leaves=63
num_cat=0
split_feature=21 9 16 2 19 0 16 2 17 21 19 10 16 19 16 17 6 21 19 16 4 17 9 16 14 12 16 17 16 12 4 19 19 16 3 10 1 16 14 19 21 16 3 3 4 16 17 19 17 16 3 10 19 19 21 3 4 0 0 2 14 19
split_gain=394.372 103.765 73.9498 41.1212 31.9935 24.9796 23.6509 22.0875 19.8722 19.5922 25.5089 18.306 21.5764 18.1257 17.0146 15.889 15.8089 15.1816 15.0633 16.0117 15.4615 14.5695 14.1379 13.9941 13.6623 18.3701 12.7915 12.618 12.5238 23.8539 21.3206 11.9815 11.4436 12.4963 21.1459 16.3629 12.9248 11.9254 11.1793 11.9788 11.1009 16.5485 13.6401 11.4192 10.5371 13.333 12.6612 10.3517 10.2874 17.6986 12.3341 10.2573 21.3563 15.4542 14.2506 12.6097 10.2437 11.1017 9.5612 13.1319 9.79313 17.1616
threshold=2.5000000000000004 0.015268065501004459 49.500000000000007 2.5000000000000004 6.7531604766845712 17.500000000000004 73.500000000000014 15.500000000000002 3.5000000000000004 1.5000000000000002 10.499359607696535 1.0000000180025095e-35 70.500000000000014 14.401458740234377 45.500000000000007 1.5000000000000002 1.5000000000000002 1.5000000000000002 6.110328435897828 74.500000000000014 93.500000000000014 2.5000000000000004 0.014389234129339458 78.500000000000014 1.0000000180025095e-35 7.5000000000000009 69.500000000000014 1.5000000000000002 26.500000000000004 8.5000000000000018 4.5000000000000009 10.891671657562258 9.6362013816833514 68.500000000000014 0.0080322581343352812 6.5000000000000009 0.0071175277698785075 66.500000000000014 6.5000000000000009 5.9177558422088632 4.5000000000000009 45.500000000000007 0.011173533275723459 0.012903762981295587 1.0000000180025095e-35 49.500000000000007 2.5000000000000004 10.201904296875002 2.5000000000000004 16.500000000000004 0.013245614245533945 10.500000000000002 9.2217297554016131 7.891686439514161 5.5000000000000009 0.010582306887954475 16.500000000000004 64.500000000000014 54.500000000000007 7.5000000000000009 11.500000000000002 6.6491508483886728
decision_type=2 2 2 2 2 2 2 2 2 2 2 2 2 2 2 2 2 2 2 2 2 2 2 2 2 2 2 2 2 2 2 2 2 2 2 2 2 2 2 2 2 2 2 2 2 2 2 2 2 2 2 2 2 2 2 2 2 2 2 2 2 2
left_child=2 3 9 44 5 23 13 11 38 10 56 27 -13 17 24 40 -16 31 19 28 -21 -18 47 -5 25 -6 -15 -3 29 -7 -31 -4 33 35 -35 -23 -36 51 -8 -40 41 -9 -42 -44 45 -2 -47 -11 49 -32 -51 55 53 -53 -55 -37 -1 -58 -19 -60 61 -61
right_child=1 7 6 4 14 18 8 15 -10 22 -12 12 -14 26 16 -17 21 58 -20 20 -22 32 -24 -25 -26 -27 -28 -29 -30 30 48 -33 -34 34 36 37 -38 -39 39 -41 42 -43 43 -45 -46 46 -48 -49 -50 50 -52 52 -54 54 -56 -57 57 -59 59 60 -62 -63
leaf_value=0.010695364069368203 0.028187360531470737 0.048656590346416048 -0.020303664208368898 0.0017232918544280906 0.008686680088782919 0.027005963335796541 -0.10531341389168324 -0.11610271728311956 -0.0099719951468565729 -0.018308825504807155 0.024505229923388591 0.015585256221562989 0.044135261792417578 0.027494695377943842 -0.10692436400473211 0.01212314784638298 0.033284829883609902 0.0051092251118512524 -0.077292490214022347 0.023762828936028685 -0.06365248287217129 -0.10726785361829971 0.030812196644522206 0.03390111768801491 -0.00032852891490965311 -0.10644873827144233 -0.095856198841990259 0.026265436731186389 -0.011723509883544344 -0.10064986097193891 -0.053587695232658633 -0.10732699896462644 0.014687634313098755 -0.09054005699447383 -0.11222976209537294 -0.11589654419667106 0.037441040039620038 -0.11063478603734618 0.012251704075618805 0.051675745335989003 0.018120478843437468 0.00054834806350503894 -0.12121601269760307 0.023887452872493279 0.0098914370320250817 0.036219961895956755 -0.034509813970476533 -0.10690907104580027 0.0013377216557381936 -0.030531600682332429 0.045227282521426146 -0.071279501805063636 -0.11154371376597166 0.015791146669565059 -0.10006413352427493 0.054419090393870134 -0.020853810343515192 -0.035822941130717878 0.024110428746522816 0.054552402811372053 -0.016033536032918114 -0.11156380982596288
leaf_weight=13.801041634578722 173.86037825932726 90.344938034191728 356.90958495176164 1213.4927846766077 6.5666838870383799 65.369037131778896 1.863052054774015 6.4554932492319477 128.82506885111798 413.06844472390367 20.503129892982543 672.3988688592799 73.400903919246048 36.954475723439828 2.7198629756458095 411.85765268129762 83.404911461286247 117.74353409034666 7.698042237199842 61.590212439186871 5.5110725422855458 4.5721152755431822 14.739473854075184 34.756423290120438 156.29206485580653 7.3333821413107199 2.2284713061526409 207.25762305839453 806.60185111593455 5.9814442901406428 25.450900821015239 3.999627908691763 404.49013616377488 3.9607370072044423 1.5053747999481846 1.2109262580052007 34.486624054610729 2.7975864610634735 134.71449605905218 22.48350268881768 18.665590411284942 5.7470009822864085 3.7777232192456713 2.1149568865075707 615.81208503386006 9.8428739844821411 17.714297546539456 3.3232554807327679 155.23154975636862 10.554934938438238 10.942165392683817 7.2939608860760918 5.1288323649205259 38.089675400638953 2.8530711058992884 10.598678907845168 155.60519046627451 607.17033031652682 19.740895804483443 2.0484446762129647 122.50286713370588 6.4518258040770888
leaf_count=9666 949 165 181417 42442 100 2526 292 1301 18592 139271 906 5474 384 911 115 11815 951 15658 777 1981 1336 323 1431 434 4538 472 196 1114 101781 856 4386 619 6680 431 152 158 574 247 12247 496 425 657 132 20 8693 67 299 492 21267 2021 178 886 454 1436 181 100 77808 475491 1028 50 35754 1046
internal_value=0.000184283 0.00733896 -0.0177811 0.00313578 0.000562348 -0.00228414 -0.00735685 0.0185897 0.00462505 -0.025899 -0.0305434 0.0225787 0.0183951 -0.0125162 0.00940832 0.00931191 0.0133481 -0.0145703 -0.00758374 -0.00711598 0.0165834 0.013893 -0.0173124 0.00261926 -0.00455328 -0.0520563 0.0204793 0.0330628 -0.00858826 0.000657146 -0.0076172 -0.0212681 0.0107645 -0.00334114 0.0191141 -0.015708 0.031181 -0.00954929 0.0164473 0.0178904 -0.0221845 -0.0611636 -0.00281657 -0.0691366 0.0131384 0.0230658 -0.00924654 -0.019016 -0.00486485 -0.0253734 0.00803017 -0.00521028 -0.0145414 -0.00422749 0.00771784 0.0369554 -0.0319968 -0.0327693 -0.00556695 -0.0139059 -0.0196346 -0.0715322
internal_weight=7670.41 5485.74 2184.68 3993.71 3176.49 2403.18 956.466 1492.02 287.886 1228.21 797.08 1043.4 745.8 668.58 773.305 448.618 603.112 629.397 1154.93 1147.23 67.1013 600.393 431.131 1248.25 170.192 13.9001 39.1829 297.603 1080.13 273.53 208.161 360.909 516.988 112.498 39.9527 72.5448 35.992 67.9727 159.061 157.198 36.7608 12.2025 24.5583 5.89268 817.23 201.418 27.5572 416.392 202.18 46.948 21.4971 65.1751 53.3655 48.2367 40.9427 11.8096 776.577 762.776 268.488 150.744 131.003 8.50027
internal_count=1202649 229278 973371 207791 197783 179985 268306 21487 31627 705065 563871 7137 5858 236679 17798 14350 12688 235572 137109 136332 3317 12573 141194 42876 5110 572 1107 1279 133015 31234 28708 182036 11622 4942 1157 3785 726 3462 13035 12743 2535 1958 577 152 10008 1315 366 139763 27852 6585 2199 3215 2957 2503 1617 258 562965 553299 53536 37878 36850 1096
is_linear=0
shrinkage=0.05


Tree=36
num_leaves=63
num_cat=0
split_feature=21 8 16 2 16 16 5 16 21 19 19 16 15 5 6 2 21 12 5 10 13 7 10 1 21 19 0 1 3 1 16 5 19 16 12 2 8 16 8 16 10 5 1 0 2 0 19 16 15 19 19 15 1 8 11 6 16 21 12 12 6 5
split_gain=368.407 92.1606 68.9937 42.5258 26.7752 25.431 24.7891 20.1663 19.1127 21.758 16.7488 15.6039 15.1669 23.5611 15.7138 14.9744 14.2926 13.1023 12.6196 13.1715 27.1312 17.3298 12.2589 19.7469 12.2939 11.9567 13.251 26.1935 17.2894 11.8872 12.1824 19.3031 12.131 11.8167 15.6881 12.3801 12.8459 11.4352 11.3698 11.1881 11.6619 16.9017 17.3639 11.1486 14.1269 11.0498 11.0143 16.426 13.6933 10.9777 19.9381 12.0526 11.4557 10.8151 11.2711 10.5736 24.8045 18.798 11.6589 10.5645 10.4774 10.3383
threshold=2.5000000000000004 6.5000000000000009 49.500000000000007 9.5000000000000018 59.500000000000007 81.500000000000014 0.015504807699471714 73.500000000000014 1.5000000000000002 9.0757918357849139 14.401458740234377 85.500000000000014 0.013606071937829258 0.016001024283468727 1.5000000000000002 12.500000000000002 1.5000000000000002 14.500000000000002 0.0066890381276607522 7.5000000000000009 0.014389234129339458 0.013245614245533945 2.5000000000000004 0.0082305916585028189 5.5000000000000009 15.77792549133301 22.500000000000004 0.013793759513646366 0.013793759513646366 0.0062696540262550124 60.500000000000007 0.0074907417874783286 8.8042235374450701 27.500000000000004 1.0000000180025095e-35 36.500000000000007 7.5000000000000009 49.500000000000007 8.5000000000000018 44.500000000000007 6.5000000000000009 0.016261236742138866 0.015749008394777778 76.500000000000014 93.500000000000014 17.500000000000004 12.892192840576174 75.500000000000014 0.014815627597272398 20.723875999450687 16.411548614501957 0.016261236742138866 0.015268065501004459 7.5000000000000009 0.013423423748463394 2.5000000000000004 22.500000000000004 6.5000000000000009 1.0000000180025095e-35 4.5000000000000009 5.5000000000000009 0.0065147271379828462
decision_type=2 2 2 2 2 2 2 2 2 2 2 2 2 2 2 2 2 2 2 2 2 2 2 2 2 2 2 2 2 2 2 2 2 2 2 2 2 2 2 2 2 2 2 2 2 2 2 2 2 2 2 2 2 2 2 2 2 2 2 2 2 2
left_child=2 5 8 12 17 6 18 10 9 -1 16 15 13 29 -14 53 -4 33 19 20 -2 -22 23 -8 -24 26 27 -26 -29 -3 55 -32 -33 -5 -35 -36 -37 -16 -10 59 41 42 -41 61 -45 49 47 -46 -49 50 -19 52 -51 -6 -55 56 57 -31 -57 -15 -60 -9
right_child=1 3 7 4 11 -7 22 43 38 -11 -12 -13 14 39 37 -17 -18 45 -20 -21 21 -23 24 -25 25 -27 -28 28 -30 30 31 32 -34 34 35 36 -38 -39 -40 40 -42 -43 -44 44 46 -47 -48 48 -50 51 -52 -53 -54 54 -56 58 -58 -59 60 -61 -62 -63
leaf_value=-0.031451835103452445 -0.10696140213832482 -0.068685649422250028 -0.020643499632272775 0.014051856017158616 0.053854141381934034 0.048656865674893308 -0.14570526093595873 0.0056621049730528408 0.025838720164902407 0.016443671704783874 0.019470902555604994 -0.09564693571543538 -0.11049333261364254 0.036643282952396633 0.0087763403720606866 0.0099429672106783502 -0.0053298586867631028 -0.0030484077999517892 0.013598307538341957 0.016025519807072217 -0.12236393228840972 -0.0013425087896050071 0.037435406701259832 0.030296814467231727 -0.13229531251555326 0.034175545983066789 0.038992566499863636 -0.11418992385524077 0.0041602112684595433 0.041974420788777222 -0.1190609784005555 0.020457022094992224 -0.092970504327551107 -0.10334576249314026 0.0054624546431974765 -0.098177901800251335 -0.012871974179317812 0.032536436676407592 -0.018321911759443456 -0.12553232949695756 0.0091516782676273039 -0.13259874367679003 0.038592231355833118 0.013720889434154108 0.016356696270657983 -0.012337650170077846 0.018855239101075963 -0.026932488841669867 -0.10866472205961759 0.044980166685597449 -0.10360087901358446 -0.10031714367451879 -0.099549579981659683 -0.021650608759092728 -0.10732020975432721 -0.12138121877928354 -0.077140399525651937 -0.13674516376906359 0.022065305058291487 0.015905683948029461 0.00046676022621320473 0.039463711121996078
leaf_weight=752.21979659760837 6.7254270031116894 5.7857428290881208 354.09508441592334 138.65127462090459 3.9042383204214266 59.230247053550556 1.6009423616342235 65.889787847758271 15.113165788818149 24.48385976231657 39.630902423756197 3.6626238932367405 2.237695950549095 88.5587287992239 86.333458629436791 530.85096774774138 267.454550478491 423.24127666966524 894.32867188344244 84.191339378245175 3.0260208337567738 131.72672371682711 49.295368334045634 351.73448734683916 3.7649723938666275 39.702299491269514 22.694155302364379 3.1594769060611716 132.51201847242191 11.450764375273138 2.5901729986071578 145.75631817453541 2.3959607626311472 3.9083400829695156 173.5013371729292 4.6438872627913943 88.814783635083586 122.48062764154747 409.63210569048533 2.1810548044741136 78.130762044340372 3.7029513940215102 6.171579061076045 73.288606505608186 21.729059475008398 671.90855983609799 20.388595240656286 65.947509509860538 5.5564037868753067 24.378744327696047 4.9880040858406565 1.707275335676967 1.4527324801310886 25.323029798921201 4.5254035913385442 1.9151607397943724 13.703014959115533 1.6882491949945695 60.848629037849605 200.36695075617172 727.06641289801337 34.447692005895078
leaf_count=562023 947 527 182036 5860 30 552 52 5624 1431 1848 1107 354 38 296 1124 24001 53536 24410 12434 4253 111 7365 270 1432 119 184 163 97 1028 54 240 2615 90 452 4822 874 12483 1251 139763 41 1117 87 30 7102 3871 94787 517 12541 800 174 184 64 41 998 170 42 355 38 625 2099 19898 1172
internal_value=0.000208483 0.0071199 -0.0173202 0.00258737 -0.00205125 0.0164427 0.0153363 -0.00723891 -0.0252785 -0.029942 -0.0120445 0.0072224 0.00883444 0.00688889 0.0213006 0.00788972 -0.014054 -0.00547951 0.0109322 0.000366593 -0.00895178 -0.00406018 0.0234964 0.0294994 0.0150503 0.00958298 0.00356079 -0.00220596 0.00140411 0.0027697 0.00319704 0.0162569 0.0186226 0.00218058 -0.00389605 -0.00244009 -0.0171108 0.0227129 -0.0167506 0.0174631 0.00208904 -0.043683 -0.00426427 0.00382257 -0.00339459 -0.0082613 -0.0144345 -0.0217144 -0.0332837 -0.00225181 -0.00421964 0.0283481 0.036852 -0.024403 -0.0346392 0.000786445 -0.0300751 0.0190105 0.00183526 0.022262 0.00213476 0.0172668
internal_weight=7602.4 5452.52 2149.88 3668.83 2105.46 1783.69 1724.46 948.428 1201.45 776.704 661.181 568.266 1563.36 1352.31 211.052 564.604 621.55 1537.2 1120 225.67 141.478 134.753 604.464 353.335 251.128 201.833 162.131 139.436 135.671 973.2 967.415 150.742 148.152 409.52 270.868 266.96 93.4587 208.814 424.745 379.112 90.1863 12.0556 8.35263 287.248 186.91 1127.68 113.622 93.233 71.5039 455.768 428.229 27.5388 25.8315 33.7527 29.8484 816.672 26.842 13.139 789.83 288.926 787.915 100.337
internal_count=1202649 229278 973371 200271 169704 29007 28455 268306 705065 563871 236679 25553 30567 28154 2413 25199 235572 144151 25110 12676 8423 7476 3345 1484 1861 1591 1407 1244 1125 24484 23957 2945 2705 24491 18631 18179 13357 2375 141194 3670 1275 158 71 31627 24831 119660 17729 17212 13341 24873 24594 279 215 1198 1168 21012 447 92 20565 2395 20523 6796
is_linear=0
shrinkage=0.05


Tree=37
num_leaves=63
num_cat=0
split_feature=21 13 19 19 21 2 0 14 8 10 18 1 0 4 18 18 6 2 10 6 4 4 4 0 19 4 19 19 10 2 19 19 14 14 19 18 19 14 14 8 0 2 0 18 2 4 8 8 18 5 11 4 10 2 6 2 10 10 19 5 4 14
split_gain=342.922 85.3142 52.524 43.6158 33.2017 32.1794 28.6803 19.6733 17.8536 14.5694 14.5419 14.5062 13.8662 13.5528 13.1929 13.0325 21.3526 13.8937 13.4736 16.8826 12.2236 15.9196 18.795 12.0712 12.9888 17.4929 15.5563 12.6466 12.044 11.5261 11.1468 12.0552 12.3421 11.0294 22.3966 18.9788 17.1835 12.6633 11.4038 10.9643 10.8292 10.8434 10.5306 10.3923 10.1907 10.1759 14.0853 10.0247 9.72111 16.8114 11.5494 11.4748 17.0537 9.69661 9.33005 9.23556 9.75386 10.0488 9.20944 14.3385 9.05775 14.6534
threshold=2.5000000000000004 0.015504807699471714 5.4801788330078134 3.580557227134705 1.5000000000000002 1.5000000000000002 12.500000000000002 60.000000000000007 3.5000000000000004 1.5000000000000002 1.0000000180025095e-35 0.0074350468348711738 67.500000000000014 6.5000000000000009 1.5000000000000002 1.5000000000000002 2.5000000000000004 27.500000000000004 6.5000000000000009 60.000000000000007 2.5000000000000004 82.500000000000014 46.500000000000007 36.500000000000007 9.0155797004699725 27.500000000000004 7.4322555065155038 40.488258361816413 7.5000000000000009 3.5000000000000004 17.797605514526371 9.5697541236877459 3.5000000000000004 8.5000000000000018 10.291841983795168 4.5000000000000009 21.028460502624515 3.5000000000000004 1.5000000000000002 8.5000000000000018 60.500000000000007 21.500000000000004 51.500000000000007 6.5000000000000009 25.500000000000004 88.500000000000014 5.5000000000000009 17.500000000000004 5.5000000000000009 0.0077221228275448093 0.013986697886139156 1.0000000180025095e-35 6.5000000000000009 53.500000000000007 1.5000000000000002 100.00000000000001 15.500000000000002 18.500000000000004 26.024694442749027 0.011050061322748663 23.500000000000004 3.5000000000000004
decision_type=2 2 2 2 2 2 2 2 2 2 2 2 2 2 2 2 2 2 2 2 2 2 2 2 2 2 2 2 2 2 2 2 2 2 2 2 2 2 2 2 2 2 2 2 2 2 2 2 2 2 2 2 2 2 2 2 2 2 2 2 2 2
left_child=2 3 4 6 7 11 29 -1 9 54 -9 -3 47 43 -13 -5 -17 -18 30 58 -21 22 -22 27 26 -26 -25 48 45 -2 31 -19 -33 34 -23 -36 -37 38 -38 -15 41 -27 53 -14 -12 -10 -47 -6 51 -50 -51 52 -7 -4 -8 -30 -57 -58 -20 -60 61 -52
right_child=1 5 42 15 12 23 8 10 28 -11 44 14 13 39 -16 16 17 18 19 20 21 33 -24 24 25 40 -28 -29 55 -31 -32 32 -34 -35 35 36 37 -39 -40 -41 -42 -43 -44 -45 -46 46 -48 -49 49 50 60 -53 -54 -55 -56 56 57 -59 59 -61 -62 -63
leaf_value=-0.054853873614800569 0.010261125816194545 -0.122461775860019 -0.091895797096892107 0.026277847102992996 0.057590101874657518 0.0016634799794665582 0.011663259525474619 -0.011284521634245613 0.012239037293741935 0.017192519127392038 -0.0050968452072789302 0.039809475115002352 -0.0044321435249261194 0.017913547342159615 0.022216730395609632 -0.099566915712741955 0.01539957092198682 -0.10025709543476934 0.031352145073710591 0.051564792066565869 -0.0046498786394525843 -0.12382382021556633 -0.048607980475766838 -0.0023036798326303226 -0.10696330198643833 0.014977133411917871 -0.10664280977034078 -0.10400312712372808 -0.0070011590499539107 0.001486160997253452 -0.10441960493236294 -0.12535971866850476 0.033933315064374574 0.02914897212299038 0.031312395574669083 -0.11713162289368145 -0.11199218453719209 -0.10896199126656084 0.051542215303719767 -0.022582047406788156 0.040658548418316794 -0.10720475993551404 0.00073149411387954855 0.071613145519926591 -0.027515787369708875 -0.089876643336629258 -0.0046655149557531372 -0.0052684793235620309 -0.1337352605032345 -0.11302909307385367 -0.11758948938629277 0.020756607858574291 -0.12320669841871182 0.038006641552419208 -0.12403890177622785 -0.047372330889244134 0.01958657898693407 -0.039686597747923186 -0.10201861483333335 0.036275532216759797 0.033523203005290325 0.0037685814850273308
leaf_weight=52.367646527010947 647.91200770414434 1.5761970472522069 1.5094961253926182 142.97467096126638 6.4617113715503356 28.404517163988206 2.1553893936797976 199.91534148529172 145.74497917247936 119.86074167327024 53.893502160790376 181.75136264786124 12.859387125703508 17.637395590776578 257.60016265651211 4.424084980506449 550.47231406788342 3.1978607911150929 67.351709741633385 10.254840947221963 100.49473263625987 3.6878924458287647 32.078833506442606 163.13322088529821 2.441393442451953 6.3123254487290961 3.652305723167955 2.1968407826498142 1144.6980959093198 885.91859258589102 4.8531257393769911 1.4173855115659524 8.5589004592038673 45.818920933408663 25.379579849075526 4.8395873121917239 1.2630240861326445 2.2115564811974755 6.8348709885030976 319.58005115645938 41.961927277967334 2.5492425477132201 222.55755002866499 6.9051796526182434 852.53092339978321 5.3165982859209171 55.221775314537808 344.71594338747673 2.1971272006630889 2.0085097732953718 2.5603444925509384 518.57215212122537 3.0255152285099021 29.733253978891298 3.0717981848865739 29.8538643210195 16.153066811035387 12.830037443432959 3.4491551688406608 4.1049397438764572 26.607126680202782 87.281242076074705
leaf_count=63735 7320 54 167 1980 269 193 74 92786 4469 3440 19716 468 2529 2265 1226 207 8940 515 1905 116 3653 385 2159 9486 119 61 325 47 117670 29299 121 137 214 1167 255 275 38 59 33 115776 543 85 21172 353 578485 1489 6381 75260 145 72 68 4752 73 858 225 9877 3021 4877 72 26 308 854
internal_value=0.000254933 0.00691794 -0.016794 0.00333869 -0.0196953 0.0178997 0.000357409 -0.0249082 -0.00447463 0.013629 -0.0234907 0.0289513 -0.011166 -0.0181054 0.0294945 0.0122759 0.0100028 0.010556 0.0023722 0.00483308 -0.00180867 -0.00426741 -0.0152864 0.0124422 0.0022764 0.0237722 -0.00458852 0.0157668 -0.00608089 0.00519283 -0.0396411 -0.0157778 0.0113017 0.0119577 -0.00585669 0.00487771 -0.039409 -0.00292353 0.0260358 -0.020464 0.0300523 -0.0201714 0.00454745 0.0221359 -0.0261828 0.00508186 -0.0121489 -0.00411187 0.0161592 0.00330663 0.00584847 0.0189786 -0.0103568 0.0317304 -0.0680832 -0.00799416 -0.0273135 -0.00665206 0.0254807 -0.0268688 0.00789887 0.000310067
internal_weight=7546.9 5426.24 2120.67 4092.4 1866.87 1333.83 3068.74 1158.71 1534.91 125.088 1106.34 440.928 708.16 356.982 439.352 1023.67 880.693 876.269 325.797 307.77 232.864 222.609 132.574 892.904 220.05 53.2649 166.786 672.853 1409.82 1533.83 18.0273 13.1741 9.97629 90.0354 44.2165 40.5286 15.149 10.3095 8.0979 337.217 50.8235 8.86157 253.8 19.7646 906.424 206.283 60.5384 351.178 670.657 120.654 118.457 550.002 31.43 31.2428 5.22719 1203.54 58.837 28.9831 74.9058 7.55409 116.449 89.8416
internal_count=1202649 229278 973371 210399 951174 18879 188142 754722 151523 3739 690987 1748 196452 120923 1694 22257 20277 20070 11130 10143 8140 8024 5812 17131 10619 808 9811 6512 147784 36619 987 866 351 2212 1045 660 405 130 71 118041 689 146 22197 2882 598201 12339 7870 75529 6465 1447 1302 5018 266 1025 299 135445 17775 7898 2003 98 1230 922
is_linear=0
shrinkage=0.05


Tree=38
num_leaves=63
num_cat=0
split_feature=12 0 16 8 16 4 4 0 14 2 17 17 2 17 2 4 2 1 14 16 1 10 0 8 2 17 0 0 16 2 17 8 14 4 8 16 10 4 6 10 15 12 8 16 17 16 12 14 4 4 16 4 14 16 8 2 10 0 16 16 8 8
split_gain=261.967 104.132 70.2313 40.809 40.688 31.0114 27.7441 26.6354 22.0894 20.6392 16.5634 16.4188 15.3461 15.3306 14.5169 20.5816 14.4094 14.2828 14.2329 14.0686 17.8471 14.0505 19.4448 14.7243 13.2137 13.1087 15.7384 17.7586 14.4068 12.84 15.9703 12.2976 12.2889 11.8273 14.2712 19.2025 11.4838 11.1685 10.9088 16.7056 16.4387 11.9824 10.9066 11.4266 10.778 10.615 10.2945 10.2906 14.7042 11.8943 10.0401 10.2237 15.2162 10.002 12.3773 13.837 14.2027 13.4057 16.0079 12.8535 11.4237 10.46
threshold=18.500000000000004 61.500000000000007 50.500000000000007 2.5000000000000004 59.500000000000007 1.5000000000000002 20.500000000000004 17.500000000000004 12.500000000000002 5.5000000000000009 3.5000000000000004 3.5000000000000004 2.5000000000000004 2.5000000000000004 18.500000000000004 47.500000000000007 37.500000000000007 0.016261236742138866 4.5000000000000009 68.500000000000014 0.010152545757591726 60.000000000000007 19.500000000000004 2.5000000000000004 65.500000000000014 1.5000000000000002 16.500000000000004 33.500000000000007 30.500000000000004 4.5000000000000009 3.5000000000000004 2.5000000000000004 2.5000000000000004 1.0000000180025095e-35 17.500000000000004 56.500000000000007 1.0000000180025095e-35 21.500000000000004 15.500000000000002 18.500000000000004 0.013793759513646366 6.5000000000000009 7.5000000000000009 73.500000000000014 1.5000000000000002 43.500000000000007 9.5000000000000018 17.500000000000004 29.500000000000004 46.500000000000007 80.500000000000014 8.5000000000000018 1.0000000180025095e-35 33.500000000000007 11.500000000000002 69.500000000000014 2.5000000000000004 8.5000000000000018 35.500000000000007 35.500000000000007 18.500000000000004 12.500000000000002
decision_type=2 2 2 2 2 2 2 2 2 2 2 2 2 2 2 2 2 2 2 2 2 2 2 2 2 2 2 2 2 2 2 2 2 2 2 2 2 2 2 2 2 2 2 2 2 2 2 2 2 2 2 2 2 2 2 2 2 2 2 2 2 2
left_child=3 4 5 9 7 10 19 13 12 11 -3 36 -8 14 15 -2 -16 -17 -4 33 -21 22 -9 -23 -15 26 -10 -28 -27 30 45 -24 -25 34 35 -5 -1 -30 41 -40 -41 50 -20 47 -18 -7 -13 48 -44 -50 51 -11 -53 60 59 57 -57 58 -56 -55 -39 -59
right_child=1 2 18 6 -6 29 8 21 25 38 -12 46 -14 24 16 17 44 -19 42 20 -22 23 31 32 -26 28 27 -29 37 -31 -32 -33 -34 -35 -36 -37 -38 53 39 40 -42 -43 43 -45 -46 -47 -48 -49 49 -51 -52 52 -54 54 55 56 -58 61 -60 -61 -62 -63
leaf_value=0.04631034373157053 0.00030446641740696412 -0.094599605519170196 0.013748667821362951 0.013270042608484998 0.00904815383302752 -0.099772648272032152 -0.12513521446050807 -0.09811216933220715 -0.11152321259153145 0.02163661945541626 0.068679343193103176 0.014438489599682726 0.01590279961710379 0.0047552736613160054 -0.06895703944349986 -0.11308820862489433 -0.051607322413669936 0.030645727785963507 -0.050596416026279546 -0.10713880908538463 0.03306237710565587 0.04734180301090965 -0.10644390622921457 -0.066931763258412977 -0.020462169059512716 0.0092542088262060184 0.02071094359507937 -0.048751687469141804 -0.099710951106204593 -0.027632537003747643 0.032185857987961371 0.013601481224047874 -0.013698275526104045 0.0082488742592523295 0.038271165107583292 -0.12417823311544339 0.025666992855326094 -0.096832569141256722 0.041435304350751177 0.0077705626199378267 -0.12058602642619604 -0.021184985981201714 -0.11236076418819095 0.0029100611117403421 0.0052367962751801193 0.02089811911481931 0.051510352925961102 -0.014979216937693988 0.051890593353388692 -0.00041016094913947027 0.052332173929412321 0.050000503744234585 0.000519940386749049 -0.10142180250350064 0.071297160373289467 0.020858042668137081 -0.043697365517626569 -0.09613243768877304 -0.11395716201042279 0.0064962769524454182 -0.010542919401065965 0.0041442913549801924
leaf_weight=125.80196489486843 151.87425975641236 1.7776948185637582 84.772629802231677 96.19705866323784 707.65556209115312 4.7247981843538609 1.9494513268582512 4.2756993274670085 5.4472431247122577 122.86885153269395 12.299804569454862 228.84104621643201 181.20994064491242 829.38975243479945 19.072339329635724 6.8548305202275497 13.037260588025672 2.3110596314072609 14.677702969056552 2.3238897910341612 97.687447394244373 9.7599578998051566 2.1831151922233394 10.998786829179151 55.418331034132279 152.99824212520616 15.442390136187894 22.766604415373877 3.3851600359193972 957.24224739271449 18.970462366007268 93.669619984459132 757.23107376229018 1033.5540621526306 77.780958150979131 2.6100272722542277 145.04454469960183 6.6893455937970421 63.811853885417804 17.418152807280425 2.9113680864684275 30.259486764727626 2.6747539928182951 202.75088506838074 23.138748632627539 2.9668101114220917 20.395505596883595 379.53457133413758 12.530717658810316 82.065547669073567 14.486531207337974 16.687088107690215 225.50309810251929 2.8148479447700074 1.5051666842773546 10.082780788186936 54.97448254795745 2.6801266409456721 5.1766471527516842 139.38689718162641 8.9906335298437607 87.637811424676329
leaf_count=277 3438 592 5028 641 39463 1395 78 348 242 917 714 1513 3301 29887 2024 686 4970 45 3878 205 848 118 82 606 16960 12257 349 8138 241 605674 1991 4279 177063 15373 413 93 696 860 455 353 103 1288 260 24504 3739 305 73 162692 219 14284 146 120 6555 442 15 1113 24870 212 353 8627 1951 4287
internal_value=0.000247691 -0.00745234 -0.0168428 0.0116016 -0.00124185 -0.025625 0.00748163 -0.00492097 -0.000530405 0.0197814 0.0480606 0.0267332 0.0144017 0.000258872 -0.011674 -0.00408678 -0.0337896 -0.0768476 -0.00559201 0.0117816 0.0298046 -0.0114161 0.0062137 -0.0136851 0.00317583 -0.00579014 -0.0320132 -0.020678 -0.00338672 -0.0266793 0.00754539 0.0108674 -0.0144604 0.0102921 0.0222506 0.00963929 0.0352554 -0.00936846 0.0124618 0.0288603 -0.0106112 0.00909492 -0.00795369 -0.00703265 -0.0152489 -0.0532275 0.0174722 -0.0112606 0.00324895 0.00651787 0.011509 0.00988902 0.00392919 -0.00841258 -0.00640565 -0.0158524 -0.0336924 -0.00388715 -0.0722262 0.00436007 -0.0473556 0.00116864
internal_weight=7491.18 4463.86 1776.99 3027.32 2686.87 997.982 2013.29 1979.21 703.138 1014.03 14.0775 520.083 183.159 1101.1 216.288 161.04 55.2483 9.16589 779.007 1310.15 100.011 878.118 100.128 777.99 884.808 519.978 43.6562 38.209 476.322 983.904 26.6621 95.8527 768.23 1210.14 176.588 98.8071 270.847 323.324 493.946 84.1414 20.3295 409.805 694.234 679.556 36.176 7.69161 249.237 476.806 97.271 94.5963 379.546 365.059 242.19 319.939 304.259 162.057 65.0573 96.9998 6.68181 142.202 15.68 90.3179
internal_count=1202649 1105244 821536 97405 283708 610671 84909 244245 67336 12496 1306 2559 3379 61749 14902 4169 10733 731 210865 17573 1053 182496 4709 177787 46847 63957 8729 8487 55228 609365 3691 4361 177669 16520 1147 734 973 42971 9937 911 456 9026 205837 201959 8709 1700 1586 177455 14763 14503 7738 7592 6675 42730 39919 30850 25983 4867 368 9069 2811 4499
is_linear=0
shrinkage=0.05


Tree=39
num_leaves=63
num_cat=0
split_feature=21 21 4 16 16 19 0 19 16 17 19 17 11 17 16 14 2 2 16 16 14 2 1 19 8 16 0 4 16 8 13 16 0 15 8 17 11 0 4 11 11 13 16 0 0 0 4 17 6 16 4 0 6 2 14 13 13 4 11 16 2 4
split_gain=304.979 100.746 39.8435 38.2871 35.0533 29.6985 27.2401 22.7866 22.5782 23.8578 24.019 22.8458 22.2635 21.6629 20.3639 17.9677 15.8773 15.2874 17.0046 16.8548 15.0989 14.9586 21.1994 13.8946 13.7677 13.7262 13.6988 12.7895 11.8838 11.4659 17.8558 11.5177 21.7564 12.9524 10.827 10.9971 14.8807 11.759 23.5961 15.2946 10.9575 22.7001 14.9782 15.5458 20.1256 14.887 15.9442 14.6176 20.2285 15.9491 10.9116 34.0972 18.4496 12.8992 13.0637 13.069 18.664 17.3557 12.3032 11.0621 10.7684 10.3679
threshold=3.5000000000000004 1.5000000000000002 3.5000000000000004 73.500000000000014 75.500000000000014 7.2843570709228525 21.500000000000004 8.8916859626770037 62.500000000000007 2.5000000000000004 4.6272630691528329 7.5000000000000009 0.015749008394777778 7.5000000000000009 69.500000000000014 13.500000000000002 8.5000000000000018 3.5000000000000004 37.500000000000007 74.500000000000014 60.000000000000007 18.500000000000004 0.015504807699471714 5.9585900306701669 1.5000000000000002 30.500000000000004 10.500000000000002 14.500000000000002 64.500000000000014 13.500000000000002 0.013986697886139156 71.500000000000014 38.500000000000007 0.015749008394777778 2.5000000000000004 4.5000000000000009 0.016261236742138866 15.500000000000002 64.500000000000014 0.014599318150430919 0.013793759513646366 0.013245614245533945 34.500000000000007 46.500000000000007 70.500000000000014 86.500000000000014 80.500000000000014 2.5000000000000004 13.500000000000002 55.500000000000007 77.500000000000014 60.500000000000007 7.5000000000000009 58.500000000000007 3.5000000000000004 0.013423423748463394 0.015749008394777778 39.500000000000007 0.013793759513646366 46.500000000000007 67.500000000000014 44.500000000000007
decision_type=2 2 2 2 2 2 2 2 2 2 2 2 2 2 2 2 2 2 2 2 2 2 2 2 2 2 2 2 2 2 2 2 2 2 2 2 2 2 2 2 2 2 2 2 2 2 2 2 2 2 2 2 2 2 2 2 2 2 2 2 2 2
left_child=1 3 12 5 6 20 7 17 34 -10 11 16 -2 -6 15 -7 -11 25 26 -20 -1 -14 -23 -8 -18 -3 -19 -25 -9 -12 31 -31 33 -33 40 37 -37 38 60 50 -4 -42 -43 -44 -45 46 -46 -47 49 -49 53 -52 58 54 -39 57 -57 -56 -53 -55 61 -36
right_child=2 4 8 -5 13 14 23 28 9 10 29 -13 21 -15 -16 -17 24 18 19 -21 -22 22 -24 27 -26 -27 -28 -29 -30 30 -32 32 -34 -35 35 36 -38 39 -40 -41 41 42 43 44 45 47 -48 48 -50 -51 51 52 -54 59 55 56 -58 -59 -60 -61 -62 -63
leaf_value=-0.053332871040569801 0.012557616316356905 0.020000686627418947 0.024887148235289785 0.00069779025172855 0.018455253557916031 0.018371016749831586 -0.012576406480866695 0.051403314361720499 0.031827905562154798 0.017925624235267255 0.023387475446733877 -0.10315085556149375 0.028719756764291955 -0.08957693811003925 -0.092710883493822005 -0.073049651026455012 -0.10900608982682095 -0.027042402262405976 0.0018324194220176609 -0.11956162872065759 -0.025681508499734315 -0.12193425855778367 0.021719938898314577 -0.099940900552514617 -0.017185266764632248 -0.0012686069229276809 -0.0034223108337906386 0.0054187984401346759 -0.12090126182134819 0.017679884292147247 -0.10338894348538655 0.018644876466872653 -0.10167111676801435 -0.11344929675824662 0.0040918185499644608 0.0074248954392179189 -0.057372583864798959 -0.097214975385119501 -0.11161492140620657 0.0050683043944860715 -0.11215230698007346 0.018982633374790361 0.0069729071199513288 -0.12394273930409797 -0.11682782795255392 0.0051330351103298835 0.06300277397940518 -0.12191089978530263 0.039022301942306936 -0.016327702715910785 0.04265605868637018 -0.10036327653888098 -0.068444621661891372 -0.034985952832373012 -0.0041791781986724652 -0.066392972917631812 0.020762431482800318 -0.059909608323231667 0.056641527839827482 0.033838264831691188 -0.097845483954162246 0.04217373520119011
leaf_weight=52.050364514056128 633.91636718250811 138.93687410373241 112.08520488336217 170.36794868297875 198.3716114833951 68.635363698704168 1111.9498042929918 26.84620195673779 168.58541720430367 36.478038782719523 187.45215443172492 6.6128265785519025 426.10301128588617 4.75149387854617 5.0324327214620999 5.8311799645889542 4.5524124079383901 126.27964429848362 416.97478822048288 2.8790990351699284 958.20508939411957 4.0104509084485453 7.1412549340166152 2.9360805654432616 39.543051809305325 167.06986566190608 119.44879193941597 151.72209923458286 1.0394424409605552 65.551746495068073 3.8503717496059826 17.40983518445865 6.4027854762971392 2.0771689214743665 393.67987099615857 812.65193498670124 8.9579130806960148 6.7431127994786939 4.3691720063798121 128.44382514897734 3.9442400941625229 181.55364465573803 165.24389749136753 4.6321603492833665 1.4298971272073675 16.423464817460626 8.9320529480464739 10.150143988430498 4.1857196423225131 5.522891044151037 26.503858424606733 1.5644505172967935 16.848302552476525 9.0532327501568961 71.112966861575842 32.02702589542605 7.6003517848439506 17.38534435024485 6.1640366443898529 16.441337827593088 2.5203707963228217 18.722865892574191
leaf_count=65391 6591 1910 1359 24228 7957 5841 269434 365 2604 476 2798 980 1821 1049 963 2148 523 11346 27809 219 672226 146 51 435 2632 3387 13795 8634 83 1182 248 328 322 71 6596 26140 514 421 328 5822 251 2403 1691 231 61 715 45 1148 36 297 620 211 6054 1139 3543 2066 199 1512 115 659 214 266
internal_value=0.000252849 -0.00984086 0.010414 -0.0213447 -0.00397006 -0.0247907 -0.00575366 0.000417567 0.00710687 0.0162383 0.00913372 -0.0138098 0.0185443 0.0159281 0.0046337 0.0112122 -0.0064774 -0.00086144 -0.0051141 0.000999974 -0.0271062 0.0272237 -0.0299419 -0.0106233 -0.0266648 0.00838833 -0.0155607 0.00341862 0.0449806 0.0162085 0.00208658 0.00652788 -0.0217085 0.00456463 0.00475954 0.00270965 0.00671842 -0.00162877 0.00397386 -0.00854028 0.0110626 0.00720828 0.00839094 -0.000490257 -0.0245412 -0.0146698 0.0381871 -0.0297653 -0.0586267 -0.0847053 -0.016807 0.00331831 -0.0391039 -0.0232175 -0.0293829 -0.025813 -0.049677 -0.0151273 0.0248596 0.00939849 0.00519102 0.00582072
internal_weight=7433.91 3729.33 3704.58 1260.12 2469.21 1089.75 2266.08 999.475 2633.41 538.516 369.93 87.1863 1071.17 203.123 79.499 74.4665 80.5735 971.589 665.582 419.854 1010.26 437.255 11.1517 1266.61 44.0955 306.007 245.728 154.658 27.8856 282.744 95.2919 91.4415 25.8898 19.487 2094.89 1580.79 821.61 759.18 419.292 339.888 514.103 402.018 398.074 216.52 51.2763 46.6442 10.362 36.2822 19.8588 15.673 211.444 51.0806 24.5768 160.363 134.869 128.126 39.6274 88.4983 7.72849 25.4946 414.923 412.403
internal_count=1202649 1117220 85429 770797 346423 746569 337417 58914 76820 12164 9560 4611 8609 9006 8952 7989 3631 58466 53169 28028 737617 2018 197 278503 3155 5297 25141 9069 448 4949 2151 1903 721 399 64656 56419 26654 29765 7404 22361 8237 6878 6627 4224 2533 2302 106 2196 1481 1445 16539 7000 6380 9539 7741 7320 2265 5055 326 1798 7076 6862
is_linear=0
shrinkage=0.05


Tree=40
num_leaves=63
num_cat=0
split_feature=21 21 3 19 0 16 16 19 3 16 3 4 16 19 16 16 4 12 14 16 6 12 8 19 0 11 19 19 0 19 0 3 16 16 4 4 0 12 3 1 8 7 6 17 17 4 16 3 3 16 16 3 4 11 11 3 16 6 0 3 21 12
split_gain=301.064 82.5523 72.1271 36.33 33.8833 47.5608 26.6427 21.3892 17.7984 16.4632 21.9065 23.0175 14.8907 15.3866 14.1656 12.48 15.7925 16.507 19.8316 19.3192 12.463 12.3039 11.5804 11.5465 11.4653 11.375 11.3545 11.0934 10.9843 10.8137 10.7768 10.2252 15.3519 13.5636 11.6581 12.2075 11.5167 10.2103 13.4754 17.601 11.3263 12.7936 10.6864 19.2451 10.1867 14.5285 10.6336 11.653 10.6289 10.0145 12.7113 20.871 19.2046 16.0481 10.5643 14.9841 10.0324 14.8004 9.83972 13.7264 9.75758 12.0472
threshold=3.5000000000000004 1.5000000000000002 0.015749008394777778 10.499359607696535 4.5000000000000009 75.500000000000014 43.500000000000007 8.6299066543579119 0.011561079882085325 65.500000000000014 0.0079052620567381399 40.500000000000007 17.500000000000004 8.7217597961425799 81.500000000000014 38.500000000000007 2.5000000000000004 12.500000000000002 5.5000000000000009 29.500000000000004 60.000000000000007 10.500000000000002 1.5000000000000002 29.196767807006839 1.5000000000000002 0.013793759513646366 33.991844177246101 8.4337487220764178 4.5000000000000009 8.1350202560424822 9.5000000000000018 0.015504807699471714 29.500000000000004 1.0000000180025095e-35 80.500000000000014 62.500000000000007 1.0000000180025095e-35 1.5000000000000002 0.015038444194942715 0.011428944766521456 2.5000000000000004 0.014389234129339458 3.5000000000000004 6.5000000000000009 5.5000000000000009 1.0000000180025095e-35 62.500000000000007 0.011299795936793091 0.013986697886139156 64.500000000000014 33.500000000000007 0.010695492848753931 100.00000000000001 0.016001024283468727 0.015038444194942715 0.011173533275723459 22.500000000000004 17.500000000000004 16.500000000000004 0.010695492848753931 4.5000000000000009 7.5000000000000009
decision_type=2 2 2 2 2 2 2 2 2 2 2 2 2 2 2 2 2 2 2 2 2 2 2 2 2 2 2 2 2 2 2 2 2 2 2 2 2 2 2 2 2 2 2 2 2 2 2 2 2 2 2 2 2 2 2 2 2 2 2 2 2 2
left_child=1 3 9 6 14 7 -1 20 30 12 11 -11 -2 22 31 16 -15 58 -19 -20 -6 -22 25 -5 -4 28 -26 37 -14 -23 -8 33 -33 -3 35 44 -36 40 -39 -40 -24 -42 43 -43 45 -35 47 -47 -49 50 56 52 -52 -54 55 -53 57 -27 -18 -60 61 -41
right_child=2 4 24 23 5 -7 8 -9 -10 10 -12 -13 13 15 -16 -17 17 18 19 -21 21 29 27 -25 26 49 -28 -29 -30 -31 -32 32 -34 34 36 -37 -38 38 39 60 41 42 -44 -45 -46 46 -48 48 -50 -51 51 54 53 -55 -56 -57 -58 -59 59 -61 -62 -63
leaf_value=-0.030099805213417458 0.012800746126727911 -0.060758159088148425 0.02721121308051222 0.0062647968234093264 -0.034243654525059564 0.016404852953829627 0.021337572500355551 0.01033173245751608 0.016494348273243378 -0.11325788872252625 0.019526252511293227 -0.0039237838542370953 -0.050320287855005121 -0.10480150970034759 -0.11853931734343902 0.012503023066875597 0.025881303417186668 -0.10757344083327257 0.060879204229481398 -0.064946342794299824 0.024502473152420712 -0.010841491623594657 0.032904011327722908 0.065962555198594772 0.017014829582374599 -0.12277524835097434 -0.10293140720877098 -0.067259777720542813 0.035574377448274616 -0.076105926890424044 -0.018751872556374304 0.02871165398150265 0.0031595297415595879 -0.12444779013264327 -0.10570812314369765 -0.10704596766870655 0.035434744485718969 -0.0016848654235130317 -0.1059703445618253 0.032094598287344504 -0.11090763398098964 0.00073502360075769014 0.036277553541426803 -0.1163686951566052 0.012347664167274501 -0.07747666962057978 0.018330445760956549 0.0091361421896319038 -0.042541807612884258 0.067457058121895383 -0.11740712836193107 0.048508525040688144 -0.12053011086018312 -0.0024260374788726792 0.007750681274237294 -0.11192255964260596 0.023284667635611357 0.069704894149041949 0.025754460595804524 -0.10844319085721993 -0.0089515218559725537 -0.064703567416479257
leaf_weight=592.57429719308857 410.17446913640015 8.7227692059241217 471.55897803884 62.340566826518625 57.516626723227091 189.59135814523324 17.325986383715644 121.72532213176601 41.627239208202809 5.366557201370596 356.19737988198176 46.734407271142118 4.017175273038446 4.2024916894733897 2.1997569128870955 452.85908616124652 32.417654298245907 7.2802293223794559 5.9802048951387405 6.2274024575017393 24.638904081191868 1605.7215933809639 40.865634672343731 9.3093822933733446 547.25476676272228 2.832657310180366 1.980182678438722 6.6413572728633872 50.659633853007108 6.3721074792556456 516.50308860698715 115.2338557546027 119.99295774893835 2.8584453719668081 1.5114572094753373 2.7651052153669289 33.006644804030657 827.48963919631205 5.5460188239812842 3.9691297560930279 2.5264058690518132 41.896748868981376 18.146128523163497 3.8291451469995073 72.678922354709357 8.1051361667923612 23.275560672860593 24.449079228565097 16.777977953199297 5.9289125637151292 7.0896267092321095 2.1879707537591448 3.4504617925267693 17.28520419052802 85.351419816259295 4.3471509031951427 65.603770760819316 1.5425844499841321 4.0647273475769898 3.5870652724988759 107.99115589959547 16.903074131347239
leaf_count=482364 10483 1169 2102 2989 27051 8652 2526 5202 9165 504 5310 3595 65 121 112 7472 256 491 59 326 1767 289183 414 40 4729 112 66 437 564 978 273390 968 1679 207 266 484 1476 39804 482 37 164 1023 293 378 2734 1532 540 894 809 70 464 12 438 892 850 121 714 2 126 119 1748 589
internal_value=8.69432e-05 -0.0100335 0.0101932 -0.0205382 -0.00469018 -0.00742503 -0.0226582 -0.00991292 -0.0149952 0.00585902 0.0150969 -0.0151855 0.00418482 0.00226698 0.00801881 0.00958704 -0.0111239 -0.00451386 -0.042259 -0.00330752 -0.0113674 -0.0105635 -0.000584748 0.0140212 0.0214924 0.0091021 0.0165824 -0.00283849 0.0292636 -0.0110995 -0.0174507 0.00866718 0.0156771 0.000174199 0.00304053 -0.00295546 0.0292545 -0.00243832 -0.00406998 -0.0187539 0.0121937 -0.000552695 0.0038123 -0.00907139 -0.00101262 -0.0138795 -0.00952657 -0.0226699 -0.011895 0.00346685 0.0014668 -0.00842915 -0.0463676 -0.0220788 0.00305945 -0.0582099 0.0183956 -0.0549123 0.0138435 -0.0371557 -0.0150003 -0.0462961
internal_weight=7358.81 3676.82 3681.99 1239.68 2437.14 2005.57 1168.03 1815.97 575.456 2661.19 408.298 52.101 2252.89 1842.72 431.578 516.619 63.7598 59.5573 19.4878 12.2076 1694.25 1636.73 1326.1 71.6499 1020.79 250.297 549.235 1075.8 54.6768 1612.09 533.829 429.378 235.227 194.151 185.428 150.91 34.5181 1069.16 961.899 134.409 107.264 66.3984 63.872 45.7259 148.145 75.4662 72.6078 49.3322 41.2271 195.62 189.691 119.712 27.8253 20.7357 91.8865 6.53512 69.979 4.37524 40.0694 7.65179 128.863 20.8722
internal_count=1201609 1116177 85432 770474 345703 332833 767445 324181 285081 78535 9409 4099 69126 58643 12870 8970 1498 1377 876 385 318979 291928 49673 3029 6897 4304 4795 45369 629 290161 275916 12758 2647 10111 8942 7200 1742 44932 42660 2856 2272 1858 1694 1401 6716 3982 3775 3235 1703 3675 3605 2777 1794 1330 983 133 828 114 501 245 2374 626
is_linear=0
shrinkage=0.05


Tree=41
num_leaves=63
num_cat=0
split_feature=21 21 3 0 16 19 16 19 3 19 0 16 16 3 0 4 4 3 16 4 8 6 3 16 10 0 12 6 17 5 19 5 19 19 13 19 8 3 1 10 13 12 0 21 12 6 0 3 16 8 4 16 4 4 16 16 17 5 16 17 3 16
split_gain=285.993 77.2472 59.7307 33.8778 41.1895 33.3901 25.5363 19.7759 16.1542 15.586 16.8663 15.0397 13.6242 16.69 15.3432 18.2866 13.251 11.982 21.9176 12.8163 11.7494 11.5757 11.2056 11.1115 10.9335 13.0573 10.9739 23.0232 16.4635 12.0202 11.1034 10.957 10.8462 10.7234 16.1288 10.2619 10.2085 10.3179 10.0743 9.72525 12.293 10.4439 9.59331 9.38018 9.23237 9.41784 9.18323 9.04638 14.7794 11.7513 9.85075 13.5346 26.6807 17.1471 15.9192 12.5762 9.56522 13.7066 9.37025 9.0369 14.3719 8.99025
threshold=3.5000000000000004 1.5000000000000002 0.015749008394777778 4.5000000000000009 75.500000000000014 10.499359607696535 43.500000000000007 8.6299066543579119 0.011561079882085325 3.580557227134705 17.500000000000004 24.500000000000004 54.500000000000007 0.0090499590151011961 2.5000000000000004 1.0000000180025095e-35 6.5000000000000009 0.015268065501004459 48.500000000000007 11.500000000000002 1.0000000180025095e-35 18.500000000000004 0.0072203108575195083 27.500000000000004 18.500000000000004 1.0000000180025095e-35 8.5000000000000018 60.000000000000007 4.5000000000000009 0.015268065501004459 6.0646126270294198 0.015749008394777778 7.5297496318817148 8.9806585311889666 0.016261236742138866 29.196767807006839 12.500000000000002 0.0092167854309082049 0.015749008394777778 5.5000000000000009 0.014185110572725536 5.5000000000000009 1.5000000000000002 5.5000000000000009 60.000000000000007 12.500000000000002 9.5000000000000018 0.015504807699471714 29.500000000000004 9.5000000000000018 1.0000000180025095e-35 50.500000000000007 1.5000000000000002 9.5000000000000018 32.500000000000007 47.500000000000007 3.5000000000000004 0.014815627597272398 72.500000000000014 1.5000000000000002 0.0074350468348711738 1.0000000180025095e-35
decision_type=2 2 2 2 2 2 2 2 2 2 2 2 2 2 2 2 2 2 2 2 2 2 2 2 2 2 2 2 2 2 2 2 2 2 2 2 2 2 2 2 2 2 2 2 2 2 2 2 2 2 2 2 2 2 2 2 2 2 2 2 2 2
left_child=1 5 9 47 7 6 59 21 46 10 11 22 14 -14 -13 23 36 -12 -19 -20 33 -5 -2 -16 25 31 27 28 29 32 -28 -11 -26 -4 -35 -7 44 -38 -39 40 -23 -41 -22 -40 45 -15 -8 49 -49 -3 -50 52 -52 55 -55 56 57 -54 -53 60 -1 -51
right_child=2 3 20 4 -6 35 8 -9 -10 24 17 12 13 16 15 -17 -18 18 19 -21 42 39 -24 -25 26 -27 30 -29 -30 -31 -32 -33 -34 34 -36 -37 37 38 43 41 -42 -43 -44 -45 -46 -47 -48 48 50 61 51 58 53 54 -56 -57 -58 -59 -60 -61 -62 -63
leaf_value=-0.027893637989365058 -0.12391217653975027 0.06880025257089234 0.034329680088028669 -0.034420275601178961 0.014611082656535416 0.0052481745387255654 0.01838598484515493 0.0096246582900020947 0.014840338204925555 -0.1120180065501323 -0.0019293128541761967 0.013201320445388839 -0.10944506310648086 0.0018459790886517615 0.030406622755183382 -0.0043140805520687714 0.025946262815373475 -0.11739816933370922 0.041420358699514125 -0.11303298003258132 0.023701308271529845 0.041658886371590008 0.017479410198323237 -0.11580728890124588 -0.113588937800941 0.016467668515267448 0.048342800077858183 -0.10442685806285679 -0.1041073955615109 -0.09981051359672645 0.0054765415433962019 0.0073143655593640201 0.030954060518045608 -0.13269124018169065 0.014638462394848671 0.059609835022411697 0.079544166360527455 -0.11224495677799347 -0.14794981704981874 0.040589207434242484 -0.11504205939091512 -0.011120100976074986 0.012847699821094741 0.024920524853529344 0.056339658058786983 -0.11945590589551117 -0.018282162485216233 0.027533531309312798 0.023394287568187816 -0.054413519289126348 -0.13530152810739346 0.016176685564225784 0.031375592563956181 0.033188519334469667 -0.13110437656926233 -0.13247288067389756 0.027628396246959033 -0.14371411929493169 -0.13788790759745242 -0.032187758686922113 0.016640532734363798 0.00022059738565723044
leaf_weight=61.125190116552403 1.4080673158168782 6.0398089168593279 181.12006606068462 51.83780093328096 192.0808289895067 62.55804743967019 17.668109295191243 122.80751658813097 42.949336688034236 3.6434605196118346 679.27446879539639 145.62358159129508 2.6243814481422296 22.195281948894266 1.6726188505999733 378.44493347313255 123.61669676424935 6.3503433396108431 6.1251498446799815 1.7203297922387717 365.64788876567036 14.68572914786637 291.34373356925789 5.8230223224963993 1.3798950663767851 554.93568147649057 15.795700247399507 6.8079479576554141 3.4864210039377204 2.2046439331024876 346.22103947028518 4.075048946775496 21.826342005748302 2.3416464766487453 8.9873158857226372 10.080109161324797 1.4140032120048989 5.2719130795449001 0.99498788500204671 9.8246890688315016 1.3681661104783405 1602.8868550169282 459.36450585233979 3.7131104920990765 7.6069018202833858 1.7244547768495966 508.53043008624809 114.68129260535352 37.99317576829344 7.8558477319311342 5.08771570585668 40.612460953183472 2.3259196151048007 2.1001642886549226 4.9486078070476651 1.5615212051197875 21.292828836012632 2.1518924231640995 1.011509378440677 491.69828796386719 25.747193305753171 181.43023278797045
leaf_count=52903 162 22 573 25577 8652 2989 2526 5202 9165 89 43284 1796 288 272 19 8344 1641 428 86 128 1790 962 3753 200 74 8399 157 259 218 57 8097 41 291 51 49 40 4 240 56 513 187 291740 4434 35 55 62 273390 968 264 1167 126 502 16 47 327 53 222 80 63 416656 12805 9013
internal_value=9.34135e-05 -0.00982348 0.00995661 -0.00465943 -0.00740012 -0.0200833 -0.022164 -0.00974453 -0.0146444 0.0059993 0.0031046 0.00728159 0.00330523 0.0156641 -0.000627785 -0.0058458 0.0176356 -0.00287943 -0.0483429 0.00755236 0.0202531 -0.0111599 0.0167993 -0.0831803 0.011084 0.0155694 0.00473857 -0.0217074 -0.00221944 0.0117598 0.0073469 -0.0490155 0.0223592 0.0313779 -0.0158139 0.012792 -0.00629999 -0.0468619 -0.0647716 -0.0104196 0.0283043 -0.0108051 0.0176581 -0.0116131 0.00835947 -0.00689908 -0.017051 0.00808611 0.0147223 0.000143857 0.00238494 -0.00745828 -0.0284355 -0.0126214 -0.0821537 0.00531049 0.0136592 -0.0527669 0.0124327 -0.0295612 -0.0146946 -0.00204686
internal_weight=7309.73 3644.94 3664.79 2424.58 1995.49 1220.36 1147.72 1803.41 569.148 2647.32 1686.95 993.478 700.726 169.162 531.564 385.941 166.537 693.47 14.1958 7.84548 1017.46 1680.6 292.752 7.49564 960.376 562.654 397.722 35.7052 28.8973 25.4109 362.017 7.71851 23.2062 192.449 11.329 72.6382 42.9207 11.394 9.98001 1628.77 16.0539 1612.71 825.012 4.7081 31.5266 23.9197 526.199 429.093 233.767 195.326 119.086 81.0926 39.4686 34.3809 7.04877 27.3322 25.7706 4.47781 41.624 578.571 86.8724 189.286
internal_count=1201609 1116177 85432 345703 332833 770474 767445 324181 285081 78535 60853 16927 13012 2653 10359 8563 2365 43926 642 214 6897 318979 3915 219 17682 8529 9153 899 640 422 8254 130 365 673 100 3029 724 335 331 293402 1149 292253 6224 91 389 334 275916 12870 2668 10202 1700 1436 871 745 374 371 318 96 565 482364 65708 10180
is_linear=0
shrinkage=0.05


Tree=42
num_leaves=63
num_cat=0
split_feature=21 21 0 0 16 19 16 16 3 12 19 8 14 12 3 16 12 16 10 18 3 6 16 14 12 0 16 14 8 8 10 18 10 6 18 18 8 5 15 19 21 3 19 13 18 3 3 19 16 12 3 3 10 8 3 16 10 3 14 14 8 18
split_gain=267.137 73.2902 52.5384 34.0436 36.1814 30.8382 24.6191 23.4219 18.5639 18.2441 17.5566 16.4223 15.5838 14.6562 20.5442 14.0771 15.1631 22.6737 19.3509 17.2364 13.7643 12.0824 11.2286 26.5765 34.3421 16.4463 19.1332 12.294 11.2963 11.0418 11.0205 36.1223 12.115 10.5568 10.492 9.68974 17.9375 18.9237 10.3348 15.3626 10.8501 10.1164 10.036 17.3997 11.0752 9.14966 8.98838 8.97906 14.2094 8.9656 9.8686 9.31965 9.20133 8.92021 11.3801 11.2971 8.8035 11.0967 15.1099 11.019 10.569 9.97984
threshold=3.5000000000000004 1.5000000000000002 2.5000000000000004 4.5000000000000009 75.500000000000014 12.892192840576174 65.500000000000014 43.500000000000007 0.0084389690309762972 2.5000000000000004 8.6299066543579119 1.5000000000000002 17.500000000000004 1.5000000000000002 0.014599318150430919 26.500000000000004 9.5000000000000018 1.5000000000000002 1.0000000180025095e-35 1.0000000180025095e-35 0.0080322581343352812 2.5000000000000004 51.500000000000007 9.5000000000000018 6.5000000000000009 1.0000000180025095e-35 69.500000000000014 14.500000000000002 2.5000000000000004 2.5000000000000004 6.5000000000000009 3.5000000000000004 14.500000000000002 18.500000000000004 4.5000000000000009 3.5000000000000004 16.500000000000004 0.010362972505390646 0.015038444194942715 40.488258361816413 5.5000000000000009 0.0088890646584332007 5.629012107849122 0.015749008394777778 6.5000000000000009 0.012903762981295587 0.015504807699471714 44.719579696655281 28.500000000000004 10.500000000000002 0.010471491608768703 0.012270400300621988 4.5000000000000009 9.5000000000000018 0.015504807699471714 29.500000000000004 60.000000000000007 0.0062696540262550124 4.5000000000000009 1.5000000000000002 2.5000000000000004 3.5000000000000004
decision_type=2 2 2 2 2 2 2 2 2 2 2 2 2 2 2 2 2 2 2 2 2 2 2 2 2 2 2 2 2 2 2 2 2 2 2 2 2 2 2 2 2 2 2 2 2 2 2 2 2 2 2 2 2 2 2 2 2 2 2 2 2 2
left_child=1 5 9 53 10 7 11 -1 -8 -2 33 -4 13 14 21 16 17 18 -14 -20 -9 34 -11 -24 -25 26 -26 -27 -29 -18 -21 32 -32 -5 -13 41 42 -38 40 -40 -39 -10 43 44 46 -30 -37 56 -49 50 -35 -51 -53 -3 -55 -56 57 58 59 -15 -58 -61
right_child=2 3 6 4 -6 -7 8 20 35 22 -12 12 15 47 -16 -17 29 -19 19 30 -22 -23 23 24 25 27 -28 28 45 -31 31 -33 -34 49 -36 36 37 38 39 -41 -42 -43 -44 -45 -46 -47 -48 48 -50 51 -52 52 -54 54 55 -57 60 -59 -60 61 -62 -63
leaf_value=-0.028487448535581689 0.028504829189185205 0.066847141164082607 0.013326902831766074 -0.03341057415695263 0.013160493460529415 0.018805063064250307 -0.0090268041821251511 -0.017880262843787138 -0.092949158039392174 0.017487428589453482 0.0086936589738032827 0.034969212859102115 -0.12620430384219705 -0.12447887684441897 -0.11517113502098252 -0.004088499689666257 -0.11305699058162055 0.026394439986663184 -0.10530339059441168 0.018683161149362207 0.0020317593728371827 -0.1080514851614664 0.029280396035232605 -0.12463060673267562 -0.12280242433791531 -0.11846927550539699 0.014991145458649158 -0.10841382729028409 -0.10628351322266545 -0.0031091721658638564 -0.067197092843966133 -0.11422622468954127 0.028041158774193262 0.025976900437899117 -0.10846607151487814 0.028851712806607418 -0.10166916351462146 0.021948052662365467 -0.11743957444450218 0.078518188440662148 -0.10449242327839281 0.028353930385365208 0.027306857444141464 -0.13964558838400423 -0.11894572071485446 0.02663021278135301 -0.15020629250895598 0.042008445833238636 -0.10294350721592763 -0.013711296185211769 -0.11217943706376864 0.060410113023784587 -0.0064307375454567542 -0.0017548161699153756 0.025984959077751231 0.0039408924448795513 -0.11212029996917579 0.018795470138123733 -0.11236689542694012 -0.17776620098564666 0.0048214942550601665 0.042153388644914573
leaf_weight=571.86585302022286 376.98132662056014 6.4068862106651059 402.23345567483921 50.287659806665033 195.33177457132842 49.980206205276772 58.867522411281243 471.13411521253875 1.7316256691701699 431.20064565376379 123.42389039159752 10.773723589256404 3.195264571113511 1.3946565152145911 5.4955912576988331 936.98215165094007 2.3159744632430366 155.96302754874341 3.7717798593221223 49.483479296555743 106.38683781243162 2.2514972537755975 39.823454254306853 7.403064628597348 5.928632337599991 1.8393400376662601 4.3807510132901371 1.7783669359050609 1.3516420158557654 163.04150077595841 4.0416232107672831 7.5754014123231164 19.212905385997153 24.926135624293241 1.4460488371551043 13.548232269007711 5.9909129422157994 20.282526982249699 3.872835819143801 1.348425102420151 1.8515734146349121 231.78354291850701 92.74572461261414 2.3693527132272711 1.6047352007590241 30.793747519608587 0.73909845249727446 2.8076161015778771 4.250006350222975 964.10058033233508 1.3632622826844443 5.1918702679686239 620.80321555887349 187.75011597410776 114.49103658786044 118.04269119817764 1.9494862067513157 302.8923730594106 3.7810043217614284 0.55281874025240352 216.98657557205297 7.7171362957451493
leaf_count=482842 1680 22 6056 25577 8652 1501 4296 249364 109 3559 5202 93 132 203 127 40904 93 2404 529 829 36767 102 347 230 177 64 52 26 99 7071 141 488 273 1832 62 286 388 374 148 7 86 2614 916 138 111 283 34 25 75 244119 150 25 47276 10180 968 1700 80 3402 532 79 5586 122
internal_value=9.8396e-05 -0.00954163 0.00964106 -0.00451905 -0.00727276 -0.0196428 0.00620373 -0.0213147 0.0170904 0.0201148 -0.0095024 0.00414556 0.00220988 0.0092003 -0.0328699 -0.000711311 0.00703308 0.0149746 -0.0054316 -0.000842195 -0.0142122 -0.00161535 0.0140845 -0.00164308 -0.0246719 -0.00861026 -0.06425 0.00742894 0.0142551 -0.00464909 0.00406364 -0.0194014 0.0114888 -0.0108499 0.0179955 0.0211592 0.0109756 -0.0211824 -0.00355549 -0.0668322 0.011371 0.0274544 0.0206358 -0.0132451 0.00560003 0.0210415 0.0195889 0.0107492 -0.0452797 -0.010148 0.0188127 -0.0106268 -0.00587637 0.00829419 0.0074016 0.0147946 0.0114879 0.0168224 -0.0276249 0.00552797 0.0037802 0.0274525
internal_weight=7259.82 3611.49 3648.33 2412.12 1985.43 1199.37 2746.85 1149.39 436.736 901.481 1790.1 2310.12 1907.88 562.299 19.9669 1345.58 408.601 243.243 87.2805 84.0852 577.521 14.4713 524.5 93.299 53.4755 46.0725 10.3094 35.7631 33.9238 165.357 80.3134 30.8299 23.2545 1666.67 12.2198 377.869 144.353 33.3463 27.3554 5.22126 22.1341 233.515 111.007 18.2614 15.8921 32.1454 14.2873 542.332 7.05762 1616.39 26.2894 1590.1 625.995 426.691 420.284 232.534 535.274 316.338 13.4456 9.66461 218.936 8.26996
internal_count=1201609 1116177 85432 345703 332833 770474 78915 768973 9507 6517 324181 69408 63352 10488 384 52864 11960 4796 2392 2260 286131 257 4837 1278 931 701 229 472 408 7164 1731 902 414 318979 155 5211 2488 1003 615 155 460 2723 1485 569 431 382 320 10104 100 293402 1982 291420 47301 12870 12848 2668 10004 4338 936 404 5666 201
is_linear=0
shrinkage=0.05


Tree=43
num_leaves=63
num_cat=0
split_feature=3 14 0 0 16 12 12 3 12 16 3 16 6 4 6 0 3 6 10 4 6 8 6 12 8 0 12 16 16 17 14 10 4 3 4 16 3 3 0 14 16 3 4 0 12 9 9 6 0 16 17 6 10 16 14 16 16 16 3 1 17 0
split_gain=220.442 60.0791 58.9622 42.7189 35.2709 46.5839 20.1184 24.0671 20.0618 19.8564 19.1736 18.5556 18.1311 17.716 12.8183 21.7773 14.203 17.1652 14.5994 23.0046 16.6292 12.8006 12.5407 17.1286 10.8791 12.407 13.0408 10.6191 15.7498 30.865 18.6427 15.6391 11.221 12.7753 10.7674 17.0577 14.2169 13.8391 12.1026 18.862 11.4504 11.1145 10.411 27.414 20.1937 13.2546 12.8415 10.9211 14.4657 10.2529 12.2944 10.0283 14.2226 9.97303 10.4789 9.95495 9.85315 15.0436 22.4442 14.3916 11.9442 28.7587
threshold=0.012270400300621988 60.000000000000007 2.5000000000000004 61.500000000000007 64.500000000000014 7.5000000000000009 8.5000000000000018 0.00766294775530696 2.5000000000000004 70.500000000000014 1.0000000180025095e-35 75.500000000000014 17.500000000000004 4.5000000000000009 7.5000000000000009 83.500000000000014 0.0066445916891098031 1.0000000180025095e-35 1.0000000180025095e-35 58.500000000000007 2.5000000000000004 18.500000000000004 2.5000000000000004 4.5000000000000009 16.500000000000004 58.500000000000007 5.5000000000000009 30.500000000000004 36.500000000000007 3.5000000000000004 5.5000000000000009 9.5000000000000018 18.500000000000004 0.013986697886139156 26.500000000000004 7.5000000000000009 0.016261236742138866 0.015268065501004459 100.00000000000001 2.5000000000000004 26.500000000000004 0.012422839645296337 23.500000000000004 18.500000000000004 6.5000000000000009 0.013793759513646366 0.013072453904896976 12.500000000000002 7.5000000000000009 29.500000000000004 6.5000000000000009 13.500000000000002 5.5000000000000009 42.500000000000007 3.5000000000000004 55.500000000000007 24.500000000000004 38.500000000000007 0.012739370577037336 0.010471491608768703 3.5000000000000004 14.500000000000002
decision_type=2 2 2 2 2 2 2 2 2 2 2 2 2 2 2 2 2 2 2 2 2 2 2 2 2 2 2 2 2 2 2 2 2 2 2 2 2 2 2 2 2 2 2 2 2 2 2 2 2 2 2 2 2 2 2 2 2 2 2 2 2 2
left_child=1 10 8 9 5 56 14 51 -2 24 22 12 55 -11 15 -5 18 -18 49 -20 -21 -15 -1 -24 25 42 -27 31 29 -29 -31 -7 -32 -34 36 41 -33 40 39 -38 -37 -36 43 44 -3 -46 -45 48 -44 50 -17 -8 -53 54 -25 -9 -4 58 -58 -60 -59 -62
right_child=2 3 4 6 -6 27 7 11 -10 13 -12 -13 -14 21 -16 16 17 -19 19 20 -22 -23 23 53 -26 26 -28 28 -30 30 32 34 33 -35 35 37 38 -39 -40 -41 -42 -43 47 46 45 -47 -48 -49 -50 -51 -52 52 -54 -55 -56 -57 57 60 59 -61 61 -63
leaf_value=0.032272573398531144 0.027990098817154682 0.021806791619152964 0.020263676299056857 -0.10272796391744576 0.017673387150619568 0.023092636874937924 -0.047846348631055198 0.031051948066991682 0.013671502176837012 -0.11990092733148028 0.011138211492689376 0.017875559151256645 -0.017655650812057038 0.041861964645228622 0.014953490319500513 -0.11871327418865002 -0.12614376622542253 0.028534758737689677 0.037053312911047596 -0.081190225987907427 -0.023239323946684723 0.0058297815348477703 -0.11198673955603788 0.00096191152717724963 -0.010474784906614729 -0.11509772819435954 0.063923568935716837 -0.057651319508870216 -0.0041280618400417442 -0.10802792364855958 0.0087576429872312771 0.0050441671094170974 -0.0047848405925007718 -0.079112508457415673 0.048143015195066446 -0.0016158225257986141 0.065960308842412427 0.031577586185808679 0.052845154911113516 -0.12676974388244089 -0.058137384924660418 -0.052612490581116444 -0.11038200553938343 0.045737389974524478 0.0027048253802149065 -0.072403625117042555 -0.074958421498450278 0.018665441154980006 -0.0029109709565269463 0.023749825882971375 0.035990515756846329 0.023481635915108743 -0.024842619366851275 -0.0019074986901903568 -0.042654208655281328 -0.08820039806701313 -0.10950369928695153 0.02343434086389596 -0.071465873332749244 0.0019642598611663994 -0.013366214302071883 0.024871234503514979
leaf_weight=21.046685103327036 364.42892367951572 42.58516167383641 231.2830825811252 6.3111114343628278 425.79925062297843 75.24218119145371 46.256801600742619 27.295737121137794 744.16024971334264 2.5742630595341316 412.27965239901096 50.421971888979897 343.57515496358974 30.010629587573931 65.195514543331228 3.0208679102361229 1.898792796768247 32.380351600470021 10.31345468899235 19.569484881707467 33.69135900051333 137.95139342569746 3.8819583840668193 23.062122369214194 937.76567799027544 1.112255869898944 11.911475927103309 43.146554233448114 710.18254773074295 4.3449396430514744 66.771912681404501 288.93816425721161 16.97381834406406 8.7670768566895259 2.9925322101917109 33.574090633541346 1.6128803268074987 21.962109233019873 1.9891547588631509 5.9626365143340063 12.222554538515395 32.069676900166087 3.2736822874285272 2.4678851757198599 11.422218180494385 12.092629454564301 20.594318906310946 83.702097853180021 71.885568966157734 25.522893582005054 2.2339277109131217 15.53024135250598 777.51193999114912 245.62560498464154 34.18094004606246 1.8699159602401767 4.8975946961436412 170.36680669523776 6.9504870316013685 166.94345340679865 100.45826684194617 96.322672047186643
leaf_count=347 1536 531 1976 568 9402 1059 25047 1496 8405 212 9540 3271 155998 493 8890 233 182 1008 425 4278 7325 9168 469 8783 221435 77 181 3877 40968 215 2448 10670 2473 1545 486 4627 7 1203 54 353 2707 6563 194 85 352 563 1388 3054 2310 1205 70 3297 546952 34723 39747 314 203 1618 309 2070 1361 1263
internal_value=0.000100786 -0.00872257 0.00876326 -0.0120375 0.00454971 0.00189377 -0.0179795 -0.0203143 0.0183785 -0.00569084 0.00396209 -0.0105918 -0.0144427 0.0102727 -0.00325127 -0.0120467 -0.0075975 0.0199668 -0.0176119 -0.0312967 -0.0445321 0.0122678 -0.00506351 -0.0076252 -0.00796172 0.00106601 0.0486347 -0.0038006 -0.00714966 -0.0224769 -0.00680805 0.00217408 -0.00205418 -0.0301001 -0.00174784 -0.0157023 0.00305884 -0.00105266 -0.0569156 -0.0857362 -0.0167007 -0.0440131 -0.00143183 -0.0151056 0.00127066 -0.0359201 -0.0620428 0.0062427 -0.00759205 0.0106554 -0.0529453 -0.0252163 -0.0238963 -0.00628757 -0.0250821 0.0234062 0.0116143 0.00795005 -0.00394374 -0.00097072 0.013742 0.00535071
internal_weight=7210.39 3572.03 3638.36 2831.95 2529.77 2103.98 1462.6 1262.46 1108.59 1369.35 740.077 423.163 372.741 170.536 200.138 134.942 128.631 34.2791 94.352 63.5743 53.2608 167.962 327.797 306.751 1198.81 261.047 13.0237 1326.75 850.187 140.004 96.8577 476.566 92.5128 25.7409 401.324 102.821 298.503 67.7588 9.56467 7.57552 45.7966 35.0622 248.024 89.1622 66.1 23.5148 23.0622 158.861 75.1593 30.7777 5.2548 839.299 793.042 302.869 57.2431 29.1657 777.222 545.939 178.792 173.894 367.148 196.781
internal_count=1201609 1094211 107398 1000602 97457 88055 760559 736375 9941 240043 93609 161079 157808 9873 24184 15294 14726 1190 13536 12028 11603 9661 84069 83722 230170 8735 258 79255 51526 10558 6681 27729 6466 4018 26670 15586 11084 8537 414 360 7334 7049 8477 2919 1446 915 1473 5558 2504 1508 303 575296 550249 83253 48530 1810 8800 6824 2582 2379 4242 2624
is_linear=0
shrinkage=0.05


Tree=44
num_leaves=63
num_cat=0
split_feature=2 19 0 12 12 2 8 5 16 0 5 16 19 6 16 0 16 0 14 5 8 16 6 5 6 8 6 1 1 16 16 19 5 7 17 3 17 17 6 2 5 16 16 14 19 1 8 2 17 5 5 0 8 19 14 8 6 1 2 17 17 7
split_gain=204.354 93.3788 67.9352 48.869 28.5398 24.8175 23.7996 21.8744 21.4484 24.8312 15.5309 20.3908 15.242 14.4352 13.4613 13.3081 13.9614 12.877 12.7816 12.7745 12.1247 11.5615 15.3549 10.7461 16.3326 10.666 17.0745 16.1126 12.0162 11.2908 19.3861 16.4774 11.6297 10.2911 19.2515 15.2949 13.5858 10.162 10.0886 17.1921 12.1442 10.0768 16.2273 9.75809 35.8469 14.5016 12.6948 15.4305 9.72897 16.6236 10.4616 9.48878 9.4125 10.6317 9.40814 9.33884 18.146 21.354 16.13 11.3354 13.5722 9.56119
threshold=12.500000000000002 3.580557227134705 61.500000000000007 2.5000000000000004 8.5000000000000018 70.500000000000014 13.500000000000002 0.016261236742138866 76.500000000000014 1.5000000000000002 0.011173533275723459 29.500000000000004 18.279785156250004 4.5000000000000009 82.500000000000014 2.5000000000000004 21.500000000000004 1.5000000000000002 60.000000000000007 0.0066007319837808618 8.5000000000000018 48.500000000000007 2.5000000000000004 0.016261236742138866 1.0000000180025095e-35 1.5000000000000002 1.0000000180025095e-35 0.014815627597272398 0.0084389690309762972 64.500000000000014 56.500000000000007 40.488258361816413 0.0086581707000732439 0.014815627597272398 7.5000000000000009 0.013793759513646366 4.5000000000000009 3.5000000000000004 17.500000000000004 22.500000000000004 0.014389234129339458 74.500000000000014 67.500000000000014 5.5000000000000009 10.721748352050783 0.0062696540262550124 60.000000000000007 6.5000000000000009 3.5000000000000004 0.015504807699471714 0.010811126790940763 68.500000000000014 13.500000000000002 7.9491722583770761 1.0000000180025095e-35 2.5000000000000004 15.500000000000002 0.0093025267124176043 13.500000000000002 5.5000000000000009 4.5000000000000009 0.016001024283468727
decision_type=2 2 2 2 2 2 2 2 2 2 2 2 2 2 2 2 2 2 2 2 2 2 2 2 2 2 2 2 2 2 2 2 2 2 2 2 2 2 2 2 2 2 2 2 2 2 2 2 2 2 2 2 2 2 2 2 2 2 2 2 2 2
left_child=3 2 6 15 51 14 7 20 9 10 11 19 13 23 38 -1 -17 -10 -7 -5 41 22 -8 -11 -25 29 27 -27 -28 30 32 -32 -18 35 54 -30 -37 -29 39 -6 -40 42 55 44 46 -46 47 -15 49 -24 -50 -4 -19 -54 -35 56 57 -2 -59 60 61 -60
right_child=1 -3 4 8 5 18 21 -9 17 12 -12 -13 -14 43 -16 16 25 52 -20 -21 -22 -23 48 24 -26 26 28 37 33 -31 31 -33 -34 34 -36 36 -38 -39 40 -41 -42 -43 -44 -45 45 -47 -48 -49 50 -51 -52 -53 53 -55 -56 -57 -58 58 59 -61 -62 -63
leaf_value=0.028342582876170974 -0.11600981659456189 0.006762600940857579 -0.098757913086284455 0.054833392088997492 -0.10440559265138982 -0.053476003332547178 0.035752049028371126 -0.12530066060300879 -0.11343176908388673 0.018179936784893349 0.01625127356228773 -0.12711716732395942 0.017699641972386437 0.0097809038335939045 0.026499655186339257 0.029660831932234195 -0.13633284258164352 0.04886920024021342 -0.025166478454808822 -0.12817076142153561 0.020146297387397982 -0.0019545636037653353 -0.017258689659736967 0.058704322807207887 -0.12014848617752966 -0.12048715563147792 -0.11025643588912654 0.018420176383928146 0.069182616756182799 0.044126553983042223 -0.13136470500824021 0.070054969031556363 0.017221090794761792 -0.11117500104269805 -0.12241750289975678 -0.13714705777208933 -0.014314616789433144 -0.13291487049393325 -0.017972883138018616 0.024323987390366307 0.023182263498585851 0.047361784188910752 -0.10665838076201757 4.4972163260072108e-06 0.03615497005910303 -0.096277907861008663 0.035426261876098535 -0.10580798963482346 -0.014576500707722789 -0.086934284358650957 0.0003192746683722057 0.00016573194047096531 0.021988722169881979 -0.090622316889804835 0.017438009179501984 -0.0091894429299613518 0.03952765560957102 -0.12841407798705748 -0.035418693841014169 0.0245041976156051 -0.08461835037014874 0.018933898690457467
leaf_weight=358.09364625276066 3.9190695355646303 967.03563117282465 2.4543808370362958 4.4994777762331051 2.8459958031307897 41.987954626878491 16.991798108909279 3.1203402380924663 1.5276939752511669 143.63050269172527 507.34593929862604 4.4067302606999874 147.7962948079221 8.6619455153122562 21.348018514923751 112.3669166683685 1.248515136539935 45.314583401661366 790.88815946454997 1.2100425348617134 129.23543137428351 572.53105329850223 295.28465506632347 2.0378589509055018 3.4163057152181855 5.5565580131951702 2.2402541018091133 6.2474102512933314 2.6121551990509024 32.265012028627098 4.1007629088126114 1.3495154380798338 99.6246617580764 1.443398640025406 2.5971215020399532 3.9985051590483618 5.1512435022741556 1.3487600088119505 406.73770856333431 29.252519396948628 18.751431559678167 11.424431082792578 3.5590359615162006 1235.715390502708 2.380965729244056 15.681685799034311 18.939775057137012 4.3308689442928872 260.18364462105092 8.8162075835280103 215.50138882792089 196.4754094631644 40.616576850414276 2.2100007468834511 95.537262094439939 119.38245791918598 37.447169229388237 2.2633367276284835 12.647854662034659 43.762899275170639 5.5765182878822079 22.458455808926374
leaf_count=1472 200 41853 303 57 379 63237 316 154 91 1680 4319 406 1238 134 761 619 44 260 567648 92 3564 71188 64680 7 100 159 137 37 15 161 119 1 680 22 78 157 55 41 174935 1752 2635 114 228 51392 54 692 263 136 87679 1092 23041 23718 855 125 794 3885 333 77 347 585 163 250
internal_value=0.000122183 -0.00688917 -0.0109204 0.0102884 -0.0187024 -0.0213786 -0.00425613 0.00655961 0.00654242 0.00551989 0.0150281 -0.0463157 0.00241098 0.000836111 -0.0123094 0.0214367 0.014889 0.0304903 -0.0265937 0.0160486 0.00761009 -0.00737451 -0.0112691 0.015564 -0.0533231 0.00863295 -0.00185049 -0.055782 0.00439487 0.0182196 0.0103578 -0.0814922 0.0153205 0.00670175 0.0119261 -0.0375284 -0.0679933 -0.00845056 -0.01412 0.0129103 -0.0161592 0.00143682 -0.000653346 -0.000871668 -0.0225275 -0.078821 0.00931483 -0.0287481 -0.0122937 -0.0192787 -0.00782821 -0.00105478 0.0329848 0.0161776 0.0155238 0.000871261 0.0102491 -0.00184866 0.00331119 0.00684173 -0.012158 -0.000647871
internal_weight=7167.39 4241.88 3274.85 2925.5 1510.74 1311.81 1764.11 394.797 2189.72 2100.05 517.462 10.1163 1582.59 1434.8 478.936 735.782 377.688 89.6689 832.876 5.70952 391.677 1369.31 796.778 149.085 5.45416 265.321 126.733 13.1527 113.58 138.588 106.323 5.45028 100.873 111.34 99.5778 11.7619 9.14975 7.59617 457.588 32.0985 425.489 262.441 251.017 1285.71 49.9952 18.0627 31.9326 12.9928 779.786 304.101 475.685 198.93 88.1412 42.8266 96.9807 247.458 128.075 90.6281 86.7091 84.4457 40.6828 35.1063
internal_count=1201609 1135117 1093264 66492 835368 811347 257896 9900 61901 60570 4874 555 55696 54458 180462 4591 3119 1331 630885 149 9746 247996 176808 1787 107 2500 1495 237 1258 1005 844 120 724 1121 894 227 212 78 179701 2131 177570 6182 6068 52671 1279 746 533 270 176492 65772 110720 24021 1240 980 816 5840 1955 1622 1422 1345 760 597
is_linear=0
shrinkage=0.05


Tree=45
num_leaves=63
num_cat=0
split_feature=21 8 19 0 2 14 17 2 6 10 4 0 8 17 12 17 1 0 0 10 21 12 19 14 8 17 6 5 21 12 6 2 17 6 4 6 19 13 19 19 17 6 0 4 19 2 13 6 17 6 6 10 8 0 8 4 2 10 0 14 5 6
split_gain=205.535 70.9709 42.9282 29.2446 28.1521 19.3798 19.6016 14.7835 12.6769 13.5319 12.5367 12.2421 11.6222 11.8482 10.8187 19.3493 24.5696 10.431 12.6109 10.3769 10.1637 10.03 18.0022 14.8272 9.87649 9.74535 20.7458 13.1342 11.4808 12.3387 9.95183 9.55035 20.9724 9.20222 11.3011 9.13277 29.3827 17.9014 11.7217 9.13128 9.04407 8.68085 8.56087 8.47221 8.48309 8.30355 8.25692 8.19816 8.05207 20.9844 9.32652 7.98077 14.16 8.1769 14.8603 9.21274 7.8928 7.78131 7.58153 8.84451 21.9585 21.4443
threshold=2.5000000000000004 5.5000000000000009 4.2452108860015878 21.500000000000004 9.5000000000000018 60.000000000000007 1.5000000000000002 4.5000000000000009 6.5000000000000009 1.0000000180025095e-35 19.500000000000004 1.0000000180025095e-35 1.0000000180025095e-35 1.5000000000000002 1.5000000000000002 3.5000000000000004 0.0075472774915397176 50.500000000000007 77.500000000000014 7.5000000000000009 3.5000000000000004 16.500000000000004 5.3830134868621835 1.0000000180025095e-35 1.0000000180025095e-35 5.5000000000000009 9.5000000000000018 0.014185110572725536 4.5000000000000009 17.500000000000004 11.500000000000002 98.500000000000014 5.5000000000000009 18.500000000000004 100.00000000000001 6.5000000000000009 23.358599662780765 0.014599318150430919 7.9491722583770761 11.306703090667726 2.5000000000000004 3.5000000000000004 97.500000000000014 35.500000000000007 3.580557227134705 43.500000000000007 0.013072453904896976 6.5000000000000009 7.5000000000000009 7.5000000000000009 18.500000000000004 17.500000000000004 11.500000000000002 37.500000000000007 9.5000000000000018 100.00000000000001 32.500000000000007 60.000000000000007 58.500000000000007 5.5000000000000009 0.0077822189778089532 4.5000000000000009
decision_type=2 2 2 2 2 2 2 2 2 2 2 2 2 2 2 2 2 2 2 2 2 2 2 2 2 2 2 2 2 2 2 2 2 2 2 2 2 2 2 2 2 2 2 2 2 2 2 2 2 2 2 2 2 2 2 2 2 2 2 2 2 2
left_child=2 7 3 56 11 -5 17 12 -9 -10 40 25 13 -2 15 -6 -17 45 -19 48 47 -11 -23 39 -25 26 -3 -28 -27 -30 -29 41 46 -12 -35 36 37 -14 -37 -24 -8 -22 -34 -44 -45 -7 -33 -16 -13 -50 -51 53 -53 -21 55 -55 -1 -4 59 60 -43 -61
right_child=1 4 57 5 14 6 10 8 9 21 33 19 35 -15 20 16 -18 18 -20 51 31 22 23 24 -26 28 27 30 29 -31 -32 32 42 34 -36 38 -38 -39 -40 -41 -42 58 43 44 -46 -47 -48 -49 49 50 -52 52 -54 54 -56 -57 -58 -59 -60 61 -62 -63
leaf_value=0.01840238294748579 0.048051944108296933 0.028622231310143825 -0.09375924338692318 -0.05333842198476868 0.039211997041915775 -0.095464801184308015 -0.046427671150956321 0.0049492849855232758 -0.11700366253725276 0.021897291049793731 -0.047918814076680707 0.014631291309155704 -0.12321504720111127 0.022183994317867654 -0.0643958785719949 0.019485155049404849 -0.10786201997974357 0.018905320777759711 -0.0085270365795562294 -0.0048358229421178629 0.021179404668483972 0.013838081759199079 0.063786837135913071 0.010720068062955647 -0.1089768634174611 0.036082091424730602 -0.085007261814806556 -0.12110754015627755 0.0070385042272436598 -0.15068668262687054 -0.0010182340259199481 -0.014808322780793873 0.02506520796072334 -0.028551927652029591 -0.017761762164530983 0.013702567108549314 -0.11150209700673255 0.013022114998747298 0.041786493084738759 -0.11108507205589624 0.0082718947132120711 -0.11323744709008166 0.061807058439972952 -0.015134229358237154 -0.10555129246494717 -0.021768712936163639 -0.071050815876417248 -0.0063145481374933159 -0.1304421507647503 0.028255666738275995 -0.10778600054166576 0.022884009492786031 0.0018528504006382952 -0.10361167774949764 -0.10747945683225153 0.077980470844895067 -0.0045512838117433303 0.005308195550817363 0.010290555843020842 -0.10070261436950889 -0.0094009907530250465 0.001655910025231991
leaf_weight=52.635538699571043 60.359236112330109 65.890041891485453 1.9967775142285962 40.293729418306611 38.020108592230827 4.3110545527888453 8.7694772604154405 515.32122376235202 1.8702300414443005 292.14326130109839 33.588412668032106 278.53251943131909 2.4333194254431865 166.0197260112036 6.1139512130757785 10.716091861715542 5.8580714568961403 55.434800227638334 171.52523812412983 185.78571185271721 54.38777393521741 54.935527890920639 3.5330963516607872 2.2109557322692117 7.814445001538842 88.035102911526337 5.322203393559902 1.7658218457363535 28.505407983902845 1.296348480042069 74.954762834357098 10.20484805502929 23.490341276861727 363.50631343212444 729.94868520769523 94.582625697599724 4.9216030896641305 265.43307773722336 61.193444842938334 0.94648474734276522 54.645309255341999 5.3332516630180171 3.0678121368400779 20.582100040744994 2.9682536241598418 33.70774004352279 18.100538006750867 966.55013169557787 3.4890423128381363 9.5433881611097586 1.4514488950371731 90.353314775973558 700.78603345225565 0.97587091894820366 5.2400119372177851 2.4568961374461651 129.82356868265197 270.12034787691664 165.95148686622269 5.158929281984455 112.3117412221618 627.59581522806548
leaf_count=3906 116 290 485 63920 652 857 3675 13766 87 5120 29387 3056 80 818 3122 889 382 13951 81429 3171 1232 1821 19 64 536 605 231 41 210 41 731 2604 1088 241607 442806 735 103 1775 275 34 21702 242 201 3517 509 11856 6801 119902 129 81 20 1157 21249 65 470 11 35165 22674 7424 327 2468 21145
internal_value=-1.51257e-05 0.00521599 -0.0138406 -0.0168276 0.00139754 -0.019133 -0.018186 0.0142306 0.00999269 0.0171435 -0.0209236 0.00650968 0.0199168 0.0290811 -0.00240474 0.0195586 -0.0255252 -0.00588695 -0.00182671 0.00448011 -0.00299781 0.0178373 0.000756546 -0.0487879 -0.0825795 0.0162739 0.00772863 -0.0090514 0.0270016 0.000177606 -0.00378224 0.000415596 -0.0163692 -0.0221407 -0.0213488 0.0150759 0.00956021 0.0117845 0.0247348 0.0268384 0.000707624 0.00177143 0.00306546 -0.0163492 -0.0265303 -0.0301253 -0.0507739 -0.00667963 0.0127412 -0.0236062 0.0102966 0.00202411 0.00425475 -0.00705108 -0.0545056 0.0263572 0.00207036 0.00458125 0.000619514 -0.00151924 -0.0141083 0.000821368
internal_weight=7104.82 5154.51 1950.31 1678.19 3620.8 1495.73 1455.44 1533.72 878.775 363.454 1190.46 1544.38 654.943 226.379 2076.41 54.5943 16.5742 264.979 226.96 1278.61 2021.82 361.584 69.4405 14.505 10.0254 265.77 147.933 82.0428 117.837 29.8018 76.7206 1049.15 78.4139 1127.04 1093.45 428.564 272.788 267.866 155.776 4.47958 63.4148 970.739 50.1085 26.6182 23.5504 38.0188 28.3054 972.664 293.016 14.4839 10.9948 985.598 791.139 194.458 8.67278 3.43277 182.459 272.117 916.351 750.4 117.645 632.755
internal_count=1202832 229412 973420 950261 204063 911190 847270 25349 21447 7681 739177 31558 3902 934 172505 1923 1271 108093 95380 29409 170582 7594 2474 653 600 2149 1293 1003 856 251 772 47558 14720 713800 684413 2968 1958 1855 1010 53 25377 32838 5315 4227 4026 12713 9405 123024 3286 230 101 26123 22406 3717 546 76 39071 23159 31606 24182 2710 21472
is_linear=0
shrinkage=0.05


Tree=46
num_leaves=63
num_cat=0
split_feature=21 0 19 9 16 14 2 4 17 16 17 2 19 6 14 21 12 16 14 16 0 2 16 16 19 2 2 16 2 16 16 4 12 10 19 12 17 2 16 0 6 19 4 0 10 16 19 0 10 4 0 4 9 12 0 2 2 19 6 10 16 12
split_gain=194.845 58.7471 49.5435 36.1182 30.7491 19.4163 18.4771 17.2355 16.6555 14.2838 17.574 14.2786 17.1817 15.6843 13.7298 18.2862 17.9638 16.1133 15.7951 12.6252 12.4759 12.1854 14.6664 12.9583 12.4738 12.3021 12.1773 14.3436 12.1419 11.7376 16.7467 19.1847 12.7766 11.6858 11.3856 11.338 17.0584 10.8186 10.7502 10.7067 12.1769 12.0236 20.4521 11.7075 12.5653 10.5213 10.492 10.0895 17.65 12.3328 10.6476 12.9775 12.263 15.8474 13.7576 10.0135 9.98403 17.8491 10.3887 9.80133 9.70439 9.56653
threshold=3.5000000000000004 29.500000000000004 7.3649959564208993 0.015749008394777778 69.500000000000014 17.500000000000004 71.500000000000014 2.5000000000000004 5.5000000000000009 73.500000000000014 6.5000000000000009 5.5000000000000009 23.900530815124515 15.500000000000002 1.5000000000000002 7.5000000000000009 5.5000000000000009 34.500000000000007 4.5000000000000009 81.500000000000014 92.500000000000014 20.500000000000004 37.500000000000007 72.500000000000014 5.9585900306701669 21.500000000000004 8.5000000000000018 81.500000000000014 2.5000000000000004 74.500000000000014 72.500000000000014 3.5000000000000004 2.5000000000000004 18.500000000000004 19.149800300598148 5.5000000000000009 3.5000000000000004 63.500000000000007 80.500000000000014 20.500000000000004 1.5000000000000002 8.3067231178283709 1.0000000180025095e-35 16.500000000000004 1.0000000180025095e-35 71.500000000000014 10.891676902770998 16.500000000000004 14.500000000000002 7.5000000000000009 42.500000000000007 98.500000000000014 0.014389234129339458 3.5000000000000004 44.500000000000007 67.500000000000014 49.500000000000007 6.6062862873077401 9.5000000000000018 15.500000000000002 67.500000000000014 8.5000000000000018
decision_type=2 2 2 2 2 2 2 2 2 2 2 2 2 2 2 2 2 2 2 2 2 2 2 2 2 2 2 2 2 2 2 2 2 2 2 2 2 2 2 2 2 2 2 2 2 2 2 2 2 2 2 2 2 2 2 2 2 2 2 2 2 2
left_child=1 9 4 7 6 20 -3 14 28 21 -11 12 45 61 17 34 -17 -2 -18 -10 -6 24 33 25 -1 -24 27 -15 -7 30 47 -32 -33 -23 37 36 -8 39 -28 41 -41 43 46 -16 -45 -5 -43 -9 -49 -50 51 55 -52 -54 -55 -51 -31 58 -58 -60 -56 -13
right_child=3 2 -4 11 5 8 35 29 19 10 -12 13 -14 26 15 16 18 -19 -20 -21 -22 22 23 -25 -26 -27 38 -29 -30 56 31 32 -34 -35 -36 -37 -38 -39 -40 40 -42 42 -44 44 -46 -47 -48 48 49 50 52 -53 53 54 60 -57 57 -59 59 -61 -62 -63
leaf_value=0.0013832397858091882 -0.10944734612429947 -0.01270033850791176 0.0063540292311147981 0.021425533392370508 0.023701653520156647 -0.1275883687553197 0.038934454248058914 0.0058722505402215366 -0.013388832247658081 0.021080292529118878 -0.099452310159021423 0.007446058666350619 -0.046188342739398064 -0.11310746732264754 0.013339280143561115 -0.10927641336969351 0.03993375483431777 0.050572903207181712 -0.10639146052696416 -0.083221466517390347 -0.076733837306903252 0.061514558781536527 -0.086065629576898603 -0.11325856556311897 0.040634252624065878 0.00055353118429502543 0.034085475528142138 0.0570260972593482 0.0087958025517810064 0.024696346605142496 0.063882696308212111 0.020770155055556426 -0.099117570484189135 -0.024118729262456413 -0.10299552884489636 -0.024155402794576702 -0.05802004862645152 -0.11911986526432437 -0.11231731669824373 -0.13397620930470319 0.036990197452022582 -0.12004072244882658 -0.10976909273472152 0.03655992102538877 -0.12165090577859528 0.047685172489708806 0.047961102192130511 0.0045900826414929756 -0.052749341037679282 -0.017602886118215165 0.0064540569382358567 -0.1002045194186432 0.044171265509506327 0.065849270143908262 -0.099851239692094709 0.027804120051195671 -0.083520815450466163 -0.096978348190271804 0.062666057893148053 -0.09549477349156138 0.0073483713935846616 -0.029115766855980781
leaf_weight=719.93343419022858 1.6495982813648868 732.52277797483839 282.9015045267297 444.46756707271561 4.0540168415755042 1.6438008178956796 16.194452249328609 1048.3120599883841 43.481870752992108 105.01460745953955 3.1138054248876861 356.9430751488544 8.9616551538929325 3.1643749868962905 401.94925112370402 6.0970841222442678 6.9075906611979008 33.953916671453044 2.5160323241725546 7.6042390214279285 13.029489480657503 4.1065604591276488 4.159740441478788 2.5804882938973597 20.826833242550492 281.3786996047711 92.598996000597253 2.0359060876071453 225.78849475772586 97.206804151181132 3.1101294541731503 2.8125824602320799 10.58927819319069 133.43215032014996 2.1157121444120994 916.71088796824915 6.3022579486714667 1.5386329814791668 1.2710965396836389 1.0609688002150495 56.737528909696266 1.1127004879526774 5.4750944185070693 2.0284490678459406 3.2913214000873259 41.725208981428295 5.6392092676833272 504.82136849651579 16.060910559026524 161.01078460365534 142.87384952884167 4.4972411731723687 4.7531201799865839 1.8858660887926806 10.599105259170754 13.131932429037986 2.0380034192930898 4.9383689288515589 7.4966551519464701 1.1267820918001215 2.636263671796768 18.835247300332412
leaf_count=27334 53 236806 18517 2432 103 145 1980 18142 12987 2857 648 7844 125 86 3314 109 42 166 62 1996 4195 211 567 360 435 41901 870 4 31253 1338 11 43 615 40455 90 691333 3340 166 77 40 661 49 182 3 139 121 41 25846 1013 7457 9656 317 155 41 1180 611 584 388 178 142 87 929
internal_value=-2.98616e-05 -0.00835251 -0.0132106 0.00825238 -0.0160239 -0.00115852 -0.0186525 0.00515166 0.00201514 0.000224445 0.0176093 0.016474 0.0224146 0.0102793 0.013166 0.0110151 -0.0424018 0.0431588 0.000866087 -0.0237835 -0.0528999 -0.00138715 -0.00812888 -0.00171638 0.0024868 -0.000708342 0.0279771 -0.0465003 0.00781007 0.00306125 0.00214362 -0.0479944 -0.0739573 -0.0215619 0.0127389 -0.0232948 0.0117735 0.0132503 0.032103 0.013677 0.0338519 0.0108973 -0.0379572 0.012364 -0.0613245 0.0236791 0.0202748 0.00257693 -0.00142939 -0.00993062 -0.00791617 -0.0163445 0.00133512 -0.0354642 -0.0604963 -0.0141788 0.0187374 -0.0183942 0.0180059 0.042 -0.0784989 0.00561346
internal_weight=7066.76 3524.78 2250.23 3541.98 1967.33 295.602 1671.73 2571.97 278.518 1274.55 108.128 970.003 495.154 474.849 532.073 496.47 15.5207 35.6035 9.42362 51.0861 17.0835 1166.42 425.658 288.119 740.76 285.538 99.0704 5.20028 227.432 2039.9 1927.09 16.512 13.4019 137.539 480.949 939.208 22.4967 478.833 93.8701 477.295 57.7985 419.496 12.227 407.269 5.31977 486.193 6.75191 1910.58 862.27 357.449 341.388 178.64 162.748 19.8744 15.1212 174.143 112.807 15.5998 10.6614 8.62344 13.2354 375.778
internal_count=1202832 1117423 1002655 85409 984138 50679 933459 72921 46381 114768 3505 12488 2678 9810 5117 4898 213 219 104 14983 4298 111263 83494 42828 27769 42468 1037 90 31398 67804 65174 669 658 40666 4685 696653 5320 4595 947 4429 701 3728 272 3456 142 2553 90 64505 46363 20517 19504 8385 11119 1463 1308 8068 2630 1292 904 320 1267 8773
is_linear=0
shrinkage=0.05


Tree=47
num_leaves=63
num_cat=0
split_feature=21 21 8 19 2 19 4 2 19 6 17 10 14 17 19 20 12 14 19 14 4 21 8 17 19 19 5 5 2 2 17 2 12 6 11 12 19 14 21 12 8 5 17 19 2 4 3 19 6 19 10 12 2 4 4 5 3 5 17 4 2 19
split_gain=184.88 51.9965 30.5011 23.6684 20.6555 18.2309 17.6152 13.8326 19.7394 15.5363 12.9409 12.7307 11.6571 10.4148 10.1163 9.98089 14.2717 12.5216 9.85319 12.2278 18.3592 15.6032 9.16624 8.92869 8.50971 9.42976 8.31579 8.30212 8.22096 10.0056 9.70333 10.2752 8.48563 9.17444 8.09976 8.01934 7.58696 23.5711 7.08436 23.2811 7.2915 10.7117 6.89448 9.03329 8.26703 20.6527 11.053 9.89033 6.87237 6.8554 6.73259 6.67724 6.66603 7.94227 13.1008 20.8212 9.90377 8.01004 6.74214 6.62146 6.26909 6.26691
threshold=3.5000000000000004 1.5000000000000002 2.5000000000000004 10.499359607696535 9.5000000000000018 4.2452108860015878 2.5000000000000004 4.5000000000000009 23.900530815124515 15.500000000000002 5.5000000000000009 60.000000000000007 1.5000000000000002 4.5000000000000009 7.891686439514161 1.0000000180025095e-35 5.5000000000000009 4.5000000000000009 33.991844177246101 1.5000000000000002 38.500000000000007 4.5000000000000009 5.5000000000000009 1.5000000000000002 19.149800300598148 12.204118251800539 0.016261236742138866 0.013793759513646366 71.500000000000014 78.500000000000014 1.5000000000000002 86.500000000000014 1.5000000000000002 10.500000000000002 0.016001024283468727 3.5000000000000004 7.5697588920593271 2.5000000000000004 6.5000000000000009 8.5000000000000018 1.0000000180025095e-35 0.016261236742138866 5.5000000000000009 6.8647036552429208 41.500000000000007 91.500000000000014 0.013423423748463394 7.8472931385040292 17.500000000000004 14.679243087768556 15.500000000000002 60.000000000000007 2.5000000000000004 35.500000000000007 15.500000000000002 0.014185110572725536 0.016001024283468727 0.0085107926279306429 3.5000000000000004 6.5000000000000009 74.500000000000014 12.306680202484133
decision_type=2 2 2 2 2 2 2 2 2 2 2 2 2 2 2 2 2 2 2 2 2 2 2 2 2 2 2 2 2 2 2 2 2 2 2 2 2 2 2 2 2 2 2 2 2 2 2 2 2 2 2 2 2 2 2 2 2 2 2 2 2 2
left_child=1 3 7 23 10 22 12 8 13 -9 50 48 -4 -2 -12 24 -17 -18 -8 20 21 27 -6 60 25 35 -10 -20 -24 59 31 -31 -32 -34 -11 -14 -37 -38 39 -15 -41 -42 -13 -44 45 46 47 -45 -7 -48 -3 -46 53 54 55 -52 57 -55 -58 -30 -1 -53
right_child=2 4 6 -5 5 11 18 9 26 34 14 42 15 38 -16 16 17 -19 19 -21 -22 -23 28 -25 -26 -27 -28 -29 29 30 32 -33 33 -35 -36 36 37 -39 -40 40 41 -43 43 44 51 -47 49 -49 -50 -51 52 61 -54 56 -56 -57 58 -59 -60 -61 -62 -63
leaf_value=0.0051548689745734505 0.029119148940550905 0.051192146962450072 0.040866632995137528 0.0095980448388542257 0.019830226592706175 0.062986152555607175 0.0024374653969546373 0.0056981437460774786 -0.10608069191834645 0.028474946525004666 0.0092282418188122887 0.01470160657087872 0.020301752577079626 -0.11779001564263963 0.050308831898357588 -0.10656360268289929 0.03569790252424173 -0.10204794098133736 -0.10117635978196229 0.034456679140205997 0.043412842533526959 -0.10161965644896986 -0.0070817868439660191 -0.021018989190990753 -0.099104858266374926 0.050085647633614006 0.0099082296448853076 0.063058507613617421 0.03701279958312699 -0.059100911087838374 0.035054955658733587 0.010364814983214468 -0.05412228950514069 -0.015795290351876354 -0.1165181827349253 0.0080525096831499405 0.052100090250238353 -0.10867074634305506 0.016322995180236683 0.059599877653911809 -0.11675224380977256 0.055284802086949518 -0.064378310735108357 0.03536941675428059 -0.1075158089348818 -0.11617880794198834 -0.089703817309815706 -0.086260318159351257 -0.10429818825057086 0.078934490002636248 -0.11913569584308513 0.021510084579008631 0.0017389253964080417 0.01385090083173398 0.020648980898244813 -0.01152322422433572 -0.12274642131356911 -0.11570416955347002 -0.029691378531520041 -0.043836770422743226 -0.014932610808401685 -0.006717776108230324
leaf_weight=55.344389317091554 282.37916005612351 5.7429589051753274 35.869723146082833 78.233405640581623 27.041570749250241 0.73220854671671975 1962.2791765918955 413.40978336287662 4.2042112015187731 105.12733968510292 272.87883485574275 136.28813055553474 168.19971083966084 4.285831432323902 15.856929864501579 4.2745026098564258 7.1356310285627842 2.1460423097014409 1.0266908979974703 50.581223515793681 8.34824131708592 6.7932479083538055 998.33171691803727 873.00160239750403 1.7006744514219452 16.493514656089246 2.4433736731298268 3.0715027311816812 2.7075918810442081 5.8271730932174242 7.7672961303032926 61.573388062184677 16.505694531137124 288.96946235868381 0.97210847400128741 282.36656108289026 4.0699519724585116 5.1833888031542283 145.32964264089242 5.5216809436678886 1.8303644303232414 1.7893285630270839 5.5595879668835542 2.7916326648555714 1.2368267611600448 4.9820031735580406 0.68987396545708168 4.1649340528529137 3.8014948486816129 4.7660976322367787 4.7391158631071439 46.40059181000106 237.4978127987124 7.2761245968285966 30.710320303449407 87.225474522914737 4.7210614997893554 1.4270659424364565 3.3121139286085963 39.146938151912764 130.25730158720398 34.121631213929504
leaf_count=21006 1209 64 219 3026 3204 119 67360 9064 90 1048 10120 5226 926 101 240 109 42 62 28 257 30 116 160057 662596 90 123 21 13 320 1890 907 10552 11628 105648 29 3281 21 244 869 14 40 3 725 159 205 488 71 499 803 19 383 2586 10849 324 726 1775 538 149 296 14597 84542 1086
internal_value=-1.43939e-05 -0.00815286 0.00806591 -0.0169404 -0.00392837 -0.00687074 0.00520744 0.0156297 0.02207 0.0100785 0.00349302 0.00572725 0.0133492 0.0233587 0.0114843 0.0113413 -0.0309659 0.00384929 0.00309421 0.0215517 -0.0123754 -0.0551369 -0.00900715 -0.0189017 0.0125411 0.0129397 -0.063448 0.0219139 -0.00955599 -0.0154023 -0.0128509 0.0043591 -0.016554 -0.0178662 0.0271465 0.0116073 0.00659256 -0.037958 0.0131125 -0.0216362 0.0234445 -0.0317089 0.0072888 -0.00235925 0.00111819 -0.0301824 0.00433393 -0.037451 -0.0772812 0.0576112 -0.00253694 0.0077775 -0.00335561 -0.0120345 -0.0076265 -0.0170687 -0.0443448 -0.0073923 -0.0843794 -0.0386066 -0.00894274 0.00954841
internal_weight=7028.46 3501.63 3526.83 1136.84 2364.79 1693.41 2559.54 967.293 447.784 519.509 671.388 245.535 527.44 441.136 288.736 491.57 13.5562 9.28167 2032.1 69.8209 19.2397 10.8914 1447.87 1058.6 478.014 476.313 6.64758 4.09819 1420.83 422.498 380.643 67.4006 313.242 305.475 106.099 459.82 291.62 9.25334 158.757 13.4272 9.14137 3.61969 241.001 104.713 99.1536 17.3945 12.4125 6.95657 4.5337 5.45597 382.652 81.759 376.909 139.411 122.675 91.9646 16.7364 8.70319 8.03318 41.8545 185.602 80.5222
internal_count=1202832 1117423 85409 771170 346253 320789 72921 12488 2347 10141 25464 11986 5117 2236 10360 4898 213 104 67804 444 187 157 308803 768144 4685 4595 111 41 305599 145542 130625 12442 118183 117276 1077 4472 3546 265 1027 158 57 43 11064 5838 5113 1236 748 658 922 90 15104 3877 15040 4191 2884 2158 1307 473 834 14917 105548 3672
is_linear=0
shrinkage=0.05


Tree=48
num_leaves=63
num_cat=0
split_feature=0 8 16 13 19 17 2 19 13 10 0 17 14 19 19 19 6 8 16 2 16 8 17 1 3 0 19 14 19 10 19 5 0 16 2 5 0 17 0 16 19 17 16 2 2 1 16 13 2 6 5 5 19 13 2 5 5 17 16 0 16 2
split_gain=148.572 62.3845 45.185 43.2597 30.3005 20.5946 20.5816 18.3516 15.826 13.8683 13.3838 12.4906 14.3107 16.7503 12.4118 13.2136 11.9053 14.1457 11.1214 12.8129 11.742 10.9164 10.7243 24.5102 14.636 11.9454 10.6499 11.2093 10.6117 10.1865 13.7711 10.0947 26.1928 9.80688 16.4592 12.6828 9.78515 9.41181 12.6306 9.40024 11.6202 11.0812 12.0067 21.0178 22.7731 18.1496 15.2454 12.4131 11.1873 15.2165 14.1656 12.4372 17.0858 14.2103 11.9269 11.1593 9.16425 10.0884 11.4212 9.09723 9.87816 8.9867
threshold=29.500000000000004 13.500000000000002 69.500000000000014 0.015749008394777778 7.9144067764282235 3.5000000000000004 16.500000000000004 4.2452108860015878 0.016001024283468727 15.500000000000002 70.500000000000014 5.5000000000000009 3.5000000000000004 23.900530815124515 22.660007476806644 21.174427032470707 2.5000000000000004 16.500000000000004 73.500000000000014 9.5000000000000018 72.500000000000014 5.5000000000000009 3.5000000000000004 0.013606071937829258 0.012903762981295587 23.500000000000004 30.30601787567139 12.500000000000002 23.900530815124515 1.0000000180025095e-35 14.401458740234377 0.0066890381276607522 53.500000000000007 55.500000000000007 1.0000000180025095e-35 0.013793759513646366 46.500000000000007 1.5000000000000002 60.500000000000007 75.500000000000014 16.411548614501957 1.5000000000000002 38.500000000000007 22.500000000000004 3.5000000000000004 0.0083683477714657801 39.500000000000007 0.016261236742138866 9.5000000000000018 9.5000000000000018 0.016261236742138866 0.010811126790940763 7.9144067764282235 0.015268065501004459 13.500000000000002 0.011050061322748663 0.0064725596457719812 2.5000000000000004 89.500000000000014 33.500000000000007 26.500000000000004 51.500000000000007
decision_type=2 2 2 2 2 2 2 2 2 2 2 2 2 2 2 2 2 2 2 2 2 2 2 2 2 2 2 2 2 2 2 2 2 2 2 2 2 2 2 2 2 2 2 2 2 2 2 2 2 2 2 2 2 2 2 2 2 2 2 2 2 2
left_child=3 14 4 7 6 29 16 18 10 28 -8 12 13 -4 15 39 36 -18 19 20 -1 -9 56 24 25 -24 -11 -28 -6 -5 -31 32 -14 34 -19 37 -3 38 -35 41 61 59 43 44 45 -43 -44 -46 49 -48 -51 54 53 -53 -50 -45 57 58 -20 60 -2 -41
right_child=1 2 11 5 9 -7 8 21 -10 26 -12 -13 31 -15 -16 -17 17 33 22 -21 -22 -23 23 -25 -26 -27 27 -29 -30 30 -32 -33 -34 35 -36 -37 -38 -39 -40 40 -42 42 46 55 47 -47 48 -49 51 50 -52 52 -54 -55 -56 -57 -58 -59 -60 -61 -62 -63
leaf_value=0.0046715384929758392 0.0636809041817719 -0.11234926243553267 -0.10492769260639666 0.034879487067173802 -0.086955552745801107 0.0089657962690383904 -0.013862039869008483 0.021331113331152188 0.027834215147040976 0.0060774480878634076 -0.023673710803172092 -0.011012404448089048 -0.07023820665168605 0.064662285879349884 0.027273042749385735 -0.11269766344337023 -0.11433659965262143 -0.10457562470963438 -0.064950049883753913 -0.0029220460973259305 -0.12961688200723262 0.0070973030392420039 0.048643538396935769 -0.089946621896690795 -0.13087139074676316 -0.092236769957299597 -0.096990554348256999 0.066903198279268536 0.016283536674947644 0.019592633690090039 -0.10846587251613288 0.020326632737367147 0.0075401058184180721 -0.12487517876669585 0.00099881378217196314 -0.10604471414045331 0.04904301402109626 -0.037436998644971749 0.035187046385288731 0.041042752769780241 -0.1023063629098773 0.047003507437821473 -0.10331772485779134 0.012838222436592451 -0.1073797496588289 -0.12454526504843509 0.034921241789829874 0.015874747246587537 -0.1011626967583989 -0.10255893742400179 0.056732293076719877 0.00062475124950991739 -0.10233358408493665 -0.10511060737546321 0.00035599329724958593 0.044069973533064612 0.031185898561505589 0.046321770631027159 0.05967236511992402 -0.031003926294101414 -0.10054113056840119 0.0041205209860342012
leaf_weight=1257.9735295861028 5.0905813770368686 1.0048421807587136 5.4700233809999181 156.64521001907997 7.4890402760356647 409.06690776185133 550.56153739016736 190.87197031709366 17.452758124680258 223.05211879254784 942.64546881307615 111.61541281960672 11.72102166386321 1.9841320677660403 59.328637677012011 2.4453136099036774 3.0247473334893575 3.7632124379742882 8.4615175493527222 1081.3244420585688 1.6299190651625384 457.74738103966229 14.11853701062501 7.2561937496066085 1.4786813443060953 1.6841560713946808 4.7469609305262566 1.337125927209853 3.7281488892622292 234.99129336816259 2.1183030596002927 135.43297670804895 141.50396068167174 1.3894386719912279 194.38231263158377 4.6366567290388039 14.368916545994578 22.150002737296745 10.911539973923935 37.027771025663242 1.8536190735176195 9.5487948665395397 3.7143492174800476 129.88959227583837 9.1485061340499652 1.838708541356026 35.975751387886703 2.6299872007220975 2.9339197562076142 4.1849356705788514 2.0940794995985925 21.560236000223089 7.1847719023935488 3.7268977912608525 208.30627585627371 36.677270259009674 79.586311226477847 5.3033819049596778 2.3488288549706331 39.228243479738012 1.1165458741597829 29.698399457149208
leaf_count=23521 21 38 852 578 766 3669 179888 1605 1261 13216 714969 18882 2266 7 521 116 297 902 732 109702 92 8957 491 644 169 296 150 5 48 1658 50 10673 20671 131 27613 556 95 3703 591 334 87 68 769 12785 755 97 381 47 189 365 13 1041 446 397 22674 762 1039 167 18 6873 68 3055
internal_value=1.50158e-05 -0.00821947 -0.0119327 0.00647525 -0.015016 0.0168227 -0.0172825 0.00380395 -0.0195028 0.00163979 -0.020056 0.00324181 0.00861474 -0.0597866 0.00546359 0.00329212 -0.00416189 -0.00689139 0.00183214 0.0010704 0.00449777 0.0112859 0.0166625 -0.0128274 0.0195538 0.0336294 0.00429716 -0.0609709 -0.052643 0.0249852 0.0184486 0.0103811 0.00159041 -0.00552146 -0.00100627 -0.0284101 0.0384943 -0.0179615 0.0171075 0.00377007 0.0211791 0.00149531 0.00373191 0.0135091 -0.0311141 0.019304 -0.0026719 -0.0798586 -0.00136464 0.022386 -0.0494346 -0.00548253 -0.0342915 -0.0149589 -0.001054 0.0197153 0.0242238 -0.0101624 -0.0378726 -0.0221043 0.0341404 0.0246095
internal_weight=6982.18 3069.58 2414.37 3912.61 2006.64 802.822 1766.29 3109.78 1510.66 240.353 1493.21 407.728 296.112 7.45416 655.203 595.875 255.632 240.258 2461.17 2340.93 1259.6 648.619 120.238 24.5376 17.2814 15.8027 229.136 6.08409 11.2172 393.755 237.11 288.658 153.225 237.233 198.146 39.0876 15.3738 34.451 12.301 593.429 68.5798 524.849 479.414 189.733 23.166 11.3875 289.681 11.7785 285.967 42.2548 6.27902 243.712 32.4719 25.2871 211.24 166.567 95.7 16.1137 10.8103 45.4354 6.20713 66.7262
internal_count=1202832 1049444 997580 153388 944229 5955 930044 147433 896118 14185 894857 53351 34469 859 51864 51343 33926 33793 136871 133315 23613 10562 3556 1600 956 787 13371 155 814 2286 1708 33610 22937 33496 28515 4981 133 4425 722 51227 3476 47751 40789 14514 967 165 26275 802 25506 759 378 24747 1884 1438 22863 13547 1956 917 750 6962 89 3389
is_linear=0
shrinkage=0.05


Tree=49
num_leaves=63
num_cat=0
split_feature=21 0 19 16 8 14 16 2 4 17 16 4 16 16 19 16 17 16 2 0 14 14 17 16 19 10 0 4 2 0 0 3 19 4 17 14 21 2 17 11 10 0 2 16 2 3 8 4 5 4 2 19 8 8 5 1 21 16 16 2 2 2
split_gain=159.974 47.0186 43.0651 28.8674 24.985 19.1577 18.3012 15.7918 15.2038 14.574 12.8224 12.947 11.2073 10.9044 10.8857 10.844 10.6494 10.1115 11.692 10.0574 13.0817 9.07936 9.01751 9.43216 9.00415 13.7364 11.2842 15.5356 11.4994 12.8131 16.1522 16.7517 12.8817 12.0816 11.2648 10.7616 16.2602 25.923 13.4714 10.6789 10.2396 10.2228 10.806 13.3637 16.6442 13.1306 10.0842 14.2752 10.671 9.18951 9.09558 9.05503 8.90196 8.88538 8.75143 12.4831 10.0772 8.72797 20.6051 21.3368 14.8427 14.8813
threshold=3.5000000000000004 31.500000000000004 4.850494623184205 80.500000000000014 2.5000000000000004 60.000000000000007 71.500000000000014 9.5000000000000018 2.5000000000000004 2.5000000000000004 73.500000000000014 1.5000000000000002 74.500000000000014 78.500000000000014 7.4993696212768564 70.500000000000014 6.5000000000000009 34.500000000000007 14.500000000000002 41.500000000000007 1.0000000180025095e-35 1.5000000000000002 4.5000000000000009 81.500000000000014 18.279785156250004 1.5000000000000002 74.500000000000014 89.500000000000014 7.5000000000000009 11.500000000000002 39.500000000000007 1.0000000180025095e-35 21.589429855346683 6.5000000000000009 7.5000000000000009 5.5000000000000009 5.5000000000000009 23.500000000000004 7.5000000000000009 0.015038444194942715 10.500000000000002 87.500000000000014 67.500000000000014 65.500000000000014 1.0000000180025095e-35 0.0090499590151011961 16.500000000000004 78.500000000000014 0.012739370577037336 14.500000000000002 43.500000000000007 8.8715415000915545 5.5000000000000009 3.5000000000000004 0.011428944766521456 0.0099504948593676108 4.5000000000000009 37.500000000000007 30.500000000000004 1.5000000000000002 8.5000000000000018 10.500000000000002
decision_type=2 2 2 2 2 2 2 2 2 2 2 2 2 2 2 2 2 2 2 2 2 2 2 2 2 2 2 2 2 2 2 2 2 2 2 2 2 2 2 2 2 2 2 2 2 2 2 2 2 2 2 2 2 2 2 2 2 2 2 2 2 2
left_child=1 6 3 5 9 -3 16 -7 21 10 11 -2 24 15 -8 52 57 18 -18 20 -4 -6 -5 -24 35 -26 27 28 -27 32 33 -32 -30 -31 -33 36 37 -10 53 -34 -36 42 43 -37 -45 -46 51 48 54 -35 -47 -44 -9 -38 55 56 -48 58 60 -60 -1 -62
right_child=4 2 19 22 8 7 14 13 12 -11 -12 -13 -14 -15 -16 -17 17 -19 -20 -21 -22 -23 23 -25 25 26 -28 -29 29 30 31 34 39 49 40 41 38 -39 -40 -41 -42 -43 46 44 45 50 47 -49 -50 -51 -52 -53 -54 -55 -56 -57 -58 -59 59 -61 61 -63
leaf_value=0.007522544128018136 0.036237120969183113 -0.052996214686929638 0.051885154985836374 0.018123098596354498 0.036731164972284368 0.00024827481893227409 0.018826118771263341 0.010232852613139432 -0.0085731804055500047 0.010239039887659748 0.049159677348198899 0.011998369889051759 0.018193329766791146 -0.056835700616723384 -0.10607934369200761 -0.0013333065582414583 0.023309795939413219 -0.0027400201430837672 -0.0068867435371921916 0.005204385103339558 -0.086757652426529233 0.010754173631263646 0.021954592294851076 -0.061146729533904709 -0.10336443147668406 0.024680476922921357 0.039923398909450861 -0.099825720152101324 -0.10009469335831052 -0.095136890786174946 0.078816000982484077 -0.097743802486933928 -0.0027218752918617174 0.041383798534191295 0.05333909085028346 0.00032941899610992181 -0.059998788487735655 -0.091491331100148884 -0.13027072578169793 -0.10723006542086072 -0.090783786065971053 -0.010494335980080581 0.032611186560028628 -0.13966735174607783 -0.093944114197924866 0.01769773808922875 0.042779366607330588 -0.065989324146904824 -0.097703058920534214 0.0082929113890553938 0.061565366606696349 -0.099431326749431503 -0.018731307871636665 0.0072053161493669249 0.062525192341774935 -0.086964040196801748 -0.086332449388378502 -0.0010373422918899158 -0.12710412427590254 -0.026542953380947455 -0.089321869095606909 -0.0126229981757786
leaf_weight=127.19009287212975 79.152187777915969 35.795606905623572 2.3287976430729032 80.051320340018719 36.138745988951996 136.80258225894067 134.31959680747241 27.047885187144857 25.163172406842932 658.97608432592824 41.928436134941876 181.24008271913044 114.21876474632882 17.403715477441438 1.767292977310716 102.54906958917854 111.57047986681573 180.08153970120475 44.980261378688738 341.53936913784128 6.3154003524687123 485.90378313371912 5.9847826301120204 7.9508519547525793 2.6131302672438315 80.409511992475018 31.440913619939238 3.294458156451582 5.0357367598917326 2.346204236149787 2.5776696756947777 7.9998602462001127 24.662135242484513 32.094585828715935 3.1488914312794805 1157.8300965544768 5.2772784505505106 15.071720461128278 1.9546474847011257 2.7132962828036389 2.0249480358324945 151.4693423199933 66.308669475372881 1.6459179893136013 2.4529198883101335 97.572854385478422 10.143730223411699 7.189034230541437 1.9875677071977396 60.586095412028953 13.444469519425182 1.3243127989117045 1380.0516492592869 72.325825840234756 8.8003930258564633 3.2529545321594915 1.7758722358848889 502.44526054814924 5.6838605250231913 73.298074063612148 6.6777169150300315 119.44651532953139
leaf_count=3102 291 63943 19 4798 219 16184 4649 5980 913 9338 149 2710 2630 4556 169 25420 2713 17318 10995 26302 687 4898 696 2396 75 618 278 99 169 74 11 316 301 213 20 31449 138 1412 102 42 94 20089 2173 62 176 1698 453 812 315 786 103 93 842712 1165 188 474 263 45045 306 11930 642 26861
internal_value=1.59936e-05 -0.00762436 -0.0121819 -0.0153132 0.00754248 -0.0168048 -0.000151369 -0.0160262 0.00494601 0.014409 0.0234983 0.0193663 0.00298038 -0.0174842 0.017204 -0.0170305 -0.00216767 0.00533963 0.0146337 0.00385633 -0.0494065 0.0125524 0.0116612 -0.0254581 0.00206871 0.0106973 0.0118511 0.0079611 0.00954921 0.00105208 0.00914233 -0.0377522 -0.0265996 0.0169154 -0.0605608 0.000699931 -0.0137303 -0.0396338 -0.000630149 -0.0130801 -0.00306802 0.00183332 0.00319258 0.0019448 0.0181922 0.020482 0.0189529 -0.00363829 0.0136281 0.019752 0.0230102 0.0300257 -0.0181745 0.00263521 0.0228584 -0.000149158 0.0235433 -0.00519519 -0.011482 -0.0337797 -0.00452973 -0.0166839
internal_weight=6954.78 3451.28 2143.82 1793.64 3503.5 1699.65 1307.46 1663.85 2542.2 961.297 302.321 260.392 2020.16 1527.05 136.087 1509.65 1171.37 336.632 156.551 350.184 8.6442 522.043 93.987 13.9356 1905.94 260.947 258.334 226.893 223.599 143.189 110.778 15.7514 32.4112 95.0269 13.1737 1644.99 119.793 40.2349 79.5578 27.3754 5.17384 1525.2 1373.73 1272.95 115.116 113.47 100.783 33.1496 25.9605 92.6807 111.017 67.633 1407.1 77.6031 23.973 15.1726 11.9196 834.742 332.296 78.9819 253.314 126.124
internal_count=1202832 1117423 993693 966685 85409 958795 123730 894852 72921 12488 3150 3001 67804 878668 4818 874112 118912 31026 13708 27008 706 5117 7890 3092 65174 3096 3021 2743 2644 2026 1514 441 512 1073 430 62078 3730 2325 1405 343 114 58348 38259 33488 2039 1977 4771 2505 1693 999 1801 2266 848692 1303 1378 1190 716 87886 42841 12236 30605 27503
is_linear=0
shrinkage=0.05


Tree=50
num_leaves=63
num_cat=0
split_feature=21 12 16 16 3 18 1 16 16 14 3 19 0 8 21 3 8 3 3 16 19 0 14 19 10 0 1 6 16 3 8 6 19 8 19 8 19 6 18 1 18 1 10 18 0 8 1 21 9 6 16 10 19 19 1 19 19 19 3 9 1 16
split_gain=172.921 52.6919 40.571 33.3806 24.821 21.4533 19.2745 18.0548 16.1501 15.4774 14.9738 17.656 14.5659 14.3859 14.3303 14.1868 21.6255 13.2208 19.5703 11.6606 10.9539 10.8126 10.7328 10.2839 10.0194 12.7436 11.127 10.5215 9.94616 11.3454 10.4741 9.00106 13.1623 9.86631 8.91141 8.83755 8.78618 10.0384 16.6784 8.7806 8.75301 11.7773 8.89271 9.69343 8.71993 8.61621 19.5731 12.0644 18.7751 8.58521 17.4486 9.37676 8.45303 9.02073 19.717 10.6026 9.42485 11.2489 18.3234 12.7224 13.6815 11.6071
threshold=2.5000000000000004 5.5000000000000009 57.500000000000007 59.500000000000007 0.016001024283468727 1.5000000000000002 0.0079682543873786944 15.500000000000002 58.500000000000007 12.500000000000002 0.010152545757591726 7.9847960472106942 24.500000000000004 1.5000000000000002 5.5000000000000009 0.0088107436895370501 5.5000000000000009 0.0080322581343352812 0.0075472774915397176 82.500000000000014 9.3998298645019549 66.500000000000014 60.000000000000007 28.241104125976566 5.5000000000000009 7.5000000000000009 0.010811126790940763 10.500000000000002 12.500000000000002 0.0066007319837808618 16.500000000000004 16.500000000000004 27.339073181152347 60.000000000000007 44.719579696655281 60.000000000000007 33.991844177246101 1.5000000000000002 1.0000000180025095e-35 0.0080322581343352812 2.5000000000000004 0.0068260179832577714 60.000000000000007 4.5000000000000009 3.5000000000000004 5.5000000000000009 0.015038444194942715 6.5000000000000009 0.013245614245533945 7.5000000000000009 14.500000000000002 1.5000000000000002 44.719579696655281 9.3067207336425799 0.0088107436895370501 8.9806585311889666 20.432101249694828 30.30601787567139 0.012270400300621988 0.015038444194942715 0.016001024283468727 66.500000000000014
decision_type=2 2 2 2 2 2 2 2 2 2 2 2 2 2 2 2 2 2 2 2 2 2 2 2 2 2 2 2 2 2 2 2 2 2 2 2 2 2 2 2 2 2 2 2 2 2 2 2 2 2 2 2 2 2 2 2 2 2 2 2 2 2
left_child=2 4 10 5 17 8 -6 28 13 24 11 22 -11 14 -3 35 -17 18 36 -14 -16 39 -1 -23 25 -5 -27 -26 29 30 -7 32 33 -29 -9 -15 37 40 -39 -19 41 -2 43 -42 -8 -46 47 -47 -49 50 -18 -51 53 54 -41 -56 -55 58 -58 -60 61 -61
right_child=1 3 -4 9 6 7 44 34 -10 12 -12 -13 19 15 20 16 49 21 -20 -21 -22 23 -24 -25 27 26 -28 31 -30 -31 -32 -33 -34 -35 -36 -37 -38 38 -40 52 42 -43 -44 -45 45 46 -48 48 -50 51 -52 -53 -54 56 55 -57 57 -59 59 60 -62 -63
leaf_value=-0.052241857458292622 0.0060872645363094753 0.053923200269672289 -0.003373916161608031 -0.10124051238666912 -0.12517250449708167 -0.095873602777685071 0.0270580738977967 -0.0016873270341168827 -0.094912149315278818 0.011082935516772143 -0.0073224421775975063 0.0042919079257909094 -0.0094870438170670222 -0.011205004703761687 -0.10240128260568203 -0.071267053838377531 -0.11108745664527907 -0.10878748089035047 -0.11226313441532637 0.029373359067226532 0.050523141307028056 0.028417515316507398 -0.022403059389400876 -0.10672817374340809 0.046315767230908626 -0.10442700952602824 0.025872185510063185 -0.10772172258260192 0.032005242774222065 0.0087654668637192415 -0.0030411952888085301 0.019643974462989443 0.033308025551884293 0.017941367481891988 -0.09693929440860273 -0.049280657728056919 0.056641399947812025 -0.084718901581790892 0.008638393428394819 -0.10726729222192609 -0.11310144585445994 -0.12394212475254569 0.055504564179844743 -0.035176185654929824 0.018164136727633177 0.028614651499297233 -0.12882376529290526 0.040901306279401077 -0.11949195353924268 -0.10873938877625247 0.019368843255134889 -0.0083563973817866576 -0.10111332504066672 0.025633391107494338 0.0070505490967200978 -0.11079447199396775 -0.10614878841678921 0.023959241201562433 -0.099562556735799113 0.025353971913363874 -0.11419413006526838 -0.10662493914660261
leaf_weight=31.202889327192679 25.546616676496345 16.00467323791236 635.83679101610323 3.6848932644352308 2.2136467169038943 4.9747270344523713 320.52376038185321 1667.5230226122076 5.6171018546447149 340.92437089013401 223.27141124277841 61.325652047758922 191.82962909329217 25.915780708775856 3.0385834984481326 13.248011096147819 2.7030953806824973 1.5914506982080627 4.1311013624072066 21.463792683323845 1.9052230194211004 93.152199844596907 881.63393012929009 1.4292389163747419 36.002664469182491 1.9524121712893237 10.18885114812292 4.9487495650537312 45.003648973302916 359.07611579081276 7.8066261835629103 227.39703766396269 5.7481734529137611 2.2823968697339279 2.4591129426844409 36.9939035869902 6.1322407722473136 5.0154249381739637 103.70883721183054 3.8189346557483068 5.1411955798976186 1.8688099728897203 2.0735214729793361 17.835309782763943 96.044226464349777 14.644908707588916 3.2676503029651931 3.2321997964754692 4.1893308598082513 2.3400049922056487 49.502649178495631 398.29517509043217 1.7466128077357996 137.93507249257527 623.52232061710674 1.9145350465551008 4.850586332846432 34.791765939677134 3.0431490123737595 26.283759484998889 2.1390456184744826 1.7786574594210822
leaf_count=57433 1195 134 158134 64 84 1124 1323 107788 648 8361 69769 5642 17341 6886 95 453 130 87 337 659 9 1856 682493 27 295 163 92 243 1414 19223 1595 3777 42 47 58 9076 11 1813 6911 309 771 125 176 1853 531 104 78 11 101 79 757 21416 45 1201 7872 74 111 175 62 181 32 45
internal_value=-0.00043091 0.00435022 -0.0135814 0.000939486 0.0120097 -0.00182855 0.0219986 0.00049601 -0.0105602 0.00958087 -0.0190015 -0.0216783 0.00467147 -0.00969862 0.0309391 -0.0113079 -0.00829966 0.00801108 -0.00475544 -0.00557651 -0.0434679 0.0103446 -0.023423 0.0263753 0.0188924 -0.0197987 0.00491903 0.0211079 0.00980455 0.00711774 -0.0391732 0.0173324 -0.0231659 -0.0680582 -0.00182759 -0.0335953 -0.00210113 -0.00433591 0.00433184 0.00854693 -0.0222981 -0.00277637 -0.0436632 -0.0526126 0.0227359 0.0113223 -0.014616 0.00229619 -0.049638 -0.00645753 0.0126141 -0.00894271 0.00876875 0.0089972 0.00599821 0.00668981 0.0179485 0.00340526 -0.0153664 -0.0021207 0.00769771 0.0169889
internal_weight=6875.67 5042.4 1833.27 3488.83 1553.57 2642.41 444.116 2086.84 555.564 846.423 1197.43 974.162 554.218 549.947 20.9485 528.999 466.089 1109.45 171.453 213.293 4.94381 937.997 912.837 94.5814 292.205 15.8262 12.1413 276.379 416.861 371.857 12.7814 240.376 12.9793 7.23115 1669.98 62.9097 167.322 161.19 108.724 843.416 52.4655 27.4154 25.05 22.9765 441.902 121.378 25.3341 22.0664 7.42153 452.841 52.2057 400.635 841.824 840.078 629.256 625.437 210.822 72.887 38.0952 33.2446 30.2015 28.0624
internal_count=1202941 229470 973471 201969 27501 170885 2232 131202 39683 31084 815337 745568 26361 39035 238 38797 22835 25269 13192 18000 104 12077 739926 1883 4723 319 255 4404 23356 21942 2719 4109 332 290 107846 15962 12855 12844 8724 10194 4120 1320 2800 2624 2148 825 294 216 112 22382 887 21495 10107 10062 8255 7946 1807 606 431 320 258 226
is_linear=0
shrinkage=0.05


Tree=51
num_leaves=63
num_cat=0
split_feature=21 13 16 16 2 19 2 19 1 19 14 4 4 2 21 16 1 10 0 16 16 2 8 19 4 16 0 4 0 0 19 19 2 4 6 19 4 16 16 1 16 19 4 16 10 0 14 0 16 0 6 6 8 13 8 0 4 6 21 13 4 0
split_gain=162.541 53.3839 37.6718 28.5464 23.1466 15.1513 13.9341 15.9235 13.6078 13.2511 13.1946 14.1181 15.663 30.2402 19.6727 12.9935 12.076 10.4814 15.8558 12.5507 10.0174 9.96687 20.6951 17.33 16.0067 15.9894 14.0833 14.6216 14.0602 13.4989 19.8303 12.0851 13.4234 12.0723 17.7252 11.3688 11.0915 14.9522 11.0674 11.7049 14.8695 10.6447 10.1487 9.89665 13.5538 10.9604 9.72691 9.68107 9.57035 11.727 12.6637 14.8657 20.7153 12.5347 14.4982 10.8274 13.1698 11.305 13.5985 9.76001 9.85555 9.39911
threshold=2.5000000000000004 0.015038444194942715 57.500000000000007 59.500000000000007 1.5000000000000002 8.6729841232299822 37.500000000000007 8.8715415000915545 0.0079682543873786944 8.295539855957033 12.500000000000002 19.500000000000004 42.500000000000007 50.500000000000007 5.5000000000000009 15.500000000000002 0.0066890381276607522 15.500000000000002 34.500000000000007 73.500000000000014 53.500000000000007 34.500000000000007 3.5000000000000004 38.423259735107429 98.500000000000014 54.500000000000007 30.500000000000004 5.5000000000000009 69.500000000000014 97.500000000000014 12.878506660461428 31.480008125305179 4.5000000000000009 53.500000000000007 60.000000000000007 22.660007476806644 42.500000000000007 54.500000000000007 37.500000000000007 0.016261236742138866 17.500000000000004 26.024694442749027 58.500000000000007 45.500000000000007 5.5000000000000009 3.5000000000000004 4.5000000000000009 63.500000000000007 12.500000000000002 21.500000000000004 16.500000000000004 12.500000000000002 2.5000000000000004 0.013423423748463394 4.5000000000000009 47.500000000000007 9.5000000000000018 13.500000000000002 6.5000000000000009 0.013245614245533945 51.500000000000007 6.5000000000000009
decision_type=2 2 2 2 2 2 2 2 2 2 2 2 2 2 2 2 2 2 2 2 2 2 2 2 2 2 2 2 2 2 2 2 2 2 2 2 2 2 2 2 2 2 2 2 2 2 2 2 2 2 2 2 2 2 2 2 2 2 2 2 2 2
left_child=2 3 6 15 8 9 -1 -8 -3 -6 -5 16 14 -14 17 48 -12 18 -13 -19 -9 23 25 24 29 26 27 -23 43 31 -31 33 -33 36 -35 -30 -17 38 39 40 -38 -37 -36 44 -24 -45 -46 -47 49 50 51 -2 -53 54 -52 57 -57 -51 -59 60 -56 -44
right_child=1 4 -4 10 5 -7 7 20 -10 -11 11 12 13 -15 -16 21 -18 19 -20 -21 -22 22 28 -25 -26 -27 -28 -29 35 30 -32 32 -34 34 42 41 37 -39 -40 -41 -42 -43 61 45 46 47 -48 -49 -50 55 53 52 -54 -55 59 56 -58 58 -60 -61 -62 -63
leaf_value=-0.0072766518229649239 -0.00024671305539558517 -0.12043339674914616 -0.0034048719595180382 0.017287504638849548 0.0051086787751491673 0.018252897738383653 -0.022750018186622339 0.014810516707373909 0.022200555663478533 -0.098632299900097017 -0.10430841597589889 -0.1029306353497931 0.019596980563129137 -0.023482093811704199 -0.099816112635761095 -0.0023973884815522584 0.013445508950662731 -0.033801204499395082 0.057387263394175381 0.005688386118488202 -0.038847069814839118 0.073323782956089351 -0.099682158353436454 -0.097926182863808553 0.024200031192222481 -0.12065036864447239 0.033540310067343974 -0.11894780946425319 -0.032004365895212071 -0.098419476871820302 0.0519473500068037 -0.10696361965890684 0.039472657294431411 -0.10132394829556211 -0.062546508931671366 0.049392000659928256 0.09060361072701599 -0.06979785625739883 0.035470377638873216 0.076416869013507693 -0.052837534505701084 -0.11259641647053736 0.027853734547071914 -0.078166965882904546 -0.096429019260736729 -0.00065751589614740217 -0.01202185178363665 0.04324111745428269 0.025755596150946178 -0.10410787676122471 -0.11060919525281343 0.039136138703567566 -0.10734538647586836 0.033308601567691817 0.011619675066940657 -0.1013786586692893 0.0074266327701257911 -0.028282297592836653 0.053392052865758322 -0.10934239997435354 -0.051930542239243961 -0.017423988875354453
leaf_weight=223.85884725040523 46.111194622411858 1.6785733019933093 635.14925494769705 295.69209165172651 825.4572278476553 275.7328680686187 900.21085883914202 45.767296418896876 438.78095854469575 3.0896714550908646 2.1952562488149843 1.8356423322111357 122.97293082927354 60.917310090386309 7.0099322465248397 1355.8521365668857 265.74235114525072 53.990376456873491 9.6504167523235065 32.073567589279264 10.739254722371696 1.4440161476377387 4.7136693212669334 4.6513105886988333 59.386810579104349 1.9470880683511484 46.668496746802703 3.1365258903242648 111.00632171961479 8.0252497096080315 3.0168897681869558 1.6641740303020949 26.251147269038484 6.3461645971983662 9.5581838245270756 7.4914814098738116 2.134508152492347 4.567186457803472 50.342875881120563 3.1156417606398454 11.764653996797277 1.1729440856724975 14.695250400342045 4.2611103574745348 3.4840110067743799 147.71413937967736 167.83288393542171 13.726237354334442 52.020337247289717 4.2645781822502604 2.5840966915711752 3.4378554858267298 8.101075519807635 58.617104549775831 193.03808258124627 2.8944236848037681 71.040184830548242 47.349782022414729 5.7110231160186222 1.7394347232766438 6.2999003124423316 52.093688065186143
leaf_count=69769 790 84 158134 4723 21960 3093 741430 3395 2148 216 437 110 4692 8491 458 49530 6570 4433 202 968 743 12 431 107 1739 239 1267 150 29998 1503 54 28 124 549 1390 44 52 453 2181 15 1592 51 451 459 279 13374 27757 1205 1852 359 90 17 322 478 6556 557 10764 6932 76 54 995 6009
internal_value=-0.000401073 0.0042294 -0.0132238 0.000798551 0.0119659 0.00810046 -0.0185063 -0.0211339 0.021657 0.00472183 0.00875263 0.00421677 -0.00345952 0.00532618 -0.018911 -0.0017772 0.0124807 -0.0130971 0.0317661 -0.0190846 0.00461272 -0.00348576 -0.00954478 -0.0015533 -0.00127467 0.0199856 0.0253287 -0.0583342 -0.0129494 -0.00225107 -0.0573368 -0.00185568 0.0307428 -0.00245814 -0.0210321 -0.0276988 -0.00138238 0.0177514 0.0236877 -0.0111746 -0.0308091 0.0274629 -0.014358 -0.00778433 -0.0160398 0.000985721 -0.0137384 0.0030749 0.00544829 0.00310694 0.00827019 -0.0129478 -0.0637034 0.012934 0.00706989 -0.00947781 0.00316708 -0.0257864 -0.0194916 0.00858221 0.00961123 -0.00746175
internal_weight=6843.82 5028.09 1815.73 3483.35 1544.74 1104.28 1180.58 956.717 440.46 828.547 852.08 556.388 288.45 183.89 104.56 2631.27 267.938 97.55 11.4861 86.0639 56.5066 2128.06 514.599 1613.47 1608.81 53.1961 51.249 4.58054 461.403 1549.43 11.0421 1538.39 27.9153 1510.47 82.6933 119.671 1427.78 71.9249 67.3577 17.0148 13.8992 8.66443 76.3471 341.732 176.031 165.701 171.317 161.44 503.209 451.189 319.929 57.6501 11.5389 262.279 203.662 131.26 73.9346 57.3254 53.0608 201.077 199.338 66.7889
internal_count=1202941 229470 973471 201969 27501 25269 815337 745568 2232 22176 31084 26361 19354 13183 6171 170885 7007 5713 312 5401 4138 141043 75266 65777 65670 1668 1429 162 73598 63931 1557 62374 152 62222 8399 30093 53823 4293 3840 1659 1644 95 7850 43505 28467 15038 28036 14579 29842 27990 9302 1129 339 8173 7695 18688 11321 7367 7008 7605 7551 6460
is_linear=0
shrinkage=0.05


Tree=52
num_leaves=63
num_cat=0
split_feature=2 12 19 16 8 16 17 6 0 2 19 0 4 16 3 19 17 6 2 0 4 2 15 16 4 5 6 9 6 19 10 4 2 8 12 17 17 8 15 4 10 10 3 10 19 19 19 15 19 0 4 8 2 17 8 12 7 16 16 8 4 0
split_gain=139.033 52.5263 51.5492 28.1782 24.6537 21.0127 18.7171 21.8113 17.0861 15.7784 15.1713 14.6789 26.7043 24.9329 17.2669 14.6644 14.3439 14.2476 17.5204 14.0586 13.6786 13.3842 13.2395 12.3205 12.1231 12.8158 11.9503 14.2355 12.5584 11.9213 22.0482 14.5302 11.5926 16.7595 24.4802 14.8044 12.9925 17.2175 12.2207 11.3589 13.5942 12.5936 16.1164 11.3349 11.0811 10.9165 12.9957 13.9508 11.8664 13.132 10.5283 10.5046 10.4604 10.2758 10.0828 10.2139 9.92185 9.7513 13.9342 11.73 11.5318 14.7349
threshold=39.500000000000007 15.500000000000002 4.2452108860015878 59.500000000000007 18.500000000000004 48.500000000000007 1.5000000000000002 1.0000000180025095e-35 1.0000000180025095e-35 1.0000000180025095e-35 38.423259735107429 97.500000000000014 45.500000000000007 35.500000000000007 0.0064725596457719812 44.719579696655281 6.5000000000000009 3.5000000000000004 42.500000000000007 12.500000000000002 29.500000000000004 42.500000000000007 0.013793759513646366 50.500000000000007 48.500000000000007 0.0098524559289217013 1.5000000000000002 0.016001024283468727 1.0000000180025095e-35 22.660007476806644 5.5000000000000009 15.500000000000002 61.500000000000007 15.500000000000002 17.500000000000004 4.5000000000000009 3.5000000000000004 3.5000000000000004 0.016001024283468727 41.500000000000007 8.5000000000000018 5.5000000000000009 0.0066890381276607522 1.0000000180025095e-35 6.0646126270294198 22.660007476806644 15.77792549133301 0.016001024283468727 13.735037326812746 100.00000000000001 1.0000000180025095e-35 8.5000000000000018 56.500000000000007 7.5000000000000009 10.500000000000002 6.5000000000000009 0.013072453904896976 36.500000000000007 33.500000000000007 8.5000000000000018 5.5000000000000009 44.500000000000007
decision_type=2 2 2 2 2 2 2 2 2 2 2 2 2 2 2 2 2 2 2 2 2 2 2 2 2 2 2 2 2 2 2 2 2 2 2 2 2 2 2 2 2 2 2 2 2 2 2 2 2 2 2 2 2 2 2 2 2 2 2 2 2 2
left_child=1 9 4 8 6 39 7 -2 -3 50 45 12 13 -8 -15 22 57 -4 19 -19 -13 -14 -11 -18 25 -25 27 28 -22 30 -20 -32 33 35 -35 -33 37 -34 -39 40 -6 42 -41 -23 -36 46 48 53 -5 -50 -1 -28 -53 -48 55 -38 -37 58 60 -60 61 -10
right_child=2 3 17 10 5 -7 11 -9 16 15 -12 20 21 14 -16 -17 23 18 29 -21 26 43 -24 24 -26 -27 51 -29 -30 -31 31 32 36 34 44 56 54 38 -40 41 -42 -43 -44 -45 -46 -47 47 -49 49 -51 -52 52 -54 -55 -56 -57 -58 -59 59 -61 -62 -63
leaf_value=0.030358320271538737 0.010460948658852456 0.011992719703103052 0.029058404266034305 0.0081633040654873045 -0.10390602681335515 -0.0095214228205486046 -0.085478910069790054 -0.070227257030103823 0.0054135719332985841 0.0066116304410037303 0.065175813232355731 0.041780224865535107 -0.11129766796543683 -0.099920737735243362 0.011760870817025364 -0.10113128454229608 0.0060270135244039416 0.0222009670589116 -0.10036448922810626 -0.093857528942293197 0.013632905059951007 -0.10976866110118609 0.016797547179507079 0.059131482703494311 -0.066961514013800114 -0.018119400076799363 0.0021328124530725005 -0.11242689318447213 -0.09343401057026296 0.021747112273826828 0.03234207424035887 -0.060026927104319984 -0.11847859889607895 0.03463090485890654 0.024574510478418805 0.044678841155808571 -0.10324546739062357 0.025124154282552408 -0.089663799500396379 0.027627028235749279 -0.0082475224688411761 -0.025447178249665994 -0.095192834234333279 0.030051054203742336 -0.085410852942616439 -0.028834960558644741 0.04653446943187952 -0.11367953216773222 -0.096719639971545188 0.043820782824238708 0.012562022097406332 0.036921472677400723 -0.033370533994370136 -0.10045541581103999 -0.0089713822153328453 0.024198215678151141 -0.099585840068555517 -0.0040265558216156993 0.023484219137376999 -0.045591703743260104 -0.015727355621347396 -0.095647804349347137
leaf_weight=151.61796072800644 14.150640168227254 157.88545985403471 50.158832964953035 482.97904519317672 3.7932403935119501 629.67659075991833 10.790139620658008 20.521145949373022 119.75755661993753 1374.3926467608544 11.893718840088694 12.656552822561933 1.7479886687360693 3.846806632122024 34.500158870592713 3.0290611858945331 358.48852260666899 3.7751647881232193 5.4657931784167877 8.4493663597386313 8.8194465701235458 1.4693337846547354 415.44535058934707 6.1834784992970517 10.680919643898958 40.751877798466012 99.530525959737133 6.1026254772441453 3.9724476903211334 69.605303316609934 33.39011105033569 5.7468656010460135 2.2450844508130094 6.8402377218008068 2.5788787812925902 15.061652788659559 1.6414353440050025 80.987742511322722 2.3870452158153048 20.557333334872968 177.88137235236354 698.20120081178902 3.0698393522761753 107.40956852142699 20.449985751183704 19.305681058438495 38.580061528366059 1.4929368318989862 5.4485768103040746 2.3917902051471174 183.9220870094141 5.9655611265916368 46.924768345052144 1.2268077144399274 203.06325704173651 37.247577889822423 1.2942382225301106 588.60250984085724 7.0212274084333322 49.298562714073341 306.60047762375325 3.7187554228585205
leaf_count=588 428 2052 921 23699 514 250686 886 8956 2785 21665 35 670 129 545 1207 98 33044 86 824 616 658 153 4146 260 3174 2369 15561 1031 885 889 871 229 216 121 167 166 290 3653 489 3734 78287 571162 377 3687 1875 326 303 65 232 44 1286 311 24999 70 19811 1637 73 54316 162 8109 45621 692
internal_value=-0.000338584 0.00504474 -0.00982993 -0.000350153 -0.0137121 -0.0165331 -0.00228254 -0.0372959 -0.00364831 0.0106523 0.00930447 0.00124917 0.0123368 -0.0183355 0.000557441 0.00878989 -0.00530446 0.00365354 0.00110616 -0.0580165 -0.00837954 0.0259606 0.00897592 0.00257782 -0.0188831 -0.00794202 -0.0120853 -0.0495925 -0.0196161 0.00258718 -0.00060028 0.000720246 -0.00206166 -0.0239997 -0.0484244 0.00900714 0.00141898 0.0181584 0.0218377 -0.0214197 -0.0102448 -0.0242323 0.0116692 0.0281642 -0.0730942 0.00809938 0.00943938 0.0363766 0.00717276 -0.0538462 0.0206035 -0.00743578 -0.0254422 0.0420044 -0.00450462 0.018819 0.0332632 -0.00835549 -0.0135941 -0.0369802 -0.0105316 0.00236989
internal_weight=6802.69 4340.72 2461.98 2212.31 1911.59 1533.18 378.408 34.6718 1648.99 2128.41 563.319 343.736 159.764 49.1371 38.347 1792.87 1491.1 550.389 500.23 12.2245 183.972 110.627 1789.84 416.105 57.6163 46.9354 171.315 18.8945 12.7919 488.005 418.4 412.934 379.544 51.9719 29.8691 22.1028 327.572 85.6199 83.3748 903.503 181.675 721.828 23.6272 108.879 23.0289 551.425 532.119 41.2998 490.819 7.84037 335.54 152.421 52.8903 39.8069 241.952 38.889 16.3559 1075 486.397 56.3198 430.077 123.476
internal_count=1202941 205141 997800 177358 964866 904760 60106 9384 152584 27783 24774 50722 6607 2638 1752 25909 150532 32934 32013 702 44115 3969 25811 38847 5803 2629 43445 2574 1543 31311 30422 29598 28727 2631 2163 468 26096 4358 4142 654074 78801 575273 4111 3840 2042 24739 24413 438 23975 276 1874 40871 25310 373 21738 1927 239 111685 57369 8271 49098 3477
is_linear=0
shrinkage=0.05


Tree=53
num_leaves=63
num_cat=0
split_feature=21 21 16 2 16 14 18 0 16 12 19 19 4 14 14 10 12 14 19 14 8 19 19 8 16 2 16 18 16 5 16 16 0 4 18 5 18 12 4 0 10 3 18 0 2 2 10 8 10 21 8 4 12 16 18 16 19 16 12 4 18 8
split_gain=148.195 44.7642 27.8139 25.6321 22.1202 21.0412 16.8159 14.6382 15.0594 13.7715 11.6809 11.0969 12.0109 10.3943 14.4474 12.5332 14.3968 10.1502 13.7094 14.4051 12.1505 10.666 9.8172 11.7785 9.55957 9.4458 29.2168 13.1165 12.334 11.8698 9.38209 12.7219 17.9616 13.8901 13.5577 13.1409 13.4252 11.6154 15.9906 13.998 22.8771 11.8484 10.72 10.5949 12.1388 9.50923 16.0264 10.7847 18.2357 9.8608 9.44818 9.32856 9.16314 16.831 8.99403 8.78129 8.74789 8.67709 8.55434 11.5285 11.321 13.8653
threshold=3.5000000000000004 1.5000000000000002 44.500000000000007 1.5000000000000002 70.500000000000014 12.500000000000002 2.5000000000000004 7.5000000000000009 68.500000000000014 2.5000000000000004 13.403369426727297 11.719474315643312 29.500000000000004 6.5000000000000009 17.500000000000004 8.5000000000000018 16.500000000000004 9.5000000000000018 10.306714534759523 3.5000000000000004 8.5000000000000018 10.291841983795168 5.5592796802520761 10.500000000000002 33.500000000000007 3.5000000000000004 28.500000000000004 6.5000000000000009 29.500000000000004 0.011561079882085325 26.500000000000004 33.500000000000007 11.500000000000002 27.500000000000004 1.5000000000000002 0.011428944766521456 1.0000000180025095e-35 8.5000000000000018 5.5000000000000009 7.5000000000000009 3.5000000000000004 0.013423423748463394 1.0000000180025095e-35 1.0000000180025095e-35 35.500000000000007 16.500000000000004 7.5000000000000009 1.0000000180025095e-35 6.5000000000000009 5.5000000000000009 10.500000000000002 2.5000000000000004 18.500000000000004 32.500000000000007 1.0000000180025095e-35 88.500000000000014 10.833029270172121 68.500000000000014 10.500000000000002 75.500000000000014 3.5000000000000004 5.5000000000000009
decision_type=2 2 2 2 2 2 2 2 2 2 2 2 2 2 2 2 2 2 2 2 2 2 2 2 2 2 2 2 2 2 2 2 2 2 2 2 2 2 2 2 2 2 2 2 2 2 2 2 2 2 2 2 2 2 2 2 2 2 2 2 2 2
left_child=1 2 10 9 7 -5 22 8 25 -2 51 17 -13 -11 15 16 -15 18 19 -9 -21 -19 -6 -24 -14 28 27 29 -3 -27 58 32 35 34 42 36 -32 38 39 40 54 -42 -34 -40 50 46 -35 49 -49 -47 -45 -1 53 -39 -37 -33 -53 -26 -7 60 61 -60
right_child=3 4 -4 5 6 30 -8 11 -10 13 -12 12 24 14 -16 -17 -18 21 -20 20 -22 -23 23 -25 57 26 -28 -29 -30 -31 31 55 33 45 -36 37 -38 52 43 -41 41 -43 -44 44 -46 47 -48 48 -50 -51 -52 56 -54 -55 -56 -57 -58 -59 59 -61 -62 -63
leaf_value=0.10003379611272321 0.023195247323090529 0.021218126760285557 -0.0087388329772606025 0.011856916691172829 0.012462816901776258 0.012456822617658028 -0.0058389815656076866 0.01566452891375299 -0.081562872299929617 0.028222831493879316 0.032939235832372127 -0.08917445890023401 -0.10295751945372032 -0.10266301729873376 0.0071704070269836542 -0.10328482809500464 0.079182020947073134 -0.009016841138778757 -0.1192566752268121 0.031500229821994269 -0.088419034138003089 0.051397661407752399 -0.10456248283080727 0.048104526069208557 0.022466096551636387 -0.085470199530602128 0.0038067154704398936 -0.11024626290729414 -0.0018233329681611407 -0.016886906007570084 0.047182692241612118 0.0017078274411336245 -0.098525905917061049 0.048587458757107342 -0.071502567040867507 -0.11289750093940376 -0.11742410543980553 0.037833338159954572 0.028526497693793562 0.051730623340035822 0.024576675708066216 -0.12024331709015684 0.0095995875458129484 -0.11137246112823718 0.056490826251649529 0.040730651010861464 -0.090384496977076498 -0.10422208806387806 -0.014564475467598243 -0.128384864546498 -0.022274798762647301 -0.025941106984753038 -0.0087411780106089691 -0.11036310246102431 0.02146072900879099 0.051090674564818389 -0.11122958709147804 -0.10685181492786078 -0.099031462319347285 -0.053339689604298482 0.013723870948431525 -0.0072032410598359357
leaf_weight=1.4615397844463576 321.68965588952415 117.04743552580476 556.83911368998815 770.17023075395264 156.79285553190857 345.28109494235832 125.47866105649155 11.749857123242695 5.3900300287641576 58.03808663925156 8.5277419597841781 2.8155675227753809 1.6332113011740137 1.7864208794198928 283.9393443162553 5.6347156572155637 2.7857362851500511 1373.5424833181605 4.4698256216943255 2.7138839452527508 9.5291234676260448 7.3447260207030913 1.3144989297725249 32.495024621021003 59.178905577166006 7.7855690210126332 211.36109096719883 5.7963066990487269 115.28531874925829 33.259993294486776 1.728526004590093 1236.1366429259069 2.8426458484027508 11.767394834198056 25.831924899946898 1.3242043163627411 4.3711580231320113 43.672260341932997 3.5480316248722401 11.903444719500838 1.8507268703542674 5.9627034869045019 11.841015099314973 9.374258505413307 1.7568291500210751 8.2915349407121468 2.5185500176157793 7.7885302936192593 20.863734187907546 0.96195733267813999 4.359079760964959 477.45779219162068 20.743730453541502 2.0038154211360952 20.973639618372545 9.0681886328384262 3.0255609590094528 1.3262396776117373 4.3761038226075462 9.9739638037281093 91.35292809875682 67.782092717243358
leaf_count=837 1458 1204 272905 12945 6118 6532 10652 654 289 419 131 263 229 55 2689 210 8 304604 598 114 1207 176 114 448 1219 1973 11435 752 2068 2329 18 45567 171 93 1591 21 250 429 19 65 20 176 324 262 19 111 230 1131 2577 37 95 496718 430 75 150 66 426 89 209 1930 2493 2514
internal_value=-0.000315785 -0.00782543 -0.0163861 0.00697373 -0.00390398 0.00483948 0.00837483 -0.00587385 0.00155704 0.0157163 -0.0250681 -0.00837344 0.0118327 0.00888501 0.00506945 -0.0533758 0.00813202 -0.0093047 -0.0388603 -0.0238826 -0.0618368 -0.00869551 0.0177322 0.0421689 0.0164095 0.00247036 -0.00411119 -0.0398386 0.00978478 -0.0298959 0.00212393 8.56053e-05 -0.0108204 -0.0277296 -0.0496958 0.000915539 -0.0707779 0.00434613 -0.0113964 0.00582873 -0.012317 -0.0859406 -0.0113327 -0.0494098 -0.0672612 -0.0106775 0.0240873 -0.0237797 -0.0389361 0.0231501 -0.0830921 -0.0260945 0.0188166 0.0313319 0.0134816 0.00206746 -0.0264782 0.0196315 0.00790566 -0.00115235 0.00203101 -0.0127723
internal_weight=6767.92 3333.62 1047.31 3434.29 2286.31 2760.42 316.081 1970.23 495.926 673.874 490.473 1474.3 64.9539 352.184 294.146 10.2069 4.57216 1409.35 28.4627 23.9929 12.243 1380.89 190.602 33.8095 62.1384 490.536 258.203 46.8419 232.333 41.0456 1990.25 1471.48 226.28 92.7073 40.5156 133.572 6.09968 127.473 61.0529 42.0147 30.1113 7.81343 14.6837 19.0382 15.4902 52.1917 14.2859 37.9058 28.6523 9.25349 13.7333 481.945 66.4198 45.6761 22.2978 1245.2 480.483 60.5051 518.766 173.485 163.511 72.1582
internal_count=1202941 1117552 771017 85389 346535 80550 17332 329203 20050 4839 498112 309153 1800 3381 2962 273 63 307353 2573 1975 1321 304780 6680 562 1537 19761 16489 5054 3272 4302 67605 53927 8294 6265 2086 2029 268 1761 827 432 367 196 495 395 376 4179 323 3856 3708 148 357 497981 934 504 171 45633 497144 1308 13678 7146 5216 2723
is_linear=0
shrinkage=0.05


Tree=54
num_leaves=63
num_cat=0
split_feature=21 21 2 19 2 19 14 10 17 14 12 10 2 17 7 6 14 17 2 4 17 19 12 19 19 19 2 19 4 1 2 12 10 12 10 4 2 1 17 14 2 2 19 14 6 12 4 2 1 2 6 17 1 14 1 14 19 19 7 12 4 21
split_gain=138.085 40.8027 25.4712 24.0069 18.9921 18.1677 14.974 12.977 17.8802 13.352 11.6221 16.1847 11.4256 18.496 13.0788 10.0498 8.64431 8.50109 15.2494 8.35772 12.9238 14.3347 8.45204 8.26988 8.13968 19.4625 11.5993 11.7882 11.0497 27.532 13.1827 15.2521 12.6158 10.3397 9.95687 9.52732 11.854 17.96 13.1433 8.4603 10.498 10.6411 17.7765 10.4397 8.82857 18.2742 15.9786 17.1229 9.37765 12.6565 10.3092 9.21242 8.84048 8.9694 8.82941 8.59369 12.7127 12.4705 8.2843 8.23793 9.05532 9.20201
threshold=2.5000000000000004 5.5000000000000009 1.0000000180025095e-35 4.2452108860015878 48.500000000000007 32.506479263305671 60.000000000000007 1.0000000180025095e-35 2.5000000000000004 11.500000000000002 16.500000000000004 7.5000000000000009 11.500000000000002 7.5000000000000009 0.015749008394777778 18.500000000000004 6.5000000000000009 3.5000000000000004 81.500000000000014 25.500000000000004 3.5000000000000004 26.591284751892093 1.0000000180025095e-35 17.322132110595707 10.201904296875002 9.9827985763549822 1.5000000000000002 23.900530815124515 45.500000000000007 0.0082988981157541292 5.5000000000000009 14.500000000000002 12.500000000000002 7.5000000000000009 1.0000000180025095e-35 5.5000000000000009 1.5000000000000002 0.014599318150430919 7.5000000000000009 8.5000000000000018 8.5000000000000018 38.500000000000007 8.3067231178283709 4.5000000000000009 60.000000000000007 15.500000000000002 34.500000000000007 33.500000000000007 0.014815627597272398 5.5000000000000009 2.5000000000000004 1.5000000000000002 0.013072453904896976 12.500000000000002 0.013606071937829258 11.500000000000002 8.5652632713317889 9.0843286514282244 0.013245614245533945 2.5000000000000004 7.5000000000000009 4.5000000000000009
decision_type=2 2 2 2 2 2 2 2 2 2 2 2 2 2 2 2 2 2 2 2 2 2 2 2 2 2 2 2 2 2 2 2 2 2 2 2 2 2 2 2 2 2 2 2 2 2 2 2 2 2 2 2 2 2 2 2 2 2 2 2 2 2
left_child=3 2 10 4 -1 24 -6 8 -3 -9 -2 -12 -10 14 -14 -8 -13 18 -5 20 22 -22 -16 -21 25 35 -26 33 30 -30 -29 -32 -33 34 -28 -4 37 -37 -39 40 -38 42 43 -42 46 59 48 51 49 54 -51 -48 53 -49 -41 56 -47 -58 -52 -46 61 -61
right_child=1 7 5 17 6 -7 15 9 12 -11 11 16 13 -15 19 -17 -18 -19 -20 23 21 -23 -24 -25 26 -27 27 28 29 -31 31 32 -34 -35 -36 36 39 38 -40 44 41 -43 -44 -45 45 55 47 52 -50 50 58 -53 -54 -55 -56 -57 57 -59 -60 60 -62 -63
leaf_value=-0.0051870710322928348 0.037535346836135457 0.032860988681752017 0.0036783654250590967 -0.10296059908394117 -0.052557806899108141 0.033919180370249657 -0.046478231037633128 0.014356953072097958 0.014803738032763098 0.0047764157977730837 -0.16423012433093997 0.053132695881903939 -0.10797369468359397 -0.11744537062510707 -0.11161324345705795 -0.016257137558695841 0.0077494202517189486 -0.0026961107498089457 0.02621205072268501 0.031492244816306768 -0.12144750785619224 0.048302020559079596 0.050780602552448796 -0.11218007219115192 -0.10391351535755067 -0.10618493755067769 0.030334950991806432 0.033078987375215467 -0.10271449534395856 0.044937769431568499 0.068502777077450422 0.055658996109582574 -0.098251807361442595 0.013455552670458851 -0.11181989772496125 -0.079674165172619271 0.049107831261886364 0.0036368653557664965 -0.13718304190835093 -0.10574177044696785 0.057494611259808405 0.015260280957867049 -0.10696125313178471 -0.088559940681265825 -0.044063784584674859 -0.10038308700808324 -0.13272321483384195 -0.11999375713910419 -0.10842249845090662 0.022464693881432792 -0.028780210608116575 0.021694801156343962 -0.10765196381080407 -0.011728688791387974 0.049589849459922369 -0.0041281141699627197 0.031679673974916452 -0.10780621071486518 -0.089619741512307269 0.0079114680527053293 0.01804652092218189 -0.11833702174580983
leaf_weight=389.2278212637757 53.764538689982146 128.52585604600608 501.40984988980927 2.3979636882431796 30.508406100678258 36.324111179914325 28.241982755891513 507.90829449333251 176.4245443509426 1280.5756176997675 1.3200179329141963 11.500285633374004 2.7688413920113808 3.9519211184233418 0.95130336703732599 1060.277095544443 119.73303469154052 207.90850270271767 48.420579786179587 20.000779003836218 4.7272307649254799 1.687707341276109 5.0793045931495708 1.0543994635809202 2.3556466512382022 4.5286722714081398 1.9890101542696355 4.4437755264807519 4.1088537825271514 13.630839041899888 1.9077800344675822 1.4876358890906001 12.679348930600092 223.21568449481856 3.235632261959835 12.914683308685197 16.12231116136536 22.534579808125276 1.7884833142161358 1.0769386617466796 4.5142332962714136 38.738450102042407 5.280404845951125 1.6783773747738431 6.0081600325647733 5.7751566607039413 0.98521130671724577 1.9312313138507295 4.6725868738722047 4.2872612550854674 10.214155596215283 49.194514879724011 2.4835415738634756 203.22827502095606 6.0785941118374467 1265.0128140569432 6.2570885354652983 2.1539826234802604 12.373526493669486 3.4458536673337212 147.83992102008779 2.483665861422196
leaf_count=116767 273 602 13980 300 63530 265 29183 5711 1166 22445 54 70 150 182 27 740727 2134 19821 3143 336 236 10 31 41 92 434 30 33 192 112 2 7 434 5652 372 927 136 383 61 102 69 1455 430 121 190 407 91 220 311 225 957 1711 317 34609 50 125202 111 193 1596 104 4297 122
internal_value=-0.00028128 0.00398668 5.77475e-05 -0.0122867 -0.0147005 -0.00119845 -0.0180095 0.00921023 0.0180863 0.00749718 0.0179274 0.00997422 0.00932117 -0.0147272 -0.00353503 -0.0170412 0.0117265 0.00178475 0.0201168 0.00509685 -0.0273864 -0.0767881 0.0251636 0.0242974 -0.00168644 -0.0026315 0.00655054 0.00752623 -0.0181604 0.0107387 -0.0431456 -0.0642174 -0.0820901 0.0118281 -0.0577019 -0.00243114 -0.00409684 -0.0320202 -0.00671767 -0.00351976 0.0140049 0.0027338 -0.0395617 0.0179096 -0.00418959 -0.00257074 -0.0120455 -0.00754856 -0.0420024 -0.0328825 -0.0486165 0.018663 -0.0138829 -0.0127478 0.0262118 -0.0045621 -0.0432616 -0.00404112 -0.0621081 0.0133724 0.0156166 -0.0449696
internal_weight=6737.35 4970.36 2836.71 1766.98 1508.26 2650.39 1119.03 2133.66 345.172 1788.48 186.318 132.553 216.646 40.2215 36.2696 1088.52 131.233 258.727 50.8185 33.5007 12.4455 6.41494 6.03061 21.0552 2614.07 2345.01 269.054 266.699 38.2582 17.7397 20.5185 16.0748 14.167 228.44 5.22464 2340.48 1839.07 37.2377 24.3231 1801.84 66.3338 50.2115 11.473 6.19261 1735.5 1438.98 296.526 257.823 38.7031 34.0305 26.8749 50.1797 207.643 205.16 7.15553 1279.2 14.1862 8.41107 22.5877 159.778 153.769 5.92952
internal_count=1202941 229470 198533 973471 950207 196002 833440 30937 2781 28156 2531 2258 2179 1013 831 769910 2204 23264 3443 681 304 246 58 377 195737 188811 6926 6834 780 304 476 443 441 6054 402 188377 174397 1371 444 173026 2211 2075 620 190 170815 130626 40189 36948 3241 2930 2778 1802 35146 34829 152 125913 711 304 2553 4713 4523 226
is_linear=0
shrinkage=0.05


Tree=55
num_leaves=63
num_cat=0
split_feature=21 16 4 19 4 19 16 19 14 21 21 16 9 0 6 14 19 17 16 14 12 0 19 16 1 19 17 12 10 0 19 4 4 0 9 19 16 1 12 17 17 9 17 0 0 4 0 10 10 4 1 17 16 12 9 9 16 16 4 4 16 12
split_gain=147.513 36.2005 27.8899 23.5296 20.0595 20.4382 16.6596 25.0007 17.1029 16.2956 13.3585 12.7857 12.5999 12.5074 12.9037 11.8394 11.2909 20.9918 11.1974 10.4517 9.6185 9.34343 11.5767 12.8414 14.7889 10.9749 12.5123 9.89255 33.7939 19.8546 12.9164 10.0005 10.8121 9.63556 31.0377 15.6846 9.2754 10.0565 14.9087 8.95219 8.87748 8.59573 9.49766 8.48403 7.86776 7.8084 7.65184 8.21811 14.2804 10.0997 16.0749 15.6601 14.128 15.4766 12.489 9.32352 9.51181 12.0864 11.2865 11.1779 9.1976 10.3522
threshold=3.5000000000000004 52.500000000000007 5.5000000000000009 10.291841983795168 3.5000000000000004 7.5297496318817148 69.500000000000014 4.2452108860015878 7.5000000000000009 1.5000000000000002 2.5000000000000004 23.500000000000004 0.012903762981295587 98.500000000000014 9.5000000000000018 1.0000000180025095e-35 6.5123097896575937 3.5000000000000004 81.500000000000014 60.000000000000007 60.000000000000007 3.5000000000000004 10.721748352050783 39.500000000000007 0.016261236742138866 18.488279342651371 5.5000000000000009 3.5000000000000004 10.500000000000002 11.500000000000002 9.3998298645019549 34.500000000000007 7.5000000000000009 1.5000000000000002 0.012903762981295587 29.196767807006839 67.500000000000014 0.0077221228275448093 18.500000000000004 3.5000000000000004 4.5000000000000009 0.014389234129339458 3.5000000000000004 70.500000000000014 11.500000000000002 25.500000000000004 1.5000000000000002 7.5000000000000009 10.500000000000002 17.500000000000004 0.0082988981157541292 2.5000000000000004 61.500000000000007 1.5000000000000002 0.015038444194942715 0.016261236742138866 44.500000000000007 53.500000000000007 44.500000000000007 28.500000000000004 62.500000000000007 8.5000000000000018
decision_type=2 2 2 2 2 2 2 2 2 2 2 2 2 2 2 2 2 2 2 2 2 2 2 2 2 2 2 2 2 2 2 2 2 2 2 2 2 2 2 2 2 2 2 2 2 2 2 2 2 2 2 2 2 2 2 2 2 2 2 2 2 2
left_child=1 2 40 9 -2 6 7 46 12 19 15 -11 -9 -8 -15 -3 17 -12 43 -4 -17 22 -7 24 -24 26 -23 30 -29 -30 -28 32 -31 34 -25 41 37 38 -33 -16 -1 42 -35 -19 -21 -5 -6 49 60 50 -48 55 -53 54 -54 56 59 -58 -59 -51 -49 -62
right_child=4 10 3 45 5 21 13 8 -10 11 16 -13 -14 14 39 20 -18 18 -20 44 -22 25 23 33 -26 -27 27 28 29 31 -32 36 -34 35 -36 -37 -38 -39 -40 -41 -42 -43 -44 -45 -46 -47 47 48 -50 51 -52 52 53 -55 -56 -57 57 58 -60 -61 61 -63
leaf_value=-0.0083028037012696267 0.013798180578704553 -0.1020289231370925 -0.051468029567264796 -0.093336510602020972 0.012837245736028707 0.04383907693867093 0.024090104635933363 0.040979222883718892 -0.078143415150005863 -0.0030470817391467717 0.010686243198478119 -0.014855660491123161 -0.10308570073765561 -0.085845507617727496 -0.099216392576169377 -0.04438326368595686 0.019211415969972084 -0.0061432314376366291 -0.10260644351310444 0.021215748472108817 -0.0038421216681252808 0.010027897416201199 -0.10256215225476509 0.043642036462853695 0.022460511296395907 0.016717642386608656 -0.11968028170864603 -0.098778442451617349 -0.078837024100024258 -0.096168616791846115 0.020359934445118417 -0.11737532963931592 0.022308955055205946 0.057210306345654965 -0.11085845245506527 -0.098285197804993632 -0.10066744841594442 -0.041268858204150959 0.048864399024321596 0.032570040835949637 0.0098982940788965249 0.060321037506126877 -0.097345787449485244 -0.042964932200246414 -0.021019747317700902 0.021069837837144778 -0.11100450372640219 -0.025908588911003023 -0.0005625793714887753 -0.075028550689828305 -0.0016222280115791158 0.016743402099733563 0.056334513013695464 -0.10690439408485941 -0.12307204803514592 0.01582225931771835 -0.1046969858104512 0.020033853516528925 -0.096343823790272953 0.002838245414285756 -0.10577963976166355 0.04116928211010791
leaf_weight=107.15549588738941 954.01915943715721 3.1342514928546725 28.00504828809062 1.533084682188927 132.50913765025325 47.527971611358225 121.30101053602993 6.7062084083445388 16.750385732855648 329.59258942701854 262.19854456582107 752.78007238550344 1.9616729095578191 5.4382464733207589 1.5417084135115127 14.927193581417667 113.59576361533254 165.95062896516174 3.2953989570960394 11.258178965654222 735.75884728727397 296.90865869354457 4.9583506172057223 8.9602261292748135 4.523068399168551 317.2490925535094 1.7305279155261803 11.213485611369832 8.3859696041326952 2.0167452506721011 33.930475145345554 1.5793508370406915 42.628851851797663 2.0043392460793323 5.1013512681238344 1.9595652802381653 3.2680450074840328 12.497974237659944 9.2340903715230578 7.850083326920867 178.74613892287016 22.454994230996817 1.9719081970397381 17.271660051424988 535.71086615277454 54.886847521178424 3.3998783114366224 91.889409995288588 589.82089799968526 5.3634382593445471 278.54893496865407 291.88790539477486 4.2305398648604751 4.9224454548675549 1.2586428336799143 23.614742969162762 6.7921981655526933 6.4709176160395128 3.0725445803254843 32.760289977653883 1.3710349020548154 9.5244504458969441
leaf_count=6653 8607 676 58238 190 1406 370 1826 98 1156 70032 12150 177490 91 1421 308 8204 3277 13100 419 6289 211277 6218 107 66 32 3450 182 877 495 145 422 247 1051 9 125 50 247 745 219 300 7482 77 92 6015 533387 2321 456 5930 28177 244 4231 9746 74 772 245 490 831 136 656 2645 136 251
internal_value=0.000384927 -0.00714217 -0.0113806 -0.0137924 0.00763371 0.00527099 0.00203707 0.000529512 -0.0486397 -0.0148734 -0.000702514 -0.0112598 0.00837515 0.0187909 -0.0245538 -0.00505316 0.00512985 0.001565 -0.0112573 -0.0216758 -0.00464827 0.0116186 0.0260077 0.00968907 -0.0429207 0.00968631 0.00441773 -0.00875141 -0.0175133 -0.00606686 0.0135642 0.00250103 0.016957 0.0214391 -0.0124087 0.0382034 -0.0217808 -0.0107216 0.0245844 0.0109367 0.00307655 0.0483224 -0.0194374 -0.00961427 -0.0201504 0.0179611 0.00136975 0.000248249 -0.00355969 0.00423029 -0.00294121 0.00954611 0.0147019 -0.0425303 0.0151975 -0.010417 -0.0217949 -0.0537172 -0.0174343 -0.00811645 -0.0207583 0.0226779
internal_weight=6758.91 3315.8 1999.67 1713.77 3443.11 2489.09 1648.99 1512.86 25.4183 1657.35 1316.13 1082.37 8.66788 136.131 14.83 753.82 562.312 448.716 186.518 574.974 750.686 840.105 99.4618 51.9338 9.48142 740.643 423.394 126.486 90.8245 79.611 35.661 71.2251 44.6456 42.4524 14.0616 28.3908 26.5795 23.3114 10.8134 9.39179 285.902 26.4312 3.97625 183.222 546.969 56.4199 1487.44 1354.93 692.606 662.322 281.949 380.374 302.3 10.4116 5.48918 78.0741 54.4594 16.3357 9.54346 38.1237 102.785 10.8955
internal_count=1202659 1117200 862082 847947 85459 76852 61626 57771 1345 845436 255118 247522 189 3855 2029 220157 34961 31684 19534 597914 219481 15226 928 558 139 14298 10848 4630 4026 3149 604 2654 1196 419 191 228 1458 1211 466 608 14135 178 101 19115 539676 2511 56426 55020 34494 20526 4687 15839 10837 1091 319 5002 4512 1623 792 2889 6317 387
is_linear=0
shrinkage=0.05


Tree=56
num_leaves=63
num_cat=0
split_feature=2 19 10 12 19 2 17 15 0 19 10 2 19 0 6 7 17 6 4 0 3 10 10 10 19 17 4 4 12 6 6 8 2 0 0 4 5 3 12 2 0 4 9 1 10 10 8 15 19 17 3 19 17 15 8 19 19 8 15 19 4 12
split_gain=99.3812 56.7131 29.364 28.529 29.6218 18.0319 17.1427 16.3272 14.7849 15.8733 14.6113 12.2546 11.7383 11.6834 11.4256 12.7324 10.5212 10.1673 11.327 10.3248 9.90347 9.33863 11.0744 9.46437 9.30842 22.5606 11.598 9.2921 8.94411 15.1106 10.0365 9.38038 8.91669 14.626 10.8737 10.9474 12.0282 8.55029 8.37163 13.168 8.27975 8.1027 10.9174 7.97509 7.56395 13.3376 20.4973 14.931 10.55 10.4527 11.9878 9.91178 7.66883 7.53854 15.9426 7.48835 7.37859 16.6333 8.93904 8.37253 7.24118 7.21793
threshold=36.500000000000007 4.2452108860015878 14.500000000000002 15.500000000000002 7.6062850952148446 5.5000000000000009 1.5000000000000002 1.0000000180025095e-35 1.5000000000000002 18.279785156250004 1.0000000180025095e-35 30.500000000000004 6.0227477550506601 78.500000000000014 60.000000000000007 0.012579114176332952 1.5000000000000002 60.000000000000007 29.500000000000004 84.500000000000014 0.0070672258734703073 14.500000000000002 3.5000000000000004 15.500000000000002 18.046768188476566 6.5000000000000009 6.5000000000000009 13.500000000000002 8.5000000000000018 60.000000000000007 11.500000000000002 5.5000000000000009 93.500000000000014 17.500000000000004 97.500000000000014 73.500000000000014 0.012579114176332952 0.0063492704648524531 16.500000000000004 1.0000000180025095e-35 91.500000000000014 96.500000000000014 0.016261236742138866 0.010256679728627207 5.5000000000000009 3.5000000000000004 4.5000000000000009 0.015268065501004459 40.488258361816413 4.5000000000000009 0.013793759513646366 23.617717742919925 6.5000000000000009 0.016001024283468727 6.5000000000000009 7.0991313457489023 14.964262008666994 4.5000000000000009 0.013986697886139156 13.902594566345217 1.0000000180025095e-35 1.0000000180025095e-35
decision_type=2 2 2 2 2 2 2 2 2 2 2 2 2 2 2 2 2 2 2 2 2 2 2 2 2 2 2 2 2 2 2 2 2 2 2 2 2 2 2 2 2 2 2 2 2 2 2 2 2 2 2 2 2 2 2 2 2 2 2 2 2 2
left_child=3 2 6 8 5 12 20 28 24 10 11 16 -5 -3 15 -12 -10 40 19 -19 -2 22 -6 -23 -1 26 -26 43 30 -30 31 37 -8 -34 35 36 -35 -4 39 -25 -15 42 -42 -16 45 60 47 -47 49 50 -46 -52 -50 -20 -55 -43 59 58 -58 -17 -11 -29
right_child=1 13 7 4 21 -7 32 -9 9 44 14 -13 -14 17 27 56 -18 18 53 -21 -22 23 -24 38 25 -27 -28 61 29 -31 -32 -33 33 34 -36 -37 -38 -39 -40 -41 41 55 -44 -45 48 46 -48 -49 52 -51 51 -53 -54 54 -56 -57 57 -59 -60 -61 -62 -63
leaf_value=0.018634862502207784 -0.022402389546944759 0.013851227295957395 0.029076500352707802 0.0057182943947278499 -0.094592393386161322 -0.0050643207380713946 0.013385603432514213 -0.052500356432296502 0.040255447831759751 -0.096934143806290479 -0.073898310111568902 -0.10733726352656221 -0.10070718927212233 -0.10676894068795018 -0.10259483384848821 0.00067407402074717436 0.012552739793215846 0.050243140450134866 -0.00069862556231517037 -0.10284062584910834 -0.099846639220541558 -0.098292282153612465 0.037145397066225598 0.070678997597389034 0.025723849612413668 -0.1101101469820322 -0.10911352427136485 -0.10755588715101237 -0.040395671928456778 -0.013584767875755688 0.02669327877709118 -0.068717654717433088 -0.10778127264350984 -0.1020908832903609 -0.0078598559198072154 0.031120636977520284 0.03160077656208788 -0.10115787647501613 0.013146207803492967 -0.10082765300340767 0.045642188217031289 -0.086513522115635108 -0.12483681407603826 0.0042065149519451414 -0.10144191001397979 -0.096919349209994843 -0.10369521724119256 0.026851756926518401 0.034043001830417502 0.035809293611070041 0.028616470080338154 -0.11550617994057577 -0.1016319697317204 0.045224773609894416 -0.060604129204414103 0.0097819314906228763 -0.094774587161306642 -0.094400773383146841 0.015442823736985906 0.041127991640049939 0.021982872365916277 0.022504369158181367
leaf_weight=450.46488213911653 24.884351135580804 267.22388162557036 8.0715764950728062 649.25547862320673 1.6426057731732715 1182.2445100318 150.013060758356 27.911546828472638 43.250222870148718 1.3056227583438147 5.7805214438121757 1.9590683649294067 2.6013091756030908 1.3306246129795898 1.7704137978143979 845.88939416431822 165.13519007456489 1.4029715256765474 227.49142543319613 5.1250197452027351 4.9491003444418302 1.9636833935510356 55.379601173568517 1.5911548903677601 15.669200623640796 4.829809288494288 1.775494395289569 1.075643004849552 54.552361127309268 1433.9789384335163 27.597593930375297 6.6091759976698077 3.2692118000704786 3.5145867485553017 141.4351349483768 37.434711401816458 3.2273203891236335 1.4934779573231924 261.83147502318025 3.7729678845498711 27.067700761370364 2.1343914316967121 0.9728616806678464 137.58470730890986 2.8308056117966762 2.9827835755422774 6.0332415157463393 13.307685193605719 1.7074458776041854 106.2371863455046 10.851919712498782 1.3403050310444076 2.6705087856389582 4.7732440517283985 13.98577000759542 37.310467692790553 2.1323178233578828 6.6067177556687957 13.402217900846152 12.986511856899595 65.618265075609088 129.06105376209598
leaf_count=2807 6913 7709 739 20230 57 135005 6208 63574 133 29 304 115 211 112 204 15048 1414 27 20150 767 508 87 604 4 85 81 36 17 35053 822351 4643 4143 474 649 32139 1582 205 122 6412 123 467 570 53 2021 58 33 99 60 12 657 72 32 68 76 2126 1738 45 236 116 102 509 2435
internal_value=0.000402213 -0.00745753 -0.0116036 0.00509761 0.00108608 -0.00138302 0.00108629 -0.0146026 0.00931619 0.00699705 0.00501075 0.0171323 0.00529359 0.00612477 0.00280569 6.57757e-05 0.0183024 -0.000295412 -0.00493408 -0.0699404 -0.0352497 0.0149697 0.0333505 0.0110757 0.0170747 -0.0144771 0.0120003 0.0118217 -0.0139123 -0.0145673 0.00836427 -0.02291 0.00428502 -0.00294285 -0.00109632 0.0205577 -0.0380933 0.00874184 0.0118794 -0.0499538 0.0167436 0.0191789 0.0397275 0.00284968 0.0196295 0.00849934 -0.0249678 0.00418928 0.0275359 0.030289 -0.00874871 0.0127729 -0.0487174 -0.00321079 -0.0336759 0.00457131 0.000551068 -0.0279479 0.000314045 0.00128575 0.0196629 0.0214294
internal_weight=6732.3 2517.76 1928.94 4214.54 2160.28 1834.1 368.727 1560.21 2054.26 1581.52 1366.63 210.344 651.857 588.818 1156.29 886.798 208.385 321.594 252.778 6.52799 29.8335 326.181 57.0222 269.159 472.739 22.2745 17.4447 269.492 1532.3 1488.53 43.7718 16.1742 338.894 188.881 185.612 44.1766 6.74191 9.56505 267.196 5.36412 68.816 67.4854 28.0406 139.355 214.886 89.2476 22.3237 16.2905 125.638 121.26 15.023 12.1922 4.37795 246.25 18.759 39.4449 881.017 22.1413 15.5345 858.876 66.9239 130.137
internal_count=1202659 1013098 979303 189561 162733 155446 48678 930625 26828 23819 22190 1662 20441 33795 20528 15851 1547 26086 23146 794 7421 7287 661 6626 3009 202 121 4677 867051 857404 9647 5004 41257 35049 34575 2436 854 861 6539 127 2940 2828 520 2225 1629 730 192 93 899 819 162 104 80 22352 2202 2308 15547 397 161 15150 538 2452
is_linear=0
shrinkage=0.05


Tree=57
num_leaves=63
num_cat=0
split_feature=21 16 2 2 14 2 17 17 0 0 12 0 16 17 0 16 5 2 17 9 0 5 14 0 9 17 9 0 13 14 14 14 16 17 16 10 16 9 0 21 0 17 2 16 1 16 6 16 17 16 16 6 10 5 5 12 12 16 13 0 16 12
split_gain=140.708 32.2033 31.669 17.4577 22.7603 16.7396 17.8978 15.9712 18.3859 15.2028 12.7025 12.0141 14.2307 14.9917 11.9087 11.7982 15.3156 11.3004 11.4984 10.9854 10.7504 11.5138 15.0012 16.3247 23.1018 12.022 15.879 23.0711 15.4705 10.6786 10.0432 13.8397 11.6646 12.4485 9.93095 9.84676 15.4411 9.19525 8.91395 8.5995 8.56004 17.658 9.23194 8.55103 11.3413 8.52108 8.40622 8.0535 8.03945 7.69037 9.89015 7.44365 8.50956 15.583 7.4032 7.30742 15.0433 7.88715 16.362 9.3271 23.0785 7.15026
threshold=3.5000000000000004 52.500000000000007 4.5000000000000009 1.5000000000000002 60.000000000000007 93.500000000000014 7.5000000000000009 2.5000000000000004 1.0000000180025095e-35 2.5000000000000004 16.500000000000004 96.500000000000014 82.500000000000014 4.5000000000000009 11.500000000000002 50.500000000000007 0.011428944766521456 71.500000000000014 3.5000000000000004 0.014389234129339458 2.5000000000000004 0.015504807699471714 3.5000000000000004 17.500000000000004 1.0000000180025095e-35 3.5000000000000004 0.015504807699471714 4.5000000000000009 0.014815627597272398 6.5000000000000009 3.5000000000000004 11.500000000000002 53.500000000000007 7.5000000000000009 74.500000000000014 9.5000000000000018 27.500000000000004 0.013793759513646366 3.5000000000000004 5.5000000000000009 3.5000000000000004 6.5000000000000009 3.5000000000000004 84.500000000000014 0.013072453904896976 1.5000000000000002 18.500000000000004 60.500000000000007 7.5000000000000009 74.500000000000014 79.500000000000014 3.5000000000000004 6.5000000000000009 0.012422839645296337 0.015749008394777778 8.5000000000000018 12.500000000000002 46.500000000000007 0.016261236742138866 5.5000000000000009 72.500000000000014 17.500000000000004
decision_type=2 2 2 2 2 2 2 2 2 2 2 2 2 2 2 2 2 2 2 2 2 2 2 2 2 2 2 2 2 2 2 2 2 2 2 2 2 2 2 2 2 2 2 2 2 2 2 2 2 2 2 2 2 2 2 2 2 2 2 2 2 2
left_child=1 2 7 20 40 6 37 8 -1 -8 46 12 54 -14 -11 16 -10 -12 45 -20 -2 22 -22 25 -25 26 27 -24 35 -30 32 -32 -13 -34 -6 -27 -37 43 48 -23 41 -5 -43 61 -45 -19 -4 51 -31 -35 -51 -44 -53 -54 -7 57 -57 -41 59 60 -59 -3
right_child=3 5 10 4 34 11 9 -9 15 14 17 30 13 -15 -16 -17 -18 18 19 -21 21 39 23 24 -26 28 -28 -29 29 38 31 -33 33 49 -36 36 -38 -39 -40 55 -42 42 47 44 -46 -47 -48 -49 -50 50 -52 52 53 -55 -56 56 -58 58 -60 -61 -62 -63
leaf_value=0.02504414757014339 0.020037643254693781 -0.087205603403310031 -0.016174431324543628 0.031808787304968215 0.0018344932849367846 -0.0064179358456373601 0.023071246684757917 0.0090220520153838895 -0.1101698007523408 -0.10219566863131253 -0.010953867381773064 0.053786077413009448 0.038982794264584626 -0.083901708541307699 -0.026490372940730995 0.034605161759248194 -0.030589006840502298 -0.0089530908220498417 -0.01581859490676718 0.027920736844832664 0.032753881241948467 0.035993687567759863 0.026118880961404113 -0.11317930059137256 0.025754716570897965 0.028064713849986052 0.023736473444463828 -0.11271811235992356 -0.0046171622331148731 -0.11928122314385121 0.0045287323981388333 -0.02084179924453607 -0.098433437793857811 -0.096230215671937527 0.021153123254469521 0.024007056245003985 -0.11365045526694635 0.043207549293106842 -0.15462620115737374 0.021852873106236761 0.01024272462998789 -0.10701806211335899 -0.1044952241732295 0.037302434230116636 -0.11018939540518276 -0.031644342205510594 0.020897777683223207 -0.10601271779677696 0.034229808114625157 0.065883810962831926 -0.097724239180487768 0.055122867853729642 0.058309194284201088 -0.11132366624066006 0.049218568136298733 -0.12515638765482109 0.0090599463795438661 -0.11240520848241445 -0.14095619287978581 0.031885304501535684 0.056890738987614355 0.0041323151570106919
leaf_weight=16.744689181447029 397.12217834824696 2.1494520741980514 23.821310158527922 109.00058001687285 1764.7607423244044 211.56463993975194 14.112792687024919 254.16666472190991 7.4952490883879355 5.955089778173714 891.70808852775372 2.3809962295927134 32.255890086991712 2.6888600883539757 40.676320432918146 5.145153979305177 31.265193169936538 50.796339296313818 406.33921421834384 14.881052893353624 21.204117734218016 40.097002983326092 5.3431956828571874 3.3022293413523576 31.853626442374662 6.1820539247710249 16.462216184940189 6.8007586144376546 2.5533898174762717 2.0484272816684079 79.660915505257435 165.28244566021021 10.432721064891668 1.8921580004971463 69.12990246899426 3.5400746709201503 4.798263872275129 16.107952304882929 6.3613265652675182 64.029232991393656 813.41350788623095 2.681884947698566 1.3624718231149007 29.445053079631183 1.3637293674983073 223.0227837083803 42.703088115085848 1.8005721042864014 1.4613028131425383 3.5160113829188049 1.2528455215506253 6.9801726955920449 2.6489351764321318 2.7691411371342838 6.1530500235967329 3.0279952730052173 6.7231125356629473 4.6196799348108524 2.2436999334022394 10.973541419021783 3.5676841312088072 681.30774383532116
leaf_count=117 2095 336 11657 884 62208 57968 204 7997 1650 572 230021 82 1061 537 10408 98 1137 41054 362703 3688 160 305 57 220 383 92 83 192 22 32 8842 89263 2628 489 2062 55 238 411 199 328 15143 85 33 782 90 192571 9389 74 7 47 65 26 35 131 227 70 66 56 37 73 8 81106
internal_value=0.000432054 -0.00697251 -0.011014 0.00752783 0.00580606 -0.00089236 0.00368024 0.00352074 -0.0195336 -0.0223975 -0.0137817 -0.00788831 -9.15815e-05 0.0295273 -0.0361584 -0.0365346 -0.0459778 -0.0146791 -0.0194585 -0.0142734 0.0149421 0.00675604 -0.00510832 -0.0139592 0.0127045 -0.0308335 -0.0082589 -0.0516315 -0.0548 -0.0957577 -0.0153384 -0.0125907 -0.0498971 -0.0643392 0.00256272 -0.0197543 -0.0552074 0.00584909 -0.119333 0.0165707 0.0121292 0.0241887 -0.0213401 0.00500659 0.0307738 -0.0274349 0.00762282 -0.00657412 -0.0553657 -0.0109395 0.0229017 0.00643728 0.0186279 -0.028389 -0.00484556 0.00838877 -0.032618 0.0130691 -0.0132063 0.00175288 -0.0386337 0.00384506
internal_weight=6695.15 3276.29 1968.09 3418.86 2774.55 1308.2 791.118 314.817 60.6503 60.7442 1653.27 517.081 252.662 34.9448 46.6314 43.9056 38.7604 1586.75 695.039 421.22 644.315 247.193 111.911 90.7069 35.1559 55.551 28.6062 12.144 26.9448 12.4244 264.418 244.943 19.4747 17.0937 1833.89 14.5204 8.33834 730.374 9.87106 135.282 940.657 127.244 18.2432 714.266 30.8088 273.819 66.5244 15.5613 3.50973 6.66101 4.76886 13.7607 12.3982 5.41808 217.718 95.1849 9.75111 85.4338 21.4046 19.1609 8.18736 683.457
internal_count=1202659 1117200 862082 85459 80681 255118 93909 10999 3002 11184 851083 161209 59793 1598 10980 2885 2787 830037 600016 366391 4778 2683 1740 1580 603 977 332 249 645 260 101416 98105 3311 3229 64270 385 293 82725 238 943 16411 1268 384 82314 872 233625 21046 299 39 601 112 225 192 166 58195 638 136 502 174 137 64 81442
is_linear=0
shrinkage=0.05


Tree=58
num_leaves=63
num_cat=0
split_feature=21 16 3 3 15 3 17 0 12 17 0 3 17 8 0 16 17 16 4 4 4 16 0 10 0 4 5 0 12 6 17 16 0 16 17 17 8 16 0 17 16 3 6 3 5 16 10 0 16 15 16 15 21 8 0 1 0 17 0 16 4 4
split_gain=128.107 31.3503 29.7611 19.5965 21.5482 14.1157 15.4297 12.2643 11.5964 11.208 15.9785 10.6684 11.0403 10.7757 10.1423 12.5631 11.6091 10.001 11.9569 9.5612 10.9095 9.4288 13.2764 22.6848 10.2547 15.6816 12.2751 12.5254 12.1747 8.64491 11.1787 11.6143 26.461 8.62951 9.41299 8.53065 8.36116 8.74763 8.21253 10.8684 8.01705 7.88926 7.56162 7.50816 15.2332 9.34905 7.45519 7.42355 12.7981 7.32789 10.8977 8.56394 7.46211 7.25421 9.91897 8.86234 9.19068 10.829 8.65703 7.2053 7.05485 6.99974
threshold=3.5000000000000004 52.500000000000007 0.015268065501004459 0.016001024283468727 1.0000000180025095e-35 0.0064725596457719812 7.5000000000000009 2.5000000000000004 16.500000000000004 2.5000000000000004 1.0000000180025095e-35 0.0075472774915397176 3.5000000000000004 8.5000000000000018 96.500000000000014 82.500000000000014 4.5000000000000009 50.500000000000007 5.5000000000000009 22.500000000000004 25.500000000000004 69.500000000000014 5.5000000000000009 1.5000000000000002 9.5000000000000018 17.500000000000004 0.014599318150430919 16.500000000000004 1.5000000000000002 1.0000000180025095e-35 2.5000000000000004 30.500000000000004 2.5000000000000004 39.500000000000007 5.5000000000000009 7.5000000000000009 11.500000000000002 84.500000000000014 3.5000000000000004 6.5000000000000009 1.5000000000000002 0.015504807699471714 18.500000000000004 0.015504807699471714 0.016001024283468727 26.500000000000004 7.5000000000000009 33.500000000000007 78.500000000000014 0.012579114176332952 84.500000000000014 0.015504807699471714 1.5000000000000002 12.500000000000002 87.500000000000014 0.0068260179832577714 72.500000000000014 6.5000000000000009 70.500000000000014 68.500000000000014 2.5000000000000004 19.500000000000004
decision_type=2 2 2 2 2 2 2 2 2 2 2 2 2 2 2 2 2 2 2 2 2 2 2 2 2 2 2 2 2 2 2 2 2 2 2 2 2 2 2 2 2 2 2 2 2 2 2 2 2 2 2 2 2 2 2 2 2 2 2 2 2 2
left_child=1 2 8 4 21 14 36 -8 42 10 -4 12 40 -14 15 47 -17 18 43 -9 -21 53 23 -23 -24 26 -26 -28 -27 30 -5 -32 33 34 -33 -30 -7 -38 39 -6 -10 -41 46 -12 -45 -46 -1 48 -3 -16 51 -51 -53 54 55 -2 58 -58 -57 61 -15 -55
right_child=3 5 9 29 38 6 7 19 11 -11 17 -13 13 60 49 16 -18 -19 -20 20 -22 22 24 -25 25 28 27 -29 35 -31 31 32 -34 -35 -36 -37 37 -39 -40 41 -42 -43 -44 44 45 -47 -48 -49 -50 50 -52 52 -54 59 -56 56 57 -59 -60 -61 -62 -63
leaf_value=0.017118380521709688 0.05537043076664059 -0.012605645342144992 0.024941061603053104 0.041300634459321167 0.029168772898982894 0.040574807113720184 0.019286460691123188 -0.081768722727920642 -0.0089010909056124101 0.007977910264640755 0.037945003672586027 -0.010592282053347755 0.02655728810494323 0.044424921556486863 -0.022663442732447567 0.035361572297505327 -0.079531252058574753 0.032742976353342022 -0.071940091736180975 0.061612117925220859 -0.031433527035539831 0.028284195969065281 0.046405117850139149 -0.12280849866428337 -0.10621661010971047 -0.09460669560182966 0.036467814239586303 -0.12958275092067711 0.029584889033024503 0.012206793858143883 0.032149786033129776 -0.012277840457945957 -0.14988321150172967 0.022639678702361329 -0.15151937609700084 -0.088574702657604892 0.0035471201409471203 0.030750282125124706 0.0097145255727470372 -0.00091914928308129285 -0.031003084455370658 -0.10413498365378462 0.019563221441214182 -0.11898935859289472 0.029083120409513771 -0.073363247510638635 -0.039750095498142436 0.0021637136703205502 -0.10863348262355617 0.002352666482733916 -0.069048964447004771 -0.018542234708196683 -0.10000873322329906 -0.0072911140302028476 -0.0083805462398997208 0.0052927386815218996 -0.10621546866884118 0.010287271620334545 0.056296924625865358 -0.10534339229978427 -0.016152636513088871 0.003090778175479605
leaf_weight=9.999100579530932 8.9214538820087892 69.989203032338992 16.789904981385916 64.959215298527852 109.81263176316861 16.636209216434509 14.43080805800855 8.4046879031229746 50.58505665564735 255.3718440461671 4.9981516660191145 884.53391613950953 15.893889220606068 4.8651490254560477 126.40610378378187 32.955202649114653 2.3558083816897115 5.1094235437922171 17.427430159877986 3.4768103356473139 33.545495264581405 5.643064514733851 30.035635959822685 4.4378672074526531 4.5329404971562308 2.1620718738995484 5.2271948733832687 1.4508910318836568 54.849318408523686 510.10226690105628 33.260882318718359 6.0215964929666432 3.0675677238032213 19.498977318406105 1.5201667516957966 1.5712682257872064 685.93441812915262 30.882849860703573 815.33965499897022 15.060733986087145 217.18883156459196 2.1107984080445013 42.998924370156601 3.8026225231587878 7.2948835729621333 3.2055577165447176 13.603779405995738 143.42778874660144 3.6506781904026857 110.85004638196551 6.4960499485023311 12.970783078839306 3.5885635048616669 353.53880184190348 142.77048046537675 902.11747643852141 4.0009908941574386 3.9775117700919509 8.3969400022178871 1.7083240887150157 396.8458991105872 300.23233578365762
leaf_count=1761 92 13024 117 171 884 411 204 1261 41054 7997 94 230021 3688 1098 82210 1061 537 98 2275 164 9555 34 164 193 233 474 63 133 1865 4227 120 26 106 104 24 407 81442 872 15143 299 192571 85 9389 225 76 117 9896 44622 549 15254 752 2700 500 10093 14388 15966 437 170 114 191 361605 19253
internal_value=0.000461984 -0.00663387 -0.0106482 0.0072259 0.00541048 -0.000638489 0.00354035 -0.0208688 -0.0133536 0.00345169 -0.0162636 -0.0142205 -0.0189029 -0.0138214 -0.00710461 3.7559e-05 0.0276964 -0.0327994 -0.0419171 -0.0336249 -0.0226955 0.00225525 0.0164547 -0.0382304 0.0219769 0.0114642 -0.0427133 0.000391418 0.0218322 0.0151251 0.0267251 0.0117839 -0.0107144 0.00507322 -0.0403443 0.0262942 0.0055324 0.00471912 0.0115566 0.0233844 -0.0268278 -0.0136069 0.0070811 -0.0148089 -0.0332435 -0.00219154 -0.0156584 -0.00446178 -0.0173662 -0.0140291 -0.00587838 -0.00265759 -0.0361968 0.00135086 0.00388796 0.00577663 0.00529492 -0.0481355 0.00576311 -0.00279139 -0.015419 -0.00252342
internal_weight=6672.84 3256.52 1950.51 3416.33 2777.9 1306 793.311 59.8578 1636.51 314 58.628 1569.91 685.379 417.605 512.69 252.379 35.311 41.8381 36.7286 45.427 37.0223 1835.57 109.91 10.0809 99.8293 69.7937 11.211 6.67809 58.5827 638.431 128.328 63.3692 30.1083 27.0407 7.54176 56.4206 733.453 716.817 942.324 126.984 267.774 17.1715 66.6018 19.3012 14.3031 10.5004 23.6029 217.068 73.6399 260.312 133.905 127.409 16.5593 1725.66 1070.18 927.414 918.493 7.9785 910.514 655.479 401.711 653.771
internal_count=1202659 1117200 862082 85459 80681 255118 93909 11184 851083 10999 3002 830037 600016 366391 161209 59793 1598 2885 2787 10980 9719 64270 3566 227 3339 3175 429 196 2746 4778 551 380 260 154 50 2272 82725 82314 16411 1268 233625 384 21046 512 418 193 11657 58195 13573 101416 19206 18454 3200 60704 31167 16779 16687 607 16080 29537 362703 29346
is_linear=0
shrinkage=0.05


Tree=59
num_leaves=63
num_cat=0
split_feature=8 2 19 19 0 10 2 14 16 16 10 16 7 12 10 17 19 19 14 7 0 17 16 17 7 17 16 16 16 7 10 0 16 16 17 2 0 16 17 16 10 19 16 16 14 0 19 14 14 19 17 19 16 16 17 8 17 1 16 7 17 16
split_gain=84.1835 50.287 35.0191 22.5251 21.168 16.8283 15.4891 15.4708 14.6967 14.4257 13.4479 21.0453 14.6335 12.9493 12.8177 12.4003 12.2777 16.4138 16.9209 12.0414 18.8843 11.3806 11.1057 10.5648 10.0233 9.6642 14.1032 14.1209 8.91039 8.77094 13.7792 11.1602 8.71812 15.3691 8.81704 8.45348 9.77201 11.2225 18.3831 8.09962 8.09332 8.04018 10.2419 16.0604 15.9382 13.4155 12.557 8.76791 8.40699 7.99221 8.62395 9.40705 9.17944 7.91438 7.82766 7.78562 7.76532 15.4078 10.9548 8.09699 7.73403 9.55105
threshold=17.500000000000004 44.500000000000007 4.6272630691528329 6.7531604766845712 1.0000000180025095e-35 14.500000000000002 4.5000000000000009 60.000000000000007 84.500000000000014 71.500000000000014 8.5000000000000018 3.5000000000000004 0.015038444194942715 1.5000000000000002 1.0000000180025095e-35 2.5000000000000004 7.9491722583770761 1.0000000180025095e-35 2.5000000000000004 0.015749008394777778 5.5000000000000009 3.5000000000000004 48.500000000000007 6.5000000000000009 0.016261236742138866 1.5000000000000002 54.500000000000007 46.500000000000007 1.5000000000000002 0.014389234129339458 5.5000000000000009 100.00000000000001 52.500000000000007 60.500000000000007 6.5000000000000009 5.5000000000000009 19.500000000000004 11.500000000000002 7.5000000000000009 29.500000000000004 9.5000000000000018 22.660007476806644 63.500000000000007 60.500000000000007 1.5000000000000002 92.500000000000014 19.75040435791016 1.0000000180025095e-35 12.500000000000002 9.4993648529052752 6.5000000000000009 6.0646126270294198 51.500000000000007 71.500000000000014 4.5000000000000009 60.000000000000007 5.5000000000000009 0.011173533275723459 30.500000000000004 0.016261236742138866 6.5000000000000009 66.500000000000014
decision_type=2 2 2 2 2 2 2 2 2 2 2 2 2 2 2 2 2 2 2 2 2 2 2 2 2 2 2 2 2 2 2 2 2 2 2 2 2 2 2 2 2 2 2 2 2 2 2 2 2 2 2 2 2 2 2 2 2 2 2 2 2 2
left_child=6 3 7 4 53 -4 14 -3 13 10 11 12 -6 54 15 -1 17 39 -19 -18 23 -14 28 -21 35 26 27 -8 -15 30 31 -30 -17 -34 -35 36 -12 38 -38 -16 -32 42 43 46 -44 60 48 -45 -7 50 51 -50 -52 -2 -9 -13 57 58 -41 -58 -46 -62
right_child=1 2 5 -5 9 41 25 8 -10 -11 24 55 21 22 16 32 19 18 -20 20 -22 -23 -24 -25 -26 -27 -28 -29 29 -31 40 -33 33 34 -36 -37 37 -39 -40 56 -42 -43 44 47 45 -47 -48 -49 49 -51 52 -53 -54 -55 -56 -57 59 -59 -60 -61 61 -63
leaf_value=0.039384795936583519 0.01492384210631597 -0.052479835256928946 -0.091089067607721563 0.013139526337464985 -0.11533560138801378 0.0089348575726531394 -0.012290460190661743 0.043333668059578445 0.023230352500283553 0.01094102587663754 -0.0050133215825792837 -0.051733152632939483 0.028213384414055399 -0.0079863909210752416 0.014659166448909303 0.018844381242395326 0.026255308005141288 0.045636980369815019 -0.10715915332084058 0.021219841130996911 -0.11710751653003076 -0.11643851427584946 -0.0091929246879800929 -0.11583137761363432 0.053147569652911841 0.0058307158975276965 0.017023138380328345 -0.077192667975854112 -0.082151761148326924 -0.068728778725866621 -0.074652475243221827 0.053644477885388987 -0.13315245637176362 0.018830790258469371 -0.11764595020696617 -0.008650954195531425 -0.099304966033903125 0.015592753174091485 0.034662906164470209 0.045032846975432715 -0.021002498167780506 0.025716013158439577 -0.091410336373664497 0.026275777485887237 0.035334037817877285 -0.00042806700155350859 -0.11166526792052529 -0.074259571270922406 0.04404198180324459 -0.075517940553242346 -0.068540577268399558 -0.072572648147918417 0.043929678064222044 -0.10790839175936778 -0.084944387437996927 0.015900598313226929 -0.0093272382804190871 0.0089398813665164008 -0.11424467252297624 -0.15576736134693342 0.034513925783352613 -0.049052056939782006
leaf_weight=80.491484265774488 201.50641021924093 25.790219772126875 4.6098916729679322 316.21218445256818 5.3914776258170587 77.471994141233154 84.547850851668045 13.639500164310446 26.858463698765263 170.7884587449953 333.93653835228179 4.376871896442025 5.5877387979999185 157.5792892484169 216.8379553273553 86.258731245063245 152.22110362327658 2.57233193423599 6.1294201863929612 14.717006025370216 3.6935897611547253 1.7970532041508702 541.26755371538457 1.5547058933880169 7.1684531192295244 1557.206518865627 39.081462378846481 9.3029326702235249 1.7837761656846822 9.6098774026322626 7.1169757473689961 9.9665369657450356 2.6177698327228418 9.4977566760499013 1.3518854808062304 1024.6262691071024 5.6638641962781531 118.04152531083673 4.6737598439212888 1.4430890521034587 572.26654978797887 41.44162033079192 3.7893385705538085 2.6193877125624558 62.355497141601518 93.33000657777302 2.5501405263785264 12.604309629648922 2.2828966865781748 5.813881770707666 2.2847150582820168 7.1323767543071881 8.8089231399353576 1.3199817189015437 1.3028277171542857 152.89896646304987 82.197463046060875 221.63970309973229 4.2849742309190333 0.95490399142727156 7.0228273132815939 6.6636347870808095
leaf_count=226 2370 63589 804 8175 335 6369 7386 721 2126 6681 7956 192 47 115243 1566 507 1229 9 182 88 104 58 228549 32 46 74138 1967 1455 268 6677 3655 2049 68 78 25 161594 1354 8422 201 9 461458 508 837 101 1191 8120 180 1836 278 805 814 1819 700 89 419 3019 1129 1873 243 24 127 539
internal_value=0.000469955 -0.0040155 -0.0105467 0.000723295 -0.00120339 0.00379359 0.00753568 -0.0141211 -0.0133836 -0.00289766 -0.00431789 0.00900506 -0.0527092 -0.0141317 0.0128805 0.024786 0.00985105 0.00612002 -0.061991 0.0214667 -0.015043 -0.00698695 -0.0146639 0.00812507 -0.00583424 0.00472604 -0.00821442 -0.0187239 -0.0185688 -0.0213447 -0.0205744 0.0330297 0.013003 -0.0244112 0.00182554 -0.00611858 -0.00050611 0.0112179 -0.0387365 0.0072439 -0.0216615 0.00509471 0.00219517 -0.00892888 0.0100049 0.0122738 -0.00205283 -0.0569615 0.000640246 -0.0237721 -0.0091031 -0.0442974 0.0207666 0.0141245 0.0321491 0.0140184 0.00206578 0.00684742 -0.0741174 -0.0110089 0.0278635 -0.0061725
internal_weight=6640.56 4061.95 1707.96 2353.99 2037.78 340.781 2578.6 1367.18 1341.39 1834.95 1664.16 170.052 12.7763 1314.53 888.464 180.218 708.246 536.06 8.70175 172.186 19.9653 7.38479 1299.59 16.2717 1494.11 1690.14 132.932 93.8508 758.323 600.744 591.134 11.7503 99.7261 13.4674 10.8496 1486.94 462.316 128.379 10.3376 527.358 579.384 336.172 294.73 121.569 173.161 169.372 106.345 15.2237 103.795 26.3228 20.5089 9.41527 11.0936 202.826 14.9423 157.276 310.52 227.368 5.72806 83.1524 76.042 13.6865
internal_count=1202659 1110321 909782 200539 192364 25028 92338 884754 821165 189905 183224 3651 440 819039 7392 904 6488 5035 191 1453 224 105 817899 120 179573 84946 10808 8841 589350 474107 467430 2317 678 171 103 179527 17933 9977 1555 4844 465113 24224 23716 12902 10814 9977 10965 1937 10785 4416 3611 2097 1514 2459 1140 3211 3278 2125 252 1153 1857 666
is_linear=0
shrinkage=0.05


Tree=60
num_leaves=63
num_cat=0
split_feature=21 16 0 3 16 4 3 16 10 14 6 12 0 0 0 8 4 0 8 10 16 3 4 6 16 12 12 3 12 14 4 4 0 0 16 14 3 3 10 16 6 6 10 3 3 17 3 6 10 16 8 17 0 8 12 4 10 4 8 12 0 12
split_gain=89.6504 31.4736 41.4952 23.9051 15.0676 12.8901 11.6895 17.9137 10.4153 12.622 10.068 9.94919 10.7199 15.3832 13.1131 24.9968 11.1257 12.8354 21.5044 13.1108 11.0978 9.86049 9.7794 14.9988 12.0609 10.379 23.0745 11.278 9.4174 9.31685 12.3195 9.15001 20.6739 16.0812 14.5462 13.0379 10.7451 16.4943 12.2925 10.4097 9.05011 12.6418 9.76256 14.7922 12.2112 9.24885 13.8318 9.45698 8.75731 9.88257 9.4524 8.70788 8.60839 9.74749 9.3239 8.5401 13.9576 8.53319 11.6577 8.63873 9.57996 10.5341
threshold=3.5000000000000004 65.500000000000014 37.500000000000007 0.015268065501004459 49.500000000000007 1.5000000000000002 0.015038444194942715 37.500000000000007 1.0000000180025095e-35 7.5000000000000009 1.0000000180025095e-35 9.5000000000000018 15.500000000000002 48.500000000000007 66.500000000000014 6.5000000000000009 14.500000000000002 9.5000000000000018 4.5000000000000009 5.5000000000000009 47.500000000000007 0.01197647722437978 10.500000000000002 15.500000000000002 48.500000000000007 6.5000000000000009 3.5000000000000004 0.0063092110212892303 1.0000000180025095e-35 5.5000000000000009 45.500000000000007 17.500000000000004 3.5000000000000004 5.5000000000000009 22.500000000000004 2.5000000000000004 0.013423423748463394 0.014185110572725536 2.5000000000000004 44.500000000000007 6.5000000000000009 15.500000000000002 13.500000000000002 0.011173533275723459 0.01183473411947489 7.5000000000000009 0.011299795936793091 18.500000000000004 3.5000000000000004 21.500000000000004 12.500000000000002 1.5000000000000002 85.500000000000014 15.500000000000002 18.500000000000004 20.500000000000004 1.5000000000000002 16.500000000000004 2.5000000000000004 15.500000000000002 11.500000000000002 17.500000000000004
decision_type=2 2 2 2 2 2 2 2 2 2 2 2 2 2 2 2 2 2 2 2 2 2 2 2 2 2 2 2 2 2 2 2 2 2 2 2 2 2 2 2 2 2 2 2 2 2 2 2 2 2 2 2 2 2 2 2 2 2 2 2 2 2
left_child=1 2 -1 4 6 -4 11 28 -5 -10 -6 22 16 21 -15 -16 17 18 -13 -20 40 -14 24 31 -2 26 -25 -28 -8 30 -7 33 -33 34 -24 -35 -37 38 -38 -36 -21 -42 44 -44 -43 47 -47 -45 49 -30 -50 -34 53 54 -17 56 -53 -18 -59 -60 61 -61
right_child=3 -3 5 8 10 29 7 -9 9 -11 -12 12 13 14 15 52 57 -19 19 20 -22 -23 23 25 -26 -27 27 -29 48 -31 -32 32 51 35 39 36 37 -39 -40 -41 41 42 43 45 -46 46 -48 -49 50 -51 -52 55 -54 -55 -56 -57 -58 58 59 60 -62 -63
leaf_value=-0.00064316329433418266 0.014153186443858294 0.0042273489820577092 0.030299257140726454 0.022735158283771002 0.02671687954769297 -0.10581699677128752 -0.11688509918801621 0.007796427051713223 0.022653822799687383 0.0076089432548558421 0.0068045393943093214 -0.11211324766038899 -0.010769866885978422 0.021833925959629713 -0.10657819896748751 -0.095254874949874446 0.039700633482627347 0.012169528725939172 -0.11782983441138656 0.05015664980842998 -0.1050676394138421 -0.036150918266662453 -0.11617814902237358 0.031030765672746305 -0.062870003349593306 0.034856027169623875 0.025606993003762249 -0.10427398825937205 0.026990964700868793 -0.015043781123718148 0.0068299377773541007 -0.11863740772595173 -0.024679537656988 0.016486800199969967 0.046433124196914498 -0.090364315777112209 -0.11028065919194521 -0.11342301970218401 0.018500728316632721 -0.10934241913059656 -0.060869649948168382 0.033065640034546435 -0.1188245824956965 -0.096259084946380455 -0.082077036300566633 0.06344487034208951 -0.11378961556467221 0.022016947537029152 -0.029932267997489843 -0.067969728804231286 -0.10277430989646762 -0.12738517663047705 0.0092467388882394794 -0.081985547765623043 0.045411264460639769 0.0010155990494633159 0.040858008153811916 -0.13321179973783059 0.027891060300191447 -0.098818826234920887 -0.049666118868156243 0.012076905458578716
leaf_weight=1138.1865989142098 257.71753601683304 705.07022374341614 16.5808210442774 196.85062981047668 68.509345397818834 2.5110530161764464 3.993840667884796 30.151825771434233 167.69733352703042 826.43733050569426 864.79774198686937 5.6048923463094971 94.569693597732112 51.087796759791672 6.3320838967338196 1.6157210443634538 26.224837453104556 61.380116325686686 2.795476430328562 6.9285188554786137 2.8415228445082894 64.274486331618391 1.7992379935458327 15.548314511543142 5.1847232549916944 46.664688259945251 2.255736109800635 6.4521772424923256 8.6345120435580629 1296.5706924906117 72.629376817887533 3.6553891696967176 29.25047400011681 7.9631222945172331 13.776909031905232 12.770639220951127 2.2183985421434054 4.4843971754889926 11.249804246705025 1.1629848966840644 10.378215556731446 3.3683306942693871 2.2638732639607033 1.7506018897984166 7.2779704607091844 1.6628934144973744 3.2569060339592397 48.859029364655726 12.094065583776684 4.0132736271480089 7.0497563160024574 1.3011022997088755 41.723384568933398 6.2687851502560061 4.3487320521380752 215.10495671629906 23.4668384778779 1.4512512809596945 37.809089355636388 2.2577126258984199 9.2353026756318268 41.582851595245302
leaf_count=138715 3306 95828 1982 1008 1419 359 60 481 1416 8580 25768 196 5730 2175 910 173 362 1353 143 67 131 3363 58 208 111 667 60 312 57 861706 18434 182 3776 54 105 687 52 196 181 36 399 54 151 86 268 1 132 734 258 94 348 71 6775 900 173 8949 309 67 693 136 536 1045
internal_value=0.000849499 -0.00511336 -0.00772009 0.00651792 0.0034388 -0.0135221 -9.45706e-05 -0.0205955 0.0122275 0.0101468 0.0082662 0.00102336 -0.00396553 -0.0110505 0.00319651 -0.0125966 0.00294779 -0.00572357 -0.0170474 -0.0112167 -0.00785238 -0.02104 0.00514655 0.000214465 0.0126342 0.0210656 -0.0054648 -0.070629 -0.0445177 -0.0140518 0.00306549 -0.00429121 -0.000527998 -0.022812 0.0181317 -0.0405278 -0.0553054 -0.0303661 -0.00271134 0.0343069 -0.0046308 -0.00944691 -0.00164914 0.00645596 -0.0456476 0.0115635 -0.0538843 0.0179257 -0.0354265 -0.00314105 -0.0567565 0.00107623 -0.00156734 -0.0384505 0.00730597 0.00421693 0.0320199 0.0145306 0.00738191 0.00962691 -0.00338372 0.00636597
internal_weight=6630.96 3231.55 2526.48 3399.41 2208.42 1388.29 1275.11 65.9373 1190.99 994.135 933.307 1209.18 547.15 270.221 111.377 60.2887 276.929 158.368 96.9882 91.3833 88.5879 158.844 662.027 399.125 262.902 70.9209 24.2562 8.70791 35.7854 1371.71 75.1404 328.204 272.779 55.4255 16.7391 38.6864 30.7232 17.9526 13.4682 14.9399 85.7463 78.8178 68.4396 57.7933 10.6463 55.5294 4.9198 50.6096 31.7916 12.6478 19.1438 269.123 53.9566 12.2332 5.96445 239.873 24.7679 118.561 92.3362 90.885 53.0759 43.8406
internal_count=1202586 1117024 1021196 85562 74558 882481 47371 1298 11004 9996 27187 46073 26753 20199 11106 8931 6554 3715 2362 2166 2023 9093 19320 15903 3417 1247 580 372 817 880499 18793 14656 13287 1369 199 1170 1116 429 233 141 1892 1825 1426 1104 322 953 133 820 757 151 606 13105 8021 1246 346 9329 380 2839 2477 2410 1717 1181
is_linear=0
shrinkage=0.05


Tree=61
num_leaves=63
num_cat=0
split_feature=21 19 0 2 15 10 12 15 19 8 0 2 5 19 0 6 4 4 6 0 4 10 4 1 12 17 8 2 6 10 17 6 12 4 2 4 12 0 15 5 4 2 15 12 15 1 2 19 5 17 17 0 0 19 19 0 1 2 12 8 0 13
split_gain=89.2468 30.9519 38.4002 19.4604 15.6233 14.2055 12.8818 10.47 10.6803 10.5354 13.5173 10.366 11.1072 9.08834 9.04056 8.7486 10.4353 28.9889 15.6345 13.0611 10.0588 9.6558 9.05993 8.57817 8.19683 8.0514 9.41045 12.7745 11.297 8.37427 9.44548 8.04468 11.3504 8.49581 7.94417 7.70876 9.24518 7.6565 9.69008 19.6009 16.7852 11.6422 11.2915 9.77252 9.01129 9.81748 8.80508 8.75799 7.6941 7.47058 13.0138 9.92484 9.2312 7.41648 9.64106 7.22592 13.2384 8.17349 12.4736 10.6472 11.4907 9.69937
threshold=3.5000000000000004 4.2452108860015878 35.500000000000007 2.5000000000000004 1.0000000180025095e-35 60.000000000000007 1.0000000180025095e-35 1.0000000180025095e-35 5.4801788330078134 12.500000000000002 61.500000000000007 4.5000000000000009 0.0099504948593676108 7.5297496318817148 58.500000000000007 11.500000000000002 2.5000000000000004 13.500000000000002 16.500000000000004 2.5000000000000004 16.500000000000004 8.5000000000000018 3.5000000000000004 0.0099504948593676108 5.5000000000000009 2.5000000000000004 60.000000000000007 23.500000000000004 5.5000000000000009 17.500000000000004 6.5000000000000009 60.000000000000007 11.500000000000002 1.5000000000000002 3.5000000000000004 18.500000000000004 3.5000000000000004 24.500000000000004 0.014815627597272398 0.013986697886139156 10.500000000000002 17.500000000000004 0.015504807699471714 4.5000000000000009 0.014599318150430919 0.015268065501004459 14.500000000000002 13.403369426727297 0.014815627597272398 1.5000000000000002 3.5000000000000004 46.500000000000007 63.500000000000007 10.201904296875002 7.0991313457489023 26.500000000000004 0.010152545757591726 9.5000000000000018 8.5000000000000018 15.500000000000002 9.5000000000000018 0.013072453904896976
decision_type=2 2 2 2 2 2 2 2 2 2 2 2 2 2 2 2 2 2 2 2 2 2 2 2 2 2 2 2 2 2 2 2 2 2 2 2 2 2 2 2 2 2 2 2 2 2 2 2 2 2 2 2 2 2 2 2 2 2 2 2 2 2
left_child=1 2 -1 6 31 -3 -2 9 -9 10 14 12 -10 -14 -5 -13 19 18 -18 -17 21 -19 -20 -23 -16 -11 27 28 34 -29 -31 -4 -33 -34 -27 36 -22 38 40 41 44 42 -40 -41 45 47 -39 53 -48 -35 51 -51 -52 54 -24 57 -57 59 -59 60 -30 -61
right_child=3 5 4 7 -6 -7 -8 8 11 25 -12 15 13 -15 24 16 17 20 22 -21 35 23 37 -25 -26 26 -28 29 55 30 -32 32 33 49 -36 -37 -38 46 39 43 -42 -43 -44 -45 -46 -47 48 -49 -50 50 52 -53 -54 -55 -56 56 -58 58 -60 61 -62 -63
leaf_value=-0.00050847721334475757 0.025135968568056007 -0.088619263669648285 -0.02970775045571826 0.0071047172185074951 -0.052197948394212282 0.008632583525941942 0.0099418151651584057 0.06089933338592575 -0.10290682151240056 -0.013394472965402405 -0.007329355874041767 0.012702607360471289 -0.0970093180961379 0.027741114426976021 -0.10452002802843674 -0.12112121789213104 -0.098281948473754627 -0.10263779437636789 -0.10589606540928063 0.035918041945468361 0.064224879587840733 -0.097237017225941275 0.055143519581848072 0.035878145217033468 0.059979686001995131 0.0061760302643225793 0.0047038261079700803 0.01564285082199143 0.029676486870913663 -0.0055839191328086509 -0.087417933473979859 0.018759853992627272 0.023025428333045134 -0.0046034444408629745 -0.12072061376396381 0.0044438203894357382 -0.055797638490694704 -0.095161904667062647 -0.10450357308733789 0.015716817435720429 -0.094773537536852137 -0.11000110818928839 0.04181906467928851 -0.10406585670204237 0.05302173706456377 -0.10308533074461501 0.031838812147329414 -0.088305229846372291 -0.10125067456258996 -0.045507112239953074 -0.0011936664461020914 -0.018549908456982903 -0.013456081571984264 0.059493437876052206 -0.10137894896694816 -0.064014651952159871 0.046842643431730717 0.013063756620922308 -0.069778291642488832 -0.014131873339087218 -0.10391735981927995 -0.10579884221216947
leaf_weight=1269.0898016474093 174.37749054678716 3.7898419564589849 59.057128371670842 834.64887616818305 24.092610619598418 407.36350990401115 697.36241432372481 9.7156570288352651 1.7060615166556079 146.39543805795256 180.43074204830918 307.87305465945974 1.4829761711880554 94.063416182529181 0.80858991667628188 1.3834278373979021 7.0180881994310758 1.3706884314306069 2.9673100922955191 30.848311986075714 1.9101326335221518 1.2454531239345659 1.8489866610616466 42.833990155719221 11.933571109548209 1.6576796448789526 330.61800020828377 50.814905981533229 15.545773277757695 19.833232410019267 4.2885687854140988 31.591634066717234 17.558624236960895 276.66335117735434 4.8182736847084016 278.0283150767209 10.026320283534004 1.760070407763126 1.5504895932972456 1.9755026553757478 4.4051112472079685 2.0684834818821392 8.8104653051123005 12.334304818534291 8.4028846849687397 2.4581758729182193 15.408321384340526 2.0320977438241234 1.1682897810824204 37.80585744290147 216.4779307077406 352.50658442429267 527.3760357023566 6.206721942871809 2.1025228018406779 3.8080251142382613 9.1978092673234624 6.0781808092724559 18.001338105415925 8.9283007027115655 1.7954831789247681 4.2638868532376355
leaf_count=139355 817 1030 44045 15050 63634 28475 6132 95 79 9313 17265 4423 35 768 78 79 240 49 135 346 7 83 12 447 133 24 12825 3303 215 1359 576 6147 2158 108804 252 6922 361 131 54 22 166 104 86 512 48 83 264 64 98 12224 80365 202854 427933 35 114 435 255 114 1007 256 139 152
internal_value=0.000879129 -0.00507775 -0.00695117 0.00654219 -0.0122497 0.00773616 0.0129812 0.00431376 0.00877116 0.00198245 0.00509695 0.00817902 0.0235469 0.0258049 0.00774283 0.00620739 0.00176523 -0.000348873 -0.026898 0.0291777 0.00618266 0.0280531 -0.0202625 0.032117 0.0495409 -0.00313084 1.758e-06 -0.0104295 -0.0251512 0.00412675 -0.020133 -0.0116161 -0.0108843 -0.0115399 -0.0882383 0.00275461 -0.036591 -0.0167592 -0.0262084 -0.0476324 -0.00534416 -0.00169933 0.0199223 -0.0875296 0.0117458 -0.0119316 0.0111689 0.00644958 0.0224589 -0.0119701 -0.0137671 -0.021161 -0.00988745 0.0254047 -0.0281391 -0.0191092 0.0143843 -0.0270856 -0.0488672 -0.00990802 0.0158444 -0.0437598
internal_weight=6613.99 3223.37 2812.22 3390.61 1543.13 411.153 871.74 2518.87 865.006 1653.87 1027.82 855.29 97.2525 95.5464 847.391 758.038 450.164 417.933 82.5178 32.2317 335.415 45.4501 75.4997 44.0794 12.7422 626.045 479.649 149.031 74.0948 74.9367 24.1218 1519.04 1459.98 1428.39 6.47595 289.965 11.9365 72.5324 54.1957 26.7392 27.4565 12.4294 10.361 14.3098 23.0514 14.6485 18.3367 12.1903 16.5766 1410.83 1134.17 390.312 743.854 10.1582 3.95151 67.6188 13.0058 54.613 24.0795 30.5334 17.3413 13.1922
internal_count=1202586 1117024 1087519 85562 948164 29505 6949 78613 15862 62751 32526 15767 882 803 15261 14885 10462 10037 2168 425 7869 579 1928 530 211 30225 20912 8087 2849 5238 1935 884530 840485 834338 276 7290 368 1793 1300 778 522 244 140 534 356 308 493 225 362 832180 723376 215078 508298 161 126 2573 690 1883 1121 762 354 408
is_linear=0
shrinkage=0.05


Tree=62
num_leaves=63
num_cat=0
split_feature=21 19 2 16 2 14 16 12 17 11 16 11 17 19 12 19 5 6 16 19 14 14 19 19 2 4 16 11 6 6 19 16 13 16 4 3 12 11 16 4 19 19 19 9 16 11 6 14 16 21 4 19 7 16 16 2 7 7 19 16 16 9
split_gain=88.2552 28.3312 26.768 19.873 16.9013 15.0079 11.1683 15.5015 12.1005 10.6182 10.337 9.54306 9.20963 8.24443 8.33351 7.81385 9.15409 7.6908 7.71455 7.58501 14.1715 9.45316 7.56932 11.416 7.44869 10.8134 10.4291 13.0068 11.091 8.74229 8.07667 7.29718 9.1406 7.00014 10.0332 8.74457 10.7832 7.59261 6.90093 6.80422 13.4933 7.49773 8.32104 7.87742 12.7709 18.8351 12.1064 10.5767 10.1772 12.6069 12.058 10.9732 15.0681 9.26076 9.13953 8.20007 8.16401 11.5131 8.8708 7.78247 7.67298 6.76161
threshold=3.5000000000000004 4.2452108860015878 20.500000000000004 80.500000000000014 4.5000000000000009 60.000000000000007 65.500000000000014 3.5000000000000004 7.5000000000000009 1.0000000180025095e-35 49.500000000000007 0.012739370577037336 4.5000000000000009 33.991844177246101 18.500000000000004 7.9491722583770761 0.0081634009256958979 1.0000000180025095e-35 50.500000000000007 11.891654014587404 1.5000000000000002 1.0000000180025095e-35 23.028923988342289 23.900530815124515 5.5000000000000009 3.5000000000000004 46.500000000000007 0.013072453904896976 1.5000000000000002 16.500000000000004 22.307836532592777 37.500000000000007 0.016261236742138866 34.500000000000007 37.500000000000007 0.0088107436895370501 8.5000000000000018 0.015038444194942715 88.500000000000014 68.500000000000014 27.339073181152347 25.501792907714847 23.617717742919925 0.015504807699471714 75.500000000000014 0.013423423748463394 4.5000000000000009 11.500000000000002 70.500000000000014 5.5000000000000009 100.00000000000001 14.044111728668215 0.012579114176332952 82.500000000000014 63.500000000000007 15.500000000000002 0.013606071937829258 0.013423423748463394 16.786193847656254 70.500000000000014 57.500000000000007 0.016001024283468727
decision_type=2 2 2 2 2 2 2 2 2 2 2 2 2 2 2 2 2 2 2 2 2 2 2 2 2 2 2 2 2 2 2 2 2 2 2 2 2 2 2 2 2 2 2 2 2 2 2 2 2 2 2 2 2 2 2 2 2 2 2 2 2 2
left_child=1 2 11 5 6 -4 7 -2 15 38 13 -1 -5 14 24 16 -8 18 -12 -16 21 -21 -22 -24 31 -26 29 28 -28 -27 33 32 -6 -31 37 36 -36 61 -3 -19 41 42 43 46 45 47 59 -45 50 -50 55 52 -52 -46 -54 -48 57 -47 -58 -41 -53 -35
right_child=4 9 3 12 10 -7 8 -9 -10 -11 17 -13 -14 -15 19 -17 -18 39 -20 20 22 -23 23 -25 25 26 27 -29 -30 30 -32 -33 -34 34 35 -37 -38 -39 -40 40 -42 -43 -44 44 53 56 48 -49 49 -51 51 60 54 -55 -56 -57 58 -59 -60 -61 -62 -63
leaf_value=-0.00080907812210942941 0.015933496409567146 0.0083333433455706884 -0.052076719978140222 0.017332948983608352 -0.02312359054442743 -0.011182188173209462 -0.11725064837779964 0.0038207629349038489 -0.11322753394479013 -0.08304456098024153 -0.16599586320577728 0.043443355850782163 -0.028267465689407901 0.025421518717216741 -0.0047420814297371066 0.039575297341292226 0.017213601967987342 0.0088951006785224999 0.0255074853110017 -0.090971521103118597 -0.094642057198067064 0.033813037669257279 0.068644101001077054 -0.081143599434058522 0.016608457229159272 -0.00041622926188730151 0.03027720208662614 -0.007469449886042626 -0.091467163946697322 0.019468945749409005 -0.090940844179272368 0.0044438591401548587 -0.11451994768187149 -0.021836709815848964 0.034604159339515821 0.038029535905303807 -0.093050808583462763 -0.10777330266041157 -0.095068610048890806 0.040411319280096697 -0.10164984535312319 0.04923316840832237 -0.10469227569532685 -0.11579168604312998 0.034774384478415916 -0.10946059835335929 0.020818836359574645 0.033512317552220297 0.026813554320289725 -0.099970841527768417 -0.10539558196351168 -0.1017741597772123 0.0070480007731259274 -0.10077810168531587 -0.085661508637143099 -0.070923314557001224 -0.11516532990320626 0.055469831553837834 -0.001234652144137394 -0.084815470586328656 0.046768315600538179 0.038875252582267518
leaf_weight=989.52537785208551 516.10391787637491 408.41504076053388 22.739862985850777 85.357545930310152 25.047298304969448 1674.6562102024036 1.2942548478022207 541.03407439636067 1.549447065219282 3.2330275777494526 0.52996207517571647 12.3348373810295 12.722862515831364 33.734735385514796 248.11104569712188 63.27451062691398 57.433513517025858 691.12996205431409 68.502854342805222 1.8574452456086863 8.8613751104567182 8.2985028789844382 2.1786013720557085 3.05691864551045 136.11169111309573 508.82390241534449 2.3557578646577886 51.524647834012285 9.0862145593855512 133.0122182428604 1.8890941354911763 23.966628563590348 3.0710427975282064 28.63070721225813 3.3766381801106062 20.836525403661653 3.2432289001299068 2.2086106166243544 1.6199785047210742 25.929861314594749 3.3486904874443999 7.3106412589550009 1.9693464953452338 1.3741027354262758 11.531742074294014 1.850463018752637 3.0088776317425063 8.6729214168153721 30.623621041071601 2.0948509653098872 4.3225629692897227 0.93705697497352858 21.819091247278269 1.4145643142983306 3.0271936173085114 12.785469991620628 9.8396128797903639 2.4711023373529315 2.0675246801692984 1.3030371248023573 12.034887230489401 5.4607882518321267
leaf_count=72462 3178 28253 63617 5040 523 942854 47 6803 83 1030 49 394 3152 224 12139 341 552 15356 1370 183 549 126 17 139 1604 22461 20 2350 823 3192 68 335 60 1220 94 445 670 107 222 956 100 37 64 96 280 120 122 178 1119 134 492 50 2641 106 822 1112 1506 20 34 326 97 22
internal_value=0.00092799 -0.00500667 -0.00681199 -0.0104656 0.00657302 -0.01173 0.0113968 0.0097343 0.0256213 0.00721316 0.0039779 -0.000264245 0.0114177 0.0010355 0.000367222 0.0273847 0.0142503 0.00797982 0.0240373 -0.00735083 -0.0340388 0.0109909 -0.0664799 -0.018814 0.00256002 0.00361645 0.00132121 -0.0181783 -0.0664015 0.00305668 0.0119519 -0.0158275 -0.0331058 0.0129397 -0.000681909 0.0221247 -0.027937 -0.0179322 0.00792482 0.00669218 -0.00227762 -0.000277678 -0.00255302 -0.00127271 -0.0206829 -0.0407097 0.00518525 0.0130924 -0.00359689 0.018696 -0.0161866 -0.00222181 -0.0192367 0.0199634 -0.00424744 -0.0534461 -0.074018 -0.0151522 -0.0953827 0.0344195 0.036038 -0.0121118
internal_weight=6585.94 3210.6 2797.34 1795.48 3375.33 1697.4 1180.69 1057.14 123.552 413.268 2194.64 1001.86 98.0804 1264.74 1231.01 122.002 58.7278 929.9 69.0328 272.364 24.2528 10.1559 14.0969 5.23552 958.645 906.56 770.448 62.9666 11.442 707.482 198.658 52.085 28.1183 196.769 63.7565 27.4564 6.61987 36.3001 410.035 860.867 169.737 166.389 159.078 157.109 39.222 26.2757 117.887 10.047 90.6536 32.7185 57.9351 42.1408 29.1688 12.9463 24.8463 15.7943 16.2287 4.32157 11.9071 27.2329 12.9719 34.0915
internal_count=1202586 1117024 1087519 1014663 85562 1006471 11004 9981 1023 29505 74558 72856 8192 47371 47147 940 599 27187 1419 13153 1014 309 705 156 33994 33076 31472 3193 843 28279 5818 918 583 5750 2558 1209 764 1349 28475 25768 10412 10312 10275 10211 2340 1954 7871 274 6589 1253 5336 4102 3955 386 3463 1234 1680 140 1540 1282 147 1242
is_linear=0
shrinkage=0.05


Tree=63
num_leaves=63
num_cat=0
split_feature=21 16 0 2 16 10 2 14 4 16 16 16 4 8 8 4 21 16 0 16 14 14 10 2 2 21 16 16 8 10 13 12 2 5 14 4 16 16 16 2 3 16 0 16 14 2 7 12 0 4 2 7 1 0 14 14 1 21 16 5 0 0
split_gain=85.4936 25.8628 31.2743 14.5945 14.7109 11.8336 10.215 10.3273 17.793 10.2626 8.78111 11.4359 8.17714 7.96272 8.17423 16.2811 9.63253 7.79209 25.8412 13.509 7.70818 9.57661 12.5079 11.7747 10.4689 8.76497 7.75556 21.1246 11.0002 15.365 15.231 16.3971 11.6977 10.8739 9.08648 8.38039 7.60755 10.3683 7.58568 9.69409 14.1165 8.51905 8.0171 7.85477 14.5833 20.1929 21.7487 8.90998 13.927 12.6127 9.37429 7.92976 8.06211 7.87177 7.37927 14.8718 10.3663 7.57973 11.3637 10.6716 8.96786 21.1898
threshold=3.5000000000000004 70.500000000000014 21.500000000000004 10.500000000000002 65.500000000000014 1.0000000180025095e-35 6.5000000000000009 2.5000000000000004 100.00000000000001 67.500000000000014 64.500000000000014 61.500000000000007 1.5000000000000002 5.5000000000000009 6.5000000000000009 7.5000000000000009 4.5000000000000009 53.500000000000007 2.5000000000000004 64.500000000000014 60.000000000000007 16.500000000000004 16.500000000000004 20.500000000000004 61.500000000000007 4.5000000000000009 28.500000000000004 45.500000000000007 6.5000000000000009 17.500000000000004 0.015749008394777778 9.5000000000000018 29.500000000000004 0.014389234129339458 1.0000000180025095e-35 2.5000000000000004 87.500000000000014 82.500000000000014 38.500000000000007 7.5000000000000009 0.014389234129339458 33.500000000000007 17.500000000000004 48.500000000000007 13.500000000000002 5.5000000000000009 0.014599318150430919 3.5000000000000004 22.500000000000004 3.5000000000000004 5.5000000000000009 0.016261236742138866 0.016001024283468727 14.500000000000002 12.500000000000002 16.500000000000004 0.0079682543873786944 6.5000000000000009 62.500000000000007 0.010695492848753931 16.500000000000004 60.500000000000007
decision_type=2 2 2 2 2 2 2 2 2 2 2 2 2 2 2 2 2 2 2 2 2 2 2 2 2 2 2 2 2 2 2 2 2 2 2 2 2 2 2 2 2 2 2 2 2 2 2 2 2 2 2 2 2 2 2 2 2 2 2 2 2 2
left_child=1 2 -1 4 5 17 9 8 -8 10 11 -4 -7 38 15 -15 -17 -2 -19 -20 21 26 -23 -24 -25 -26 35 28 30 -30 31 33 -31 -28 -32 -5 37 -22 39 -14 41 42 -41 51 45 46 -45 48 50 -49 -46 -40 -53 -52 57 -56 -57 58 60 -59 -16 -62
right_child=3 -3 6 20 -6 12 7 -9 -10 -11 -12 -13 13 14 54 16 -18 18 19 -21 36 22 23 24 25 -27 27 -29 29 32 34 -33 -34 -35 -36 -37 -38 -39 43 40 -42 -43 -44 44 47 -47 -48 49 -50 -51 53 52 -54 -55 55 56 -58 59 -60 -61 61 -63
leaf_value=0.00060809227089083208 0.021564562970849355 0.0054530038817270886 0.0030515263520388566 -0.10942661537380056 0.022025130101427853 0.012423594676174734 -0.10320267111685327 -0.012475613445199214 0.018775841170394686 -0.11491448638207608 0.046010943873197166 -0.10815495548140326 0.0060194382046578543 -0.0041274188894820513 0.012988873880477605 0.03635972783028265 -0.11254188251594766 0.026718237799319974 -0.11751649235071138 0.034761735892942638 0.00031936342624050364 0.05485289970750723 0.036636649130333682 -0.086016589111059805 -0.082086537389763792 0.063431276487152452 0.04331924110623589 0.0076563287121289431 -0.098370472578907145 -0.0019012367836799755 0.021819738111558781 -0.10748131805043747 -0.08429586760002139 -0.11074890215659908 -0.11479198131338522 0.02531749664021414 0.064712992890892648 -0.1148701769181651 0.027183893787358693 0.01320093783666625 -0.10764260155929713 -0.11019988550289364 -0.10832626335585863 -0.1096138408581438 0.020016315631487633 -0.10581706026649616 0.02264831153560291 -0.11960667196145963 -0.1199622149452035 0.035622386420995994 -0.11085105978912191 -0.11648764778649011 0.033365470033261645 0.028273465000635729 -0.094751367948509205 -0.076228192508970505 -0.00011445902956865176 -0.11997040761252034 -0.10953501339304964 0.025848333296855583 -0.10701934623164029 0.040961094780999741
leaf_weight=921.68419979518512 207.32620314951055 507.08831360080512 104.27138138434384 1.1770114460960019 210.84728450386319 373.69805056322366 3.198260750854387 1597.0164858262506 45.837418677911046 1.807921172119676 11.818058706587179 2.3642247689422211 174.18768648628611 23.214514859253544 41.95891520450823 1.3043083718512196 6.4930718657560647 17.27989987493493 6.1750675472430867 1.9059524498879907 1000.4912326000631 23.643289709463716 11.514984366251158 5.2675871261162666 1.5282765650190411 3.2047718695830554 18.055908063426624 408.31117470399477 9.2396512229461205 17.531275347457271 1.7509861574508248 2.3078066958114496 5.7109528977889559 1.2228100158972655 3.9927373898681244 58.879777712281793 4.5756010783370575 1.957361391512676 107.76496434514411 15.105907842982569 4.527405690168961 1.8732737791724492 1.4910495579242695 3.8325710666831645 20.361444587586455 6.1448311507701865 16.443767216289416 1.3497273868415494 2.4198345472104839 42.935115134343505 2.8069200855679801 1.9660399584099644 1.6514961612410841 1.5941744064912198 4.2735555074177674 4.5248196446336797 393.78073841705918 1.2786422274075437 2.3474233846645793 67.020619536517188 5.3577738911844772 4.4105611080303788
leaf_count=76507 1151 54582 10489 50 2074 2857 491 965079 8917 271 289 399 1581 288 662 24 303 87 136 6 51746 317 144 377 140 36 176 8103 531 545 22 169 526 34 128 1117 71 222 834 150 145 69 50 92 148 150 121 59 72 343 71 38 9 13 213 516 7691 60 103 576 353 63
internal_value=0.000951551 -0.00490412 -0.00685798 0.00651979 0.0096251 0.00795854 -0.0107539 -0.0117816 0.01082 0.00331351 0.00511799 0.00058596 0.00614633 0.00370894 -0.000179738 -0.0251237 -0.0876343 0.0183644 -0.00779663 -0.0816008 0.00302289 0.00765076 0.0297506 0.00216598 -0.0375244 0.0164443 0.00576125 0.00359111 -0.0241603 -0.043829 -0.000784146 0.0184697 -0.0221468 0.033547 -0.0731456 0.0226767 0.000388053 9.44466e-05 0.009028 0.00199116 -0.0285196 -0.00912507 0.00228309 0.0156584 0.00532548 -0.0264147 -0.00235147 0.0170597 -0.00547431 0.0308913 0.00571363 0.0247396 -0.0480759 -0.0604571 0.00129384 -0.00197456 -0.000979124 0.012046 -0.00193899 0.0231184 0.00294381 -0.0402038
internal_weight=6555.1 3195.09 2688 3360.02 1779.65 1568.81 1766.31 1646.05 49.0357 120.262 118.454 106.636 1336.12 962.421 555.965 31.0119 7.79738 232.687 25.3609 8.08102 1580.36 573.339 45.1589 21.5156 10.0006 4.73305 528.18 468.123 59.8121 32.4819 27.3302 21.5865 23.2422 19.2787 5.74372 60.0568 1007.02 1002.45 406.456 197.185 22.9976 18.4702 16.597 209.271 97.8884 26.4212 20.2763 71.4672 27.1824 44.2848 24.7625 111.383 3.61754 4.40109 524.953 402.579 398.306 122.374 54.0747 68.2993 51.7273 9.76833
internal_count=1202586 1117024 1062442 85562 21108 19034 985935 974487 9408 11448 11177 10888 17654 14797 10852 615 327 1380 229 142 64454 12415 1014 697 553 176 11401 10234 2131 1602 529 379 1071 210 150 1167 52039 51968 3945 1995 414 269 200 1950 1069 363 213 706 304 402 232 881 47 84 10237 8420 8207 1817 1181 636 1078 416
is_linear=0
shrinkage=0.05


Tree=64
num_leaves=63
num_cat=0
split_feature=21 19 1 16 3 14 16 17 10 14 4 1 17 1 4 3 4 1 3 6 14 4 14 16 4 16 16 6 17 10 21 21 19 16 1 3 10 19 10 6 12 3 8 14 16 19 4 4 17 4 14 8 10 16 16 16 17 8 3 12 4 17
split_gain=81.4892 25.3433 30.4648 17.3165 14.4602 13.2043 13.2012 23.029 11.5191 10.5736 10.1386 15.9296 15.9415 13.0417 13.3357 12.1266 11.9899 15.7408 11.6344 10.0201 9.04634 8.91572 14.4462 9.8124 8.83428 8.53897 13.4415 9.45007 8.27682 7.99239 7.90087 8.65788 7.81516 7.80219 7.67172 10.1167 9.23524 7.65992 7.44737 9.46769 12.4297 7.40046 11.5875 15.4869 11.5716 9.91357 9.50378 9.96733 9.35043 9.26543 9.12753 15.3121 21.1946 12.9522 12.167 10.5504 10.6589 13.9441 10.4623 16.6626 13.9956 9.59433
threshold=3.5000000000000004 4.2452108860015878 0.010050504934042694 80.500000000000014 0.013793759513646366 60.000000000000007 81.500000000000014 4.5000000000000009 1.0000000180025095e-35 7.5000000000000009 20.500000000000004 0.011299795936793091 7.5000000000000009 0.0081634009256958979 18.500000000000004 0.016261236742138866 43.500000000000007 0.012579114176332952 0.016001024283468727 2.5000000000000004 10.500000000000002 29.500000000000004 10.500000000000002 62.500000000000007 1.5000000000000002 45.500000000000007 29.500000000000004 9.5000000000000018 4.5000000000000009 60.000000000000007 4.5000000000000009 5.5000000000000009 14.044111728668215 58.500000000000007 1.0000000180025095e-35 0.012121656909585001 60.000000000000007 23.900530815124515 8.5000000000000018 60.000000000000007 5.5000000000000009 0.013072453904896976 12.500000000000002 60.000000000000007 52.500000000000007 11.295234203338625 22.500000000000004 2.5000000000000004 3.5000000000000004 14.500000000000002 7.5000000000000009 9.5000000000000018 16.500000000000004 70.500000000000014 65.500000000000014 1.0000000180025095e-35 4.5000000000000009 2.5000000000000004 0.0081634009256958979 15.500000000000002 33.500000000000007 3.5000000000000004
decision_type=2 2 2 2 2 2 2 2 2 2 2 2 2 2 2 2 2 2 2 2 2 2 2 2 2 2 2 2 2 2 2 2 2 2 2 2 2 2 2 2 2 2 2 2 2 2 2 2 2 2 2 2 2 2 2 2 2 2 2 2 2 2
left_child=1 2 3 5 32 -1 8 -8 -6 -10 13 12 20 14 -11 16 17 -13 19 -19 -12 23 -23 25 33 26 27 -21 -29 -3 -18 -32 34 -7 35 -2 -37 -15 -26 -40 -41 50 45 49 46 -43 47 48 -45 -44 51 55 -53 61 58 -36 -57 -58 60 -60 -54 -52
right_child=4 29 -4 -5 6 24 7 -9 9 10 11 15 -14 37 -16 -17 30 18 -20 21 -22 22 -24 -25 38 -27 -28 28 -30 -31 31 -33 -34 -35 41 36 -38 -39 39 40 -42 42 43 44 -46 -47 -48 -49 -50 -51 53 52 54 -55 -56 56 57 -59 59 -61 -62 -63
leaf_value=-0.051949997755375912 -0.0056562803528235304 -0.077644177466258874 -0.00099803536539330761 0.010342616909278216 0.018585901269248802 0.031414238706765192 0.048763386211104515 -0.10223247905346762 0.015588683283671835 -0.11941397957258078 -0.10055055690342272 -0.10177439101355071 -0.10589529485583256 0.007278564221740955 0.06296315850430674 -0.13008562042534866 0.036580530417704336 -0.1266277301030394 0.030130684894896877 -0.1019969179531821 0.022137462866103397 0.041083644145274018 -0.11143252779268627 -0.11216909049431281 0.0083807351471609972 0.027343086589014316 -0.1058315969976763 -0.11296383082737355 0.049058279243171611 0.0073040939032602203 -0.1081450094808353 -0.0011133740550453065 0.010096862631463583 -0.11463353402721715 0.023084044706170311 -0.11122155581907552 0.008337151670616395 -0.081561398185223566 -0.03725980100644026 0.040462792373507875 -0.013075694015516025 0.0049737597268285404 -0.055163872241235624 0.042079979223240277 -0.10024632943544801 -0.10619583683036658 0.0025287618981650797 -0.066996953069533224 -0.11906837112856271 0.030661437212468848 -0.0036313220894894048 0.037154336261006594 0.064585575560958883 0.027146487053811758 -0.1218884500515955 -0.10696010824340324 0.013481673717917593 -0.12130325660392574 0.032789761752506301 -0.079001940341602128 -0.10286614178153652 0.0087213676544798686
leaf_weight=21.276351608008554 204.62306771817384 2.7876646352233356 1310.1497851473396 85.36540294974111 254.29858988721389 16.339425903162923 36.090563281672075 2.7151098113972685 296.75343926739879 3.8667080292943856 1.5459188702516247 7.0084150235634288 2.6933432235382488 1100.252089182497 1.3530913153663275 2.4792015261482439 13.176716144429522 2.6832046043127766 8.8684876346960646 1.7177204326726494 53.46988254180178 2.0888441826682538 6.0480550408828986 2.2665332020260385 40.571971783792833 11.785045963246374 4.1377096725627771 0.90206707618199811 6.2462871714960784 411.37232782097999 2.1849304018542197 13.969620902091263 291.76220623706467 0.9686780251795416 4.2127069558482644 4.3732229738961905 2.5611135971266767 2.4316794597543767 40.198591244959971 10.936586563475428 1240.5057000210072 115.17070214776322 3.9261517215054509 4.4581860899925259 6.6889509642496696 2.0409236706327638 14.723000840051098 17.831217333674431 1.1278959733899681 15.798697119229471 243.25732276262715 23.578836981207132 6.2321278033778134 68.524258665856905 3.0716308266855767 8.0804471336305159 6.2513628087472171 2.7687538235913944 5.0809771232307002 9.690102465217926 1.5602078768424688 444.29539272678085
leaf_count=63604 23956 1030 152860 7471 1551 1779 145 119 3190 363 67 359 211 13244 29 139 217 89 86 40 1378 16 327 68 11598 152 190 47 53 28475 132 290 4400 317 53 496 144 78 38301 1312 810277 1971 190 40 412 75 532 1004 76 251 9899 331 75 1302 235 339 82 188 74 833 120 15904
internal_value=0.000930568 -0.00480281 -0.00652979 -0.0115069 0.00636938 -0.0128675 0.00934488 0.0381987 0.0087236 0.00710339 0.00509085 -0.00742531 0.0128755 0.00670941 -0.0721377 -0.0211175 -0.0178659 -0.0318969 -0.02142 -0.0334905 0.01869 -0.0263893 -0.0722797 -0.0125878 -0.0122514 -0.00348269 -0.0314194 0.003308 0.0286123 0.00673232 0.00784721 -0.0155896 0.00274563 0.0232404 0.000987484 -0.00766908 -0.067064 0.00708265 -0.0127125 -0.013375 -0.0126078 0.00280364 -0.0063308 -0.0233419 -0.0395868 0.00303804 -0.0289485 -0.0487389 0.00954222 0.0135783 0.00481226 -0.0123907 0.00294104 0.00641695 -0.028528 -0.0477927 -0.0652531 -0.027891 -0.0158185 -0.0405477 0.0310578 0.00435096
internal_weight=6533.2 3180.47 2766.31 1456.16 3352.72 1370.8 1841.03 38.8057 1802.23 1547.93 1251.18 143.272 57.7091 1107.9 5.2198 85.5628 83.0836 53.7524 46.744 37.8755 55.0158 35.1923 8.1369 27.0554 1349.52 24.7888 13.0038 8.86607 7.14835 414.16 29.3313 16.1546 1511.69 17.3081 1219.93 211.557 6.93434 1102.68 1332.21 1291.64 1251.44 1008.37 181.766 64.5541 44.8293 117.212 38.1403 23.4173 5.58608 19.7248 826.604 70.5272 49.2139 756.077 25.635 21.3133 17.1006 9.02012 22.5634 14.7711 7.79234 687.553
internal_count=1202586 1117024 1087519 934659 85562 927188 22580 264 22316 20765 17575 3861 1656 13714 392 2205 2066 1427 1068 982 1445 893 343 550 863584 482 330 140 100 29505 639 422 62982 2096 58582 24596 640 13322 861488 849890 811589 33986 4551 2505 2064 2046 1652 1120 116 441 29435 2330 1668 27105 1337 662 609 270 1102 907 195 25803
is_linear=0
shrinkage=0.05


Tree=65
num_leaves=63
num_cat=0
split_feature=8 2 19 0 12 0 16 1 10 2 19 12 16 2 17 16 4 10 19 16 4 19 4 2 6 17 10 10 19 16 4 3 19 4 10 19 0 4 19 17 16 16 16 0 0 1 2 0 6 12 16 17 5 7 16 0 16 16 4 2 9 8
split_gain=79.9832 31.6326 22.9155 17.2382 11.9837 11.9705 14.0388 13.4392 10.6507 21.5667 10.7645 10.4137 11.0432 9.87598 9.52958 9.26214 11.7724 11.1537 9.12531 8.9835 8.85318 9.52911 19.4792 8.81297 8.77956 18.4976 8.95588 9.51122 9.06864 12.7405 11.8681 10.691 9.12346 16.1113 14.0304 12.2857 8.49697 13.3368 8.26527 8.04053 7.96658 8.20823 8.78772 9.38423 7.9373 15.3432 9.21578 8.49372 9.52508 12.1016 8.22974 15.1364 11.3361 11.2215 7.9211 10.5907 12.3781 10.467 8.85382 17.278 10.9487 9.72742
threshold=60.000000000000007 15.500000000000002 5.4801788330078134 85.500000000000014 1.5000000000000002 90.500000000000014 68.500000000000014 0.0068729333579540261 7.5000000000000009 17.500000000000004 21.589429855346683 18.500000000000004 76.500000000000014 96.500000000000014 1.5000000000000002 53.500000000000007 49.500000000000007 7.5000000000000009 4.850494623184205 27.500000000000004 2.5000000000000004 6.0646126270294198 65.500000000000014 42.500000000000007 16.500000000000004 3.5000000000000004 4.5000000000000009 5.5000000000000009 7.6062850952148446 75.500000000000014 14.500000000000002 0.013245614245533945 27.339073181152347 3.5000000000000004 9.5000000000000018 12.878506660461428 9.5000000000000018 2.5000000000000004 8.8916859626770037 7.5000000000000009 1.5000000000000002 48.500000000000007 50.500000000000007 37.500000000000007 58.500000000000007 0.0085107926279306429 2.5000000000000004 1.5000000000000002 13.500000000000002 3.5000000000000004 1.0000000180025095e-35 7.5000000000000009 0.016261236742138866 0.013793759513646366 24.500000000000004 48.500000000000007 56.500000000000007 57.500000000000007 2.5000000000000004 12.500000000000002 0.014185110572725536 13.500000000000002
decision_type=2 2 2 2 2 2 2 2 2 2 2 2 2 2 2 2 2 2 2 2 2 2 2 2 2 2 2 2 2 2 2 2 2 2 2 2 2 2 2 2 2 2 2 2 2 2 2 2 2 2 2 2 2 2 2 2 2 2 2 2 2 2
left_child=5 11 3 40 -5 6 44 -8 23 -10 20 12 -2 15 19 -6 18 -18 -17 -7 38 22 -22 -4 25 -13 -26 -28 -29 30 31 -30 33 35 -35 -33 -9 -38 -11 -34 -3 -42 43 -43 45 -1 -46 -47 50 -50 51 53 -53 -49 -52 58 -57 -58 59 60 61 -56
right_child=1 2 8 4 13 14 7 36 9 10 -12 24 -14 -15 -16 16 17 -19 -20 -21 21 -23 -24 -25 26 -27 27 28 29 -31 -32 32 39 34 -36 -37 37 -39 -40 -41 41 42 -44 -45 46 47 -48 48 49 -51 54 52 -54 -55 55 56 57 -59 -60 -61 -62 -63
leaf_value=-0.10040860748404333 0.010120306729255991 0.0046316981077278501 0.053127478912574411 0.033660690972930701 -0.01759098963969347 -0.090678825256998677 -0.10491936188466372 0.031132253253931281 -0.094112029848194417 -0.12031301888126814 0.018826733906603638 -0.011615302491589 -0.10909593662015038 -0.023510290864947863 0.00096337767435488429 -0.050676138964954542 0.079095944302302115 0.00088412195389697419 0.05965135317251561 -0.016332163522538998 0.062824453620325682 -0.0054065994285589451 -0.026572284976901818 -0.091527439086835694 0.035721828377456959 -0.13791528599790978 -0.11655714775963394 -0.0022620335630588631 0.062511614055310014 -0.10292434105216747 0.029429820255906916 0.021127562373348393 0.049249866175668677 0.046520264608248922 -0.10517245341875488 -0.11313513826847593 -0.12822693477279135 0.013995089896752529 0.051727737487644976 -0.098354950754477768 -0.012365810441645133 0.02963825378452959 -0.0058293565624535247 -0.016277644817572347 -0.10068990597664085 0.012652350104049732 0.021935875206139988 -0.10307701812646597 0.034442245516431449 0.0074452590119957699 0.014412726023414514 -0.1196158391333039 0.039583137830114322 -0.0035187194183426531 -0.1207730060923345 -0.10926221890085693 0.07400602900650971 -0.10899840194993715 0.0039207156512092957 -0.082035143302800997 -0.0013126152899257206 -0.010308691726188417
leaf_weight=3.3782062001992008 320.09808196872473 137.77695074917574 14.502163126482627 11.79593326494796 252.89466495797387 4.8527620305540067 2.1491560079157344 107.28560266084969 5.925238814437761 0.74510865448973973 77.57570561801549 16.724663026863713 1.9543825911823649 331.7252428307911 365.8812786796334 16.868017395492647 4.7374827133025965 120.60458579458646 2.1084937471896401 24.971096445224248 14.984941121889278 326.62120751698967 10.26950705004856 1.1353534793015558 17.018990491749719 3.506872476078569 1.773078036494552 898.40178409940563 4.958582220831885 2.3014452990610144 62.678969221771695 12.569053961196916 7.0402366498019529 1.8512108009308565 8.6327766423346457 1.9710318923462171 1.6694093719124783 130.84413688047789 11.07190946349874 1.0617653168737886 562.3217949543905 36.560947028105147 500.21407244013972 15.996734444168395 1.555047649424522 405.67439857602585 104.17350237292703 2.9434596610954022 45.154714264790528 514.28324510122184 125.62330746254884 5.264487551059573 1.419782056007534 73.642170926439576 3.7564629984553903 4.6602319524390605 2.4046569983474915 1.1574112027883527 586.27461624436546 8.0345321802888048 96.868319251923822 4.2451259545050544
leaf_count=333 4998 47501 106 1046 200506 2526 85 830 402 68 1059 432 84 404264 55450 5510 153 43735 15 6851 210 25503 1102 258 147 365 57 54439 45 136 1159 192 39 9 600 103 79 2104 74 38 204831 4444 88569 7507 77 2912 3563 148 357 12929 1264 209 8 1174 124 396 12 82 9634 254 824 64
internal_value=4.98755e-05 -0.00457009 -0.0079592 -0.0102861 -0.0163328 0.00676313 0.0081838 0.0195565 0.00206363 0.000645282 0.00191766 0.00153992 0.00939684 -0.0171418 -0.00125192 -0.0118233 -0.00171625 0.00384025 -0.0384176 -0.0284294 -0.00168905 -0.00311864 0.026472 0.0426249 -0.000891953 -0.0335078 -0.000245188 -0.000855334 -0.000650486 0.0133971 0.0160539 -0.00595991 -0.0162093 -0.0311401 -0.0783873 0.00292712 0.0206721 0.0122034 0.0408799 0.0299063 -0.0067111 -0.00811257 -0.00378585 0.015663 0.00680143 0.00605363 0.0201323 0.00624479 0.00448337 0.00962431 0.00134461 -0.0136429 -0.0858009 -0.0073451 0.00284277 0.000788133 -0.0556273 0.014543 0.00145157 -0.0113698 -0.00595587 -0.0621678
internal_weight=6447.15 3818.98 2456.44 1993.6 740.734 2628.17 2232.46 241.948 462.831 447.194 441.268 1362.54 322.052 728.938 395.705 397.213 144.319 125.342 18.9765 29.8239 363.693 351.876 25.2544 15.6375 1040.49 20.2315 1020.26 1003.24 1001.47 103.065 100.764 38.0847 33.1261 25.0241 10.484 14.5401 239.799 132.514 11.817 8.102 1252.87 1115.09 552.772 52.5577 1990.51 1884.79 105.729 1881.41 1475.73 559.438 916.295 83.2699 6.68427 76.5856 833.025 707.401 8.2223 3.56207 699.179 112.904 104.87 8.00159
internal_count=1201995 1099706 1036863 1008081 655229 102289 37462 3098 28782 28418 28016 62843 5082 654183 64827 249919 49413 43888 5525 9377 26957 26815 1312 364 57761 797 56964 56817 56760 2321 2185 1026 981 904 609 295 3013 2183 142 77 352852 305351 100520 11951 34364 30724 3640 30391 27479 13286 14193 1539 217 1322 12654 11390 490 94 10900 1266 1012 188
is_linear=0
shrinkage=0.05


Tree=66
num_leaves=63
num_cat=0
split_feature=8 0 19 2 16 16 2 2 4 19 0 19 12 2 16 19 8 4 10 6 8 2 16 0 12 16 10 11 10 16 16 4 6 12 0 19 2 4 17 8 16 19 16 4 19 17 6 4 2 2 5 16 13 19 0 12 19 17 4 2 0 16
split_gain=72.6346 29.4737 19.5213 16.3803 13.5446 11.3532 12.8104 19.1784 11.218 15.9467 13.0138 17.8207 11.0426 10.6782 10.5364 10.4741 9.52738 11.6057 10.5987 12.5562 13.352 12.5223 11.9978 9.38125 9.32203 11.1877 9.29029 10.7248 10.5859 9.21663 8.85649 8.78352 10.7213 8.75781 8.64688 8.61469 10.8932 8.50295 8.48494 11.0176 14.8284 10.7686 10.331 11.3758 9.88114 8.33558 13.8067 8.24092 8.84297 16.9521 15.8932 9.4126 9.2623 8.16361 7.9111 10.285 9.33948 7.86707 7.81576 7.82844 15.2851 10.6843
threshold=60.000000000000007 21.500000000000004 4.6272630691528329 1.0000000180025095e-35 84.500000000000014 68.500000000000014 12.500000000000002 14.500000000000002 46.500000000000007 6.110328435897828 41.500000000000007 5.7912888526916513 18.500000000000004 35.500000000000007 57.500000000000007 26.591284751892093 10.500000000000002 8.5000000000000018 60.000000000000007 11.500000000000002 6.5000000000000009 34.500000000000007 71.500000000000014 20.500000000000004 1.5000000000000002 34.500000000000007 14.500000000000002 0.015038444194942715 18.500000000000004 84.500000000000014 83.500000000000014 33.500000000000007 3.5000000000000004 1.5000000000000002 90.500000000000014 14.57145929336548 47.500000000000007 52.500000000000007 4.5000000000000009 2.5000000000000004 27.500000000000004 18.63993072509766 26.500000000000004 18.500000000000004 9.0843286514282244 2.5000000000000004 1.0000000180025095e-35 26.500000000000004 32.500000000000007 54.500000000000007 1.0000000180025095e-35 33.500000000000007 0.015749008394777778 8.9144048690795916 34.500000000000007 13.500000000000002 7.0991313457489023 4.5000000000000009 61.500000000000007 40.500000000000007 47.500000000000007 34.500000000000007
decision_type=2 2 2 2 2 2 2 2 2 2 2 2 2 2 2 2 2 2 2 2 2 2 2 2 2 2 2 2 2 2 2 2 2 2 2 2 2 2 2 2 2 2 2 2 2 2 2 2 2 2 2 2 2 2 2 2 2 2 2 2 2 2
left_child=5 12 3 -3 13 34 45 -8 9 -4 -10 -12 35 -5 -14 16 17 -9 19 22 -21 -20 -19 26 25 -15 27 -16 -28 -18 -26 32 33 -24 58 -2 -37 -13 39 40 44 -41 -40 -44 -36 -7 -47 -45 50 -50 52 -51 -49 -42 -23 56 -56 -6 59 -1 -61 -62
right_child=1 2 8 4 57 6 7 15 10 -11 11 37 14 24 23 -17 29 18 21 20 -22 54 31 -25 30 -27 28 -29 -30 -31 -32 -33 -34 -35 38 36 -38 -39 42 41 53 -43 43 47 -46 46 -48 48 49 51 -52 -53 -54 -55 55 -57 -58 -59 -60 60 61 -63
leaf_value=0.0062347269865812857 0.0098659172012093913 0.029457348485158144 0.058040450290112414 -0.0060052969918816214 0.025325821015456808 0.040768225252927316 -0.099879842332963875 -0.11482895572041435 -0.046416489147435257 0.0068119061486286298 -0.086912967654447684 -0.059725443088117752 -0.0042021397660878318 0.049631843441281985 0.043525581243444994 0.043494012054950848 0.022585689053881697 0.02799989185219124 -0.10732471135954938 0.04510016470038284 -0.10139731689302832 0.035721413022004739 -0.10397691608181664 0.038813656870623103 -0.014469285636653305 -0.083965215190394446 -0.111319803094444 -0.12603891654141833 0.0025510401531649903 -0.06340144916981974 -0.093863595929723181 -0.059563324929532119 -0.10391275604226234 0.049709445491447277 -0.11560968619199832 -0.09605619612638816 0.059428383526564738 0.0018511753251216291 0.024638798067717033 -0.02887507930210741 0.017310469406825651 0.059924156814339574 -0.12354142862192924 0.054581989307717939 0.015955393612451834 -0.12728407355996549 0.019109977077494886 0.050389564152513833 -0.10573849987817725 -0.057048244040447942 -0.11620677783285055 -0.00072413054828650758 -0.11973376472323921 -0.12091465004103848 -0.093230257517782855 -0.067165664416970042 0.038031609019010149 -0.073056257416786757 0.016143194536394449 -0.022455936674496385 -0.052572663408302911 0.027626948707392431
leaf_weight=1699.9726703427732 338.17532881128136 25.570191925624385 17.2430741537828 592.347732338676 33.997144867898896 59.47586963721551 4.1397882932797065 2.3822757359594098 17.150089453207329 127.64686112070922 5.9660997485043472 5.7330619015265247 873.96672978025163 10.303101815341504 20.506216191919524 19.582291415892541 67.036995938629843 12.87607750087045 4.2807634547352817 23.724923616042364 1.664454505778848 5.9046485151629922 1.0726212924346326 20.702894971007481 1147.6268598469323 1.8481598556973029 2.0553409382700911 0.97694922145455976 292.57656266738195 3.268276205752044 3.5233349186601108 12.882300242315978 1.8835542555898426 6.8264191879425198 3.9482149380492038 4.0365475837606928 1.562520684674382 253.5987381900195 46.987725618702825 71.854703667529975 47.210702298383694 3.5844568517059079 1.916655228473245 6.3813582020811728 2.2350147888064384 1.6436122208833683 80.144236478256062 16.508278522640474 4.3670941281598052 8.0500880388135538 1.74382939422503 94.40207231498789 0.84082650253549118 1.0929184677079309 1.7230182247003609 9.2845259408932108 6.3471129322424531 2.1611580009339368 187.68087103706785 65.851163351442665 4.7533917843829832 32.868338138796389
leaf_count=24160 5692 1279 262 106794 1391 276 139 140 1234 4886 1199 504 71179 338 191 115 3962 473 183 382 207 107 40 708 867623 764 123 54 13187 471 673 1441 71 30 802 105 10 20677 4792 25723 2538 15 408 198 24 67 872 326 543 2601 266 17845 79 106 395 2191 97 833 5684 3046 437 1037
internal_value=6.78438e-05 -0.00435305 -0.00801793 -0.010279 -0.010846 0.00645813 0.015189 0.00652699 0.00159776 0.0129085 -0.00420443 -0.00147564 0.000938879 -0.0114699 -0.00130658 0.0089642 0.00476848 -0.0059259 -0.00299343 0.00864146 0.0354962 -0.0287348 -0.0105427 0.00620674 -0.0142524 0.0293122 0.00407126 0.0358146 0.00175668 0.0185884 -0.0147123 -0.0324391 0.00327974 0.0288402 0.00522129 0.00884747 -0.0526654 0.000489898 -0.00253058 -0.0122817 0.00485068 -0.0246558 0.00446139 -0.00260284 -0.0680536 0.0265254 0.016168 -0.000850689 -0.00366007 -0.00926212 0.0276817 -0.00514975 0.0421445 0.014183 -0.0142707 -0.0312797 0.0100065 0.0194456 0.00643256 0.00542199 -0.00793054 0.017494
internal_weight=6427.67 3799.27 2244.72 1817.38 1791.81 2628.39 326.144 184.88 427.338 144.89 282.448 265.298 1554.56 1755.65 1210.78 180.74 161.158 90.8527 88.4704 60.9304 25.3894 27.5401 35.541 336.818 1163.3 12.1513 316.115 21.4832 294.632 70.3053 1151.15 22.6649 9.78259 7.89904 2302.25 343.774 5.59907 259.332 311.124 129.926 54.4869 75.4392 181.198 134.21 6.18323 141.264 81.7878 132.294 125.912 106.819 19.0929 102.452 17.3491 48.3036 23.2593 17.3547 8.07013 36.1583 1991.13 1803.45 103.473 37.6217
internal_count=1201995 1099706 1008457 979695 978416 102289 11659 10444 28762 5148 23614 22380 91249 976192 85442 10305 10190 5757 5617 2644 589 2973 2055 14263 869398 1102 13555 245 13310 4433 868296 1582 141 70 90630 5807 115 21181 56266 29208 3470 25738 27058 22266 826 1215 939 21858 21660 20989 671 20446 405 2644 2790 2683 492 2224 34364 28680 4520 1474
is_linear=0
shrinkage=0.05


Tree=67
num_leaves=63
num_cat=0
split_feature=21 2 16 16 8 14 12 0 12 0 14 0 16 0 6 12 2 14 10 17 17 8 17 6 14 16 16 10 6 16 0 0 6 3 8 12 16 8 3 17 16 13 13 16 9 8 16 2 0 2 16 0 16 0 0 0 2 11 2 3 2 16
split_gain=94.3575 14.1965 13.9485 12.1496 14.795 10.224 12.8622 12.3728 13.7976 15.9057 12.0924 11.6076 10.1378 9.43884 9.1541 9.04626 8.80046 9.13429 8.70315 8.65597 7.96785 7.80624 8.11494 7.09442 12.8809 8.92568 13.8079 13.0247 12.9018 11.8829 24.7427 15.0396 13.6598 13.9361 9.99469 9.89163 11.8208 11.6029 12.1748 9.50196 9.45287 22.4215 17.3631 20.4627 15.1078 14.1932 11.8167 9.2714 11.2103 8.21607 9.85425 7.84815 9.37118 7.42547 7.1416 18.4803 11.5471 11.5885 9.07703 12.9055 8.62127 7.81312
threshold=3.5000000000000004 31.500000000000004 81.500000000000014 48.500000000000007 8.5000000000000018 17.500000000000004 1.5000000000000002 75.500000000000014 2.5000000000000004 85.500000000000014 16.500000000000004 77.500000000000014 76.500000000000014 58.500000000000007 17.500000000000004 1.5000000000000002 90.500000000000014 1.0000000180025095e-35 5.5000000000000009 3.5000000000000004 2.5000000000000004 4.5000000000000009 5.5000000000000009 16.500000000000004 18.500000000000004 29.500000000000004 20.500000000000004 16.500000000000004 3.5000000000000004 41.500000000000007 29.500000000000004 5.5000000000000009 2.5000000000000004 0.016001024283468727 7.5000000000000009 5.5000000000000009 15.500000000000002 1.0000000180025095e-35 0.016261236742138866 1.5000000000000002 62.500000000000007 0.014815627597272398 0.015038444194942715 56.500000000000007 0.014599318150430919 8.5000000000000018 51.500000000000007 9.5000000000000018 29.500000000000004 1.0000000180025095e-35 64.500000000000014 17.500000000000004 76.500000000000014 3.5000000000000004 2.5000000000000004 3.5000000000000004 2.5000000000000004 0.015504807699471714 14.500000000000002 0.014815627597272398 1.5000000000000002 32.500000000000007
decision_type=2 2 2 2 2 2 2 2 2 2 2 2 2 2 2 2 2 2 2 2 2 2 2 2 2 2 2 2 2 2 2 2 2 2 2 2 2 2 2 2 2 2 2 2 2 2 2 2 2 2 2 2 2 2 2 2 2 2 2 2 2 2
left_child=1 18 5 4 14 10 12 13 11 -10 -2 -9 -7 23 -3 -6 17 -4 -1 -17 -18 22 -15 25 -25 26 35 53 34 30 54 32 33 -31 -29 37 39 38 -8 -37 42 -42 44 -44 45 -34 -47 -39 -49 50 -35 52 -26 -28 58 -56 57 60 59 -27 61 -57
right_child=2 3 16 -5 15 6 7 8 9 -11 -12 -13 -14 21 -16 19 20 -19 -20 -21 -22 -23 -24 24 51 29 27 28 -30 31 -32 -33 40 49 -36 36 -38 47 -40 -41 41 -43 43 -45 -46 46 -48 48 -50 -51 -52 -53 -54 -55 55 56 -58 -59 -60 -61 -62 -63
leaf_value=0.056958267982922528 0.0088154832259951747 -0.061707970011197211 -0.10692258733547109 -0.0051045974903822944 0.040594592370702481 0.010905208523780829 -0.11247127133688842 0.094470770330135997 -0.070138556970193236 -0.0034073367367541451 0.041167523458966869 -0.08237516633513145 -0.11552723501321172 0.0053414847221129776 0.026148214235391227 -0.021431923439627562 0.027991150009624224 0.034536835078993786 -0.002457458089478714 -0.011025734515991785 -0.10853413319620937 0.02607753200407549 -0.11710487421823675 -0.090108490088499957 0.0094617021333018043 -0.12288751129615785 0.036853715613923338 -0.11384935256282994 -0.059222593023118712 -0.11653836419421236 -0.084210090105862792 0.0080923323530876241 0.043692983173352545 -0.12891741994676159 0.046704310879617933 -0.077359528492986676 -0.081260055611581505 0.019242636438746342 0.029273895224653314 -0.0058248118206397281 0.036778581895637326 -0.12737633996258343 0.01507288229809608 -0.11882192207247587 -0.11561669698708366 -0.025240738917956432 -0.120265012571559 -0.061738991675296485 0.030544464644146299 0.020482225736878565 0.040169998349159804 -0.0026754616485056355 -0.11384288007745887 0.012041384739504038 -0.10425498116898219 -0.11923968285429674 -0.0061252394942455414 -0.11766306636723614 0.043649732082198009 -0.00029387081643698313 -0.12945607247774085 0.00712352952159203
leaf_weight=6.193721135146915 898.29279183386825 3.261268215137533 1.1611405378207553 937.40580498469353 7.3557487120269789 525.20275290368591 3.951958318706601 1.0238382229581446 9.5305058027151954 141.63853578246199 29.842915596207604 9.9005797100253403 1.5902989585883904 4.4574525977950534 32.62672148810816 328.24184560505819 2.0889631211757651 66.356242176843807 1254.9336023559154 510.83308013972419 2.1881259398069233 64.203415669617243 1.9429007533472029 3.4940852455329141 552.9908343795687 2.2428776652086517 54.774139788933098 1.1224043588154016 10.266683852300046 6.1482935561798504 12.047219900647177 225.47422360617202 5.3671489562839332 2.6746769954916076 7.1072210392449069 5.059912971337325 6.7902607375290236 68.545061164419167 2.4565803818404675 56.225563545827754 20.787228686967868 2.311468039173632 36.863250130205415 3.0928892355877897 6.1643916638568035 12.863214251119645 4.3876024682540438 8.4151728240540233 5.4042426771484307 5.3973615479189903 1.2711978643201289 189.19089846173301 1.5452113272622217 67.080123160616495 5.8356351584661743 1.4042431530542678 94.69807341741398 4.6883744357619426 11.421613093465565 50.080115566495806 1.7252513852436102 9.4920039777643961
leaf_count=74 15474 1829 17 294407 631 7160 64 11 1199 19666 427 1564 279 173 5360 266048 64 690 121622 426739 250 2439 145 209 9028 110 311 26 484 179 1202 5679 37 34 52 231 274 529 8 1381 158 89 346 80 206 274 214 325 130 34 10 8904 68 1245 198 34 2753 81 117 464 75 84
internal_value=6.38789e-05 -0.00624273 0.00589814 -0.00906827 -0.0132794 0.00541782 0.00365029 0.00164271 -0.011536 -0.00761443 0.00985572 -0.0658011 0.0105235 0.0029441 0.0181644 -0.0146126 0.0276981 0.0321041 -0.00216565 -0.0150966 -0.0418541 0.0208282 -0.0318285 0.00214028 0.00566807 -0.00106021 0.00586722 0.0172604 -0.021835 -0.00497108 -0.0148193 0.00075895 -0.0146469 -0.0580776 0.0248071 -0.00432753 -0.0186662 0.00666807 -0.0581362 -0.0117309 -0.00732079 0.0203517 -0.0166198 0.00470847 -0.046228 -0.0273166 -0.0494094 0.0117103 -0.0256505 -0.0196076 -0.0744444 0.00611804 0.00911811 0.0231947 -0.0102157 -0.0175085 -0.012989 -0.0505387 0.00326634 -0.00554897 -0.0256047 -0.00916141
internal_weight=6411.13 3080.85 3330.28 1819.72 882.319 3258.48 2330.35 1803.56 162.093 151.169 928.136 10.9244 526.793 1641.46 35.888 846.431 71.7945 67.5174 1261.13 839.075 4.27709 70.6038 6.40035 1570.86 747.221 823.638 297.199 140.351 18.4963 526.438 193.635 332.803 107.329 15.4915 8.22963 156.849 68.0757 88.773 6.40854 61.2855 91.8372 23.0987 68.7385 39.9561 28.7824 22.618 17.2508 82.3645 13.8194 9.34324 3.94587 743.727 554.536 121.854 181.588 117.844 112.008 17.3099 63.7446 52.323 12.6215 10.8962
internal_count=1201995 1116710 85285 995014 700607 84264 68363 60924 22440 20865 15901 1575 7439 38484 7189 693418 1021 707 121696 692787 314 2757 318 35727 18209 17518 5060 2118 562 12458 5118 7340 1661 257 78 2942 1886 1056 72 1612 1404 247 1157 426 731 525 488 984 455 78 44 18000 9096 1556 3916 3225 3027 274 691 574 193 118
is_linear=0
shrinkage=0.05


Tree=68
num_leaves=63
num_cat=0
split_feature=21 19 21 2 17 19 2 12 4 13 9 2 15 9 1 17 19 21 2 0 19 14 14 8 10 19 0 8 4 4 19 19 0 2 17 4 8 17 4 8 4 2 17 19 19 14 19 19 15 19 19 17 4 19 8 8 21 14 19 19 10 3
split_gain=91.5847 16.7691 16.3038 10.479 10.3344 9.04358 11.228 8.76962 15.244 9.10096 8.87707 8.6437 10.4479 8.47995 12.8267 12.2911 7.35609 7.15677 6.63723 7.26492 6.80253 12.5386 6.37616 6.25489 6.70853 6.4613 8.32903 7.86364 6.9802 13.7542 6.47347 9.35943 7.36579 6.19165 6.16713 5.9996 5.94798 5.9225 11.4527 10.7741 5.90471 5.88526 5.85365 11.7767 10.5745 7.44011 8.34059 5.77771 5.72261 5.98946 11.4251 7.20908 5.98428 5.71926 20.1166 6.00376 13.1569 5.66772 8.78357 5.56882 16.2366 13.0851
threshold=3.5000000000000004 12.878506660461428 1.5000000000000002 1.0000000180025095e-35 2.5000000000000004 33.991844177246101 2.5000000000000004 17.500000000000004 4.5000000000000009 1.0000000180025095e-35 0.014599318150430919 14.500000000000002 0.012739370577037336 0.012579114176332952 0.013245614245533945 7.5000000000000009 12.204118251800539 5.5000000000000009 36.500000000000007 96.500000000000014 7.2843570709228525 17.500000000000004 7.5000000000000009 1.0000000180025095e-35 60.000000000000007 4.2452108860015878 78.500000000000014 2.5000000000000004 2.5000000000000004 10.500000000000002 6.3294456005096444 6.6062862873077401 5.5000000000000009 6.5000000000000009 2.5000000000000004 36.500000000000007 5.5000000000000009 6.5000000000000009 10.500000000000002 60.000000000000007 3.5000000000000004 1.0000000180025095e-35 6.5000000000000009 7.9144067764282235 11.97587299346924 8.5000000000000018 9.8823747634887713 10.569199562072756 0.013072453904896976 23.028923988342289 21.028460502624515 5.5000000000000009 100.00000000000001 10.991758823394777 11.500000000000002 18.500000000000004 2.5000000000000004 1.5000000000000002 12.892192840576174 32.506479263305671 13.500000000000002 0.013986697886139156
decision_type=2 2 2 2 2 2 2 2 2 2 2 2 2 2 2 2 2 2 2 2 2 2 2 2 2 2 2 2 2 2 2 2 2 2 2 2 2 2 2 2 2 2 2 2 2 2 2 2 2 2 2 2 2 2 2 2 2 2 2 2 2 2
left_child=1 2 16 4 -2 59 -7 17 9 10 13 -3 -13 14 -9 -16 18 -6 34 -20 21 -21 -8 -4 33 26 27 -26 -27 -30 -31 -32 -33 -25 -1 -24 -34 -19 -39 -40 -23 -28 -22 -44 45 -45 -47 -48 -14 50 57 -51 -53 55 -55 56 -38 58 -50 -5 -61 -62
right_child=3 11 23 5 7 6 22 8 -10 -11 -12 12 48 -15 15 -17 -18 37 19 20 42 40 35 24 25 28 41 -29 29 30 31 32 36 -35 -36 -37 53 38 39 -41 -42 -43 43 44 -46 46 47 -49 49 51 -52 52 -54 54 -56 -57 -58 -59 -60 60 61 -63
leaf_value=0.013937363856852758 0.02621938561588736 0.047008363131155917 -0.10801664936577211 0.0045418747847642479 0.031265632558844368 -0.088970594547740395 0.02692889718861078 0.042348306113652597 -0.11562287164410068 -0.1180097654847858 -0.13312642261230972 -0.068671391266201962 0.055392212010210634 0.03662986570201824 -0.1648786068256694 0.0044168630395195422 -0.1059671773627416 0.00093421710676519899 -0.0072835594486620886 -0.053357782904897059 0.0080253573541616118 0.056815145647031745 -0.090604513646237603 0.051597009800281701 0.06959647599409878 0.046375805243383091 0.033123600017530307 -0.0046038235256498231 -0.10156510870631857 0.022269755902804073 -0.088584797530914916 -0.093346062243499561 -0.10162170212113245 0.0048623989875960609 -0.011307468893788931 0.023913006947031749 -0.11148954105099385 0.027533978598145204 -0.12948785016121162 0.040505408928027724 -0.017994461975022642 -0.014909440423736143 0.033718669594198024 -0.10382342808264632 0.062898129304578207 -0.084262144715809326 0.054758366573478989 -0.085895134887023827 0.040168067122978796 -0.12776385314470207 -0.1011853038896397 -0.093164186040453567 0.031996016809973986 0.048381664652104889 -0.096738143466498103 0.010692327184832998 0.0022029639888069157 0.0074008995485781636 -0.096316129077202994 -0.098004270970330265 -0.10000857037551669 0.059128966474654647
leaf_weight=43.610782843199559 116.04566916334443 15.461582696996627 1.4567765155807126 2869.8100238209008 37.433010808425024 2.2716707678046069 80.463778723264113 3.4497880050912633 3.5358129686210296 1.6347630376694713 1.1146097788587201 4.3746345285326234 6.5654756382573387 12.874197381548582 2.3299321455415338 1.9859444890171287 2.1028714142739764 118.80744555802085 272.99784705633647 25.915193811932113 44.307256379746832 2.6544743864797047 2.30381139460951 7.7292454852722576 3.5792124373838297 9.2360467561520618 6.528453010134398 1500.0907142620417 3.1618617067579171 36.649570325855166 3.0147620760835698 2.0551370093598953 1.3675875812768925 85.305850680917501 54.332239041512366 2.2712825424969196 3.2998573496006403 49.259604238672182 2.3347309059463441 1.5514777591451996 417.19582434996846 275.13022343802731 6.3695627793204066 6.0480752931907764 1.9195038615725941 3.6323756861966077 3.0052035329863434 0.9644322134554385 1.8339433544315316 0.75937172491103311 2.7724391068331888 0.98555248929187911 30.843261553440243 4.2268647789023817 5.4893303522840124 100.13387767551467 11.119016647804528 54.320890928851448 3.299951191758737 5.0335811907425523 1.7143517271615545 5.2398909917101264
leaf_count=13354 545 141 402 82042 228 69 476 17 260 25 31 458 124 73 90 15 289 882 200359 58754 5163 1858 41 102 49 136 344 196680 371 1315 408 147 266 20916 29426 15 557 270 71 15 456076 115773 661 1556 31 1343 164 148 37 33 192 73 296 34 611 5512 351 1717 483 62 41 17
internal_value=9.54345e-05 -0.00613634 -0.00688661 0.00584762 0.014 0.00488014 0.0207337 0.00799945 -0.018861 -0.0042333 0.00431656 0.0120893 0.00698411 0.0117389 -0.0295263 -0.0869775 -0.0125621 0.0114535 -0.0123396 -0.0138709 -0.0173831 -0.0196049 0.0236642 -0.0044477 -0.00437439 -0.00499552 -0.00590527 -0.0044272 0.00404012 0.00174703 0.0036989 -0.00150829 0.000547561 0.00874506 -6.67812e-05 -0.0337529 0.00208345 0.00714048 0.0210146 -0.061622 -0.0175215 -0.0137961 -0.00243327 -0.023555 -0.0469859 -0.062438 -0.0295122 0.0205863 0.0102487 0.00712272 -0.00197147 0.0244881 0.0281205 0.00322474 -0.0336062 0.00634869 -0.0238163 0.00265497 -0.0475609 0.00439982 -0.0296078 0.0198986
internal_weight=6387.31 3065.85 2944.63 3321.47 352.357 2969.11 87.3105 236.311 26.925 23.3892 21.7545 121.217 105.756 20.6399 7.76566 4.31588 885.056 209.386 882.953 785.01 512.012 445.765 85.0389 2059.57 2058.12 1965.08 1785.33 1503.67 179.754 170.518 167.356 130.706 127.692 93.0351 97.943 4.57509 125.637 171.953 53.1458 3.88621 419.85 281.659 66.2464 21.9392 15.5696 13.6501 7.60201 3.96964 101.381 94.8154 62.2272 32.5882 31.8288 124.269 9.7162 114.553 14.4189 59.4548 5.13389 2881.8 11.9878 6.95424
internal_count=1201995 1116710 1113156 85285 2522 82763 601 1977 511 251 226 3554 3413 195 122 105 769182 1466 768893 726113 525754 516688 532 343974 343572 322554 312846 196729 9708 9572 9201 7886 7478 21018 42780 56 7331 1238 356 86 457934 116117 9066 3903 3242 3211 1655 312 2955 2831 2429 402 369 7065 645 6420 908 2237 520 82162 120 58
is_linear=0
shrinkage=0.05


Tree=69
num_leaves=63
num_cat=0
split_feature=21 16 16 17 13 2 2 16 0 16 4 3 2 4 8 14 14 0 0 6 17 16 14 17 16 10 8 13 8 16 4 13 4 0 0 2 14 21 16 4 10 10 14 13 2 10 13 16 2 2 4 16 16 16 2 14 16 5 17 16 2 4
split_gain=79.9488 13.1973 12.6808 14.5872 16.1777 14.0465 11.2422 10.8792 12.731 11.6162 16.8969 13.8942 12.3043 14.8299 10.2972 9.33025 9.82167 9.09211 8.03897 12.4476 7.96569 20.2441 12.5271 16.8729 12.6816 11.5696 13.0961 13.7873 9.70955 12.4349 7.53513 7.60564 7.43717 8.05565 8.50038 7.51678 7.29831 7.21095 7.2036 8.65942 7.18061 8.60542 9.28712 20.0235 13.0582 22.6354 10.1756 9.42235 8.14241 10.0964 8.30358 10.3692 9.90046 17.8717 13.8547 13.4871 9.62105 15.0829 9.55222 8.05063 17.7348 20.6945
threshold=3.5000000000000004 81.500000000000014 48.500000000000007 4.5000000000000009 0.012903762981295587 4.5000000000000009 1.0000000180025095e-35 23.500000000000004 84.500000000000014 34.500000000000007 3.5000000000000004 0.016001024283468727 3.5000000000000004 1.0000000180025095e-35 8.5000000000000018 17.500000000000004 16.500000000000004 70.500000000000014 100.00000000000001 18.500000000000004 2.5000000000000004 36.500000000000007 7.5000000000000009 3.5000000000000004 67.500000000000014 60.000000000000007 12.500000000000002 0.015749008394777778 10.500000000000002 64.500000000000014 24.500000000000004 0.013986697886139156 7.5000000000000009 1.5000000000000002 7.5000000000000009 2.5000000000000004 17.500000000000004 1.5000000000000002 38.500000000000007 60.500000000000007 18.500000000000004 11.500000000000002 11.500000000000002 0.016001024283468727 4.5000000000000009 7.5000000000000009 0.013606071937829258 74.500000000000014 12.500000000000002 95.500000000000014 20.500000000000004 42.500000000000007 59.500000000000007 51.500000000000007 22.500000000000004 2.5000000000000004 67.500000000000014 0.016001024283468727 2.5000000000000004 56.500000000000007 57.500000000000007 45.500000000000007
decision_type=2 2 2 2 2 2 2 2 2 2 2 2 2 2 2 2 2 2 2 2 2 2 2 2 2 2 2 2 2 2 2 2 2 2 2 2 2 2 2 2 2 2 2 2 2 2 2 2 2 2 2 2 2 2 2 2 2 2 2 2 2 2
left_child=2 6 3 4 7 -5 20 8 -1 -9 11 12 13 -11 -7 16 40 -16 -17 30 -2 -22 23 -23 25 26 36 -28 29 -27 31 -20 -12 -34 38 37 -24 -36 -35 -40 41 42 -8 44 -44 47 -47 -46 -42 50 52 -52 53 54 58 -54 -57 -58 -50 -53 61 -61
right_child=1 -3 -4 5 -6 14 15 9 -10 10 32 -13 -14 -15 17 18 -18 -19 19 -21 21 22 24 -25 -26 28 27 -29 -30 -31 -32 -33 33 34 35 -37 -38 -39 39 -41 48 -43 43 -45 45 46 -48 -49 49 -51 51 59 55 -55 -56 56 57 -59 -60 60 -62 -63
leaf_value=0.00058367147045490194 0.024677810225091884 0.026736048494083856 -0.0023605046417611844 0.0082042474712281151 0.017825706633746378 0.028781747397979403 0.0099064725635561856 -0.030893135857320939 -0.023164608719733453 0.056929065278133621 0.014478668807683358 -0.16893669608183914 -0.080101142543703888 -0.13113814335041996 -0.003746585007705 0.0030926492950593965 0.036721387171382812 -0.015788191533363895 -0.092294361964182309 -0.070207867886299472 0.02039347630233472 -0.11812209500038905 -0.14859813796207721 0.031799109716571752 -0.1231347820046947 -0.12250913272287672 -0.13005875579844023 -0.00063671278166013527 0.03592965377852534 0.050591761672585216 -0.0087671495363049849 0.03444227912599665 -0.099189808931146053 -0.058095187956829532 0.06468141862710039 -0.014706421886637816 -0.013018688405258617 -0.10870297627492771 0.036428559166004661 -0.062571120249108506 0.011736227461923474 0.022528982313161455 0.045471075132521098 -0.1034574115959742 -0.097607514571303636 -0.094607135094173622 0.038102413183432333 0.012657870617587741 0.039570744486859308 0.028261118999596102 -0.067761621008081863 0.0052252300103289963 -0.10525794626877459 -0.09638157506648494 0.0277592399136403 0.045231537458537037 -0.092771912308521221 0.052792210307370191 -0.067208110748350799 -0.049632023830165933 -0.10126512369758506 0.01342621747848638
leaf_weight=171.73821289412444 109.4397423020564 71.229236901039258 1438.4932446706371 177.48273131559836 38.314647191262338 18.874124859285075 366.2073218425503 161.55472800299322 84.053581307089189 4.4857638985849944 25.254480322182644 2.5910076133441171 9.022084200056268 1.3678521313704548 382.34270106692566 1853.3348514214158 29.353289520251565 265.69502691343223 1.2741697439923907 7.6921702534891656 139.29868747573346 2.0378022924996939 1.0209266743622709 23.745383561588824 2.9093226115219286 2.4723293250426677 5.795877422206102 3.1905917986296117 14.593691479065454 1.7876665517687795 154.25098979764152 16.68714047037065 2.7412376613356164 2.967100530164319 0.71576734236441453 232.26914522451989 35.776124568423256 3.697112261550501 19.114277997752655 2.4974236406851551 118.15020206733607 121.74898207595106 10.486838608514516 5.5538225660566232 8.8187706369208154 1.6409760662354553 12.059500500094144 2.4828710071742526 2.7476709890179363 20.636084869503975 9.3553527558688057 38.267460795585066 1.9200877593830217 5.544839074718765 18.773546033306047 25.858698014635593 3.5798971413169047 3.5386457801796496 8.8102865929249656 23.350581836770289 6.6291755600832394 29.383700260194018
leaf_count=43851 534 1021 330636 5173 8624 3204 4552 106373 85952 30 1894 152 1387 106 107996 43436 421 270987 290 1340 872 28 38 164 89 65 200 28 140 5 20588 652 573 608 218 146854 328 470 777 845 2149 1800 52 168 366 82 120 45 35 488 738 1164 101 333 402 218 195 17 402 710 364 545
internal_value=8.10135e-05 0.005446 -0.0057705 -0.00882336 -0.0138371 -0.00429655 0.00497942 -0.0155126 -0.00722005 -0.0200423 -0.014327 -0.062084 -0.0434727 0.0129822 -0.00762334 0.00397089 0.00828831 -0.00868364 0.00211311 -0.00797783 0.0135536 0.00832023 -0.00969963 0.0199499 -0.0210172 -0.0164208 -0.0299956 -0.0841082 0.0165434 -0.049869 -0.00519822 0.0254516 -0.0114432 -0.0139229 -0.0130283 -0.0159346 -0.0167803 -0.0805801 0.0149586 0.0249883 0.00730125 0.0108655 0.00737872 -0.0151754 -0.00135971 -0.0210023 0.0222071 -0.0733832 0.00134475 -0.00484365 -0.00868677 -0.0174761 0.00459983 -0.0138441 0.00124438 0.0235612 0.0310617 -0.0204116 -0.0418236 -0.0126576 -0.0241854 -0.0144958
internal_weight=6366.71 3321.44 3045.27 1606.78 762.384 844.395 3250.21 724.07 255.792 468.278 306.723 17.4667 14.8757 5.85362 666.912 2908.14 874.899 648.038 2033.24 179.904 342.068 232.628 93.3297 25.7832 67.5465 64.6372 45.7835 8.98647 18.8537 4.26 172.212 17.9613 289.257 264.002 261.261 236.682 36.7971 4.41288 24.5788 21.6117 845.545 528.999 407.25 41.0428 35.489 25.0021 13.7005 11.3016 316.546 198.396 177.76 106.986 70.7737 35.8763 30.3315 34.8973 32.9772 7.11854 11.558 97.6309 59.3635 52.7343
internal_count=1201995 85285 1116710 786074 398714 387360 84264 390090 129803 260287 153914 1675 1523 136 382187 81773 15467 378983 66306 22870 2491 1957 1085 192 893 804 594 228 210 70 21530 942 152239 150345 149772 147542 366 688 2230 1622 15046 7185 5385 833 665 613 202 411 7861 5712 5224 3521 1703 1172 839 531 430 212 437 2783 1619 1255
is_linear=0
shrinkage=0.05


Tree=70
num_leaves=63
num_cat=0
split_feature=21 19 13 19 16 1 2 16 17 17 8 19 16 19 2 16 10 13 10 10 16 16 3 2 6 16 10 2 1 6 6 8 6 16 4 16 2 19 15 1 1 13 5 6 2 1 11 16 8 16 8 17 16 4 2 16 1 17 2 13 4 8
split_gain=53.81 24.9794 28.2175 18.4943 16.4586 15.4052 12.2166 11.563 11.2038 11.0031 13.1829 18.6317 15.0639 14.0723 11.4081 10.9539 9.93268 9.30045 9.0154 8.72614 13.6468 13.9971 9.66697 11.0424 8.69609 9.52315 12.9466 9.00583 12.6403 10.8914 10.5471 8.50058 9.5205 8.08716 8.34193 8.07792 7.98628 14.7584 9.90198 7.68156 7.53125 12.9114 10.7692 9.97852 14.6369 13.4147 8.75996 8.18369 13.7093 10.5136 10.4138 9.34544 8.47371 7.89752 7.78656 7.50526 7.45688 7.27136 12.237 8.57209 7.23412 12.419
threshold=1.5000000000000002 4.850494623184205 0.016001024283468727 12.892192840576174 21.500000000000004 0.015268065501004459 1.0000000180025095e-35 85.500000000000014 1.5000000000000002 2.5000000000000004 1.0000000180025095e-35 22.660007476806644 60.500000000000007 15.635612010955812 55.500000000000007 81.500000000000014 3.5000000000000004 0.015268065501004459 12.500000000000002 13.500000000000002 47.500000000000007 60.500000000000007 0.0094788861460983771 9.5000000000000018 60.000000000000007 4.5000000000000009 11.500000000000002 100.00000000000001 0.0063492704648524531 8.5000000000000018 17.500000000000004 1.5000000000000002 1.5000000000000002 43.500000000000007 1.0000000180025095e-35 55.500000000000007 16.500000000000004 8.8916859626770037 1.0000000180025095e-35 0.015038444194942715 0.013245614245533945 0.013606071937829258 0.0077221228275448093 6.5000000000000009 1.5000000000000002 0.013423423748463394 0.014389234129339458 20.500000000000004 5.5000000000000009 61.500000000000007 2.5000000000000004 2.5000000000000004 32.500000000000007 6.5000000000000009 10.500000000000002 32.500000000000007 0.013423423748463394 6.5000000000000009 5.5000000000000009 0.013072453904896976 38.500000000000007 14.500000000000002
decision_type=2 2 2 2 2 2 2 2 2 2 2 2 2 2 2 2 2 2 2 2 2 2 2 2 2 2 2 2 2 2 2 2 2 2 2 2 2 2 2 2 2 2 2 2 2 2 2 2 2 2 2 2 2 2 2 2 2 2 2 2 2 2
left_child=3 2 5 8 6 7 -4 18 -1 35 11 12 -11 14 17 -6 -8 -14 24 20 -20 22 -22 -24 27 26 57 40 -29 -30 -31 39 -33 34 -10 -3 -37 38 -38 -21 -2 -42 -43 46 45 -45 -44 -48 49 51 -51 53 54 -49 -53 -50 -46 58 59 -26 61 -40
right_child=1 9 4 -5 15 -7 16 -9 33 10 -12 -13 13 -15 -16 -17 -18 -19 19 31 21 -23 23 -25 25 -27 -28 28 29 30 -32 32 -34 -35 -36 36 37 -39 60 -41 41 42 43 44 56 -47 47 48 55 50 -52 52 -54 -55 -56 -57 -58 -59 -60 -61 -62 -63
leaf_value=-0.0010864046443904618 0.0063482038581114458 0.00094297665997602467 0.045020973189616002 0.01783604868611274 0.0040270474098659101 0.0039264574856292065 0.0031214788587013063 0.032282833314341626 0.13731131064522772 -0.086144430349531606 0.0072949349331669676 0.014773501236168954 -0.10485680326578756 -0.11370739340485805 -0.14108141921044515 0.055404947477406347 0.038991714981816146 0.035284211652624166 -0.063100404379502803 0.021851038334319877 -0.096386308140507609 -0.098336086890781133 -0.1062330782853594 0.057220060405137808 0.045665330520189382 0.01472164982736609 0.0509879896862412 -0.028840573431163221 0.028988353810974268 -0.10293841104127427 0.051179158280811932 -0.092970099912371706 -0.0055187430914663063 -0.010830811011336084 -0.022011035297336039 0.036974202730958881 -0.083819790687408774 -0.10498131190291654 -0.096177937416473069 -0.11186343468670712 -0.057531400853631523 -0.1149692220484812 -0.10456194033283915 0.070105425345169725 -0.093542075261141125 -0.12983320111770119 0.013239423945835585 0.002305219563183632 -0.065081069556094051 0.039674834532923114 -0.10181355641857906 -0.11098103824149744 -0.11843120390750272 -0.09764754269844779 0.0063850414657986888 0.014331731930331888 0.017283351524173592 0.011193383432823107 -0.10563978891841735 -0.11343464534987538 0.03222386340683777 0.015660777122949426
leaf_weight=160.63643140945351 250.82987444719765 44.09202826092951 50.595779043040238 51.524317053612322 381.57706931838766 922.13330309971934 61.881393616669811 22.30314855359029 0.82371102832257648 12.593658068217339 1058.6240382624092 23.717259785858914 1.3204364483244742 2.9198239569086573 1.1898450071457762 10.664176146965472 28.04588359396439 11.449058812344445 16.532160726259463 37.542110178677831 1.4592562171164889 2.8295084125129497 1.1515972102060903 10.056776496348901 3.0833278060890752 157.13767882192042 4.7081034656148395 62.920417611574521 20.565304011804987 3.4179756916128099 1.6440918087027956 3.1173673678422338 1875.8639279085037 383.83503920248768 318.55093285108887 71.671009022509679 2.3155143666081122 2.5657731378450981 3.1717280633747569 1.1057042144238938 11.81345270317979 2.1399400352966031 2.5900661933701477 1.1282332912087429 1.5479953398462374 3.2717303711688146 24.335590886650607 7.7326957341283578 3.3901730736251947 5.8597570522688329 1.6714500915259112 2.3366783405654123 8.2477756175212544 2.6547109135426581 3.5757510846015066 24.310109177720733 77.844096333952621 4.3581000869162372 6.9775905606802553 1.1670672716572879 41.936993101146072 11.41846498264931
leaf_count=105333 8140 1118 138 1507 7033 19132 876 648 182 413 27946 178 38 93 171 77 362 93 2056 1034 459 405 41 144 27 6722 129 18347 796 542 68 837 327728 246701 417093 481 116 137 129 14 550 131 101 4 84 82 252 84 101 33 43 68 274 96 60 338 1152 145 722 21 664 161
internal_value=-5.21868e-05 0.00184247 -5.47892e-05 -0.0112646 0.010684 -0.00164608 0.0253666 -0.00356834 -0.0130003 0.00791863 0.00607453 -0.0182147 -0.0447609 -0.0138844 0.00699526 0.0054239 0.0143084 0.0207929 -0.00386997 -0.00561871 -0.0315015 0.00220793 0.024666 0.0404262 0.000991911 0.0105588 -0.021674 -0.0022486 -0.0167842 0.0128166 -0.0528831 -0.0051864 -0.00566383 -0.0157219 -0.0216001 0.019491 0.0256364 0.0124038 0.0175223 0.0180255 0.000708332 -0.00696121 -0.00350071 -0.00210165 0.0102029 -0.0785652 -0.0139928 -0.011204 -0.0211547 -0.043405 0.00827339 -0.0592599 -0.0856831 -0.0232397 -0.0399997 0.00461258 0.0151225 -0.0436231 -0.0649 0.00197989 0.0216735 -0.00865158
internal_weight=6332.47 5417.1 4128.12 915.37 532.764 3595.35 140.523 2673.22 863.846 1288.99 1111.81 53.1901 29.4728 16.8792 13.9593 392.241 89.9273 12.7695 2650.92 1949.66 32.0293 15.4971 12.6676 11.2084 701.26 177.432 20.2942 523.828 88.5478 25.6274 5.06207 1917.63 1878.98 703.21 319.375 177.172 133.079 61.4085 58.8427 38.6478 435.28 184.45 172.637 170.497 83.7921 4.39996 86.7048 84.1147 59.7791 32.0788 7.53121 24.5476 14.1602 10.3874 5.91243 27.7003 79.3921 15.5861 11.228 4.2504 56.5272 14.5902
internal_count=1202650 431834 400096 770816 8486 391610 1376 372478 769309 31738 28932 986 808 395 302 7110 1238 131 371830 332718 3105 1049 644 185 39112 7766 1044 31346 19753 1406 610 329613 328565 663976 417275 2806 1688 1207 1070 1048 11593 3453 2903 2772 1322 86 1450 1349 1097 658 76 582 402 180 128 439 1236 915 770 48 954 290
is_linear=0
shrinkage=0.05


Tree=71
num_leaves=63
num_cat=0
split_feature=21 12 16 16 16 0 10 6 17 8 16 8 14 4 12 16 17 4 14 12 4 12 17 12 16 10 17 16 0 16 16 10 16 0 16 0 12 17 8 17 21 16 0 3 3 7 4 7 21 17 12 0 12 10 14 8 4 17 4 3 15 10
split_gain=50.1621 24.239 20.6167 18.4425 18.1901 15.6577 14.4709 13.4353 12.4772 19.2003 12.2469 11.8278 11.4473 10.8816 15.4557 11.3161 10.0937 9.90727 12.4218 11.0895 11.0193 10.3501 10.338 9.87398 9.49241 14.222 9.12041 9.09228 9.02491 11.6331 9.54277 8.95586 9.45023 10.2724 8.91679 11.3823 10.34 8.77968 10.123 8.36369 12.642 17.6007 14.3314 17.586 12.5592 9.49685 9.66904 8.59819 8.58626 8.74067 8.29652 10.5098 8.06269 12.2223 8.05936 7.98005 11.8263 12.0436 7.84926 7.83946 15.6419 8.22293
threshold=1.5000000000000002 15.500000000000002 26.500000000000004 58.500000000000007 73.500000000000014 1.0000000180025095e-35 7.5000000000000009 1.5000000000000002 3.5000000000000004 1.5000000000000002 49.500000000000007 4.5000000000000009 1.0000000180025095e-35 3.5000000000000004 11.500000000000002 48.500000000000007 6.5000000000000009 100.00000000000001 1.5000000000000002 13.500000000000002 80.500000000000014 10.500000000000002 1.5000000000000002 5.5000000000000009 47.500000000000007 3.5000000000000004 6.5000000000000009 17.500000000000004 1.5000000000000002 13.500000000000002 46.500000000000007 8.5000000000000018 48.500000000000007 17.500000000000004 2.5000000000000004 13.500000000000002 10.500000000000002 5.5000000000000009 5.5000000000000009 6.5000000000000009 6.5000000000000009 29.500000000000004 2.5000000000000004 0.0075472774915397176 0.0074350468348711738 0.012903762981295587 77.500000000000014 0.013606071937829258 4.5000000000000009 1.5000000000000002 7.5000000000000009 15.500000000000002 17.500000000000004 8.5000000000000018 60.000000000000007 11.500000000000002 17.500000000000004 4.5000000000000009 100.00000000000001 0.0070672258734703073 0.012903762981295587 12.500000000000002
decision_type=2 2 2 2 2 2 2 2 2 2 2 2 2 2 2 2 2 2 2 2 2 2 2 2 2 2 2 2 2 2 2 2 2 2 2 2 2 2 2 2 2 2 2 2 2 2 2 2 2 2 2 2 2 2 2 2 2 2 2 2 2 2
left_child=10 2 34 5 13 6 7 -3 -6 12 -1 -11 -10 14 -4 39 24 20 -19 22 -17 -22 -20 -13 27 -26 -25 55 29 -18 -31 -27 33 -33 35 -2 50 38 -8 48 42 -42 -41 44 47 -43 -47 -44 49 -15 51 -37 53 -29 -55 56 57 -7 -12 60 61 -50
right_child=1 3 4 -5 8 16 37 -9 9 11 58 23 -14 15 -16 17 28 18 19 -21 21 -23 -24 26 25 31 -28 52 -30 30 -32 32 -34 -35 -36 36 -38 -39 -40 40 41 45 43 -45 -46 46 -48 -49 59 -51 -52 -53 -54 54 -56 -57 -58 -59 -60 -61 -62 -63
leaf_value=-0.016697494051188973 0.01364054283439119 0.03950661271763032 0.0043540724098740284 0.0047298539369585021 0.032564571579687666 0.019857330566556048 -0.20145244384579392 -0.15119769649991055 0.040036992810739018 0.034826721620710731 -0.022657916283919336 -0.095720245627107473 -0.10093534061013987 -0.036306797259707951 0.032505464370040038 0.0049855686626413837 -0.12695934085070568 -0.12001187647661411 -0.090396421655610737 -0.084377188751325896 0.045358252006448933 -0.088809548921315346 -0.00065133248602791899 0.015073853812724731 -0.10252690989996834 0.028218430219837793 -0.086664300923114584 -0.091670371177404397 0.0020820110291523111 -0.0047469949419914267 -0.12070532336096258 0.038928425838149879 -0.0050295956162565861 -0.0075980489799676006 0.018495765601048521 -0.11544991311733664 -0.05123264500811589 0.024592837552013625 0.002372809989052125 0.026748242564624276 -0.11106399160350476 -0.11785050925135049 0.006438726412445233 -0.10283935501979782 0.074617814028682408 0.0031054347713396708 -0.14328624120117034 -0.062083257227654565 0.035799311744035139 0.015972814489004096 0.024210808650450458 -0.0069401624943303854 -0.014227370996948983 -0.11226925726371127 0.022332912174334557 7.9270148486642691e-05 -0.099707859449060132 -0.11663120419246627 -0.0025920329175538465 -0.0082483138575523869 -0.13331105134939583 -0.097817373781957151
leaf_weight=456.22899213009077 190.68462407239713 1.4438976738601921 437.85302111064084 904.45102159905946 82.175310905091465 8.3858394008129817 0.61463243036996473 2.5628505980130276 1.8657160527072845 28.517710348591205 55.608716699032811 3.1933912594104177 6.3116703287232649 8.8668329126667214 54.865462749265134 421.60395683185197 2.7493732660077539 2.5228571738116434 3.3290976710268287 4.4879893587785764 25.646054856129926 1.5227793210651714 88.881219995266292 14.801828168449001 3.4191487625939763 26.09059202671051 2.5880151636665678 2.7525691149057812 515.46615775572718 16.940705627668653 1.9817893326980982 27.202665258897468 335.59206356375944 21.038707703875843 354.59355641098227 2.3223587349057189 11.869374692905692 84.45392407104373 68.471480792039074 6.8018451924435785 3.8360910755582145 1.7164470935240377 6.6505743436864639 11.654832198983057 2.653194985818117 78.929430796881206 1.1443045218475152 14.691327450680545 23.948136726510715 81.314524040033575 22.957233892404474 57.035540799202863 670.93454237727565 1.1505940197966982 33.223459525732324 248.01813419174869 5.053017678204923 2.0021145413629702 394.34953166711784 359.11380616016686 1.5696912317071099 1.2096089707920352
leaf_count=563927 1907 5 3892 58202 1096 164 24 84 11 532 51776 590 559 3233 541 8584 158 197 1492 1523 423 180 9852 716 434 1012 565 321 77133 441 155 844 40945 4802 6070 84 1893 1075 1400 64 140 72 1314 1089 16 1374 76 3788 763 8937 1155 2658 124612 89 2279 42609 775 110 155113 8368 193 214
internal_value=-3.79499e-05 0.00178641 0.00550071 -0.00123051 0.00274004 -0.00382282 0.011331 -0.0824743 0.0200781 0.00216426 -0.0109249 0.0139781 -0.0687717 0.00127005 0.0074888 -0.00138954 -0.00506498 0.00381331 -0.0104845 -0.00762696 0.00697448 0.0378383 -0.00389143 -0.0149073 -0.00732161 -0.000975238 -6.71617e-05 -0.0100217 0.000753098 -0.0308551 -0.0168915 -0.000128202 -0.00205503 0.0186376 0.0132037 0.00661638 -0.00760463 0.0137789 0.000559456 -0.00610917 -0.0174512 -0.00639043 -0.039761 -0.0524507 -0.0279761 -0.00148107 0.0010134 -0.0407304 -0.0030575 0.0108326 -0.00131372 -0.0111856 -0.0129723 0.00970924 0.0178274 -0.00209199 -0.0369675 -0.00644869 -0.0050719 -0.00630398 0.0198204 0.0293749
internal_weight=6313.92 5407.73 2423.73 2984 1784.27 2079.55 157.547 4.00675 139.454 57.2783 906.187 49.1009 8.17739 1644.81 492.718 1152.09 1922 547.994 99.2212 96.6983 448.773 27.1688 92.2103 20.5832 1384.86 413.343 17.3898 971.52 537.138 21.6719 18.9225 409.924 383.833 48.2414 639.463 284.869 94.1845 153.54 69.0861 604.101 128.078 85.6263 42.4518 35.6499 23.9951 81.7902 80.0737 21.3419 476.023 90.1814 82.3151 59.3579 708.061 37.1266 34.3741 263.459 15.441 10.388 449.958 385.841 26.7274 25.1577
internal_count=1202650 431834 74161 357673 60394 299471 2588 89 4069 2973 770816 2403 570 56325 4433 51892 296883 22251 13064 12867 9187 603 11344 1871 218996 48037 1281 170959 77887 754 596 47603 46591 5646 13767 7697 5790 2499 1424 29641 7933 1662 6271 6207 5118 1522 1450 5102 21708 12170 3897 2742 127301 2689 2368 43658 1049 274 206889 9538 1170 977
is_linear=0
shrinkage=0.05


Tree=72
num_leaves=63
num_cat=0
split_feature=12 2 14 4 6 10 17 14 8 0 0 10 11 0 0 14 8 4 4 2 0 0 8 4 0 0 10 2 3 8 3 17 8 6 10 14 4 17 2 17 8 0 17 17 11 12 17 6 4 4 10 17 5 17 0 6 0 12 12 0 3 8
split_gain=45.7835 16.4228 13.3168 12.4976 12.2717 13.853 13.3381 8.84601 8.52511 7.85887 7.85586 10.2942 13.5694 7.84727 12.796 11.9493 9.79533 8.48492 8.45531 10.6995 9.0466 9.36407 7.84609 7.78045 21.1364 11.8985 11.0332 10.2001 9.43692 8.92541 8.97976 7.56989 8.08172 7.56017 15.7104 10.0163 12.0278 7.4213 7.37778 9.33695 7.27501 10.7914 9.46069 10.2099 9.32311 7.3272 7.1716 7.12429 8.21187 12.7999 10.3411 14.6178 10.1732 7.3837 6.98517 10.3433 6.76124 6.48032 8.85084 32.6109 11.5584 11.172
threshold=15.500000000000002 30.500000000000004 12.500000000000002 3.5000000000000004 12.500000000000002 17.500000000000004 2.5000000000000004 18.500000000000004 6.5000000000000009 5.5000000000000009 1.0000000180025095e-35 7.5000000000000009 0.016261236742138866 70.500000000000014 45.500000000000007 17.500000000000004 5.5000000000000009 11.500000000000002 16.500000000000004 43.500000000000007 2.5000000000000004 17.500000000000004 2.5000000000000004 6.5000000000000009 7.5000000000000009 7.5000000000000009 6.5000000000000009 18.500000000000004 0.011696306522935631 6.5000000000000009 0.016261236742138866 5.5000000000000009 5.5000000000000009 4.5000000000000009 3.5000000000000004 9.5000000000000018 100.00000000000001 1.5000000000000002 61.500000000000007 4.5000000000000009 15.500000000000002 6.5000000000000009 3.5000000000000004 6.5000000000000009 0.012903762981295587 60.000000000000007 6.5000000000000009 60.000000000000007 2.5000000000000004 9.5000000000000018 60.000000000000007 3.5000000000000004 0.011173533275723459 5.5000000000000009 31.500000000000004 1.0000000180025095e-35 15.500000000000002 11.500000000000002 4.5000000000000009 10.500000000000002 0.009756329935044052 16.500000000000004
decision_type=2 2 2 2 2 2 2 2 2 2 2 2 2 2 2 2 2 2 2 2 2 2 2 2 2 2 2 2 2 2 2 2 2 2 2 2 2 2 2 2 2 2 2 2 2 2 2 2 2 2 2 2 2 2 2 2 2 2 2 2 2 2
left_child=3 10 47 54 -4 6 8 9 -6 33 11 12 -2 14 15 38 -17 46 19 -18 -21 -22 -19 24 29 26 -25 -26 -29 30 -11 32 -13 -5 -35 -36 -37 -24 39 -7 42 -42 -8 44 -44 -45 -16 53 -49 -50 51 52 -51 -3 57 -56 -20 58 60 61 -1 -60
right_child=1 2 4 7 5 13 40 -9 -10 23 -12 31 -14 -15 17 16 18 22 56 20 21 -23 37 25 27 -27 -28 28 -30 -31 -32 -33 -34 34 35 36 -38 -39 -40 -41 41 -43 43 45 -46 -47 -48 48 49 50 -52 -53 -54 -55 55 -57 -58 -59 59 -61 -62 -63
leaf_value=-0.11294133310497718 -0.16209549340610507 0.045017856838741481 -0.044997262524765172 0.034318934935288425 0.04998366538152417 0.025481870213225469 0.039059982340111099 0.00063489520972548189 -0.04709800038574833 -0.10720995371834814 -0.0010377711327977314 -0.145423509080638 0.041349967528842485 -0.012935373814149548 0.052070729230115076 -0.10699817791464741 -0.062099833648688818 0.065270193294721501 -0.00039282041097801767 0.027360974245972555 -0.05555148721305652 -0.0044746714842535933 0.015789138241091859 -0.007722595389263379 -0.085594115584530589 0.0091765018607809917 -0.10215365777091873 -0.10939326298439889 0.05107296166004234 0.053958119218063622 0.057064253970511437 0.021602768332167076 0.0020975989834214896 -0.10504453138832844 0.022170692276655437 -0.097604429764347286 0.065641389364248307 -0.0045726123505768629 0.049721117035026699 -0.093761511629600669 -0.12568892877119531 0.024556347402885231 0.034755963874505531 -0.089823972583688558 -0.09182743264361104 0.025135893230593332 -0.065585721136829714 0.048292377297111555 -0.1063356352293702 -0.088142540125815683 0.0023727553444916737 -0.1016244060118867 0.055666371222866211 -0.039625952748458981 -0.17058005303022866 0.033124821901224066 -0.013595169673376923 0.024482402435880603 -0.0056247720555277726 -0.090804400792720896 0.012212951289538018 0.02108538489802821
leaf_weight=1.8522576931864012 1.9464482082985333 16.632378674345095 22.497141161496984 51.95749795041047 2.6678995401598522 5.1712872113566872 7.7449496716726598 1181.5627877790248 14.839114550966769 2.0483093149960032 1702.6447260723216 0.9400066965026771 1.4157376773655415 717.96279890756705 12.803738235728813 2.7027652263641349 17.328189245890826 4.6159133384935549 148.1303814285784 9.5361421452835184 16.261011151480488 20.02254939742852 56.083516910905018 9.9090995420701784 10.874943004455416 346.03302256728057 4.4970285085728383 1.2926280610263337 3.1464793565683067 9.101764823310079 1.4008078351616862 91.755787536036223 75.193804926937446 2.935655628796666 42.990136937238276 3.8525059348903588 1.5957089662551878 221.43586968269665 12.978742506355045 2.4051541502121836 1.2134043206460763 79.34840970649384 1.8322534137405471 1.6438776350114483 7.057542759925127 8.8381586559116823 1.4409195571206499 8.8620956316590291 2.8323523500002912 1.7869498984655345 281.39068993231922 5.8296245310921222 3.9441437642090023 3.0487287850119165 0.63233105558901925 42.955478542018682 280.81749568384839 65.862792456056923 112.29511681105942 9.6416516657918674 457.84602044371422 60.101858747540973
leaf_count=77 79 242 14347 287 86 122 310 68368 6920 54 131251 24 6 638331 1443 235 2714 35 27783 636 3237 4340 13995 108 266 6172 154 53 22 29 3 964 1193 87 389 106 2 94386 197 171 142 19872 85 293 1237 813 576 73 246 211 53190 500 21 154 40 491 100047 639 1135 323 2867 471
internal_value=-3.80971e-06 -0.00337502 -0.00652419 0.00538538 -0.00831747 -0.00781883 0.00817245 0.00298001 -0.0323037 0.00861608 -1.10566e-05 0.0101969 -0.0764294 -0.0091275 -0.00575951 -0.0105202 -0.012072 0.00251855 -0.0115507 -0.0286324 -0.0159757 -0.0273655 0.000617617 0.00535502 -0.0201 0.0073229 -0.0372003 -0.0595228 0.00434664 0.0280021 -0.0404924 0.0119317 0.00027619 0.0208706 0.00726962 0.0140765 -0.0497919 -0.000457734 0.0268341 -0.0123721 0.0147533 0.0222934 -0.00764771 -0.0263217 -0.0657376 0.00710696 0.0401692 0.00275039 0.000866845 -0.000554091 0.000468641 -0.045878 0.0108269 0.031906 0.0107431 0.0301697 -0.00903595 0.00954645 0.00801354 -0.00131768 0.0117087 0.00368705
internal_weight=6299.99 3875.6 2001.71 2424.39 1677.38 1654.88 125.186 1673.2 17.507 491.636 1873.9 171.252 3.36219 1529.7 811.734 515.354 494.799 296.38 492.096 63.1479 45.8197 36.2836 282.135 388.304 27.8649 360.439 14.4061 15.3141 4.43911 12.5509 3.44912 167.89 76.1338 103.332 51.374 48.4384 5.44821 277.519 20.5552 7.57644 107.679 80.5618 27.1168 19.3718 8.8898 10.482 14.2447 324.327 304.646 295.784 292.951 11.5607 5.73109 19.6811 751.188 43.5878 428.948 707.6 641.737 182.039 459.698 172.397
internal_count=1202650 1120507 986990 82143 932353 918006 29758 76100 7006 7732 133517 2266 85 888248 249917 139482 138992 110435 138757 10927 8213 7577 108416 6861 427 6434 262 341 75 86 57 2181 1217 871 584 497 108 108381 490 293 22752 20014 2738 2428 1322 1106 2019 54637 54241 54168 53922 732 232 396 6043 531 127830 5512 4873 1929 2944 1606
is_linear=0
shrinkage=0.05


Tree=73
num_leaves=63
num_cat=0
split_feature=21 19 21 16 16 17 10 17 12 2 4 17 8 14 14 19 4 17 0 17 14 12 10 4 16 16 4 0 2 6 2 4 4 4 4 19 6 10 0 1 17 6 0 10 16 3 7 8 16 2 3 0 4 17 14 10 0 14 0 4 9 2
split_gain=45.9826 23.7926 17.9837 12.5736 16.649 13.1056 11.9688 11.9566 10.5803 16.45 10.3104 10.4134 9.49623 9.5053 10.782 9.10873 9.10842 10.1044 8.78483 8.9774 8.13031 13.4453 11.8929 8.72007 17.1007 14.5055 13.5798 27.1303 12.6761 10.6382 9.5336 9.81271 17.5138 8.88473 18.4957 10.8429 10.5091 19.3053 9.23659 8.98433 10.2372 7.98327 7.94867 10.924 11.1784 10.3527 10.0851 9.01317 10.8078 8.72634 12.2079 8.40633 11.5625 12.3442 10.7529 12.5575 10.4484 11.4069 10.1061 14.9392 9.46742 12.6975
threshold=3.5000000000000004 4.850494623184205 1.5000000000000002 26.500000000000004 65.500000000000014 2.5000000000000004 18.500000000000004 1.5000000000000002 10.500000000000002 35.500000000000007 35.500000000000007 4.5000000000000009 1.0000000180025095e-35 16.500000000000004 5.5000000000000009 17.513369560241703 55.500000000000007 1.5000000000000002 1.0000000180025095e-35 5.5000000000000009 1.0000000180025095e-35 4.5000000000000009 1.5000000000000002 2.5000000000000004 47.500000000000007 46.500000000000007 19.500000000000004 8.5000000000000018 2.5000000000000004 1.0000000180025095e-35 1.0000000180025095e-35 6.5000000000000009 7.5000000000000009 100.00000000000001 84.500000000000014 11.97587299346924 2.5000000000000004 1.5000000000000002 4.5000000000000009 0.012422839645296337 4.5000000000000009 13.500000000000002 80.500000000000014 17.500000000000004 49.500000000000007 0.010362972505390646 0.014815627597272398 60.000000000000007 51.500000000000007 54.500000000000007 0.0089687905274331587 17.500000000000004 18.500000000000004 5.5000000000000009 5.5000000000000009 1.5000000000000002 24.500000000000004 6.5000000000000009 29.500000000000004 13.500000000000002 0.016261236742138866 9.5000000000000018
decision_type=2 2 2 2 2 2 2 2 2 2 2 2 2 2 2 2 2 2 2 2 2 2 2 2 2 2 2 2 2 2 2 2 2 2 2 2 2 2 2 2 2 2 2 2 2 2 2 2 2 2 2 2 2 2 2 2 2 2 2 2 2 2
left_child=1 2 7 8 15 -6 -4 -1 -2 16 -11 -12 13 14 -7 20 -10 -18 19 -8 21 22 -5 -22 25 33 -27 -28 -29 -26 31 -31 -33 34 35 36 37 -25 -39 40 -40 -13 49 44 -44 -45 47 -46 -49 50 -32 -52 53 58 55 -54 57 -56 59 -53 61 -59
right_child=3 -3 6 4 5 12 18 -9 9 10 11 41 -14 -15 -16 -17 17 -19 -20 -21 23 -23 -24 24 29 26 27 28 -30 30 42 32 -34 -35 -36 -37 -38 38 39 -41 -42 -43 43 45 46 -47 -48 48 -50 -51 51 52 54 -55 56 -57 -58 60 -60 -61 -62 -63
leaf_value=-0.00053157565482588672 0.013547760005657942 0.0068439576743658005 0.01447240769883118 -0.13698261799220207 0.023970962646886893 -0.11467258310116693 -0.0068507725763006346 -0.015941556539014825 0.0074866988102294755 -0.09267527540608908 -0.075152167831162117 -0.082882457123244102 0.0073845948295200295 -0.1087536673669578 0.011351066166336521 0.0089692774289196059 0.041439450046972887 -0.10381461886119972 -0.0053244415226998999 0.021267558808945881 0.0059351963368111755 -0.10424235886477283 0.015943924302286513 -0.0071953175785036865 0.025044377223803978 -0.10415166356561166 0.058630234412688137 0.049350391149386795 -0.095494827727978723 -0.12678431250035579 -0.092774551255494025 0.039218965499721509 -0.13259672606535397 0.0072150795615176086 -0.10247567427735915 -0.093219358632653002 -0.0043411954012851231 -0.021889814739167578 -0.10733086741098591 -0.11210967672975394 0.0041274002909557524 0.019378144666069002 -0.10305232022910585 0.030978909558584511 -0.077921102929017327 -0.093902139684824054 0.00035001792312481145 0.066086575908220466 -0.091144164225769694 0.021768298211019523 0.0085622675393496155 0.019576423597895409 0.052461509859527668 -0.10579439846732733 0.069182659835824764 -0.10369908524612721 0.011314444183344192 0.014933589350639593 -0.069949973829141393 -0.10131647125983606 0.049891219996608553 -0.096006861112019906
leaf_weight=159.8109569766093 540.63437984243501 407.63210554711986 88.051893518248107 1.4735706858336914 137.65975388337392 2.0853216762188813 50.539173144148663 592.80565614813531 187.63057000003755 6.2116795360343557 5.9059177489834864 2.258216807153075 300.77519522991497 3.2912282336037597 9.1189112120773625 273.98501237411983 1.7548598847351957 3.768111937912181 1680.4877799966489 64.760901867761277 402.58978387061507 5.0095233612228176 9.2636955946218205 65.545693812193349 54.070806436589919 7.0234516321215805 6.5296627157367793 1.8214089148677874 8.8484268340980616 2.7790387943387014 3.3597198971547177 4.6681272422429174 2.1738716051913798 104.94692991336342 5.1947228804929173 3.6862297272309652 507.79446099617053 12.130511065595785 3.4745979282306525 9.3973261766368505 5.060646707075648 12.325866597471757 4.4118587159318841 16.465927099110562 10.233129220374391 1.8456076411530364 24.820198295055889 2.8664498748257765 1.7665058809798209 66.025351129937917 246.41355587122962 15.512080453801909 1.7632544185034928 4.9890678728697813 2.4278965946286926 4.7698987219482651 90.279669097624719 3.614915086189284 7.2492538590449831 3.05946218187455 2.1236154225189248 9.0016616643406433
leaf_count=105333 7890 29170 19151 48 2128 101 1385 648821 4341 810 1699 398 7251 440 168 3193 25 350 312402 980 4095 482 101 956 879 362 40 13 1183 79 277 23 163 9217 747 192 17071 155 252 375 189 694 931 901 2641 278 2191 66 362 2180 4344 324 11 379 9 255 2794 89 492 187 15 572
internal_value=1.26145e-05 -0.00439791 -0.00613606 0.00416429 0.00243552 0.0110997 -0.00352592 -0.0126694 0.00978689 0.000538732 -0.0362459 -0.0191389 0.00547958 -0.0340488 -0.0121043 0.000493263 0.00562386 -0.0576618 -0.00440842 0.00894253 -0.00083644 -0.0366016 -0.00504355 -0.000511036 -0.00246503 -0.00751184 -0.0455667 -0.0216434 -0.0707688 0.00391308 0.00176786 -0.0475528 -0.0153711 -0.00622662 -0.00853056 -0.0077267 -0.00720441 -0.0224115 -0.0555868 -0.0783811 -0.041246 0.00354399 0.00267516 -0.0140703 -0.0275502 0.0183922 -0.0191568 -0.0517251 0.00613586 0.00494417 0.00212886 0.00294391 -0.00661775 -0.0337945 0.000728312 -0.0615524 0.00451517 -0.0312393 -0.0198827 -0.000339382 -0.0477801 -0.0642201
internal_weight=6277.98 3044.09 2636.46 3233.89 2473.4 452.93 1883.84 752.617 760.49 219.855 26.7017 20.49 315.271 14.4955 11.2042 2020.47 193.154 5.52297 1795.79 115.3 1746.48 15.7468 10.7373 1730.73 1328.14 741.454 24.223 17.1995 10.6698 586.691 532.62 9.62104 6.842 717.231 612.284 607.089 603.403 95.6088 30.0631 17.9326 8.53524 14.5841 522.999 62.4097 44.0981 18.3115 39.6863 14.8661 4.63296 460.589 394.564 391.204 144.791 30.8099 113.981 6.53315 107.448 17.1681 25.8208 18.5715 14.7402 12.6166
internal_count=1202650 1117242 1088072 85408 69201 10088 333918 754154 16207 8317 3601 2791 7960 709 269 59113 4716 375 314767 2365 55920 631 149 55289 51194 30752 1598 1236 1196 20442 19563 265 186 29154 19937 19190 18998 1927 971 816 441 1092 19298 7370 6191 1179 5260 3069 428 11928 9748 9471 5127 1382 3745 266 3479 685 1003 511 676 661
is_linear=0
shrinkage=0.05


Tree=74
num_leaves=63
num_cat=0
split_feature=21 21 16 16 16 17 0 5 4 16 0 12 1 11 2 3 0 14 0 0 7 17 0 5 4 17 4 8 14 17 0 0 16 2 4 14 11 0 7 17 16 2 4 4 17 4 20 0 17 4 11 14 0 3 8 6 8 17 16 16 2 17
split_gain=45.3426 17.0266 11.3465 11.1362 14.2012 19.9372 16.3748 16.5755 11.7467 10.1557 9.12633 18.8966 10.1513 8.97816 8.64396 22.7413 10.0531 12.0812 8.47399 10.0266 17.7031 10.1222 8.13487 16.2659 8.23619 7.90731 7.81042 7.9095 18.97 8.4102 7.07787 10.8738 6.92453 8.73177 12.5216 12.314 11.1776 13.4244 13.0398 9.38368 9.16582 8.73965 12.0583 11.8937 14.1651 8.91515 7.56885 7.10249 7.48269 6.87167 6.84454 7.40016 8.08855 10.8426 7.66169 6.8651 8.2177 6.76107 6.98107 15.2122 16.549 6.60182
threshold=3.5000000000000004 1.5000000000000002 49.500000000000007 26.500000000000004 54.500000000000007 2.5000000000000004 1.0000000180025095e-35 0.014389234129339458 3.5000000000000004 80.500000000000014 45.500000000000007 3.5000000000000004 0.0083683477714657801 0.014815627597272398 24.500000000000004 0.012579114176332952 40.500000000000007 2.5000000000000004 20.500000000000004 11.500000000000002 0.012903762981295587 5.5000000000000009 12.500000000000002 0.013423423748463394 10.500000000000002 1.5000000000000002 58.500000000000007 12.500000000000002 17.500000000000004 5.5000000000000009 61.500000000000007 71.500000000000014 47.500000000000007 6.5000000000000009 12.500000000000002 6.5000000000000009 0.014185110572725536 25.500000000000004 0.015504807699471714 3.5000000000000004 53.500000000000007 14.500000000000002 46.500000000000007 27.500000000000004 4.5000000000000009 14.500000000000002 1.0000000180025095e-35 5.5000000000000009 6.5000000000000009 100.00000000000001 0.012579114176332952 17.500000000000004 1.0000000180025095e-35 0.0094788861460983771 5.5000000000000009 15.500000000000002 60.000000000000007 5.5000000000000009 50.500000000000007 38.500000000000007 26.500000000000004 4.5000000000000009
decision_type=2 2 2 2 2 2 2 2 2 2 2 2 2 2 2 2 2 2 2 2 2 2 2 2 2 2 2 2 2 2 2 2 2 2 2 2 2 2 2 2 2 2 2 2 2 2 2 2 2 2 2 2 2 2 2 2 2 2 2 2 2 2
left_child=1 2 -1 13 8 10 7 -7 14 50 -6 -12 -13 26 15 -5 18 -18 19 -17 21 -21 23 -11 -25 -22 -2 28 29 -28 -24 -32 -10 40 35 -35 37 -37 -38 -39 -34 42 43 44 45 -36 -45 -42 -49 -4 51 54 53 -53 -3 -54 -57 58 59 -55 -61 -9
right_child=3 9 49 4 5 6 -8 61 32 22 11 12 -14 -15 -16 16 17 -19 -20 20 25 -23 30 24 -26 -27 27 -29 -30 -31 31 -33 33 34 41 36 38 39 -40 -41 47 -43 -44 46 -46 -47 -48 48 -50 -51 -52 52 55 57 -56 56 -58 -59 -60 60 -62 -63
leaf_value=-0.015830798140189322 0.0061554839744524031 -0.1065109914119782 -0.021399238605005436 -0.11206114942195509 0.023168259371299474 0.020173642483766692 0.0041810155655298423 -0.046509958266314259 -0.0059392730208513546 -0.1323776753885085 -0.11118437190558944 0.017583865760674677 -0.0864516650291869 0.014718317483706875 0.031369687783209664 0.0059773403532768265 0.023212006178563806 -0.13050415865419859 0.031960189967855594 0.0265252870910361 0.0076843477779083257 -0.12194417520539612 0.029748784368869574 -0.10224457212942002 0.058841241717809578 -0.12505102045700447 0.040650802238197455 0.0011708984603095245 -0.10414360394866706 -0.10031697615548062 -0.10730577104194028 0.0081165437865237215 0.021522669776004724 -0.099731628782308748 0.038403608036031635 -0.093705873792476316 0.026001350637730354 0.057849540986765216 -0.06729389882451757 -0.10441150858909796 -0.11654508082625024 0.007614502251260799 -0.11270367890868654 0.039294799990273806 -0.11184130970997985 -0.062630833783888104 -0.10759863113869053 -0.09805620811520166 0.043235809401838264 -0.0022753737774963765 0.010769732175035993 -0.09932248312767035 -0.040053105771246614 -0.00084306721479853158 0.0085248612209665071 0.017723999132634387 -0.0053503677673093697 0.021461322738407052 0.022004169702342508 -0.14016725709557451 0.055957280167733187 -0.12599728874369462
leaf_weight=443.65393635070359 333.32476393703837 1.4618276599794615 53.317000285955146 4.159271457232534 217.93356684409082 5.9684573512058732 657.74527989828493 5.5058769625611585 751.01837731839623 2.791540057398378 3.7209725382272145 26.686450317269195 2.5706190424971274 391.73598207882605 31.593555256957188 391.50460439280141 2.2607540979515761 2.9411771937739095 29.801955388858914 9.0529689225368219 1.4269103393889953 1.3147212683688838 51.798459582496434 1.0327060590498147 3.4258872494101524 5.2508556752000004 5.3522058082744479 19.841984099533875 7.226373852870891 1.3187475176528094 2.1441117895301423 42.238994983839802 77.01386423187796 5.175786715000867 5.0860261018388027 7.9488492062082496 16.606842847540978 3.3087501751724631 4.8360339768696567 1.2193810753524301 2.0898075823206446 163.00686934968689 3.274237935896962 10.462311085313555 4.7547658878611392 3.8257340959971771 0.9571578560862698 1.4050283860415218 2.8133386229164898 394.79404289418017 89.938506839622278 2.2801675291266283 13.929082280199507 25.231207031523812 146.9872088052216 39.519762814568821 1633.2481537291314 64.092779929400422 17.441301163751632 4.2972004034090778 1.4347029579803345 4.9703382553998381
leaf_count=563927 7363 274 51776 189 2393 89 17422 91 31174 212 480 2000 200 5309 489 3243 16 151 266 105 15 65 1053 89 15 182 77 1944 1445 69 197 2012 975 208 58 460 274 87 133 128 54 7205 230 147 229 168 21 66 26 155113 19784 554 13324 485 6236 6409 294458 793 276 221 34 162
internal_value=3.0727e-05 -0.00435674 -0.0101626 0.00415593 0.00252793 0.00742682 0.0029489 -0.0463324 -0.000407076 -0.00194108 0.0194588 -0.0050548 0.00844297 0.00945361 0.00609299 0.0043093 0.00540052 -0.0636993 0.00622053 0.00434293 -0.0331965 0.00769795 0.0133437 -0.0377293 0.0215303 -0.096688 0.00383504 -0.0190896 -0.0480166 0.0127836 0.0171935 0.00254059 -0.00333299 0.00290493 -0.00211023 -0.0278953 -0.0169339 -0.0545614 0.00496038 0.0141542 0.0167765 0.00315758 -0.0224596 -0.0106809 -0.0421516 -0.00496952 0.0269825 -0.0411675 -0.00382489 -0.00455076 -0.0027161 -0.00333812 -0.00422233 0.00862112 0.00739206 -0.00509631 -0.00480523 0.010809 -0.00329588 -0.0175472 -0.091077 -0.0842219
internal_weight=6263.07 3035.06 891.765 3228.01 2469.21 925.102 674.19 16.4447 1544.11 2143.29 250.912 32.978 29.2571 758.8 479.307 447.713 443.554 5.20193 438.352 408.55 17.0455 10.3677 103.432 7.25013 4.45859 6.67777 367.064 33.7393 13.8973 6.67095 96.1816 44.3831 1064.8 313.785 230.463 39.0956 33.9199 12.477 21.4429 4.52813 83.322 191.367 28.3602 25.086 13.6665 8.91176 11.4195 6.30817 4.21837 448.111 2039.86 1949.92 1801.47 114.777 148.449 1686.7 1672.77 112.497 48.4044 30.9631 5.7319 10.4762
internal_count=1202650 1117242 770816 85408 69201 22837 17764 342 46364 346426 5073 2680 2200 16207 4721 4232 4043 167 3876 3610 367 170 3578 316 104 197 10898 3535 1591 146 3262 2209 41643 10469 9348 1290 1082 675 407 215 1121 8058 853 623 455 226 168 146 92 206889 342848 323064 316554 2363 6510 314191 300867 1809 1016 740 255 253
is_linear=0
shrinkage=0.05


Tree=75
num_leaves=63
num_cat=0
split_feature=21 19 0 16 12 2 19 0 4 9 14 19 4 16 3 2 11 2 16 14 11 16 21 16 6 0 11 4 21 17 19 17 0 17 4 9 16 16 16 1 1 17 12 0 4 1 9 9 2 16 4 21 19 2 4 2 3 4 19 0 0 0
split_gain=54.5016 19.85 20.2069 15.3438 12.4246 12.3386 10.6933 10.5182 14.3827 9.37745 9.27475 9.30861 8.30719 8.17302 8.01481 7.30545 7.60777 7.02116 9.88993 11.4731 10.7262 8.36262 8.21876 7.65165 8.6798 7.0296 13.4362 10.8398 11.2197 10.539 6.88778 7.95692 6.82218 7.36046 8.91399 6.81908 6.74933 6.69835 16.8444 9.08881 7.1196 8.324 6.66954 6.62168 10.3732 8.75457 6.52752 7.05417 6.35791 9.08005 7.78242 9.49956 6.29932 6.27268 6.23344 10.1928 7.53901 7.4267 6.14915 6.13552 6.20696 9.55847
threshold=3.5000000000000004 10.490225315093996 98.500000000000014 60.500000000000007 60.000000000000007 1.5000000000000002 31.480008125305179 1.0000000180025095e-35 24.500000000000004 0.013072453904896976 4.5000000000000009 5.4801788330078134 1.5000000000000002 58.500000000000007 0.016261236742138866 100.00000000000001 0.013072453904896976 93.500000000000014 62.500000000000007 2.5000000000000004 1.0000000180025095e-35 57.500000000000007 4.5000000000000009 32.500000000000007 18.500000000000004 62.500000000000007 0.015749008394777778 72.500000000000014 4.5000000000000009 4.5000000000000009 8.9144048690795916 3.5000000000000004 95.500000000000014 2.5000000000000004 13.500000000000002 1.0000000180025095e-35 88.500000000000014 36.500000000000007 38.500000000000007 0.00766294775530696 0.016261236742138866 6.5000000000000009 13.500000000000002 58.500000000000007 83.500000000000014 0.010256679728627207 0.014389234129339458 0.014815627597272398 14.500000000000002 68.500000000000014 45.500000000000007 2.5000000000000004 9.7217559814453143 21.500000000000004 6.5000000000000009 6.5000000000000009 0.011428944766521456 8.5000000000000018 15.635612010955812 12.500000000000002 11.500000000000002 1.5000000000000002
decision_type=2 2 2 2 2 2 2 2 2 2 2 2 2 2 2 2 2 2 2 2 2 2 2 2 2 2 2 2 2 2 2 2 2 2 2 2 2 2 2 2 2 2 2 2 2 2 2 2 2 2 2 2 2 2 2 2 2 2 2 2 2 2
left_child=1 2 3 7 -3 37 17 8 13 32 -5 -12 -8 -1 -10 16 42 36 19 -19 21 22 -21 -22 25 26 43 29 -29 -27 -13 -32 33 34 54 -34 -7 -2 40 -40 41 -39 -4 44 -25 -46 -17 -48 49 -6 51 58 -35 -52 56 57 -9 -56 -50 60 61 -59
right_child=5 4 15 10 48 6 12 9 14 -11 11 30 -14 -15 -16 46 -18 18 -20 20 23 -23 -24 24 -26 27 -28 28 -30 -31 31 -33 35 52 -36 -37 -38 38 39 -41 -42 -43 -44 -45 45 -47 47 -49 50 -51 53 -53 -54 -55 55 -57 -58 59 -60 -61 -62 -63
leaf_value=0.01525203054267291 0.015837862356159079 -0.1112678573973577 -0.088449701632672725 -0.11478288605345868 0.05106053063573205 0.002746258533377757 -0.092854572113163766 -0.081330229665397324 -0.11231500003367985 0.036359690116710613 0.0019582490335211871 0.026263656367244245 0.019583412850034294 -0.15112687991707982 0.015137645999475353 -0.019715543585059593 0.024594585600652905 -0.12155832733482774 0.011215121660052538 0.046235543391479408 -0.0022620610008855001 -0.12813502244974193 -0.11189512589616213 -0.098021038554422665 -0.095688015574495439 -0.11148150938319097 -0.11796081597905786 -0.032955306299557098 -0.11675194004307232 0.037831720146724701 0.063124717640491143 -0.10411075810796962 0.020262827811577868 -0.0055253918501963067 -0.019106599269371319 0.3992870111187663 0.043668791752100006 -0.0049596626654109721 -0.11771926727243165 0.0091573504293797642 -0.086383099219045079 -0.12053345514022368 -0.0090327594713371998 0.062098159782961473 -0.12784830554550095 0.042187877055756301 0.028091295314119115 -0.014945606871643547 0.048437705540306096 -0.087821614062410847 -0.10262129841404732 -0.08797073741883038 -0.095596136468404647 0.013078900382175879 -0.12147887245417793 0.024912111214290673 -0.0075698530560972983 0.053618667006675162 -0.088199252417201224 -0.10455046322033999 0.081873068869800905 -0.11393722373435716
leaf_weight=96.171856009634212 310.77622654032893 2.0474251785781226 2.6596784975845358 1.6352422737982113 16.376016017049555 2294.5479613062926 1.6675501661375154 3.7368553844280532 3.6386510443408033 12.294527425896375 449.66749254142633 60.03004896256607 110.39431818248704 0.74382714182138343 1.8660863460972903 352.60455234137044 16.979483715142123 2.4019886201713225 57.062494198908098 13.740394028834993 58.923683325236198 0.81139711930882263 0.87396586476825255 2.2861505676992255 4.2403822615742675 1.3743321117945004 1.9716814358253021 41.901833087962586 4.4154707201523697 8.4357513706199807 1.0622195079922669 2.152711647329852 18.288120737764988 973.96268137433799 251.83414135186467 0.1194425051799034 10.120147866196929 11.912577950395644 1.4188814575318236 271.66451728041284 5.7451550443656734 1.7923565916717059 439.57245927093027 5.9595169196836641 0.85148313338868309 6.8215369279496372 15.424876031407619 24.878445306239882 3.3965439246967417 1.2680172524414945 1.1808818192221213 4.4220533221960068 1.9450583655852813 146.70674737426452 1.9477245761081556 34.829411749495193 47.486011183587834 1.7415002891793849 1.0869129602797327 1.3911996213719247 2.0479778917506337 1.6648471076041458
leaf_count=1356 2063 187 617 152 151 55101 44 1267 987 912 52306 1804 749 38 38 381437 1517 407 4447 566 6294 89 146 361 810 334 212 9206 856 477 13 182 13174 281962 86982 12 70 93 118 2495 49 31 268934 45 126 137 3642 8581 121 76 76 502 184 5340 139 2719 1582 9 63 146 12 115
internal_value=-0.000226629 -0.00508132 -0.00609855 -0.00331626 0.0111864 0.00427772 0.00279775 -0.00593958 0.0095096 -0.00710881 0.00410536 0.00448439 0.0179103 0.0139751 -0.069109 -0.0125317 -0.00824935 0.00212484 -0.00658114 -0.0131323 -0.0114258 0.0281045 0.036779 -0.0158708 -0.0261174 -0.0221318 0.00516079 -0.0308312 -0.0409437 0.0169139 0.0224451 -0.0488558 -0.00750734 -0.00792807 -0.0141863 0.0227222 0.00292596 0.0107264 0.00529612 0.00849813 -0.0396608 -0.0200746 -0.00951039 0.0204106 -0.00453505 0.0233188 -0.0175367 0.00152546 0.0126236 0.0410795 0.00942148 -0.0359727 -0.00570491 0.012155 -0.00112185 0.0127681 -0.0129509 -0.0353333 0.0153132 -0.0108228 0.0130838 -0.028274
internal_weight=6230.97 2998.86 2822.38 1970.26 176.485 3232.11 2628.8 1455.71 102.42 1353.29 514.548 512.912 112.062 96.9157 5.50474 852.119 459.212 2516.74 212.072 155.01 152.608 15.4258 14.6144 137.182 78.2581 74.0178 17.8904 56.1274 46.3173 9.81008 63.245 3.21493 1340.99 1322.59 346.68 18.4076 2304.67 603.31 292.533 273.083 19.4501 13.7049 442.232 15.9187 9.95917 7.67302 392.908 40.3033 174.437 17.644 156.793 8.90551 975.908 147.888 94.8455 43.6227 51.2229 8.79325 4.48346 6.84552 5.45433 3.40635
internal_count=1202661 1117335 1110819 446091 6516 85326 80477 391634 2419 389215 54457 54305 793 1394 1025 664728 271068 79684 24513 20066 19659 801 712 18858 12564 11754 881 10873 10062 811 1999 195 388303 375117 92971 13186 55171 4849 2786 2613 173 124 269551 669 624 263 393660 12223 6329 227 6102 686 282146 5416 5989 3140 2849 421 184 282 136 124
is_linear=0
shrinkage=0.05


Tree=76
num_leaves=63
num_cat=0
split_feature=4 19 1 12 16 8 19 17 1 6 16 16 19 8 4 1 2 10 17 12 16 17 2 8 4 8 1 16 2 12 6 4 17 3 2 17 16 2 12 2 10 17 12 2 2 2 3 2 16 2 16 2 8 14 1 2 19 19 1 1 17 1
split_gain=43.2636 34.374 16.9984 13.2988 11.8273 12.8075 17.2767 10.2692 9.36843 16.3014 13.2605 15.8748 16.5312 11.5242 8.99396 13.2318 18.7138 9.43387 8.67262 10.8841 8.52508 9.19788 14.0421 10.4356 9.24114 8.4978 12.0574 8.45014 8.23465 14.1485 11.7904 14.6482 8.62806 13.1931 8.36879 8.09864 10.4029 11.4564 10.0442 8.9567 8.9341 8.68158 12.5446 12.1 10.2172 8.1777 11.3947 8.09192 10.9 10.7894 7.94373 7.53609 7.52654 7.38635 7.33493 7.29134 7.26163 7.13555 7.13006 10.2978 10.2522 7.87022
threshold=29.500000000000004 10.490225315093996 0.0062696540262550124 6.5000000000000009 69.500000000000014 15.500000000000002 9.6025910377502459 7.5000000000000009 0.016261236742138866 18.500000000000004 42.500000000000007 23.500000000000004 23.617717742919925 3.5000000000000004 39.500000000000007 0.010695492848753931 12.500000000000002 1.5000000000000002 3.5000000000000004 5.5000000000000009 61.500000000000007 2.5000000000000004 100.00000000000001 2.5000000000000004 46.500000000000007 8.5000000000000018 0.012903762981295587 1.0000000180025095e-35 100.00000000000001 1.0000000180025095e-35 17.500000000000004 50.500000000000007 6.5000000000000009 0.010929288342595102 24.500000000000004 3.5000000000000004 44.500000000000007 4.5000000000000009 6.5000000000000009 1.0000000180025095e-35 10.500000000000002 5.5000000000000009 18.500000000000004 58.500000000000007 2.5000000000000004 5.5000000000000009 0.016001024283468727 42.500000000000007 46.500000000000007 49.500000000000007 46.500000000000007 1.0000000180025095e-35 8.5000000000000018 3.5000000000000004 0.012422839645296337 1.5000000000000002 8.4317336082458514 14.679243087768556 0.015268065501004459 0.014815627597272398 2.5000000000000004 0.013423423748463394
decision_type=2 2 2 2 2 2 2 2 2 2 2 2 2 2 2 2 2 2 2 2 2 2 2 2 2 2 2 2 2 2 2 2 2 2 2 2 2 2 2 2 2 2 2 2 2 2 2 2 2 2 2 2 2 2 2 2 2 2 2 2 2 2
left_child=3 2 28 55 5 6 20 53 -5 10 11 12 -10 -12 15 -7 51 -16 19 -3 -4 24 -23 -24 -22 57 27 -27 29 -2 31 -31 -33 -34 -35 36 37 -19 -37 50 -38 42 43 -41 -44 46 -42 48 -47 -49 -40 54 56 -6 -17 -1 -30 -21 59 61 -61 -50
right_child=1 18 4 8 7 14 -8 -9 9 -11 13 -13 -14 -15 17 16 -18 35 -20 25 21 22 23 -25 -26 26 -28 -29 52 30 -32 32 33 34 -36 38 40 -39 39 41 45 -43 44 -45 -46 47 -48 49 58 -51 -52 -53 -54 -55 -56 -57 -58 -59 -60 60 -62 -63
leaf_value=0.013729030592630642 -0.12400517792490706 -0.10638582028401598 0.0078201947847995872 0.00024859669785066415 -0.11714823730744901 -0.0027519129286145989 -0.11049955188746499 -0.052341461487709066 -0.12880885775874062 0.016649900773523917 0.033879247863912082 0.013293383081438731 0.06577600475089905 -0.11585003372439046 -0.10153972798216826 0.065422434188103729 -0.020769493552281915 -0.10403359602339712 0.011056773899954825 0.049873788025932897 0.041349409435812903 -0.1121067902459725 0.052247897284704775 -0.12255234984669315 -0.11655881381443606 0.028146375121058283 0.03936726907020649 -0.091534228543120738 -0.01060961825604455 -0.10932992845918849 -0.0097888928091755412 0.027341735141259413 -0.10467617196361681 -0.10780643381366339 0.0595992889695839 -0.071677721117317697 0.03255916728419752 -0.018526898791313313 0.055480574706505796 0.048252281237079725 0.036589703947177886 -0.0079418550949962377 -0.11826166506410184 -0.075837877737342796 0.0019487037332046445 0.029733813795521466 -0.13011710783343308 0.039673446164114376 -0.033052715698398148 -0.0085269505862478855 -0.11897924916955885 -0.094046685183249643 -0.020576565049358616 0.0086228582240471113 -0.11877937062457007 0.0052623961833468264 0.027200591170962879 -0.08679518446986749 -0.12998071658340324 -0.14523653024394251 0.075797224173105082 -0.11028132589150892
leaf_weight=379.1768734002253 2.5864923372864714 3.1575836115516749 252.41150744969491 1920.9464500191243 1.1729799825698126 64.086607883335091 3.2474710866808882 7.2544417011085889 4.2918999944813576 194.71776221343316 1.6784911863505838 23.589169305283576 1.4637635946273801 5.4832459203898898 2.5865795309655359 1.5658493742812454 62.755928922037128 4.0096541966777286 366.5863748799311 7.3289918648079073 5.7337647941894856 5.5898006539791805 3.2947155009023845 1.1525138826109467 1.1050964770838616 1.8814865250606034 3.9816943481564531 6.8246757120359689 111.85452339221956 2.3023811971070236 401.07977971596119 48.050560390169267 3.3345229297410688 0.93564699334092427 3.6940367061179131 5.1204762381967148 15.63284910423681 170.11700616269081 9.9626096808351541 23.625143383629624 16.086008234648038 292.40848827909213 1.7833866092842061 2.1426619768608353 199.94846507630427 7.179311685729771 1.0947952289134253 13.123661485617047 32.399409492383711 100.66940391735989 0.69821827532723624 14.313060601823961 347.11210975942595 244.02340724435635 0.8252806719392537 772.0451468504034 14.324870735174043 1.0981556004844604 1.9622579661663611 0.61731204017996688 3.4936765036545694 3.6728848330676547
leaf_count=2231 230 136 7913 138225 89 12721 194 1893 100 2291 12 195 1 175 242 17 8076 647 9519 86 66 451 54 155 73 58 35 429 21684 454 255788 2305 648 175 51 475 343 85409 201 478 337 129035 269 444 84898 593 151 1226 4018 37992 95 1329 358927 17355 60 10364 558 31 182 63 26 383
internal_value=-0.000200023 -0.00465318 -0.00679928 0.00371338 -0.00363172 -0.00552228 0.0041374 0.0062866 0.00139312 0.0109015 -0.0197593 -0.00487222 -0.0793226 -0.0807581 -0.00802504 -0.0196553 -0.0332883 -0.00618708 0.00914029 -0.0198042 0.00551987 -0.028886 -0.0593558 0.00694785 0.0158329 -0.00685655 -0.0327073 -0.0656701 -0.0121398 -0.00739107 -0.00673451 0.0142722 0.0193526 -0.0288481 0.025767 -0.00591478 -0.0116032 -0.0204959 -0.00198515 -0.00131256 -0.00370022 -0.00224282 0.00508223 0.0379339 0.000885998 -0.0068441 0.0259668 -0.0103 -0.0272149 -0.00296804 0.0440545 -0.08032 -0.016775 0.00802119 0.00184656 0.00805104 -0.00631711 0.0320642 -0.0369159 -0.0323713 0.0426065 -0.0409161
internal_weight=6206.39 2903 2512.14 3303.39 1576.87 1324.42 272.535 252.451 2152.17 231.224 36.5066 29.3448 5.75566 7.16174 1051.88 143.547 79.4601 908.334 390.859 24.2726 269.287 16.8759 10.037 4.44723 6.83886 21.115 12.6879 8.70616 935.275 461.983 459.397 58.3171 56.0148 7.96421 4.62968 905.748 370.058 174.127 535.689 530.569 195.932 519.908 227.5 25.7678 201.732 180.299 17.1808 163.118 49.3249 113.793 10.6608 16.7042 473.292 245.196 2.39113 1151.22 126.179 8.42715 42.1455 40.1833 4.11099 36.0723
internal_count=1202661 1049067 1038773 153594 397953 378616 8906 19337 140999 2774 483 296 101 187 369710 22203 9482 347507 10294 775 8712 799 660 209 139 639 522 487 640820 259651 259421 3633 3179 874 226 347265 131370 86056 215895 215420 45314 215124 86089 922 85167 44971 488 44483 5265 39218 296 1406 381169 17444 77 12595 22242 117 4672 4490 89 4401
is_linear=0
shrinkage=0.05


Tree=77
num_leaves=63
num_cat=0
split_feature=21 19 0 2 19 0 4 3 12 19 0 1 14 2 4 21 2 8 4 19 14 19 0 12 8 4 0 1 19 20 15 18 14 14 12 18 4 0 6 18 18 4 4 1 14 0 8 9 6 9 18 0 4 8 4 6 3 8 21 15 2 4
split_gain=49.2214 15.9432 17.7817 11.2383 10.6377 9.04596 11.0574 9.32228 8.55822 7.61721 6.82934 11.0645 9.80442 6.73888 7.10282 8.16596 6.49213 6.38249 6.37369 6.03003 5.87564 5.82838 5.7254 6.0607 5.55592 5.67168 5.52066 15.316 7.09353 5.2253 14.4593 7.43327 7.30136 17.9859 5.59786 12.3833 13.2914 35.2595 9.36165 11.4506 9.77941 8.02169 8.41321 6.8999 6.48082 5.65726 9.6544 10.0944 5.6229 10.6711 5.03664 5.02702 8.99891 12.6474 6.02278 11.9556 10.4761 13.145 6.45184 4.98433 4.92821 10.4624
threshold=3.5000000000000004 10.490225315093996 98.500000000000014 1.5000000000000002 31.480008125305179 1.0000000180025095e-35 34.500000000000007 0.016261236742138866 60.000000000000007 5.4801788330078134 76.500000000000014 0.0082988981157541292 4.5000000000000009 14.500000000000002 45.500000000000007 2.5000000000000004 100.00000000000001 2.5000000000000004 1.5000000000000002 15.635612010955812 2.5000000000000004 5.629012107849122 95.500000000000014 12.500000000000002 60.000000000000007 15.500000000000002 45.500000000000007 0.011050061322748663 9.0155797004699725 1.0000000180025095e-35 0.014599318150430919 4.5000000000000009 1.5000000000000002 5.5000000000000009 3.5000000000000004 2.5000000000000004 4.5000000000000009 2.5000000000000004 2.5000000000000004 1.5000000000000002 1.5000000000000002 23.500000000000004 24.500000000000004 0.011299795936793091 4.5000000000000009 1.0000000180025095e-35 1.5000000000000002 0.015749008394777778 1.5000000000000002 0.013793759513646366 3.5000000000000004 6.5000000000000009 4.5000000000000009 5.5000000000000009 1.0000000180025095e-35 6.5000000000000009 0.016261236742138866 60.000000000000007 4.5000000000000009 0.014389234129339458 50.500000000000007 26.500000000000004
decision_type=2 2 2 2 2 2 2 2 2 2 2 2 2 2 2 2 2 2 2 2 2 2 2 2 2 2 2 2 2 2 2 2 2 2 2 2 2 2 2 2 2 2 2 2 2 2 2 2 2 2 2 2 2 2 2 2 2 2 2 2 2 2
left_child=1 2 5 29 60 6 -1 -8 -3 17 11 -11 -13 -10 15 19 -4 -7 -6 -15 -18 -14 23 -19 -22 -26 27 -23 -29 34 -31 32 -32 -34 35 43 45 -38 39 -36 44 -39 -43 -2 -40 46 -37 48 -48 -50 59 54 -53 -54 55 -46 57 -56 -58 -28 -5 -62
right_child=3 8 16 4 18 9 7 -9 13 10 -12 12 21 14 -16 -17 20 22 -20 -21 24 26 -24 -25 25 -27 50 28 -30 30 31 -33 33 -35 38 36 37 41 40 -41 -42 42 -44 -45 51 -47 47 -49 49 -51 -52 52 53 -55 56 -57 58 -59 -60 -61 61 -63
leaf_value=0.013437326088584665 -0.063877229851033432 -0.10769837866234072 -0.0078072820462264164 0.0029947490139796305 -0.088695021767207283 0.058763359001118565 -0.11001627835111494 0.034006015699589609 0.040227128236779743 -0.064594229021414776 0.038444830579420101 -0.10331780227124143 0.060300153133873283 0.043046975260330002 0.010050107994262428 -0.086872259680465747 -0.070562459702855476 -0.096670020748263127 0.019186175346199087 -0.089387537105370396 -0.0043604401728485646 -0.077615991451640109 0.018801819667272943 -0.0051077195383885865 0.013645302712945916 -0.02059199020309381 -0.083299479022872158 0.015845508889557432 -0.084651396775440813 -0.078915755887186217 0.011152787012209425 0.021867013707780124 -0.11970879524089412 0.032635822590863617 0.0028359942935352431 0.016116241635591635 0.032969684588173835 -0.14843835259357149 0.044482614178981139 -0.13520125153134513 0.012626286913985969 0.050452831326289208 -0.13215701332123217 0.027565558648708161 -0.12810040354404004 0.020076064653522248 0.016053817290848441 -0.11217951614010127 -0.0098993718882822435 -0.16549412377205708 0.03883772892328613 0.044010397200205761 0.015952764106739473 -0.11550261621085858 0.0031411896179098413 0.030219006065827836 -0.009015402224965734 -0.14001587470471152 -0.11707500841985163 0.050767472714469443 0.013241627841624233 -0.0071116735874832337
leaf_weight=114.00881747319363 2.0917742117308071 1.5386075545102347 456.05158484696585 2106.0557512806263 1.3864086181856681 3.9509071139618746 3.3767210667720056 1.6838722629472611 17.454260845668614 5.5120325720636165 17.329556658864021 1.8830662823747832 5.7865190766751757 3.4279974373057467 149.97633087774739 4.1737086430657655 4.9874372529302482 1.8091910071670998 109.74552639550529 1.147156360093504 81.287369594705524 5.8989963671192518 25.200963470415445 1725.305231917082 12.637989246402865 282.22380651171625 1.8102651513181656 30.314990529092029 1.8638454405590881 5.8916832953691474 8.3578798419330269 25.115589772234671 4.6161320717073977 3.338597185909749 3.6361489617265752 24.993115924298763 8.6249090130440909 5.3108827720861873 4.6004002010449758 2.5601568911224604 213.37260603019968 1.2711256202310326 1.2519958126358686 149.58940818090923 1.4221400739625094 69.511942083830945 7.118475243449212 3.2553293317323542 4.2169207741972068 1.4917551092803476 17.490405179094523 7.6092588340397906 4.9929336570203304 2.8881000091787428 11.131450997898355 7.3833542303182202 1.8132431185804296 1.8733970988541848 5.7990113503765315 1.123555523343384 78.750719923293218 318.50107385125011
leaf_count=1732 52 187 271068 46193 44 76 1025 34 227 722 796 192 55 121 5416 502 8401 396 749 63 37532 800 14944 423427 12339 335388 162 1065 194 124 58 143 83 18 33 122 51 141 17 81 2235 3 70 624 24 353 23 23 17 38 455 64 32 133 88 48 21 49 81 16 3288 30203
internal_value=-0.000181243 -0.00480945 -0.00573068 0.00411485 0.00270324 -0.00313016 0.0102272 -0.062094 0.00971286 -0.00399206 0.0102773 0.0034678 0.0091373 0.0107382 0.00749548 -0.0362968 -0.0118325 -0.00471527 0.0178403 0.00984086 -0.0166488 0.0124312 -0.0048584 -0.00520363 -0.015934 -0.0191246 0.00769642 -0.00355265 0.0100246 0.0103161 -0.00562478 0.00479825 -0.0214815 -0.0557698 0.0116931 0.0166592 0.00514372 -0.0367768 0.00654895 -0.0541975 0.00798077 -0.113565 -0.0401598 0.0263045 -0.0120386 0.0113828 -0.00332872 -0.0335473 -0.0135917 -0.0505584 0.0286686 -0.0178281 0.00522614 -0.0322206 -0.0299656 0.00464947 -0.0447495 -0.0174811 -0.0913352 -0.0319563 0.00203124 -0.00307686
internal_weight=6188.82 2979.26 2801.54 3209.57 2614.44 1964.35 119.069 5.06059 177.718 1845.28 89.0132 71.6837 66.1716 176.179 158.725 8.74886 837.188 1756.27 111.132 4.57515 381.137 64.2886 1752.32 1727.11 376.149 294.862 58.5021 38.0778 32.1788 595.13 47.3199 41.4282 16.3126 7.95473 547.81 278.728 127.046 16.4589 269.082 6.19631 262.886 7.834 2.52312 151.681 49.5133 110.588 41.0756 16.0825 12.8272 5.70868 20.4242 44.9129 15.4903 7.88103 29.4226 8.80549 20.6171 13.0048 7.61225 2.93382 2503.31 397.252
internal_count=1202661 1117335 1110819 85326 80477 446091 2791 1059 6516 443300 4457 3661 2939 6329 6102 686 664728 438843 793 184 393660 2747 438767 423823 385259 347727 2692 2059 1259 4849 426 302 159 101 4423 1517 841 265 2906 114 2792 214 73 676 557 576 223 101 78 55 633 540 229 165 311 72 239 137 102 178 79684 33491
is_linear=0
shrinkage=0.05


Tree=78
num_leaves=63
num_cat=0
split_feature=21 19 0 3 16 0 19 19 16 19 9 3 16 0 16 15 3 3 16 0 17 17 3 3 3 16 4 21 17 3 17 5 16 12 5 1 3 10 4 0 3 0 16 6 15 17 6 13 19 0 5 16 1 9 16 3 0 9 12 17 3 3
split_gain=45.8606 15.5508 16.5199 13.2775 11.6627 9.97558 9.03918 8.67584 8.63865 8.46993 7.53087 6.97147 7.55044 6.7119 6.39157 11.8399 6.35329 15.384 23.6403 14.0162 7.80864 7.68164 10.5906 8.01528 6.85266 6.31929 10.254 8.2666 8.81513 6.25638 10.809 11.1647 10.0962 6.20388 6.0613 5.95428 5.8117 7.32948 5.49782 5.44393 10.4158 9.71311 13.239 11.9963 11.0885 9.64344 14.9476 15.0324 11.2992 9.2711 12.4365 8.43828 8.38112 7.74482 7.69681 7.39946 9.63802 13.5417 14.657 9.1663 13.0331 10.0481
threshold=3.5000000000000004 10.490225315093996 98.500000000000014 0.016001024283468727 60.500000000000007 1.0000000180025095e-35 31.480008125305179 5.4801788330078134 58.500000000000007 8.9144048690795916 0.012739370577037336 0.013245614245533945 68.500000000000014 87.500000000000014 87.500000000000014 0.013245614245533945 0.009756329935044052 0.0071685509756207475 76.500000000000014 5.5000000000000009 6.5000000000000009 1.5000000000000002 0.0066890381276607522 0.0067797389347106227 0.010152545757591726 75.500000000000014 11.500000000000002 1.5000000000000002 2.5000000000000004 0.016001024283468727 4.5000000000000009 0.015268065501004459 36.500000000000007 60.000000000000007 0.011696306522935631 0.0063092110212892303 1.0000000180025095e-35 4.5000000000000009 1.5000000000000002 24.500000000000004 0.013606071937829258 46.500000000000007 23.500000000000004 1.0000000180025095e-35 0.016001024283468727 7.5000000000000009 6.5000000000000009 0.015268065501004459 7.2623307704925546 37.500000000000007 0.010582306887954475 56.500000000000007 0.010695492848753931 0.014599318150430919 38.500000000000007 0.011428944766521456 71.500000000000014 1.0000000180025095e-35 5.5000000000000009 5.5000000000000009 0.013245614245533945 0.012903762981295587
decision_type=2 2 2 2 2 2 2 2 2 2 2 2 2 2 2 2 2 2 2 2 2 2 2 2 2 2 2 2 2 2 2 2 2 2 2 2 2 2 2 2 2 2 2 2 2 2 2 2 2 2 2 2 2 2 2 2 2 2 2 2 2 2
left_child=1 2 4 6 5 8 14 16 29 -9 -7 33 -13 -11 39 -16 17 21 19 -19 -21 23 25 -6 -18 -23 -27 28 -28 30 31 -1 -33 -3 -32 -26 -4 -38 -8 -2 45 42 -42 -44 -45 55 47 -47 52 50 -48 54 53 -49 -52 -41 59 58 -58 61 -61 -57
right_child=3 11 36 -5 7 10 38 9 -10 13 -12 12 -14 -15 15 -17 24 18 -20 20 -22 22 -24 -25 35 26 27 -29 -30 -31 34 32 -34 -35 -36 -37 37 -39 -40 40 41 -43 43 44 -46 46 49 48 -50 -51 51 -53 -54 -55 -56 56 57 -59 -60 60 -62 -63
leaf_value=-0.11817703203488149 0.0033608581226354374 -0.099601589773449004 -0.016049831664141631 0.010798331722580455 0.016953700875970253 -0.006870435076422027 -0.086652276140647813 0.02469073802338935 -0.1337893332667883 -0.10106389788523817 0.029808166206413245 0.047924980731939598 -0.083232349085319068 0.041793373912524016 0.050923907462619503 -0.093898544081266563 0.037470273354560067 -0.11511579571376847 -0.10589996389786385 0.00136811778448186 -0.071405671172329696 -0.0060352433985996455 0.033860178916326832 -0.10614559697429367 0.065345387413909148 0.061743013277340934 0.018106607298702313 -0.10086417584453902 -0.068267788774913171 0.022483871749626041 -0.097885667363609555 -0.12239867094283473 0.019217713643669743 0.007313923066662501 0.015381147107986671 0.0031448816051804574 0.049706385534610646 -0.0083446348917938229 0.017599617437442535 -0.0038250361809780385 -0.077701370971865399 0.023186885455273754 -0.12735354936639257 0.01027339648696834 -0.11652912464058346 -0.099077552191078888 -0.101632679489137 -0.096691470976108307 -0.094577494840602946 0.026639843111624446 -0.092956999539639762 -0.099205750972493428 -0.11946561496161688 0.020702618943438014 0.050890905297652611 -0.038888010121467774 0.04137938665561873 -0.089469581830627837 -0.099070959937235401 0.014889381205996933 -0.10259149265332333 0.0012895589182891885
leaf_weight=3.5755763533525151 1634.4732678894652 1.368499447358771 375.32315129087146 587.8836910034297 69.616821708856151 1328.5922495053383 1.279289936646818 62.333774428465404 1.0376261177007098 2.4564836586359884 14.143557787872849 16.711117538157854 1.1744206375442434 1.2358597533311693 12.857610147912053 1.5852916537551198 16.713622687850147 3.1845397611614308 8.3893275025766325 35.834569482831284 4.1087249631527802 61.062564400257543 13.48720632586628 1.3479575850069512 3.9175295815803102 2.2591681168414679 5.5791841966565716 5.7073672281112513 6.2776450484525412 55.472558649023995 1.224895681021734 1.5979731651023028 5.925148508977145 158.95836038445123 33.062896111630835 215.30100727570243 5.5041470553260288 448.56305772563792 110.33418859809171 464.65743792679859 5.4072274325881144 74.688238177448511 1.7061870614998031 65.005729258176871 1.7710522955749173 5.0692037423141292 3.3900159881450227 1.5030000981642029 3.1423420361243179 73.4130027173087 1.0790607244707624 1.4800257894676176 1.2584835905581702 21.534894461510703 6.727900339756161 39.793140225694515 5.7475586333312094 10.208251559874041 2.7445638300851005 36.852245172020048 2.522359676891937 25.555400906479917
leaf_count=735 30300 186 393660 4849 6973 388115 44 1894 69 232 1100 151 77 25 94 54 899 246 868 4525 1273 22538 1345 187 39 81 622 987 2360 441 430 93 93 6102 558 9363 192 270876 749 33779 264 1819 64 1545 100 866 274 276 197 3200 111 77 56 1241 127 2039 79 839 370 926 170 817
internal_value=-0.000141159 -0.00461572 -0.00552949 0.0040085 -0.00303018 -0.00533951 0.00248252 0.00340015 0.00974308 0.0203322 -0.00648409 0.00970435 0.0393128 -0.0532483 0.001862 0.0350278 0.000931088 -0.00524667 -0.0291045 -0.0141661 -0.00611768 0.00218711 -0.0071585 0.0146155 0.00660933 -0.0139981 -0.0385264 -0.0514233 -0.0276247 0.0112197 -0.00254762 -0.0454353 -0.0108628 0.00640133 0.0113348 0.00425643 -0.0114462 -0.00764095 0.0164047 0.0016696 -0.00156254 0.0104712 -0.00238174 0.00356529 0.00691034 -0.00409263 0.0089137 -0.0199731 -0.00535881 0.0198215 -0.019664 0.0102569 0.00618018 0.0130438 0.0310086 -0.00671561 -0.0175979 -0.0506623 -0.00401267 -0.0116936 0.00736349 -0.023176
internal_weight=6174.72 2971.05 2792.84 3203.67 1963.45 1444.63 2615.79 518.813 101.897 66.0261 1342.74 178.212 17.8855 3.69234 2504.17 14.4429 452.787 216.855 51.5172 43.1278 39.9433 165.338 94.3731 70.9648 235.932 80.8859 19.8234 17.5642 11.8568 100.859 45.3865 11.0987 7.52312 160.327 34.2878 219.219 829.39 454.067 111.613 2489.73 855.257 148.578 73.8902 68.483 66.7768 706.679 118.598 32.5079 27.4387 86.09 12.677 9.28699 24.2964 23.0379 7.80696 588.081 123.424 18.7004 8.49212 104.723 39.3746 65.3485
internal_count=1202661 1117335 1110819 85326 446091 391634 80477 54457 2419 2151 389215 6516 228 257 79684 148 52306 42005 6912 6044 5798 35093 27933 7160 10301 26588 4050 3969 2982 2350 1909 921 186 6288 988 9402 664728 271068 793 79536 49236 3792 1973 1709 1645 45444 6425 2636 1770 3789 589 315 1573 1517 238 39019 5240 1288 449 3952 1096 2856
is_linear=0
shrinkage=0.05


Tree=79
num_leaves=63
num_cat=0
split_feature=0 19 0 10 0 19 4 4 3 6 6 12 9 16 19 19 19 20 16 19 0 15 6 0 8 2 12 12 15 16 0 12 16 2 12 2 10 1 4 15 8 0 4 16 13 16 19 12 8 10 10 12 2 4 19 5 12 2 10 12 4 2
split_gain=36.8437 23.2736 15.4141 13.762 16.3761 16.4818 12.3637 12.1274 10.0306 9.29755 13.3732 11.2494 15.8706 8.87646 8.55195 8.07816 14.8871 18.4721 9.16399 13.9459 7.10314 26.4031 7.04448 17.078 6.90695 12.228 8.55257 6.81292 6.8096 6.76547 6.5487 14.0401 9.07037 6.38971 14.9039 8.50466 19.4313 14.9262 11.2479 9.22567 8.16057 9.07571 11.3063 11.3572 9.32872 8.7879 7.78509 6.90575 8.00029 6.80076 11.2414 8.14271 6.66432 6.62578 6.31949 6.26829 6.10043 9.42593 8.55197 13.2248 10.9597 10.4136
threshold=29.500000000000004 10.569199562072756 34.500000000000007 7.5000000000000009 1.0000000180025095e-35 5.3830134868621835 25.500000000000004 1.5000000000000002 0.0067340831737965354 18.500000000000004 10.500000000000002 11.500000000000002 0.013245614245533945 84.500000000000014 10.306714534759523 6.9688560962677011 7.4794728755950937 1.0000000180025095e-35 82.500000000000014 40.488258361816413 77.500000000000014 0.015038444194942715 4.5000000000000009 17.500000000000004 14.500000000000002 7.5000000000000009 12.500000000000002 1.5000000000000002 0.014185110572725536 55.500000000000007 47.500000000000007 1.5000000000000002 66.500000000000014 22.500000000000004 8.5000000000000018 40.500000000000007 60.000000000000007 0.011561079882085325 33.500000000000007 0.016261236742138866 5.5000000000000009 7.5000000000000009 12.500000000000002 1.0000000180025095e-35 0.015504807699471714 70.500000000000014 9.0757918357849139 4.5000000000000009 60.000000000000007 17.500000000000004 11.500000000000002 7.5000000000000009 30.500000000000004 44.500000000000007 23.358599662780765 0.016261236742138866 5.5000000000000009 15.500000000000002 5.5000000000000009 1.5000000000000002 57.500000000000007 43.500000000000007
decision_type=2 2 2 2 2 2 2 2 2 2 2 2 2 2 2 2 2 2 2 2 2 2 2 2 2 2 2 2 2 2 2 2 2 2 2 2 2 2 2 2 2 2 2 2 2 2 2 2 2 2 2 2 2 2 2 2 2 2 2 2 2 2
left_child=3 7 6 -1 8 27 54 -2 -5 10 -10 -12 -13 14 20 29 17 -17 22 -20 21 30 23 28 -4 -26 -27 -6 -18 -7 -9 32 -32 40 -35 36 38 -37 -36 -39 -24 42 45 53 -45 46 -42 48 -43 50 51 -48 -38 -44 -3 -51 57 -22 59 60 -59 -60
right_child=1 2 24 4 5 15 -8 13 9 -11 11 12 -14 -15 -16 16 18 -19 19 -21 56 -23 33 -25 25 26 -28 -29 -30 -31 31 -33 -34 34 35 37 52 39 -40 -41 41 47 43 44 -46 -47 49 -49 -50 55 -52 -53 -54 -55 -56 -57 -58 58 61 -61 -62 -63
leaf_value=0.0077251277115853089 0.01964774738195561 0.017757684029245074 0.017840204256198998 -0.10538104768398977 0.015874523044859319 -0.077924836949446866 -0.090083954332837834 -0.0079010405567434636 0.0099791398047966058 0.018315536707226982 -0.10603491193300518 -0.12222822707615191 0.032260300812593436 0.01313475032627737 -0.090850180493481536 -0.097097006676048994 -0.0053415512182350862 0.053751209409907436 -0.095198878867023426 0.073240118886490194 0.031502395998243081 -0.098114923947591096 0.029130675666578607 0.029094859452241741 -0.098914689519298216 -0.098744597079152008 0.0060190322770097889 -0.0031854206812429019 -0.10585433149100165 0.033599272981163102 -0.11718868346619145 0.0012878934442584703 0.019874538845051942 -0.10672954103289359 0.032043695771217157 -0.093695459368471554 -0.024171641633149558 0.025506436684264569 -0.11137640500011153 -0.1130330907332726 -0.10098418595041499 -0.10836194458939059 -0.093954991815636893 -0.10275377244540128 0.038392379758925163 0.044849964920655308 -0.090336265798616311 0.017643393271346022 0.05082106590476812 0.015659225886513667 -0.098518196926618201 0.030218447370289239 -0.07865181455799132 0.068751301107733684 -0.087303248818022539 -0.15419095697042379 -0.011309203856182046 -0.12410828488158998 -0.10347084386859003 -0.044315486094220292 0.0032845804470221043 0.015404171388112488
leaf_weight=1150.8474507943029 43.561438339878805 7.5113188526593166 144.29207523784135 1.780343799619003 48.266157158068381 1.4098471668548871 7.0540348814101881 443.07764546190447 36.326800168259069 209.60947732033674 5.1966135548427692 2.3274693387793359 5.8179672281257808 53.450684219249524 3.0724915998289353 7.1477663392433879 2.4149348996579629 2.8341267555952072 4.7604385518934569 1.6564453840255735 19.953261943999678 7.4230221288744351 66.405464303679764 7.6351073263213038 2.8755059165414414 1.9681081688031543 191.81331060617231 1637.9395829501736 5.5754955469164997 38.368706797482446 4.1027001750189802 506.28185830707662 1.7101955581456421 3.2122174850665024 19.53547337057535 2.9354632224421939 15.798400993458928 50.47527754958719 1.4699366081040341 1.2309917481616128 2.0852543879300347 2.2905137883499265 0.83387196110561435 7.346125999116337 1.3925508074462412 10.268531608395277 1.8210529050556941 141.01286225544754 1.2043358460068696 26.396558612002995 4.2452403230126929 6.0678373300470412 8.706978351576252 2.5064040282741189 1.7682860319036988 0.55460986797697742 1040.8768114005579 1.7470752992667247 1.9163210608530779 26.674148882739246 50.183890720596537 47.698721318476601
leaf_count=13118 2787 180 2512 705 460 160 347 89128 308 2753 104 87 44 3814 446 435 55 16 201 1 402 629 502 55 180 222 6702 127289 143 547 361 150425 54 160 210 237 608 1060 65 82 113 54 26 368 5 67 46 2455 11 442 105 57 518 12 46 38 775382 288 240 4970 2951 6873
internal_value=-8.60091e-05 -0.00459639 0.00725899 0.00323096 0.00107309 -0.00037182 -0.04019 -0.00647748 0.0128944 0.0137065 -0.00574415 -0.0485544 -0.0118831 -0.00699287 -0.00749216 0.00813434 0.00604629 -0.0542672 0.007552 -0.0517183 -0.00737313 -0.00418021 0.00851873 -0.0243798 0.0095321 0.00343624 0.00495502 -0.00263985 -0.0754765 0.0296466 -0.0034502 0.000400778 -0.0768637 0.0098794 -0.000715881 0.00268432 -0.0132808 0.0159816 0.0220073 0.0222082 0.0138701 0.00899869 -0.00675379 -0.0502864 -0.0802614 0.00346856 -0.00685256 0.0159227 -0.053507 -0.00183051 -0.0329138 0.00238988 -0.0435289 0.028133 -0.00226233 0.012164 -0.00995795 -0.000465805 -0.00544061 -0.0156996 -0.0010012 0.0108128
internal_weight=6156.72 2609.01 357.283 3547.71 2396.86 2135.8 16.3336 2251.73 261.059 259.278 49.6689 13.3421 8.14544 2208.17 2154.72 449.599 409.82 9.98189 399.838 6.41688 2151.65 962.595 393.421 15.6255 340.949 196.657 193.781 1686.21 7.99043 39.7786 955.172 512.095 5.8129 377.796 103.365 100.153 45.5108 54.6417 21.0054 51.7063 274.431 208.026 63.518 12.079 8.73868 51.4391 41.1706 144.508 3.49485 39.0853 12.1341 7.88889 24.5054 3.34028 9.2796 26.9512 1189.05 148.173 128.22 78.6051 51.931 49.615
internal_count=1202661 1048939 10189 153722 140604 136603 573 1038750 4001 3296 543 235 131 1035963 1032149 8854 8147 451 7696 202 1031703 240597 7494 253 9616 7104 6924 127749 198 707 239968 150840 415 7241 2940 2780 1401 1379 275 1142 4301 3799 1279 411 373 868 801 2520 65 688 208 103 1126 38 226 480 791106 15724 15322 8209 3239 7113
is_linear=0
shrinkage=0.05


Tree=80
num_leaves=63
num_cat=0
split_feature=19 3 8 8 0 14 6 16 16 3 16 0 0 0 17 6 17 16 6 7 0 0 1 0 16 13 8 3 3 8 1 3 17 16 0 12 10 6 8 1 12 17 8 16 10 13 17 3 17 0 10 10 8 3 10 8 17 1 13 8 21 16
split_gain=35.6891 26.3705 17.3906 15.0774 12.3893 8.5597 8.04801 8.95952 9.39021 8.01609 7.55676 21.2218 15.6666 8.43418 10.6061 10.5241 10.4908 7.22302 12.5673 9.63445 8.46327 10.1104 13.2435 8.48654 12.4397 22.1854 13.0595 11.5511 7.20046 7.84199 9.23301 6.73478 6.71706 6.57332 6.53333 6.45139 10.9711 10.4827 11.3737 11.0435 10.0076 12.7659 9.41201 12.7141 14.2111 12.4233 10.8172 9.07035 14.291 10.4647 8.15366 9.53039 9.33655 6.60919 6.34836 12.6365 10.8501 7.3014 10.7626 7.98125 8.87901 6.72315
threshold=3.580557227134705 0.016001024283468727 12.500000000000002 1.0000000180025095e-35 100.00000000000001 15.500000000000002 3.5000000000000004 4.5000000000000009 12.500000000000002 0.014185110572725536 55.500000000000007 39.500000000000007 69.500000000000014 58.500000000000007 7.5000000000000009 1.0000000180025095e-35 1.5000000000000002 17.500000000000004 60.000000000000007 0.012739370577037336 9.5000000000000018 2.5000000000000004 0.015504807699471714 11.500000000000002 1.0000000180025095e-35 0.014599318150430919 10.500000000000002 0.010929288342595102 0.014815627597272398 11.500000000000002 0.014389234129339458 0.011173533275723459 3.5000000000000004 81.500000000000014 7.5000000000000009 7.5000000000000009 1.5000000000000002 5.5000000000000009 2.5000000000000004 0.016261236742138866 8.5000000000000018 7.5000000000000009 7.5000000000000009 22.500000000000004 5.5000000000000009 0.015504807699471714 7.5000000000000009 0.016261236742138866 1.5000000000000002 2.5000000000000004 1.5000000000000002 2.5000000000000004 1.5000000000000002 0.016261236742138866 13.500000000000002 13.500000000000002 6.5000000000000009 0.015504807699471714 0.013072453904896976 3.5000000000000004 6.5000000000000009 25.500000000000004
decision_type=2 2 2 2 2 2 2 2 2 2 2 2 2 2 2 2 2 2 2 2 2 2 2 2 2 2 2 2 2 2 2 2 2 2 2 2 2 2 2 2 2 2 2 2 2 2 2 2 2 2 2 2 2 2 2 2 2 2 2 2 2 2
left_child=1 2 4 -3 10 -4 7 -6 -9 -10 13 -12 -13 17 16 -16 -15 18 19 -1 21 -21 28 -22 25 32 -27 -26 29 30 -23 -14 -25 35 -30 37 -37 42 39 -39 41 -38 43 44 -5 46 -45 50 -49 -50 -47 -52 -53 -46 61 56 57 58 -56 -59 -61 -42
right_child=-2 3 5 33 6 -7 -8 8 9 -11 11 12 31 14 15 -17 -18 -19 -20 20 23 22 -24 24 27 26 -28 -29 34 -31 -32 -33 -34 -35 -36 36 40 38 -40 -41 54 -43 -44 45 53 47 -48 48 49 -51 51 52 -54 -55 55 -57 -58 59 -60 60 -62 -63
leaf_value=-0.11188587775748007 0.0071791730068757748 0.025850613320098643 -0.044469291966820076 0.02943296873089701 -0.10945511902958359 -0.0051164747551399143 -0.002861474169443599 0.056652962355898055 -0.024669632883349696 -0.17558669170305849 0.019373947631174518 -0.1078901875282121 0.02166821745429413 -0.10461976188230626 0.042837881085553517 -0.11396229923829233 0.032626066503226595 -0.0018894299233118636 0.030787637867049519 0.010964331375898955 0.045662870512469082 0.0090746714391820565 -0.10812764075013764 -0.08932185202996086 -0.10661615905124187 -0.12017769252971743 0.016298301890783636 0.038818421887263754 0.0095323807056183468 0.078719037689260099 -0.12176030854905801 -0.10827752053973479 0.045543143709511957 -0.11945949811606571 -0.10653069346445912 -0.12988973869816786 -0.12906445298804961 -0.16110946326806067 0.02696048048821827 0.021832253776669475 -0.02575782642247151 0.046809374094400669 0.019611658547411571 -0.12133825275334381 0.019287318513411339 0.025239961120522764 0.0411600053415586 0.023839317271769831 -0.037248538590231944 -0.12830557312224203 -0.096133551016104657 -0.11880515747549417 0.019874228416278894 -0.11749096188255181 0.036893953322562345 0.0015942496268344941 -0.11600921764344947 0.010106347888511606 -0.10687685337841424 -0.11665086140362718 0.035568409462055944 0.023912743890158503
leaf_weight=1.8650489209685464 1424.1079299419653 95.818292261625174 13.882306024086573 31.699243995244615 3.079957314184866 2985.3823329214174 105.29947804482072 3.561947568319737 46.048575559980236 0.89702488481998344 149.80654480785597 5.8336887287441623 6.3490880514727905 1.4355665158946056 1.7694041049107907 2.7077138375025234 46.257999576628208 568.65378921374213 50.444719583494589 27.020323980133981 17.195433409768157 1.9948902174364826 4.7247215965762726 1.0506785872858033 1.4647422106936598 6.4809066846501073 2.4027721355669192 20.110644440865144 15.973151386948304 0.89908295311033803 4.1612836084095761 1.1828670315444467 7.6126584166195244 1.069820521166547 1.3121142252348352 1.6275952967116598 3.1813029926270238 1.6123589875642201 91.033206182648428 1.6891699437983334 7.9640351859852663 1.5270524099469183 54.073620828334242 4.7902972628362468 1.3349843285977834 20.847902970039286 1.3026255334261803 8.2819435959681886 17.785537489224229 3.8357761540682977 3.4660605713725063 1.4149764962494344 8.531145690474661 2.6096941344439983 7.1138797071762436 211.51699504756834 3.7320008899550876 3.2580359468702227 1.5932541993679477 4.8951564198359829 1.1911033056676386 47.121537056518719
leaf_count=58 48839 443 48389 125 605 1043512 28416 62 5651 58 2090 595 325 194 26 235 1357 10920 720 207 110 30 92 99 76 342 25 148 145 5 171 92 179 52 36 49 101 45 537 14 123 8 347 103 7 111 10 39 127 66 61 16 63 22 70 5882 80 23 36 78 3 451
internal_value=0.000236046 -0.00184437 -0.0033214 0.00754684 0.00203272 -0.00529862 -0.0108891 -0.0266635 -0.0216148 -0.0275533 0.00419683 0.0139879 -0.0463803 0.00216302 0.0215878 -0.0519932 0.028495 0.00078117 0.0100011 0.000824745 0.00269489 -0.0110533 -0.0315219 0.0163864 0.00351857 -0.0277451 -0.083265 0.0289449 -0.016652 -0.0592184 -0.0793636 0.0012607 0.0291869 0.00435863 0.000722102 0.0045999 -0.000434789 0.0104347 0.0236542 -0.0675105 0.000284093 -0.0720236 0.00263929 -0.00602696 0.0182958 -0.0183669 -0.0865972 -0.0118878 -0.0320099 -0.0534027 0.00567538 -0.0247358 0.000145125 -0.0712015 0.00146463 -0.00214012 -0.0384008 -0.0223558 0.0105864 -0.0530518 -0.086861 0.0167316
internal_weight=6176.89 4752.78 4106.86 645.919 1107.6 2999.26 158.887 53.5875 50.5075 46.9456 948.71 163.172 13.3656 785.538 52.1707 4.47712 47.6936 733.367 164.713 114.268 112.403 56.0856 29.0652 56.3178 39.1224 17.547 8.88368 21.5754 24.3405 7.05526 6.15617 7.53196 8.66334 550.1 17.2853 549.03 294.722 254.309 94.3347 3.30153 293.094 4.70836 159.974 105.9 35.6439 70.2563 6.09292 64.1633 29.9033 21.6213 34.2601 13.4122 9.94612 3.94468 288.386 233.3 21.7834 18.0514 8.70713 9.3443 6.08626 55.0856
internal_count=1202901 1154062 1144970 9092 53069 1091901 34792 6376 5771 5709 18277 3102 1012 15175 1812 261 1551 13363 2443 1723 1665 686 479 979 869 645 367 224 387 206 201 417 278 8649 181 8597 6904 1693 596 59 6855 109 1097 750 154 596 113 483 232 193 251 140 79 29 6746 6172 290 210 106 104 81 574
is_linear=0
shrinkage=0.05


Tree=81
num_leaves=63
num_cat=0
split_feature=19 2 8 14 1 17 6 1 1 4 10 16 4 4 16 17 16 5 1 6 10 16 8 8 1 16 4 4 17 6 4 6 16 10 17 5 10 6 16 4 16 5 16 16 16 12 10 16 1 16 12 17 17 10 2 2 1 4 8 8 2 2
split_gain=32.1247 27.7229 16.9256 11.35 10.1517 9.74799 9.8786 9.6571 10.5688 13.7137 20.4991 16.7826 20.6242 17.6914 12.8521 18.4591 11.1603 10.47 10.2533 9.29816 10.2618 14.1382 10.4621 12.0019 9.68104 8.82204 8.75238 13.0184 8.5952 13.5683 8.09218 7.96154 8.65639 7.88134 13.733 13.9689 14.823 8.97057 16.4029 7.00764 10.3069 6.99182 6.90481 6.89688 7.01124 15.1569 13.128 8.53593 6.74527 8.08351 10.1165 7.82262 8.47814 8.76131 7.68161 7.21656 8.95603 7.29072 6.6603 10.6041 11.879 10.3956
threshold=3.580557227134705 2.5000000000000004 3.5000000000000004 15.500000000000002 0.0063492704648524531 3.5000000000000004 3.5000000000000004 0.015749008394777778 0.011299795936793091 4.5000000000000009 3.5000000000000004 61.500000000000007 22.500000000000004 7.5000000000000009 51.500000000000007 4.5000000000000009 63.500000000000007 0.012422839645296337 0.012903762981295587 60.000000000000007 7.5000000000000009 38.500000000000007 1.0000000180025095e-35 1.5000000000000002 0.013986697886139156 70.500000000000014 21.500000000000004 83.500000000000014 5.5000000000000009 17.500000000000004 40.500000000000007 3.5000000000000004 52.500000000000007 2.5000000000000004 5.5000000000000009 0.015504807699471714 5.5000000000000009 60.000000000000007 18.500000000000004 9.5000000000000018 39.500000000000007 0.009756329935044052 4.5000000000000009 21.500000000000004 34.500000000000007 1.0000000180025095e-35 1.0000000180025095e-35 39.500000000000007 0.012579114176332952 48.500000000000007 17.500000000000004 3.5000000000000004 1.5000000000000002 3.5000000000000004 3.5000000000000004 73.500000000000014 0.0085107926279306429 6.5000000000000009 12.500000000000002 14.500000000000002 18.500000000000004 15.500000000000002
decision_type=2 2 2 2 2 2 2 2 2 2 2 2 2 2 2 2 2 2 2 2 2 2 2 2 2 2 2 2 2 2 2 2 2 2 2 2 2 2 2 2 2 2 2 2 2 2 2 2 2 2 2 2 2 2 2 2 2 2 2 2 2 2
left_child=1 5 4 -4 26 6 -1 8 28 14 30 12 13 42 33 16 -16 -13 -14 20 24 -22 -23 -24 -6 -26 -3 -28 29 -7 -11 43 -33 -10 37 -36 -37 38 -35 -25 -41 -32 -12 -29 45 -45 47 -46 49 50 54 52 55 -54 -5 56 57 -52 -50 60 61 -60
right_child=-2 2 3 48 19 7 -8 -9 9 10 11 17 18 -15 15 -17 -18 -19 -20 -21 21 22 23 39 25 -27 27 31 -30 -31 41 32 -34 34 35 36 -38 -39 -40 40 -42 -43 -44 44 46 -47 -48 -49 58 -51 51 -53 53 -55 -56 -57 -58 -59 59 -61 -62 -63
leaf_value=0.021777898748663076 0.0067782509018950365 0.036217413776652725 -0.052983432161849857 -0.11004330889055823 0.016639564298557143 0.019504436318602325 0.0056144453639151957 0.0071304470304472279 0.028346263105097014 -0.13166087846387667 -0.12363577967287687 -0.1450564768319309 -0.10801102690955143 -0.11578223540961968 -0.16602563331653333 -0.13526155777112109 0.052966674538813534 0.045071325867220034 0.017533658266137876 0.023538150169635438 -0.061398762039182243 0.038147178322076314 -0.11193175802188425 0.030806354746848397 -0.005042477525230505 0.042110483178603005 -0.11254155591023943 -0.10333715567723721 0.02824262361106113 -0.10407579197454941 -0.14932588179945483 0.014540569383446581 -0.061449020991552333 0.024482984320540715 0.027715410635286614 0.016513182546493102 -0.079847658629571036 0.02892108812132238 -0.13652711510373122 0.078730835649251554 -0.10298850571761538 0.068000890226701735 -0.010736885124901169 -0.13851590778432951 -0.14723739938850022 0.031660553432914483 -0.093829967165976899 0.0053314307402114215 0.0046645300621357627 -0.002811361531409531 -0.10970324292664353 -0.0076850563702672327 0.03015023233484317 -0.023937866621873839 0.00063724662718825245 -0.021654906724725878 -0.019209815651264825 0.017138885360257771 -0.038886296651649263 -0.0029588224358614926 -0.10631078099529044 0.040484312117037777
leaf_weight=157.07398001046386 1428.1319921484683 8.585072939982636 12.213972280409505 1.5777690245304246 149.06646963278763 6.0311611741781235 237.40064986958168 299.50327116379049 24.517223724746145 6.4013612436829117 1.5646153676789278 0.77584388013929029 1.8142299051396573 10.342228689463807 0.7044234338682126 4.1483056941069663 3.3415779434144497 10.855635468848048 15.702168157557024 79.839998748968355 13.328085548244415 11.235468898899851 3.1881606541573992 6.5003212101291883 133.37154287425801 10.716580618405713 3.4113250032532951 2.9115010766545231 31.041546536842361 3.5159106093924475 0.56541932281106677 29.170134578773293 4.3002193403663105 4.2512303970288476 7.2669722053688046 5.5129632763564631 14.455678615253415 27.081637051422149 2.5191290925722569 1.0710168490186336 2.8747218835633248 1.0712713003158569 10.0747195353033 1.5133167062886048 1.004823512397709 9.6644261479377764 7.2968037415994322 10.4614670809824 301.50707989640068 881.78954721116315 1.1577184451743949 565.90900477807736 7.7219421530026002 246.0389022797317 244.46842968990677 51.314610129702487 31.277741945465095 52.801501085574273 16.781181653146639 942.36681876319926 4.7719271813984951 5.470214426983147
leaf_count=784 48839 227 48398 124 2251 101 4605 2458 117 183 67 85 206 684 37 209 18 105 430 867 504 118 143 64 1491 49 577 570 1520 853 28 2810 1539 30 65 35 398 296 79 13 201 2 277 171 114 465 2034 605 5526 285141 368 419718 877 173325 35962 58103 4739 21503 541 70830 340 82
internal_value=0.000203754 -0.00177534 -0.00360889 -0.00487183 0.00507844 0.00619215 0.0120505 0.00150514 -0.00719933 -0.0132178 -0.0320676 -0.0203985 -0.0359436 -0.0681962 -0.00132751 -0.0611481 0.0148393 0.0323894 0.00453059 0.0082209 0.00453018 -0.019846 0.00242283 -0.0270163 0.00770637 -0.00153547 -0.0114202 -0.0172849 0.0154824 -0.0260066 -0.106294 -0.0123853 0.00477754 0.00439867 -0.00521259 -0.0316427 -0.0532443 0.0160518 -0.035426 -0.00109994 -0.0536633 -0.0070779 -0.0259133 -0.0298711 -0.0227271 0.00862094 -0.0414021 -0.00803861 -0.00469668 -0.00644744 -0.00911428 -0.0114408 -0.0168863 -0.022292 -7.24914e-05 -0.00684063 0.0020779 0.0144174 -0.00182573 -0.00384438 -0.0347258 -0.0193741
internal_weight=6172.34 4744.21 3856.68 3367.17 489.511 887.533 394.475 493.059 193.555 152.967 59.1675 51.1294 39.498 21.9816 93.7991 8.19431 4.046 11.6315 17.5164 411.192 331.352 38.1978 24.8697 13.6342 293.155 144.088 78.3191 69.734 40.5886 9.54707 8.03805 66.3227 33.4704 85.6048 61.0876 27.2356 19.9686 33.852 6.77036 10.4461 3.94574 1.63669 11.6393 32.8523 29.9408 11.1777 18.7631 11.4663 3354.95 2084.06 1202.27 956.221 390.312 253.761 246.046 136.552 85.237 53.9592 1270.9 969.39 27.0233 22.2514
internal_count=1202901 1154062 1140390 1125577 14813 13672 5389 8283 5825 3351 2067 1854 1664 1028 1284 264 55 190 636 5701 4834 1043 539 421 3791 1540 9112 8885 2474 954 213 8308 4349 1020 903 498 433 405 109 278 214 30 344 3959 3389 636 2753 719 1077179 999860 714719 678633 258915 174202 36086 84713 26610 21871 77319 71793 963 623
is_linear=0
shrinkage=0.05


Tree=82
num_leaves=63
num_cat=0
split_feature=21 19 14 16 1 2 16 16 16 2 16 6 19 19 19 4 2 14 16 16 19 21 4 17 12 21 12 16 16 13 12 4 1 16 19 4 1 2 1 15 14 19 1 2 14 2 14 17 12 4 4 4 1 17 1 16 1 4 17 16 7 19
split_gain=32.7663 14.165 12.882 9.40057 13.5454 8.7706 10.0743 9.13343 8.68468 9.7096 16.6329 8.24769 8.20091 9.0687 12.8363 13.3833 8.29372 9.20043 8.87332 7.81732 14.7693 7.79794 7.23786 7.01778 9.56428 9.24198 6.934 7.02977 6.87522 6.54138 13.4278 6.40958 11.9751 20.0629 11.0291 21.0147 10.6957 10.3243 9.75899 9.154 8.22262 15.0612 10.2024 9.12199 8.1883 8.30505 9.21859 7.60227 6.38893 6.34408 6.32684 7.05518 8.56264 9.46774 8.87853 6.82819 6.61436 6.31292 6.31037 13.9317 10.4928 8.25846
threshold=3.5000000000000004 4.2452108860015878 60.000000000000007 69.500000000000014 0.013986697886139156 71.500000000000014 86.500000000000014 43.500000000000007 80.500000000000014 11.500000000000002 85.500000000000014 60.000000000000007 13.735037326812746 14.57145929336548 15.635612010955812 1.5000000000000002 2.5000000000000004 1.0000000180025095e-35 68.500000000000014 67.500000000000014 17.176822662353519 4.5000000000000009 3.5000000000000004 3.5000000000000004 1.5000000000000002 2.5000000000000004 7.5000000000000009 11.500000000000002 87.500000000000014 0.015504807699471714 2.5000000000000004 14.500000000000002 0.0079682543873786944 64.500000000000014 20.432101249694828 26.500000000000004 0.0098524559289217013 14.500000000000002 0.0094788861460983771 0.015749008394777778 1.5000000000000002 24.874732017517093 0.016001024283468727 22.500000000000004 2.5000000000000004 41.500000000000007 15.500000000000002 7.5000000000000009 16.500000000000004 70.500000000000014 11.500000000000002 44.500000000000007 0.014815627597272398 3.5000000000000004 0.0098524559289217013 66.500000000000014 0.0077221228275448093 20.500000000000004 7.5000000000000009 56.500000000000007 0.015268065501004459 21.882502555847172
decision_type=2 2 2 2 2 2 2 2 2 2 2 2 2 2 2 2 2 2 2 2 2 2 2 2 2 2 2 2 2 2 2 2 2 2 2 2 2 2 2 2 2 2 2 2 2 2 2 2 2 2 2 2 2 2 2 2 2 2 2 2 2 2
left_child=1 2 -1 12 28 6 8 23 -4 10 -10 -9 16 21 15 -15 -2 18 29 31 -21 -14 -13 24 -7 48 -25 -28 -5 -18 -31 36 -33 34 35 -34 -16 -37 -39 -40 41 43 -43 -36 -42 49 -47 -35 -26 -46 56 52 54 55 -52 -54 -24 -49 -38 60 61 -60
right_child=3 -3 5 4 -6 7 -8 11 9 -11 -12 22 13 14 19 -17 17 -19 -20 20 -22 -23 50 26 25 -27 27 -29 -30 30 -32 32 33 47 40 37 58 38 39 -41 44 42 -44 -45 45 46 -48 57 -50 -51 51 -53 53 -55 -56 -57 -58 -59 59 -61 -62 -63
leaf_value=-0.051471831899602999 0.0064295787257375864 0.00506827248734186 -0.0030555825611935047 0.0014537485327765294 0.02601394672205562 0.044024886193673667 -0.10144200418857018 -0.034387524075421776 -0.12586004840381435 0.023103064214664709 0.054219696817724788 -0.084530746457118 -0.081765096958588496 0.041951266379910937 -0.089592843977942468 -0.069464199420163769 -0.099481223218165937 0.00021861047058454501 0.073390305625111382 0.037145376083900582 -0.096215135752132752 0.04842949020581426 -0.041372863901093425 -0.074935723353315359 0.026010633639914928 -0.063362680406202007 0.005597566149598737 -0.013055324902637609 0.041034184297554711 -0.11379501612339288 0.060755612908724534 0.024321428087507192 -0.094291016539018349 -0.1018720143911076 0.042756504188344972 -0.093081715261669737 0.020951447285679031 -0.088063855138827585 0.030351085960731407 -0.093166193254614491 0.045613046362462883 -0.097387804688942162 0.041689144188056401 -0.10817517546902689 0.015612190617037114 -0.092982487104841138 0.061929693684836411 0.07559604996349617 -0.022907270311652978 -0.089315196791009799 -0.014158464032218404 -0.00083593352151757573 0.064389528603760585 -0.10092775732255316 -0.061521618861135219 -0.120234121303323 0.040165254107847839 -0.089692560985076678 -0.094847465831946046 -0.099837043184020147 -0.098735643147656219 0.029302765663478621
leaf_weight=14.801664519403856 678.70030012214556 408.25640230136923 1578.4312831171555 174.34203303721733 111.01216348086018 5.2987286790157659 2.5693766656331709 21.28638194296218 2.9781246935017398 52.705371215939522 2.251804786734283 2.6768315066583446 1.2199891086202139 3.6702684089541426 2.3543948483420527 10.146886949078178 5.3237253496190498 1767.5233743588324 1.3794689178466804 3.663319204002617 4.7915671628434211 20.074891050346196 2.9734722977154915 3.9050305427226695 7.0105456824894636 13.803428165178046 70.382658094677026 178.90746606858738 11.708301661536096 1.9945785056333987 2.461568505037576 51.346587045816705 8.0193508940283191 6.8514319690875691 7.7751054024556669 2.7463210532441762 175.60538035212085 2.3020311197033179 18.842074982007038 1.6297592427581538 18.266073416452848 6.7164452831493673 1.6407952513545749 1.1490220818668602 56.904586399323314 3.7894660092424601 1.2863586293533433 1.3059422969818117 139.33256620968314 1.4779731002636243 34.385526933110668 382.90467509622977 6.4265993728768063 1.2210852098651228 13.892198838177135 0.54313282947987307 15.207906888797877 1.0359024317003784 1.4460327038541532 3.4077670825645319 2.049535624915733 18.182515363674611
leaf_count=63532 6009 29509 303120 5268 1110 239 312 20692 241 1622 12 1361 103 16 128 458 581 66700 2 40 131 148 2893 2615 3466 5276 73388 201018 143 78 22 600 314 157 58 99 1443 124 251 71 115 194 10 61 496 125 14 2 158897 37 25124 218492 178 281 3704 66 1354 31 63 97 46 164
internal_value=0.000208285 -0.0035796 -0.00496202 0.00372106 0.0121919 -0.00469089 -0.00251306 -0.00865611 -0.00235773 0.0166551 -0.0483247 -0.00395996 0.00285247 0.00914145 0.00752148 -0.0398688 0.00172719 -6.71232e-05 -0.0453244 0.00913993 -0.0384329 0.0409706 -0.00255264 -0.0140576 -0.0220661 -0.0242528 -0.00882462 -0.00778901 0.00394458 -0.0620693 -0.0173735 0.0101553 0.0036332 -0.00386136 0.00109286 -0.0236876 0.0163575 -0.00150152 0.00954222 0.0205179 0.00948757 -0.0218476 -0.0700825 0.0233234 0.0161137 0.00762247 -0.0537233 -0.0752896 -0.0205639 0.0129559 -0.00207304 -0.00326906 -0.0197677 0.0275017 -0.0277875 0.0500023 0.0268301 0.00248152 0.0176004 -0.00585741 0.00891607 0.0201566
internal_weight=6156.3 2962.15 2553.9 3194.14 297.062 2539.09 1638.94 900.158 1636.37 57.9353 5.22993 481.518 2897.08 439.698 418.403 13.8172 2457.38 1778.68 11.1593 404.586 8.45489 21.2949 460.231 418.64 165.445 160.147 253.195 249.29 186.05 9.77987 4.45615 396.131 193.085 141.739 132.545 33.5395 203.046 25.5202 22.7739 20.4718 99.0058 17.2814 8.35724 8.92413 81.7245 63.4584 5.07582 9.19328 146.343 58.3826 457.555 439.373 56.4685 8.19082 48.2777 6.96973 18.1814 2.34184 200.691 25.0859 21.6781 19.6285
internal_count=1202901 1117392 1087883 85509 6521 1024351 305307 719044 304995 1875 253 274145 78988 5596 5345 474 73392 67383 683 4871 171 251 253453 444899 167878 167639 277021 274406 5411 681 100 4700 2759 2159 1969 859 1941 545 446 322 1110 323 204 119 787 672 139 190 162363 533 252092 247845 29353 525 28828 244 4247 33 1813 370 273 227
is_linear=0
shrinkage=0.05


Tree=83
num_leaves=63
num_cat=0
split_feature=21 19 14 16 0 19 14 0 16 16 17 0 4 0 4 17 2 0 6 7 19 19 0 16 16 3 2 0 16 2 6 4 5 4 16 6 10 16 21 4 10 0 2 19 19 19 16 19 19 4 4 19 19 19 7 10 16 19 16 16 0 0
split_gain=30.7906 12.4037 12.2238 10.023 11.9215 9.39366 15.6002 8.06432 8.01026 16.8409 6.80053 6.62854 6.5397 25.5703 9.72371 6.92837 22.3734 14.2727 14.6682 11.4923 9.62109 12.5527 6.50743 6.41353 8.7206 10.1464 10.2648 9.28402 8.99112 6.78274 12.097 6.93886 6.55433 6.3466 6.32455 6.37659 6.2234 6.67171 6.9448 9.27137 6.58353 6.14618 6.07197 7.88826 10.6686 7.82503 7.50364 7.14947 6.79705 6.18373 10.7416 6.06329 6.05431 7.79124 5.81253 7.09339 5.778 5.74535 10.4581 5.49824 7.42201 7.38184
threshold=3.5000000000000004 4.2452108860015878 60.000000000000007 64.500000000000014 10.500000000000002 17.513369560241703 1.0000000180025095e-35 21.500000000000004 73.500000000000014 72.500000000000014 6.5000000000000009 1.0000000180025095e-35 32.500000000000007 45.500000000000007 35.500000000000007 4.5000000000000009 15.500000000000002 20.500000000000004 5.5000000000000009 1.0000000180025095e-35 20.216666221618656 21.882502555847172 22.500000000000004 87.500000000000014 76.500000000000014 0.010811126790940763 100.00000000000001 15.500000000000002 80.500000000000014 14.500000000000002 9.5000000000000018 75.500000000000014 0.0094788861460983771 1.5000000000000002 43.500000000000007 60.000000000000007 2.5000000000000004 21.500000000000004 1.5000000000000002 16.500000000000004 18.500000000000004 2.5000000000000004 14.500000000000002 30.30601787567139 28.241104125976566 13.197630882263185 57.500000000000007 8.6729841232299822 5.9585900306701669 2.5000000000000004 13.500000000000002 26.024694442749027 12.878506660461428 9.6362013816833514 0.016001024283468727 10.500000000000002 89.500000000000014 11.97587299346924 84.500000000000014 71.500000000000014 15.500000000000002 3.5000000000000004
decision_type=2 2 2 2 2 2 2 2 2 2 2 2 2 2 2 2 2 2 2 2 2 2 2 2 2 2 2 2 2 2 2 2 2 2 2 2 2 2 2 2 2 2 2 2 2 2 2 2 2 2 2 2 2 2 2 2 2 2 2 2 2 2
left_child=1 2 -1 5 -5 6 41 8 9 59 -10 -8 13 15 -14 -6 20 19 -19 -18 -17 -22 -9 24 27 26 -26 -16 -28 30 31 -29 57 -15 36 -36 -24 38 39 -38 -41 52 45 44 49 46 -3 48 -48 -44 -51 -52 53 -2 -43 -56 -37 -27 -59 -4 61 -61
right_child=3 42 7 4 12 -7 11 22 10 -11 -12 -13 14 33 23 16 17 18 -20 -21 21 -23 34 -25 25 32 28 29 -30 -31 -32 -33 -34 -35 35 56 37 -39 -40 40 -42 54 43 -45 -46 -47 47 -49 -50 50 51 -53 -54 -55 55 -57 -58 58 -60 60 -62 -63
leaf_value=-0.051400997598993407 0.060553233349829164 -0.049295350768888968 -0.0022066083431216211 0.019684723608522137 0.011533782527223526 0.010442788131687433 0.009331355815542541 -0.037237334629332264 0.017483510682696431 -0.12729259916717645 -0.09474522495123644 0.00075109965351178698 0.042314402071056377 0.00042732550653961558 -0.10993526765479929 -0.11424143158276817 0.047332467312469373 0.02928437756565826 -0.098228073136105654 -0.10279259898642779 0.059132856278299409 -0.089945764963671362 0.030138313703377335 0.04631552317893211 -0.099934619174791836 0.030566498241193563 -0.088630632304459347 -0.10510189603364817 0.020100459181227673 0.015818753612502106 -0.099999067028140071 0.039176509421184301 -0.11250659435487453 -0.095943016812911106 -0.029613782549538351 -0.002403794245968044 0.071573337977459503 -0.013867231439660458 0.002137347215400581 0.060340817209654396 -0.018025548515392977 -0.10024586940665965 0.049472522854849064 -0.095445602334437732 0.052907458173510162 0.048509850060943466 -0.096655598238204549 -0.090582164912770227 0.033895463189994993 -0.088076479585201928 0.0020584017741400499 -0.0938812212745265 0.05371334761860113 -0.11793046209062463 -0.16609412877657448 0.060307133332626064 -0.1083053628731061 -0.103705004439269 0.048417531903000681 -0.13150359027039754 -0.13465387496346395 0.048333143241300239
leaf_weight=13.960240029053237 0.92193334875628297 5.1107616333756622 831.11503945846925 198.24959644384217 70.855527506675571 323.57333910395391 251.96456820552703 17.164909386512591 70.141893014777452 2.6778603906277558 1.3763014792930324 2110.4048072885489 20.60938564769458 2.1114133829250923 1.5905005841050286 6.281062252703121 16.82015344162938 4.1084654703736323 5.0001733415992895 1.3793395082466293 2.5117361955344677 3.2251080712303519 9.7256134164344967 9.1116359282750619 6.1012977280188325 12.566303197294479 2.8179307761602104 0.99838015972636629 5.8448541759280488 95.514145036460832 3.6468168278224748 5.0413509514182806 1.105266393162309 8.9509712455328536 22.397570033754164 814.29464961597114 3.0998113127134266 458.3074490436702 173.86195827633492 2.747791891131782 108.67753257716686 6.6081891010981035 6.6304068015888324 2.0417470070533446 10.446624520234762 17.226223721168935 1.0561379287391961 1.3984476372133929 17.808840120211244 3.372157984180375 342.76719376054825 1.6547930161468674 2.190373778808862 1.8154668954666702 0.46810236480087031 1.3259856700897215 1.2900308405514795 2.4996245778165749 2.0616793613880873 0.60013732966035327 0.64416295709088522 11.602029351051895
leaf_count=63532 8 433 75846 2010 1086 3627 1965 4131 1933 328 401 68115 219 60 114 316 124 53 244 65 6 70 1187 104 324 128 786 49 279 3853 182 51 39 787 20976 337369 3148 372023 53739 2787 149790 660 108 81 47 125 96 94 343 506 27603 73 17 43 39 6 347 70 10 44 107 195
internal_value=0.000236384 -0.00344214 -0.00474232 0.00364369 0.0102303 0.00245046 0.00136189 -0.00448483 -0.000744737 -0.00210209 0.0153238 0.00166625 0.00378376 -0.00508277 0.0101257 0.00219298 -0.0146368 0.0103819 -0.0407134 0.0359545 -0.0714863 -0.0246754 -0.00661568 0.00567039 0.00302107 -0.0194456 -0.0502572 0.00996295 -0.0152688 0.0117757 -0.0280913 0.015327 0.00550412 -0.0775494 -0.00628601 -0.00329409 -0.00960054 -0.0101181 -0.00416004 -0.0137202 -0.016093 -0.0525765 0.00463387 0.00255931 0.00310772 0.0225018 0.00484532 0.0185005 0.0265867 0.00163988 0.00072799 0.00159745 -0.00824317 -0.0578187 -0.0785771 0.00123591 -0.0025713 0.0131195 -0.0349466 -0.00170487 0.0307561 0.0394883
internal_weight=6141.47 2953.2 2543.68 3188.28 489.003 2699.27 2375.7 2529.72 918.157 846.639 71.5182 2362.37 290.753 121.244 169.509 110.182 39.326 27.3081 9.10864 18.1995 12.0179 5.73684 1611.57 148.9 139.788 32.997 14.7641 106.791 8.66278 105.201 9.68655 6.03973 18.2329 11.0624 1594.4 837.982 756.42 746.695 288.387 114.525 111.425 13.3301 409.513 366.913 364.871 42.6004 25.3742 20.2634 18.865 354.425 347.794 344.422 4.92777 2.7374 8.40228 1.79409 815.585 17.1276 4.5613 843.961 12.8463 12.2022
internal_count=1202901 1117392 1087883 85509 11029 74480 70853 1024351 78854 76520 2334 70080 9019 2811 6208 1964 878 486 297 189 392 76 945497 5989 5885 1636 1389 4249 1065 4135 282 100 247 847 941366 358692 582674 581487 209464 155725 152577 773 29509 28418 28337 1091 966 533 439 28290 28182 27676 68 51 705 45 337716 208 80 76192 346 239
is_linear=0
shrinkage=0.05


Tree=84
num_leaves=63
num_cat=0
split_feature=21 19 14 16 19 14 12 18 18 19 12 19 16 18 8 19 10 2 3 16 10 16 16 2 18 2 10 16 16 18 5 2 16 2 14 19 2 16 2 8 2 20 16 10 16 8 6 13 6 19 18 13 6 16 18 7 6 2 18 19 19 5
split_gain=28.0938 12.146 11.543 9.82682 8.85684 7.97542 10.8892 10.6843 7.55144 7.28341 11.2314 8.66432 13.5643 10.0093 9.50598 8.3735 7.28697 7.14109 10.9313 8.2854 10.6281 7.03764 10.3721 8.78865 7.89465 11.5598 7.72465 7.21572 10.9593 9.83736 8.84477 7.06379 11.2225 6.83409 12.5669 9.1667 8.51511 6.45772 10.1969 8.04036 6.38932 11.1796 18.1326 6.75374 16.4884 15.3557 6.91114 14.3613 13.7042 8.59732 6.49929 13.7212 14.5639 14.5202 7.06445 7.93357 6.1405 6.12254 6.3791 6.12594 8.57061 6.05749
threshold=3.5000000000000004 4.2452108860015878 60.000000000000007 64.500000000000014 17.513369560241703 1.0000000180025095e-35 4.5000000000000009 2.5000000000000004 1.5000000000000002 8.1991796493530291 1.0000000180025095e-35 6.0227477550506601 70.500000000000014 6.5000000000000009 1.5000000000000002 7.2388703823089608 9.5000000000000018 68.500000000000014 1.0000000180025095e-35 70.500000000000014 1.0000000180025095e-35 36.500000000000007 23.500000000000004 3.5000000000000004 2.5000000000000004 3.5000000000000004 2.5000000000000004 10.500000000000002 5.5000000000000009 3.5000000000000004 0.012739370577037336 7.5000000000000009 3.5000000000000004 16.500000000000004 8.5000000000000018 6.6848840713500985 19.500000000000004 67.500000000000014 1.0000000180025095e-35 60.000000000000007 1.5000000000000002 1.0000000180025095e-35 39.500000000000007 1.5000000000000002 57.500000000000007 3.5000000000000004 16.500000000000004 0.013072453904896976 1.5000000000000002 6.110328435897828 5.5000000000000009 0.014185110572725536 3.5000000000000004 3.5000000000000004 2.5000000000000004 0.013423423748463394 17.500000000000004 13.500000000000002 2.5000000000000004 30.30601787567139 28.241104125976566 0.015038444194942715
decision_type=2 2 2 2 2 2 2 2 2 2 2 2 2 2 2 2 2 2 2 2 2 2 2 2 2 2 2 2 2 2 2 2 2 2 2 2 2 2 2 2 2 2 2 2 2 2 2 2 2 2 2 2 2 2 2 2 2 2 2 2 2 2
left_child=1 2 -1 4 5 6 7 -2 33 10 15 13 -13 16 -15 -10 -12 -11 19 -19 -21 22 23 27 25 -24 -27 28 30 -29 -4 32 61 -5 35 -35 -36 38 -18 -40 41 43 -43 -7 46 -46 47 48 -45 50 54 -52 53 -53 -49 -56 -23 58 -3 60 -59 -25
right_child=3 57 21 8 -6 40 -8 -9 9 17 11 12 -14 14 -16 -17 37 18 -20 20 -22 56 24 31 -26 26 -28 29 -30 -31 -32 -33 -34 34 36 -37 -38 -39 39 -41 -42 42 -44 44 45 -47 -48 49 -50 -51 51 52 -54 -55 55 -57 -58 59 -60 -61 -62 -63
leaf_value=-0.051331252604285983 -0.10233398390758948 -0.088088224854420666 -0.065102166100636391 0.026469123007150389 0.010039514853063017 0.016947619606820934 -0.096316099836498636 0.035124115877588506 -0.12796045906700101 0.014236916711806075 -0.0088155579107923755 -0.10194429424048629 -0.0073721812692500027 0.037904164744614777 -0.10087342009757208 0.066603790753401546 0.057517397968335993 0.026502639331416718 -0.095098997708097155 0.057665735148433088 -0.10612829355517375 -0.027901083199960253 -0.083923614799002039 0.0043507379795909946 -0.0087035191848248046 0.052812308226708383 -0.021916523573240056 -0.015100801690591593 -0.12184170550103629 0.039554986370761908 0.0091633340814340249 -0.00429500812869548 -0.070969230063045646 0.040587877297584202 -0.10163688236601745 -0.10253749803158713 0.018643166574887002 0.027443814644846944 -0.11277095552633883 -0.0047904853052986307 0.00015343969003420903 0.0043001381069311994 -0.12357118386059887 0.043059493943676037 0.01415455363643401 -0.11997528018186979 0.014842383931710361 0.0063268876762179703 -0.13297754879456336 -0.11059664825496703 -0.13467304747268879 0.024285936862305832 0.040092322918259017 -0.15667670500762876 -0.1322677962575507 -0.014187979234487058 -0.0019833020402405949 0.0018093943101577217 0.026990240684202291 -0.091546167286642402 0.047602340974552265 -0.060786066201916102
leaf_weight=13.147184416342496 1.9065152478870002 1.2433212883770455 4.4111555115086949 103.29225081345066 324.15590087790042 143.24241469224216 4.9436040555592609 5.4684927142225206 2.903408522251993 198.29366017971188 36.175285477889702 5.0500189993763369 15.214011211763134 1.773079043254256 4.0582097952719769 0.68310068268328894 3.2302546084392798 10.036749922437595 3.7047299075638866 1.4451923836022613 3.1469145126175126 23.18893464258872 7.4510776039678595 18.125749123981226 265.79593378906429 3.5517385136336079 131.22427985109971 11.037636120803652 1.8426660491386417 32.397510752081871 43.991731078596786 383.29568636306794 10.538080220081609 1.5087946723215271 1.5367156723514188 4.327108338708058 34.641993708792143 48.093292873352766 2.9486258768010885 4.1507293796166778 1898.8065372648416 7.8979878313839418 4.2719419731292874 1.5641038948670027 3.6721518540289253 5.0936610335484129 123.59918799146544 86.217646659060847 3.7711587809026232 1.6803698269650329 1.3500344408676017 2.4872729657217851 30.620520662516356 1.9996901508420704 1.4697337527759362 44.277890968136489 1578.7233650766866 358.3755171483499 38.30548658571206 1.7170597168151278 10.517605649307368 4.4444691259413949
leaf_count=63532 91 106 887 730 3627 796 604 78 419 2565 1525 461 584 127 680 20 11 203 247 20 273 23465 897 1517 146575 219 86974 438 106 419 800 242636 1180 27 66 163 1419 1068 261 160 66146 61 101 9 29 207 1179 572 179 44 58 16 149 56 42 436 517963 28373 902 81 47 275
internal_value=0.000211332 -0.00331019 -0.00460263 0.00346594 0.00228699 0.00122859 -0.0388984 -0.000410214 0.0100091 0.00594098 -0.00370786 -0.00111679 -0.0309406 0.00490087 -0.0586763 -0.090903 0.00881994 0.0114766 -0.0183791 0.0010501 -0.0545803 -0.00435885 -0.00784908 -0.00309598 -0.0137911 -0.0232988 -0.0199472 0.010741 -0.00216096 0.025666 0.00239521 -0.00620897 -0.0283669 0.0195535 0.00255143 -0.0655343 0.0135342 0.0197398 -0.0161291 -0.0496388 0.00143786 0.00670293 -0.0405858 0.00797885 0.00380506 -0.063786 0.00578638 -0.000593716 -0.0813699 0.00193982 0.00306261 0.0217496 0.0277647 -0.0563631 -0.00209997 -0.0179815 -0.00235848 0.00467201 0.0233724 0.00267644 0.00311501 -0.00847583
internal_weight=6128.04 2943.33 2533.17 3184.71 2698.5 2374.34 12.3186 7.37501 486.214 340.907 124.28 120.694 20.264 100.429 5.83129 3.58651 94.5982 216.627 18.3336 14.6289 4.59211 2520.02 918.108 510.085 408.023 142.227 134.776 93.6807 50.2456 43.4351 48.4029 416.404 33.1083 145.307 42.0146 5.8359 36.1787 58.4229 10.3296 7.09936 2362.02 463.216 12.1699 451.046 307.803 8.76581 299.038 175.438 5.33526 170.103 168.423 36.4575 35.1075 4.48696 131.965 45.7476 1601.91 410.159 39.5488 370.61 368.893 22.5702
internal_count=1202901 1117392 1087883 85509 74480 70853 773 169 11029 8624 5316 4877 1045 3832 807 439 3025 3308 743 496 293 1024351 482923 248258 234665 88090 87193 2650 1793 857 1687 245608 2972 2405 1675 190 1485 1500 432 421 70080 3934 162 3772 2976 236 2740 1561 188 1373 1329 279 221 72 1050 478 541428 29509 1008 28501 28420 1792
is_linear=0
shrinkage=0.05


Tree=85
num_leaves=63
num_cat=0
split_feature=21 16 3 19 17 19 15 16 3 19 8 16 19 4 16 4 4 16 0 0 16 4 4 4 17 0 3 17 3 16 4 4 0 3 10 16 4 0 0 19 4 3 17 16 17 4 4 17 0 0 0 16 3 3 16 3 3 3 3 16 3 10
split_gain=34.3765 14.1552 14.2877 14.5422 11.3397 11.231 12.5064 10.9968 12.7907 9.97417 9.36756 12.0026 8.90522 17.9832 15.7859 12.5045 9.32301 8.69977 11.2589 10.297 14.3206 8.83646 8.97174 12.5696 11.8106 10.8499 9.17506 9.86712 8.91399 11.0122 11.146 10.1719 8.6157 8.19025 8.18531 9.55075 9.65652 8.8852 9.48932 8.18617 8.13568 7.78833 7.67923 7.6081 7.37569 7.32479 21.037 7.66251 16.6754 7.0419 13.838 11.0169 6.88821 16.4035 7.08372 6.8344 7.45047 6.9803 12.0156 8.59687 6.82379 12.1014
threshold=3.5000000000000004 73.500000000000014 0.015268065501004459 8.6299066543579119 3.5000000000000004 33.991844177246101 0.014599318150430919 69.500000000000014 0.0080322581343352812 8.1350202560424822 15.500000000000002 74.500000000000014 7.814871311187745 90.500000000000014 76.500000000000014 81.500000000000014 3.5000000000000004 31.500000000000004 1.0000000180025095e-35 19.500000000000004 39.500000000000007 3.5000000000000004 35.500000000000007 23.500000000000004 3.5000000000000004 18.500000000000004 0.015749008394777778 3.5000000000000004 0.016001024283468727 17.500000000000004 9.5000000000000018 5.5000000000000009 13.500000000000002 0.016261236742138866 18.500000000000004 45.500000000000007 4.5000000000000009 12.500000000000002 16.500000000000004 5.7912888526916513 50.500000000000007 0.014389234129339458 2.5000000000000004 26.500000000000004 5.5000000000000009 36.500000000000007 95.500000000000014 2.5000000000000004 23.500000000000004 57.500000000000007 74.500000000000014 41.500000000000007 0.0094788861460983771 0.0081634009256958979 63.500000000000007 0.014389234129339458 0.0093025267124176043 0.01197647722437978 0.013986697886139156 71.500000000000014 1.0000000180025095e-35 60.000000000000007
decision_type=2 2 2 2 2 2 2 2 2 2 2 2 2 2 2 2 2 2 2 2 2 2 2 2 2 2 2 2 2 2 2 2 2 2 2 2 2 2 2 2 2 2 2 2 2 2 2 2 2 2 2 2 2 2 2 2 2 2 2 2 2 2
left_child=1 2 3 9 -3 60 -7 49 -9 34 -6 -12 13 16 -15 -14 -13 21 -19 32 -21 -4 23 25 -24 26 27 42 -28 30 31 -30 -20 -34 -1 36 41 39 55 52 -38 -36 -23 -27 -10 -22 -47 -48 -49 51 -51 -5 53 54 -37 56 -39 -58 59 -59 61 -2
right_child=5 4 17 7 10 6 -8 8 44 -11 11 12 15 14 -16 -17 -18 18 19 20 45 22 24 -25 -26 43 28 -29 29 -31 -32 -33 33 -35 35 37 40 38 -40 -41 -42 -43 -44 -45 -46 46 47 48 -50 50 -52 -53 -54 -55 -56 -57 57 58 -60 -61 -62 -63
leaf_value=0.0067994370745432303 -0.011211700800577998 0.012387947723681212 0.021991617831214443 -0.080830776962661346 0.024358890080871984 -0.090614696049349852 0.023484636946761037 -0.092989242654758886 0.04713998427979009 -0.056028474036479939 -0.059813033983849434 -0.12937882397808559 -0.095294076277403467 0.011043114028544909 -0.05946530327499347 0.017382317673726274 0.010986671053633511 0.01847887671272953 -0.015223159790356627 -0.072014440142525324 0.026549262152828313 -0.12117349706345236 -0.084163907786926451 -0.12020811161966856 0.04013656185360711 0.044043377324269335 0.023659951759149016 -0.11589656977685325 -0.13692966267932613 -0.1259066840245526 -0.15857190860216916 0.038433879821547209 -0.11239844581755475 0.00012661383895310897 -0.021579125542070719 -0.021508645300728373 -0.0051066467830962366 -0.062007814710483514 -0.0057155680199448616 -0.091509806834379023 -0.014390177541173591 -0.067075086383724156 0.037930947752610029 -0.09654204218200213 -0.096145438622274149 -0.10356606472838666 0.049092272919257746 0.068821927030032246 -0.093831580345655252 -0.10049680382595078 0.0060567966433161778 0.030590475205287501 0.012174379165179673 -0.092642687601696083 0.020881444840622682 -0.11212009408969724 0.013150028195962305 -0.095280029791179499 0.04027938267756101 0.05854480401104703 0.0037833556060061328 0.025023062438051653
leaf_weight=93.317203497121227 161.3950553862087 225.19361224252498 98.556802501436323 2.3250515104737124 23.557459899340756 2.4649318312294772 93.505378416622989 5.7767533884616551 4.0283103217370808 10.714630996342747 11.015222549962344 1.2177363606169809 2.6003329807426772 11.001102095237 28.513358367839828 46.386645741760731 41.441320939804427 47.650310362689197 90.456185080111027 5.3112765757832667 38.128970785299316 1.0574591972399523 2.1452651905128759 2.6178386858664444 17.501757898367941 11.347535983659325 11.691146104130896 4.7017235476523638 0.96173199196345915 2.7422920987010002 1.0855560177005825 5.8993334309197962 4.5650752543006083 2.5041685299947858 36.830767975887284 18.841778250294738 402.30377263753326 10.144911607261745 654.64408141938111 2.156178157310932 570.89123430751351 12.633341542677952 2.6815510210581124 1.0515336086973537 1.1558258973527697 4.6788038313388833 8.4985014416743052 2.7823840654455134 3.633568833116442 3.1265787754673502 119.7769219763577 48.421956119360402 134.06927883764729 5.3479834300233042 20.663700160570443 2.4678563722409299 13.430265610339122 6.6942366855218989 3.23874551942572 1.0508831427432594 2911.4778654856491 26.879857658408582
leaf_count=36166 22883 14722 1187 325 2126 49 590 850 33 2485 2404 165 262 2612 7882 1786 4336 477 2806 1238 1506 81 954 327 1171 413 200 309 41 150 68 55 467 89 6525 4621 123563 2940 308780 163 561364 933 54 146 100 800 537 38 1045 340 7961 975 5458 898 1347 208 903 691 99 16 60864 1017
internal_value=0.000116356 -0.00377849 -0.00513356 -0.00667679 0.00508244 0.00370834 0.0205541 0.00675018 -0.0418222 -0.00791652 -0.00484408 -0.0096828 -0.00547272 -0.015532 -0.0398353 0.0114012 0.00697983 0.00392081 -0.00286393 -0.009198 0.00655205 0.0125323 -0.00170426 -0.0138207 0.0265642 -0.0073768 -0.0232665 -0.0676879 -0.00651272 -0.0395145 -0.00970149 0.0138528 -0.0193777 -0.0725382 -0.00765731 -0.00836906 -0.0116479 -0.00452706 -0.00710838 0.00533289 -0.0105525 -0.033199 -0.00706664 0.0321207 0.0151939 0.0137813 -0.0110655 0.0179528 -0.0232942 0.00981609 0.00334615 0.0254855 0.00649993 -0.0104613 0.000663877 -0.0317337 -0.0259933 -0.0110281 -0.0405912 -0.0744086 0.00318679 -0.00603849
internal_weight=6142.95 2947.23 2556.3 2184.05 390.927 3195.72 95.9703 184.611 10.9609 1999.44 165.733 142.176 131.16 82.1735 39.5145 48.987 42.6591 372.251 208.209 160.559 63.0335 164.042 65.4847 45.8377 19.647 43.2199 30.8208 8.44073 22.3801 10.6889 7.94662 6.86107 97.5254 7.06924 1988.73 1895.41 1022.66 872.75 691.671 181.079 973.195 49.4641 3.73901 12.3991 5.18414 57.7222 19.5933 14.9145 6.41595 173.651 122.904 50.747 178.923 44.8535 39.5055 37.0269 34.559 24.4141 10.9839 7.74512 3099.75 188.275
internal_count=1203601 1118198 1081903 1067744 36295 85403 639 10584 983 1057160 21573 19447 17043 14995 10494 2048 4501 14159 9003 8526 5164 5156 3969 1844 2125 1517 958 444 514 314 164 96 3362 556 1054675 1018509 692385 326124 313637 12487 684927 7458 135 559 133 3926 2420 1620 1083 9601 8301 1300 12324 6866 5968 4857 4649 1709 806 707 84764 23900
is_linear=0
shrinkage=0.05


Tree=86
num_leaves=63
num_cat=0
split_feature=21 19 2 16 14 19 8 10 6 16 16 19 15 17 5 0 5 2 16 10 17 16 6 5 13 16 0 5 6 10 2 5 10 16 16 17 2 21 16 17 6 0 6 8 5 0 2 10 5 5 2 10 7 17 10 16 5 13 16 5 21 1
split_gain=32.1368 16.2814 18.7375 13.7098 11.3857 11.3649 10.7475 9.4677 8.51012 7.90191 7.93852 7.35149 7.87295 7.30539 19.0579 16.7204 9.68131 8.168 7.0803 8.41216 6.92788 6.77672 10.6898 12.9249 12.1351 10.169 11.8664 9.71412 15.7639 9.31523 7.68461 7.85282 6.56309 6.4677 6.35674 6.24001 7.85732 6.19865 9.71252 11.4153 9.43049 8.06847 12.2494 21.6544 14.5791 8.69494 16.5893 15.7976 7.9176 6.53245 21.4707 12.3068 7.92368 6.96275 11.6925 6.38485 13.0686 9.71719 8.79931 11.6631 10.921 7.52132
threshold=1.5000000000000002 3.580557227134705 1.5000000000000002 80.500000000000014 1.5000000000000002 10.499359607696535 12.500000000000002 1.5000000000000002 16.500000000000004 14.500000000000002 18.500000000000004 33.991844177246101 0.014599318150430919 1.5000000000000002 0.0068729333579540261 27.500000000000004 0.013423423748463394 11.500000000000002 33.500000000000007 18.500000000000004 4.5000000000000009 53.500000000000007 7.5000000000000009 0.013986697886139156 0.014599318150430919 65.500000000000014 17.500000000000004 0.014815627597272398 4.5000000000000009 10.500000000000002 14.500000000000002 0.010050504934042694 1.5000000000000002 22.500000000000004 78.500000000000014 2.5000000000000004 38.500000000000007 4.5000000000000009 28.500000000000004 5.5000000000000009 12.500000000000002 3.5000000000000004 4.5000000000000009 5.5000000000000009 0.016001024283468727 1.5000000000000002 5.5000000000000009 2.5000000000000004 0.014185110572725536 0.014185110572725536 7.5000000000000009 14.500000000000002 0.014815627597272398 6.5000000000000009 12.500000000000002 28.500000000000004 0.016261236742138866 0.013072453904896976 30.500000000000004 0.015038444194942715 6.5000000000000009 0.014389234129339458
decision_type=2 2 2 2 2 2 2 2 2 2 2 2 2 2 2 2 2 2 2 2 2 2 2 2 2 2 2 2 2 2 2 2 2 2 2 2 2 2 2 2 2 2 2 2 2 2 2 2 2 2 2 2 2 2 2 2 2 2 2 2 2 2
left_child=4 2 7 6 20 18 8 33 21 32 -11 -3 -13 14 -5 16 -15 -17 19 -6 -1 37 25 29 -25 -23 27 -27 -29 -24 -31 -32 -10 -2 -28 36 -19 38 -4 -40 -41 42 43 44 45 46 -39 -47 -48 52 51 53 -44 -51 -55 57 58 -43 59 60 -57 -61
right_child=1 11 3 13 5 -7 -8 -9 9 10 -12 12 -14 15 -16 17 -18 35 -20 -21 -22 22 23 24 -26 26 34 28 -30 30 31 -33 -34 -35 -36 -37 -38 41 39 40 -42 55 49 -45 -46 47 48 -49 -50 50 -52 -53 -54 54 -56 56 -58 -59 -60 61 -62 -63
leaf_value=-0.0078933964217094785 0.033879580277874598 0.0054461684774276039 -0.052671523649305496 -0.11202180966944533 0.040797924579445283 0.01133425450618797 -0.0039736579108506772 0.004432886182994881 -0.12406318143298048 -0.11300912110380745 0.0057320014961501856 -0.08585005880147184 0.021697707951889439 -0.11919541609531606 0.0373629885167742 -0.14329707387712995 -0.010561439530193124 0.025931751836017931 -0.0070737964673551305 -0.019449027040799403 -0.10150433682653202 0.02363648028836781 -0.097677840737152299 0.025967263522358154 -0.12331620953254437 0.029424267207921097 -0.095565381114326553 -0.12095964320260665 0.03033901948928789 -0.1222440837827718 -0.075781193900168173 0.03492354967736077 0.026468475674031367 0.011769577282237537 -0.0011405543033359831 0.032164619716537557 -0.10415980703920238 -0.12599527696125803 0.010479273277045769 -0.070739854227600207 0.034682817780746139 -0.10169099671532833 0.041592296460382622 -0.12102196990545172 0.0071068196542904616 -0.0030178369407343956 -0.11467662060247948 -0.10522900764007975 0.0098842987359105822 0.024899918484733 -0.11678605469394782 -0.11286312714366874 -0.11360190723869504 -0.12778956937854688 0.060194746739387774 -0.0018162371272369871 -0.11629342967556128 0.010621538196201168 0.00041095013484609353 -0.10511155109211007 -0.11288305641039123 0.042176056193723388
leaf_weight=3.148170128300988 47.795649765757844 1166.6409820055123 15.376441532440365 2.235611379146575 5.9589919285208444 67.317879961803555 2214.1962186736346 497.30844154697843 0.7324044193373983 1.4160554166883219 235.55848967429483 1.7326345660258073 95.212525149108842 3.8654046924784762 47.451607305090874 0.76115696365013974 4.3689522449858487 2.6856399457901743 546.58235305267226 209.23727144217264 5.3103593316918705 92.707829748804215 6.1805675412761039 15.621242759516464 1.4912721046712238 16.429651254322387 5.1029273918829849 3.2677253209985793 3.638632151298224 1.4868643821682761 2.2809287630952895 5.3808647010009736 63.784841813729145 107.3994390378939 2.7391313939006068 25.891083849477582 2.0441276077181101 6.7436762913130206 29.739217186797759 9.426679363998117 2.7373074687784529 1.9478907787706692 15.150433518574573 5.4293764522299162 33.044239895185456 21.864955865312368 1.6373895416036246 4.5706190152559456 5.7764412914402783 26.429936083732176 3.8502361564896992 1.9685227971058363 0.86967356456443745 2.022305104881525 1.3997149467468255 3.4719149935990554 2.5248484642943358 170.2652729091933 237.739383352804 1.0512414164841164 6.1052316611167043 4.9392808757256716
leaf_count=3468 182 31216 3575 200 6177 2244 347954 7580 21 87 8780 52 609 329 436 69 126 56 438084 319345 2596 2772 1009 199 71 149 1259 53 26 63 1030 107 1296 672 578 1447 245 120 4735 2711 425 196 148 152 203 175 59 124 47 206 141 52 52 52 4 164 99 2865 6318 34 323 34
internal_value=0.000153526 0.00159345 4.07051e-05 -0.00145787 -0.00894704 -0.00835821 -0.00198287 0.00779744 0.00212179 0.00924608 0.00502246 0.00654555 0.0197756 0.0178722 0.0306416 0.0018566 -0.0615568 0.0184957 -0.0100984 -0.0177807 -0.0666634 -0.000659008 0.0086383 -0.016912 0.0129579 0.0153291 -0.00937285 0.00850874 -0.0412476 -0.0502568 -0.0182205 0.00196656 0.0247596 0.0185788 -0.062584 0.0225175 -0.0302917 -0.00301815 -0.0186831 -0.00621096 -0.0470162 -0.00141243 -0.0122829 -0.0246567 -0.0175516 -0.0376244 -0.0692456 -0.0206898 -0.0176257 0.00664424 -0.00526758 0.00822601 0.0331674 0.016211 -0.050898 0.00190824 -0.00310198 0.00935118 -0.00197374 -0.0383912 -0.072619 0.0163294
internal_weight=6131.05 5293.49 4029.9 3377.4 837.555 829.096 3288.1 652.504 1073.9 301.492 236.975 1263.59 96.9452 89.3036 49.6872 39.6164 8.23436 31.382 761.779 215.196 8.45853 772.41 156.328 32.4417 17.1125 123.886 31.1781 23.336 6.90636 15.3292 9.14866 7.66179 64.5172 155.195 7.84206 30.6209 4.72977 616.082 57.2796 41.9032 12.164 558.803 130.758 79.0667 73.6373 40.5931 14.1575 26.4356 7.41383 51.6908 35.6707 31.8205 16.0201 29.852 3.42202 428.045 255.832 172.213 253.307 15.5677 9.57715 5.99052
internal_count=1203601 431687 399810 391376 771914 765850 388468 8434 40514 10184 8867 31877 661 2908 636 2272 455 1817 763606 325522 6064 30330 7316 2479 270 4837 2065 228 79 2209 1200 1137 1317 854 1837 1748 301 23014 11446 7871 3136 11568 1535 880 728 525 226 299 106 655 455 314 200 262 56 10033 6972 3061 6873 555 487 68
is_linear=0
shrinkage=0.05


Tree=87
num_leaves=63
num_cat=0
split_feature=21 14 2 10 6 1 2 8 4 8 4 1 1 13 1 8 5 7 1 4 1 1 4 2 7 13 1 8 4 17 1 4 6 6 6 6 8 3 8 17 12 17 12 17 17 6 17 14 5 9 1 4 5 10 17 1 21 2 10 8 7 1
split_gain=29.9893 8.92237 11.9053 10.5573 7.74071 8.97469 7.55554 7.38893 6.38485 14.4134 9.92348 13.5929 9.79471 7.96065 7.47704 14.2159 18.6112 15.2961 10.3475 9.78164 9.15088 8.48629 7.42586 8.40017 8.01136 7.19667 7.11793 6.22566 15.7994 21.9251 12.4562 7.4432 13.3993 6.2101 5.83911 5.81959 9.03617 5.80673 15.8733 5.67854 11.3356 8.68304 5.57275 5.55038 5.44656 7.62703 18.0099 18.3881 19.6712 10.3256 9.42553 7.81977 9.33403 6.03063 23.0569 12.0947 10.5943 8.75716 8.21168 7.3957 6.9366 11.0125
threshold=2.5000000000000004 60.000000000000007 1.5000000000000002 1.5000000000000002 17.500000000000004 0.0089687905274331587 1.0000000180025095e-35 12.500000000000002 2.5000000000000004 4.5000000000000009 26.500000000000004 0.015749008394777778 0.016001024283468727 0.013606071937829258 0.012903762981295587 10.500000000000002 0.014815627597272398 0.015749008394777778 0.010050504934042694 10.500000000000002 0.013986697886139156 0.015504807699471714 1.0000000180025095e-35 1.0000000180025095e-35 0.015268065501004459 0.015504807699471714 0.016261236742138866 60.000000000000007 5.5000000000000009 5.5000000000000009 0.016261236742138866 16.500000000000004 3.5000000000000004 1.0000000180025095e-35 16.500000000000004 12.500000000000002 4.5000000000000009 0.016261236742138866 14.500000000000002 4.5000000000000009 7.5000000000000009 6.5000000000000009 1.0000000180025095e-35 3.5000000000000004 2.5000000000000004 1.5000000000000002 7.5000000000000009 5.5000000000000009 0.011561079882085325 0.015038444194942715 0.009756329935044052 6.5000000000000009 0.015749008394777778 18.500000000000004 3.5000000000000004 0.010256679728627207 6.5000000000000009 68.500000000000014 13.500000000000002 1.0000000180025095e-35 0.015268065501004459 0.014815627597272398
decision_type=2 2 2 2 2 2 2 2 2 2 2 2 2 2 2 2 2 2 2 2 2 2 2 2 2 2 2 2 2 2 2 2 2 2 2 2 2 2 2 2 2 2 2 2 2 2 2 2 2 2 2 2 2 2 2 2 2 2 2 2 2 2
left_child=4 44 3 -3 5 -1 -6 34 9 13 11 14 35 -5 18 17 20 19 -10 -16 -17 39 23 24 -15 -20 -26 43 29 -29 -31 -30 -33 -25 -4 36 -12 38 -37 40 -22 -41 -24 -13 -2 46 47 49 50 -46 -49 52 -51 57 55 56 -55 -47 -59 -56 61 -57
right_child=1 2 7 8 6 -7 -8 -9 10 -11 12 27 -14 22 15 16 -18 -19 25 -21 21 -23 42 33 26 -27 -28 28 31 30 -32 32 -34 -35 -36 37 -38 -39 -40 41 -42 -43 -44 -45 45 53 -48 48 -50 51 -52 -53 -54 54 59 60 -58 58 -60 -61 -62 -63
leaf_value=-0.043952994069801063 0.015295329299411551 0.018498488003801068 0.0006164947958689096 -0.12237315164356138 0.032999560748763757 0.36360886076522086 -0.0058983453296588446 -0.0023233016643316767 -0.11045522758313626 0.01356083452775575 0.018242000315883983 0.033689624713901113 -0.12225468635898118 0.027737794495764686 0.013848678818405411 -0.11731249773302302 -0.12390705026254101 -0.12894612911542905 0.013771156152384823 -0.11809228919315079 0.041509714420388463 -0.12875310092157974 -0.056943659662273362 0.011424499781827274 -0.0027382275818471527 -0.172489371231487 -0.085055766540060404 -0.14288079661851547 0.019031175355717106 -0.12062106834239546 0.043053736158665729 0.055432665735770305 -0.16323476368831455 -0.11229629612214705 0.0087552690879409961 0.04855386306335812 -0.10805209450240233 0.04824615961220724 -0.1074875703234543 0.044313033446959603 -0.10533747694296827 -0.12044278166185902 0.011109483998954898 -0.0025426058251215027 -0.097604559433762395 0.011920478618968543 -0.099071601468268031 -0.10568075672234874 -0.10818164042075636 -0.10800655314459982 0.015216994556163339 0.035934461059821253 0.008018776792330139 -0.090083004805475875 -0.10703917928431624 -0.0095897759148749241 0.031162428666069913 -0.0083666390427596382 -0.099232677193558855 0.0062500168536903438 0.055201174626169004 -0.1035614616864057
leaf_weight=15.903468942167819 143.45678516488988 155.41638082260033 798.98425438487902 1.6564165427116666 12.589844186906701 0.13623124844161871 1484.7366149534282 1822.1042358524865 1.9838568258564944 237.69339042180218 5.3015726357698441 24.259733523009345 1.1746167079545546 6.6367730642668965 20.265536366030581 2.6738504671957406 8.2164730613585544 2.3742928337305775 20.376788623398173 1.5093500131042663 2.2894789958372721 1.5104434685781605 3.3510975632816544 1.3058766130125148 5.4477668970357609 0.53213990293443103 5.0701357054058462 4.6584097049199027 24.752404802478853 1.5623365144710986 4.5411578102502972 1.2570233345031738 1.5825988419819614 4.5421001161448649 304.31567352660932 4.8863897442352053 1.9326020102016617 20.834473873721436 2.4453959877137095 6.6387109027709812 3.0849656653590456 0.90923350490629662 29.403139816597104 18.731042227358557 1.9237697366625059 409.2350892755785 5.4062578501179805 1.9216412852983946 7.3624636543681836 2.1214687763713291 10.01042905054055 26.815998958540149 9.4766011688625422 11.780352239264174 1.4465168779715885 21.244678298942752 2.1269949097186318 22.375827339186802 2.7972126677632323 351.9600000011269 3.1653463235124937 3.6538839195854953
leaf_count=26849 2225 860 30409 37 872 46 946516 162734 345 2087 41 101 105 32 188 187 435 53 532 65 16 85 15 4 35 20 31 131 259 48 31 1 79 48 8014 33 101 391 411 84 162 86 191 154 62 4655 175 155 175 48 68 223 66 787 64 616 31 1512 425 9214 19 157
internal_value=0.000164829 0.00217177 0.000984162 0.00715674 -0.00594139 -0.0404914 -0.00557128 -0.000367936 0.00352525 0.00813006 -0.0036162 -0.00918603 0.0197915 -0.0143536 -0.0249504 -0.0358833 -0.0620572 -0.00843704 -0.00132373 0.00470305 -0.0323503 -0.0166101 -0.0111445 -0.0329186 -0.015277 0.00903076 -0.0424192 0.0048381 -0.0098066 -0.0611912 0.00115722 0.0102353 -0.0664367 -0.0846689 0.00286136 0.0245047 -0.0154973 0.0347787 -0.00349118 -0.00350214 -0.0427815 0.0244664 0.00414694 0.0179033 0.00625088 0.00480089 -0.0116874 -0.00376519 -0.0439106 0.0154373 -0.0042534 0.0210984 -0.0132041 0.00609324 0.00162526 -0.0334117 -0.0715397 0.0101598 -0.0184636 0.00578632 -0.014517 -0.0233802
internal_weight=6117.86 4604.49 3566.21 640.808 1513.37 16.0397 1497.33 2925.4 485.392 295.107 190.285 153.71 36.5751 57.4133 72.3651 49.4723 25.3232 24.1492 22.8928 21.7749 17.1067 14.4328 55.7569 23.0027 17.1547 20.9089 10.5179 81.3447 38.3539 10.7619 6.10349 27.592 2.83962 5.84798 1103.3 35.4004 7.23417 28.1663 7.33179 12.9224 5.37444 7.54794 32.7542 42.9908 1038.28 894.825 65.0386 59.6324 19.2945 40.3378 11.9321 38.4141 11.5981 829.786 395.378 41.9713 13.9073 434.408 25.173 353.407 28.0639 24.8986
internal_count=1203601 229318 208641 7484 974283 26895 947388 201157 6624 2480 4144 3062 1082 393 2258 1361 1055 306 897 253 620 433 356 150 98 552 66 804 549 210 79 339 80 52 38423 977 142 835 444 348 178 170 206 255 20677 18452 972 797 398 399 223 337 114 17480 10888 1610 818 6592 1937 9278 792 773
is_linear=0
shrinkage=0.05


Tree=88
num_leaves=63
num_cat=0
split_feature=21 19 2 19 2 19 15 6 1 6 19 0 19 17 19 8 19 0 17 13 19 2 3 15 19 15 21 4 4 19 15 4 3 19 12 4 4 0 0 0 8 10 8 17 3 17 0 1 10 19 19 17 8 6 15 4 4 4 19 5 4 19
split_gain=29.1477 10.6586 12.2756 8.74745 7.24067 7.97714 8.96946 7.08007 6.8135 6.71705 7.25088 22.6406 10.0461 6.1046 5.88841 14.019 6.20587 10.7102 11.8709 10.5397 12.3324 8.33881 11.3709 7.13119 5.48556 5.28917 12.4156 12.4423 10.4395 8.85325 40.7945 8.53836 7.69106 7.03322 6.33642 5.25048 14.5848 6.2233 12.2569 5.11289 6.9381 18.4177 8.9304 7.87123 6.9843 5.3897 4.8368 8.08086 5.9177 4.74997 4.81008 8.68861 6.3609 5.94064 13.4548 6.76357 5.76036 10.6775 8.88663 7.61011 7.11853 20.312
threshold=2.5000000000000004 10.490225315093996 1.5000000000000002 10.291841983795168 4.5000000000000009 4.2452108860015878 1.0000000180025095e-35 18.500000000000004 0.0089687905274331587 1.5000000000000002 4.6272630691528329 2.5000000000000004 7.9491722583770761 2.5000000000000004 10.721748352050783 1.0000000180025095e-35 33.991844177246101 1.5000000000000002 4.5000000000000009 0.015749008394777778 18.046768188476566 8.5000000000000018 0.014185110572725536 0.014599318150430919 21.174427032470707 0.016261236742138866 4.5000000000000009 100.00000000000001 1.5000000000000002 10.991758823394777 0.013793759513646366 48.500000000000007 0.013606071937829258 14.177910804748537 1.5000000000000002 3.5000000000000004 5.5000000000000009 8.5000000000000018 35.500000000000007 2.5000000000000004 5.5000000000000009 2.5000000000000004 1.0000000180025095e-35 5.5000000000000009 0.016261236742138866 4.5000000000000009 13.500000000000002 0.013986697886139156 12.500000000000002 10.354811668395998 3.580557227134705 2.5000000000000004 12.500000000000002 1.5000000000000002 0.012739370577037336 98.500000000000014 66.500000000000014 79.500000000000014 6.110328435897828 0.014389234129339458 23.500000000000004 8.3067231178283709
decision_type=2 2 2 2 2 2 2 2 2 2 2 2 2 2 2 2 2 2 2 2 2 2 2 2 2 2 2 2 2 2 2 2 2 2 2 2 2 2 2 2 2 2 2 2 2 2 2 2 2 2 2 2 2 2 2 2 2 2 2 2 2 2
left_child=4 2 3 9 -1 6 7 8 -6 13 46 12 -12 -2 15 -3 17 18 19 20 -16 -20 -23 -18 -21 29 27 -27 -28 30 -19 -30 -33 -29 -32 37 -37 39 -39 40 41 42 -15 44 -44 -46 47 48 -11 50 52 -52 -4 54 55 -53 58 -58 59 -55 -60 -62
right_child=1 14 49 -5 5 -7 -8 -9 -10 10 11 -13 -14 35 16 -17 23 25 21 24 -22 22 -24 -25 -26 26 28 33 31 -31 34 32 -34 -35 -36 36 -38 38 -40 -41 -42 -43 43 -45 45 -47 -48 -49 -50 -51 51 53 -54 56 -56 -57 57 -59 60 -61 61 -63
leaf_value=0.012563189235021983 0.028063802937807747 -0.11919765563122393 0.0022287120325299955 -0.14701686753065732 -0.043688614085526052 0.0013636996696854732 -0.051193277448736987 -0.0073303969053468924 0.24535140191704016 -0.12879084274572503 -0.11939613157070926 -0.10482917281086386 0.029858893691444507 0.025029253903384993 0.038844448874569601 0.030628126698784425 -0.084305840262629855 0.049400980550936384 -0.078253262963043191 -0.1238919952454207 -0.10219215892318856 -0.099620786817851248 0.058492658249974828 0.020065091847787316 0.0031853341213535537 -0.10224014295016724 -0.10906799069276836 0.045752916259802968 0.03662701675033582 0.0059457244658437146 -0.0049931980860860288 -0.10433540978604608 0.034742702047009903 -0.12239638448023629 -0.10636835508166978 -0.14604074585010901 0.0017480617881832777 -0.17602888189274077 0.042026714876818624 0.041736416207738124 0.036747414338292587 -0.12005226697821528 0.03710109456272679 -0.12524797791720294 -0.087067692701743166 0.011453374575954495 0.017917748370560673 0.0047928656728587378 -0.022918661560679843 -0.088024834391212892 0.016140202706204643 -0.083754261150077877 -0.0026650904458574796 0.045882033487654184 -0.12320253750331345 0.070679904756359796 -0.085442518211892207 -0.0063298732733301742 0.0091656539319309345 -0.089139221528024282 -0.061953636732647338 0.0044188889673980099
leaf_weight=51.627451034204569 67.174443628755398 1.619618700351565 1065.8747222401289 0.91608101036399503 16.496262721331735 264.66142584558111 12.02620890041362 1165.5172672943008 0.20644068840192531 1.7502310404088346 1.2623201403766895 6.0824211842846116 10.548328208271412 23.957328238291659 13.488290543202313 43.353148627909832 1.665183413773774 9.5335114966146666 11.01037776796147 2.1260847607627507 1.7512004624586541 1.8005772132892151 3.0858726929873228 95.345147838466801 1.4140462460927663 3.9169298165943456 1.3577723770868022 3.8871549672912806 52.223295641830191 466.69655761902686 1.831576436292379 2.1237015777733173 1.8687770469114182 0.74031376000493754 9.7300318126799521 1.9977418594062317 10.156658554798922 1.2461293881060549 1.3346980446949599 14.933293440844862 15.722619241103535 3.0745335168903685 4.3192500886507315 1.7712210085010145 3.4153808957198635 2.3387769116088748 71.92262721399311 401.92093670921167 5.3676673106383523 1.5370270540006448 122.38765675446484 1.0318965530022972 1761.0698668211407 17.72822638577782 3.0621568063506857 2.2655034265480936 4.6333073583664364 53.654613544407766 115.71062023972627 1.1088562561199058 15.247754756361244 47.238259957055561
leaf_count=5646 281 42 36992 28 29324 23293 63710 852256 54 52 43 283 64 109 77 726 49 77 217 35 35 85 8 599 7 415 37 72 520 8228 27 169 19 63 429 45 148 31 7 64 62 27 13 31 29 11 2008 4199 257 88 2008 64 159573 280 232 86 556 3440 2973 44 1472 1782
internal_value=0.000186394 0.00216741 0.0011202 0.00737985 -0.00583892 -0.00649013 -0.00823064 -0.0077936 -0.0401162 0.00759736 0.00479747 -0.0264555 0.0139065 0.0168202 0.0077058 0.0252324 0.00655612 0.00462486 -0.0223318 0.00458399 0.0226376 -0.0541285 0.000230429 0.0182736 -0.0731331 0.00631243 0.0195834 -0.0366592 0.0279302 0.00451361 -0.0271697 0.0312391 -0.0392365 0.018852 -0.0903086 0.00785738 -0.022543 0.0129813 -0.0632595 0.0158111 0.00872028 -0.00261459 0.0074705 -0.0280444 -0.010953 -0.0470238 0.00596017 0.00385763 -0.0489517 -0.000148691 -0.000106627 0.00514362 -0.000819925 5.37879e-07 -0.0477338 0.0223509 0.00118951 -0.0126185 0.0052743 0.0379339 0.00182187 -0.0117772
internal_weight=6104.87 4594.33 3863.76 651.213 1510.54 1458.91 1194.25 1182.22 16.7027 650.297 498.855 17.8931 11.8106 151.442 730.569 44.9728 685.596 588.586 34.6764 18.7796 15.2395 15.8968 4.88645 97.0103 3.54013 553.91 66.1179 8.5444 57.5735 487.792 21.0951 56.2158 3.99248 4.62747 11.5616 84.2676 12.1544 72.1132 2.58083 69.5324 54.5991 38.8765 35.802 11.8446 10.0734 5.75416 480.961 409.039 7.1179 3212.55 3211.01 384.069 2826.94 261.681 6.35956 3.2974 255.322 58.2879 197.034 18.8371 178.197 62.486
internal_count=1203601 229318 217382 7792 974283 968637 945344 881634 29378 7764 6906 390 107 858 11936 768 11168 10520 464 154 112 310 93 648 42 10056 1295 550 745 8761 533 708 188 135 456 577 193 384 38 346 282 220 193 84 53 40 6516 4508 309 209590 209502 12937 196565 10929 382 150 10547 3996 6551 324 6227 3254
is_linear=0
shrinkage=0.05


Tree=89
num_leaves=63
num_cat=0
split_feature=21 19 16 19 16 0 17 12 16 4 19 3 19 16 2 17 7 7 12 2 4 16 8 16 16 4 16 12 7 17 12 0 17 10 7 12 0 15 17 2 2 4 7 17 16 2 5 10 8 0 21 2 0 0 17 10 8 0 17 16 2 16
split_gain=28.0616 11.8588 14.4905 14.4364 11.6994 11.4457 10.382 18.7303 12.3259 10.8805 9.44473 8.5407 8.4577 8.23672 10.5609 10.3657 11.0493 10.016 9.52452 8.79396 8.35076 11.3392 8.22863 8.13413 8.13014 9.87525 13.1351 10.4235 14.7183 9.86697 9.49085 9.2584 9.56719 8.94547 14.2083 11.122 8.85998 8.80851 8.29465 7.85251 7.80672 7.67303 11.9371 13.155 9.37579 13.9158 18.5985 9.34012 11.6516 12.6853 26.3688 20.0517 11.8028 11.4401 8.55637 8.21105 7.66951 7.22062 6.81817 6.73924 6.73599 7.87508
threshold=2.5000000000000004 10.490225315093996 73.500000000000014 9.0757918357849139 65.500000000000014 1.0000000180025095e-35 3.5000000000000004 6.5000000000000009 74.500000000000014 2.5000000000000004 8.5026760101318377 0.0092167854309082049 6.984797716140748 24.500000000000004 20.500000000000004 2.5000000000000004 0.012579114176332952 0.015749008394777778 4.5000000000000009 58.500000000000007 66.500000000000014 19.500000000000004 1.0000000180025095e-35 47.500000000000007 38.500000000000007 5.5000000000000009 30.500000000000004 15.500000000000002 0.013986697886139156 5.5000000000000009 7.5000000000000009 1.5000000000000002 4.5000000000000009 5.5000000000000009 0.015504807699471714 3.5000000000000004 5.5000000000000009 0.014815627597272398 7.5000000000000009 20.500000000000004 22.500000000000004 4.5000000000000009 0.016261236742138866 6.5000000000000009 49.500000000000007 1.0000000180025095e-35 0.016261236742138866 2.5000000000000004 11.500000000000002 2.5000000000000004 3.5000000000000004 10.500000000000002 26.500000000000004 6.5000000000000009 4.5000000000000009 1.5000000000000002 4.5000000000000009 86.500000000000014 3.5000000000000004 33.500000000000007 2.5000000000000004 39.500000000000007
decision_type=2 2 2 2 2 2 2 2 2 2 2 2 2 2 2 2 2 2 2 2 2 2 2 2 2 2 2 2 2 2 2 2 2 2 2 2 2 2 2 2 2 2 2 2 2 2 2 2 2 2 2 2 2 2 2 2 2 2 2 2 2 2
left_child=4 2 5 6 10 11 39 -8 -9 -10 12 -2 58 14 17 16 18 20 -16 -17 -7 -22 -21 -15 25 26 31 28 -27 -29 33 32 -3 34 -30 -35 -28 -36 -38 -4 -41 42 44 -44 -25 46 -46 56 52 -50 51 -51 -49 -53 -48 -43 -47 -6 -1 -31 -60 -62
right_child=1 24 3 -5 57 13 7 8 9 -11 -12 -13 -14 23 15 19 -18 -19 -20 22 21 -23 -24 41 -26 27 36 29 30 59 -32 -33 -34 35 37 -37 38 -39 -40 40 -42 55 43 -45 45 47 54 48 49 50 -52 53 -54 -55 -56 -57 -58 -59 60 -61 61 -63
leaf_value=-0.014287266659076873 -0.10098281627453963 0.042896252157540955 0.030007365462938258 -0.1167329716560281 0.0092807334700583874 0.0047859149422764561 -0.09401397489195551 -0.10284606439470774 -0.12257509574417583 0.012947493351384232 0.0065819305273400108 0.0092667843553670311 -0.050659487511863083 -0.0047479273063883182 0.0465469363237766 -0.010665362233271872 -0.071704534680010062 0.019604445346342599 -0.027128896566641022 -0.11337269853297556 -0.086027021798508879 0.027539932795348838 0.013669776730982944 0.021396961686714969 0.010409914104397885 0.035711623346900527 0.019454294729489664 -0.086870385913660808 -0.1055141982870242 0.0037308010912159499 -0.10176281591538872 -0.097729053529890475 -0.1200140030281915 -0.098720255073111204 -0.10332622020046567 0.039817084989175092 -0.10832249429568344 0.017100597132965033 0.020802493800133201 -0.12168189122643021 0.0098621717375092059 0.017256103613544262 -0.11433697481975186 0.01600991008140799 -0.1230212728472264 -0.027326416833775704 0.024796920379441974 0.02423489563812076 0.014294425770466962 -0.056029729449730725 -0.094975018897488633 -0.1062934600545889 -0.1420313378596792 0.031890584477542498 -0.12802727078866025 0.0012746600777994296 -0.12427345838228195 -0.0040159984583661157 0.024739334087473513 -0.083532240113626255 -0.012802966714903019 -0.00069768902596512852
leaf_weight=416.36958797556872 1.7653489247895766 2.9395135617814985 98.729337352444418 2.1244191078003487 169.0400750816334 420.90560686105164 5.1033938313194076 2.5290106763131908 1.5172532387077797 62.036426945880521 94.343044955981895 355.52374626114033 12.613125626230611 1342.4493374515441 5.5045449091121581 97.290298013831489 10.9370259422285 129.59310252522118 21.599928749375977 1.2953041656874109 5.8028992027975601 3.5380656397901475 79.691766696691047 26.833525657188147 599.52097287541255 37.539999386819545 13.825226479442792 4.9455535355955389 4.3194998651742962 16.826266130083244 2.5777121703140429 8.3779545410070551 1.2996762264519928 1.6179056665860105 1.7726679844781745 13.855592703679575 3.1365294186398378 10.587404368212445 2.0608984369318932 1.1485988330095995 62.552064604591578 88.432690920657478 5.3193750747013819 3.042975751683116 6.1682748276507464 11.418368351412935 5.3239626178983599 40.56225315365009 26.623195512336679 13.305185911245642 11.424074342125094 1.6166432595346147 1.0962186085525889 20.375885902205482 1.1061956263147292 881.79474221658893 2.483803288312628 257.8262924380615 17.462263090768829 2.5475149132544166 271.62129947196809 265.85036635611323
leaf_count=347445 257 17 890 190 21087 11976 1136 409 138 2702 6795 3585 3933 95407 29 11570 2740 842 4673 179 692 158 10654 529 9291 367 111 435 102 581 121 236 32 63 32 96 117 101 29 59 1857 2443 117 18 211 134 54 471 401 727 614 152 88 920 49 60212 99 62862 1467 205 315509 215185
internal_value=0.000167325 0.00211143 0.00100726 0.013019 -0.00575663 0.000225645 0.0141989 -0.00172295 0.00540444 0.00971209 -0.00853026 0.00872205 -0.00997929 -0.000703964 0.00379321 -0.00558951 -0.0292837 0.00741864 -0.0121664 -0.000533549 0.0037482 -0.0430114 0.0116379 -0.00210613 0.00796581 -0.00346127 -0.027705 0.00448018 0.0140083 -0.0238348 -0.0094506 -0.067262 -0.00704975 -0.00204993 -0.0274516 0.0253317 -0.00146798 -0.000170885 -0.0571215 0.0211768 0.00749028 0.000986023 -0.00859703 -0.066905 -0.00570052 -0.010839 -0.0609944 -0.00593716 -0.0012577 -0.0132519 -0.0289485 -0.00757912 0.0198597 0.0217328 -0.00149379 0.00273131 -0.0446473 0.00124954 -0.00945103 -0.00774367 -0.00582238 -0.00681532
internal_weight=6091.44 4586.32 3858.56 235.741 1505.13 3622.82 233.616 71.1861 66.0827 63.5537 1078.26 357.289 983.917 3265.54 776.159 216.319 38.0415 559.84 27.1045 178.277 430.247 9.34096 80.9871 2489.38 727.751 128.23 31.6398 96.5901 72.2708 24.3193 34.7308 12.6171 4.23919 32.1531 16.6796 15.4735 19.0227 12.3601 5.19743 162.43 63.7007 1146.93 176.7 8.36235 168.338 141.504 12.5984 128.906 115.003 73.345 46.7218 35.2977 41.6585 21.9925 6.43016 970.227 13.9022 426.866 971.304 19.3738 554.934 537.472
internal_count=1203601 229318 217382 7381 974283 210001 7191 4385 3249 2840 890334 3842 883539 206159 43513 29845 7442 13668 4702 22403 12826 850 10833 162646 11936 2645 542 2103 882 1221 515 285 49 394 235 159 257 133 146 2806 1916 67239 4584 135 4449 3920 314 3606 3373 2814 2413 1799 559 1072 103 62655 233 83949 879606 786 532161 530694
is_linear=0
shrinkage=0.05


Tree=90
num_leaves=63
num_cat=0
split_feature=19 2 12 1 18 4 16 3 2 4 16 2 14 14 16 14 6 19 8 19 21 16 1 19 8 2 6 18 2 4 12 1 1 14 18 6 1 19 2 16 16 16 8 2 12 5 16 18 4 1 16 16 16 16 4 4 4 1 16 16 16 1
split_gain=24.8636 33.778 15.6758 8.90433 9.05554 10.8782 8.51245 7.70806 7.34599 12.3619 11.4847 9.39328 7.1679 8.85043 9.3713 16.0001 11.8347 11.5865 10.273 8.59409 7.92983 7.68763 8.53157 7.12843 7.0913 11.8231 9.30055 10.2163 7.67242 8.68599 7.63705 6.99218 7.75695 6.82412 6.69236 18.544 10.2192 6.66972 6.49288 6.41961 6.0148 11.849 5.88092 7.29954 6.98211 5.81443 5.81223 7.02483 5.72289 16.5401 5.60767 9.32611 5.5981 10.2641 5.4429 7.81563 7.2645 10.1832 7.55848 5.21478 5.19119 5.11648
threshold=4.2452108860015878 1.5000000000000002 14.500000000000002 0.013072453904896976 1.0000000180025095e-35 1.5000000000000002 80.500000000000014 0.013606071937829258 18.500000000000004 21.500000000000004 26.500000000000004 48.500000000000007 1.0000000180025095e-35 16.500000000000004 68.500000000000014 17.500000000000004 6.5000000000000009 7.2388703823089608 6.5000000000000009 6.3033483028411874 6.5000000000000009 80.500000000000014 0.0073801742400974044 7.7624046802520761 13.500000000000002 3.5000000000000004 60.000000000000007 5.5000000000000009 22.500000000000004 33.500000000000007 12.500000000000002 0.010695492848753931 0.012121656909585001 60.000000000000007 4.5000000000000009 6.5000000000000009 0.0074907417874783286 6.0227477550506601 1.0000000180025095e-35 62.500000000000007 1.0000000180025095e-35 19.500000000000004 10.500000000000002 2.5000000000000004 60.000000000000007 0.0062696540262550124 83.500000000000014 2.5000000000000004 16.500000000000004 0.014389234129339458 79.500000000000014 75.500000000000014 42.500000000000007 60.500000000000007 22.500000000000004 47.500000000000007 76.500000000000014 0.012270400300621988 70.500000000000014 41.500000000000007 84.500000000000014 0.0069687257055193194
decision_type=2 2 2 2 2 2 2 2 2 2 2 2 2 2 2 2 2 2 2 2 2 2 2 2 2 2 2 2 2 2 2 2 2 2 2 2 2 2 2 2 2 2 2 2 2 2 2 2 2 2 2 2 2 2 2 2 2 2 2 2 2 2
left_child=1 40 46 4 5 -4 -5 -8 50 10 11 -10 24 19 15 -15 -16 37 -19 21 23 -14 -23 -20 30 -26 -27 28 29 -28 34 -11 39 -6 36 52 -2 42 -18 -33 -1 -42 44 -44 -17 -25 -3 -48 49 -38 51 -7 -36 -54 -34 -56 58 59 -57 -58 -12 -40
right_child=12 2 3 6 33 8 7 -9 9 31 60 -13 13 14 16 17 38 18 20 -21 -22 22 -24 45 25 26 27 -29 -30 -31 -32 32 54 -35 35 -37 48 -39 61 -41 41 -43 43 -45 -46 -47 47 -49 -50 -51 -52 -53 53 -55 55 56 57 -59 -60 -61 -62 -63
leaf_value=-0.0050826741007532041 -0.1131609721098451 0.00064246769627979779 -0.10673474574006681 -0.0023948306281706654 -0.051443621156144904 0.0095245295699829102 0.036356497213204379 -0.10833914244687803 -0.080651186417061441 0.002592671433051889 -0.065716860038478209 0.086417786669950772 -0.086203151279877585 0.037418468885866189 -0.094467715737948529 -0.087531856239598915 -0.10755927565494164 0.030212520899479053 -0.056483563472789322 0.0029443386387074341 -0.078051274344399249 -0.090737108986839232 0.031090436041780883 -0.039954131706839445 -0.11942387246483195 0.045197019236733631 -0.093346238380852417 0.016415936887407414 -0.093818021307894781 0.04672302395693078 0.045564628666676404 -0.026140949798584952 0.12433537494916172 -0.0091634045577200542 0.043661749125800259 -0.11187820564407694 -0.10757899625254358 -0.060893683421224365 0.01212973998151479 -0.0942782382845022 0.02848875407153173 0.0075897534478753942 0.044861608538596859 -0.073160063650992077 0.094963090376981668 0.0089434235997265018 0.050842009213517017 -0.089200934120901409 0.054573628941144529 0.029120387557378731 0.042375612054416235 -0.10991583520607869 -0.1129501207484816 0.029022598338030416 -0.08560750373488378 -0.080553593378483446 0.088851786693301835 -0.089152896866429465 0.066061991902178804 -0.095947888881178028 0.032075149492568573 0.033728312021640956
leaf_weight=69.160791206115391 1.2876721983775485 1249.0662488547096 2.3950962794478974 849.826114269963 9.6048828923849197 82.236849028791767 20.147446483373646 0.96445406647398968 1.2029059501364852 199.69127434185066 16.277200778480623 2.7989560639252886 5.0966472834697907 28.210812189849094 2.1119052390567949 0.68018765375018153 0.91763554513454337 25.188052747864276 5.6558713116683057 1018.1944381265785 3.75342899467796 2.046011901111342 4.828474058303982 6.9949703088495871 2.008129760157316 10.227613860042764 1.759283094666898 13.326169477659278 5.0407712560263462 2.9843367631547153 29.606530383578502 11.626190459472129 0.86659161327406664 1495.7241674586039 7.5031987144611794 3.6563576594926408 2.471757919178347 12.699171976884825 42.842310436302796 4.9195872623240566 79.013332521775737 478.83786728180712 1.9773919247090832 3.8824297924293205 2.2841363521292806 46.456789688323624 9.6215264545753563 0.98736859764903862 14.665476787136866 21.12307233386673 13.056903918273745 1.667462765239178 2.0041165568400174 3.490028636995703 2.4822602656204245 1.0278074587695281 1.7825111513957383 3.2067744661471806 6.0736720599234104 0.48578058346174646 1.4804941462352861 76.168308334425092
leaf_count=1137 111 63554 587 58066 50756 7325 410 89 333 113035 5643 1469 773 874 216 75 25 460 1007 30643 219 359 25 1203 78 119 154 644 946 47 297 4511 28 835356 43 136 80 2293 2910 799 655 7220 20 817 61 2229 123 327 80 138 131 88 61 37 420 253 194 1519 27 131 22 1442
internal_value=-0.000187109 -0.00196264 -0.0036583 -0.00578754 -0.00774244 -0.000538162 -0.00161571 0.0297464 0.000186726 -0.00428384 -0.0403196 0.0361991 0.00562115 0.00452906 0.0127756 0.0038388 0.0228653 -0.00480671 0.00323201 0.00244915 -0.00757892 -0.0396685 -0.00516836 -0.00310381 0.0172491 -0.00159846 0.00549877 -0.0120698 -0.0508668 -0.00522496 0.0250129 -0.000906375 -0.0224248 -0.00943318 0.0141864 -0.012402 0.0253828 -0.0376921 0.0249315 -0.0464003 0.00882556 0.0105499 -0.00430175 -0.0333337 0.0530882 0.00254444 0.000955475 0.0378082 0.0300455 0.0148 0.0118943 0.00715085 0.0155822 -0.0227652 0.00248469 -0.00452748 0.0114755 -0.031803 0.0448421 0.0492748 -0.0575637 0.0259531
internal_weight=6027.38 4616.23 3989.22 2729.55 1858.61 353.278 870.938 21.1119 350.883 253.922 21.7596 4.00186 1411.14 1289.99 259.823 137.783 122.04 109.572 88.0491 1030.17 62.8611 11.9711 6.87449 59.1076 121.155 35.3463 33.3382 23.1106 9.78439 4.74362 85.8082 232.162 32.4712 1505.33 56.2017 16.6537 39.548 21.5233 119.928 16.5458 627.012 557.851 8.82415 5.85982 2.96432 53.4518 1259.68 10.6089 38.2603 23.5948 96.9612 83.9043 12.9973 5.49415 15.9254 15.0588 12.5765 5.47507 7.10148 2.26829 17.7577 119.011
internal_count=1202830 1154208 1145196 1081192 1022627 136515 58565 499 135928 128384 7467 1802 48622 45651 13851 9258 4593 8384 5118 31800 4658 1157 384 4439 2971 1988 1910 1791 1147 201 983 120917 7882 886112 686 277 409 3266 4377 5310 9012 7875 973 837 136 3432 64004 450 298 218 7544 7413 141 98 2572 2544 2124 1844 280 325 5665 4352
is_linear=0
shrinkage=0.05


Tree=91
num_leaves=63
num_cat=0
split_feature=19 2 12 14 14 16 14 19 19 2 1 16 18 21 4 2 8 1 8 16 3 21 7 1 19 5 21 9 14 21 1 19 1 16 18 2 10 16 4 2 10 2 12 18 2 1 1 1 3 18 1 1 1 16 8 16 1 4 4 4 2 2
split_gain=24.1216 29.8691 14.1883 9.08138 8.86244 8.8307 10.2464 15.845 8.70584 8.78214 7.78868 7.57453 7.53269 9.16065 8.40984 7.57924 7.49375 9.69226 6.85063 10.4818 8.15905 6.73596 6.73274 8.56381 6.85583 6.52842 6.49298 14.4316 6.48671 6.38029 5.92927 8.25257 8.11701 5.71513 5.78272 5.57954 8.98716 8.75402 13.3301 8.20632 5.94487 10.3092 8.41777 8.25607 8.79486 7.51323 8.29136 10.2763 8.01318 7.00313 6.79083 8.28682 9.75833 6.45061 6.3772 6.78881 7.30342 7.66719 7.42268 8.98756 14.0869 8.84627
threshold=4.2452108860015878 1.5000000000000002 14.500000000000002 1.0000000180025095e-35 16.500000000000004 66.500000000000014 17.500000000000004 7.3649959564208993 6.3033483028411874 7.5000000000000009 0.012422839645296337 80.500000000000014 1.0000000180025095e-35 6.5000000000000009 1.5000000000000002 2.5000000000000004 6.5000000000000009 0.010362972505390646 15.500000000000002 64.500000000000014 0.015504807699471714 6.5000000000000009 1.0000000180025095e-35 0.0087337908335030096 23.900530815124515 0.015038444194942715 1.5000000000000002 0.013606071937829258 60.000000000000007 3.5000000000000004 0.013423423748463394 8.7831611633300799 0.011428944766521456 83.500000000000014 2.5000000000000004 4.5000000000000009 15.500000000000002 45.500000000000007 16.500000000000004 2.5000000000000004 8.5000000000000018 84.500000000000014 15.500000000000002 2.5000000000000004 12.500000000000002 0.011696306522935631 0.0088107436895370501 0.0092167854309082049 0.014599318150430919 5.5000000000000009 0.0099504948593676108 0.010256679728627207 0.011299795936793091 58.500000000000007 1.0000000180025095e-35 51.500000000000007 0.01183473411947489 3.5000000000000004 64.500000000000014 71.500000000000014 44.500000000000007 19.500000000000004
decision_type=2 2 2 2 2 2 2 2 2 2 2 2 2 2 2 2 2 2 2 2 2 2 2 2 2 2 2 2 2 2 2 2 2 2 2 2 2 2 2 2 2 2 2 2 2 2 2 2 2 2 2 2 2 2 2 2 2 2 2 2 2 2
left_child=1 -1 33 18 8 6 30 26 9 -5 12 -12 13 14 -4 -16 17 -9 -2 20 22 -18 23 24 -20 29 27 -8 -14 -13 31 -6 -33 -3 -35 36 -30 -38 -39 -40 41 42 -37 54 45 46 48 49 -45 -48 -49 -52 -53 -54 -42 -56 57 -57 61 60 -60 -59
right_child=3 2 10 4 5 -7 7 16 -10 -11 11 25 28 -15 15 -17 21 -19 19 -21 -22 -23 -24 -25 -26 -27 -28 -29 35 -31 -32 32 -34 34 -36 40 37 38 39 -41 43 -43 -44 44 -46 -47 47 50 -50 -51 51 52 53 -55 55 56 -58 58 59 -61 -62 -63
leaf_value=0.0082198188285730334 0.025778625099390013 0.00056018066373112547 -0.098185745919424 0.028495222260557534 -0.086106813490437528 0.021217196024181307 -0.059705402646840634 -0.079869519479835172 0.0027412228733521764 -0.066957874955654431 -0.0027698907916520674 0.032808880856995883 -0.051361850025600592 -0.086465276325853338 -0.1050342773362458 0.0012408639340357967 -0.0010642652850363103 0.039592447466925716 -0.10043931381228288 -0.098659575716742193 -0.11732894955095344 -0.075745611234051102 0.050509583696828911 0.019348586513674784 0.011024672972852975 -0.10871420483337646 -0.067350767744352932 0.15918047035749625 -0.10343204860621405 -0.11983753041079988 0.053606986012314867 0.037387067600280481 -0.092511505336028699 0.049290504240752576 -0.085596235693251421 -0.10442028553814658 0.024378413365395243 -0.11508965519948358 -0.097054731878204237 0.017948847461980597 0.046476336993816217 -0.030383838192243828 0.019862782635433521 -0.021901212573560737 -0.0060365940836325186 -0.076706212012590758 0.068304678075054123 -0.082054022954605094 -0.083122016904158394 -0.096047536497010116 0.045606636612189361 -0.071296679587556422 -0.032661693534080542 0.067026861430912826 -0.021936840550920704 0.048506223329363482 -0.061588754246522708 -0.076455041698802059 -0.092246858913462168 -0.0056915999666721159 0.079140608720278227 -0.016357729933069453
leaf_weight=626.62972722604172 88.618783775949851 1247.5803252426558 2.1651004976592949 3.3484681660775086 2.0316620355006334 138.3651566314511 2.3645347228739406 1.8576129344292009 1020.5363473512116 8.5949031801428628 973.31113816483412 25.320487390737988 9.0641771752052573 3.0902858504559836 1.6864504271070462 321.6008352117351 55.035678715212271 19.744928877335042 3.3612960894242994 2.5567602697992688 1.2562779347645108 3.1946257415693244 8.2571771210059506 12.398366286768576 2.3398349252529442 0.89427576866000791 12.437683797674252 1.1049347475636748 1.7844771464588109 0.70357525628060003 13.358568148221819 10.719466275535522 1.3545890548266459 9.4425587010337004 0.86757740977918807 1.4021761645562936 35.891386529779993 3.001497342484071 1.8029695481527586 11.108078842051325 4.0423786296742028 15.507253662886795 48.059495953377336 17.340974253485914 781.29762791702524 6.4789164941757909 6.2675142455846098 3.5094284210354116 7.7265229197219005 0.72291934513486911 5.4449677825905409 6.4811423274222744 3.365270635462366 3.1339439060539007 246.89633728539047 6.0024443761212742 6.3553215780993915 7.0824044402688733 1.4575134192127714 98.784195670566987 6.758216858812375 45.220307618787047
leaf_count=9012 1060 63554 546 33 461 5307 1142 233 30643 1124 75066 547 50752 313 365 132952 4014 171 789 493 66 209 87 433 43 49 1875 91 156 28 73 241 34 123 327 97 2723 355 382 896 277 8897 1850 5215 554355 981 226 732 2628 145 323 1066 369 59 181051 329 997 921 255 41222 1675 12392
internal_value=-0.000173346 -0.00192666 -0.00352471 0.00554176 0.00432722 0.0125481 0.00281224 -0.00491066 0.00224453 -0.0401964 -0.00555493 -0.00204629 -0.00759467 -0.00078485 2.87162e-05 0.000686472 0.00416911 0.0293199 0.0187726 -0.00180643 0.00716147 -0.00516143 0.0130952 -0.00397356 -0.0546927 0.0241174 -0.0504791 0.010004 -0.00920195 0.028682 0.0297341 0.00712579 0.0228137 0.00086656 0.0379401 -0.00892562 0.00689239 0.0106927 -0.020176 0.00188912 -0.00956328 0.00518725 0.0163395 -0.0103212 -0.00745845 -0.0258289 -0.0197239 -0.00148352 -0.0407712 0.0513081 -0.0183078 -0.0061662 -0.0278837 0.0154085 -0.0160236 -0.0166272 -0.00899036 -0.00696816 -0.00905841 -0.00151254 0.0487356 -0.0244956
internal_weight=6018.12 4605.28 3978.65 1412.84 1294.05 261.569 123.204 95.74 1032.48 11.9434 2720.76 1000.23 1720.53 328.543 325.452 323.287 79.8328 21.6025 118.788 30.1697 27.613 58.2303 26.3567 18.0995 5.70113 26.9183 15.9072 3.46947 1391.99 26.0241 27.4643 14.1057 12.0741 1257.89 10.3101 1382.93 53.5884 51.8039 15.9125 12.911 1329.34 64.9689 49.4617 1264.37 841.769 60.4716 53.9927 28.9252 25.0675 6.99043 21.9348 18.4253 12.9804 6.49921 422.599 418.557 171.66 165.305 159.303 107 8.21573 52.3027
internal_count=1202830 1154208 1145196 48622 45651 13851 8544 7735 31800 1157 1081192 75690 1005502 134176 133863 133317 4627 404 2971 1911 1418 4223 1352 1265 832 624 3108 1233 871326 575 809 736 275 64004 450 820574 4512 4356 1633 1278 816062 10844 1947 805218 566099 11744 10763 2920 7843 371 2549 1817 1494 428 239119 238842 57791 56794 56465 43152 1930 13313
is_linear=0
shrinkage=0.05


Tree=92
num_leaves=63
num_cat=0
split_feature=19 2 12 16 15 15 21 1 17 17 6 16 1 12 10 16 1 1 4 4 1 16 4 6 2 16 2 5 10 1 1 2 8 3 21 16 1 8 16 8 17 1 8 21 21 4 4 3 19 19 1 10 4 21 2 1 16 1 6 8 2 16
split_gain=23.0287 26.587 12.7085 8.39898 8.07859 7.83134 7.47162 7.4182 9.04466 7.5589 10.6117 7.32838 7.13494 8.22474 15.5388 7.52249 7.06794 7.45382 7.70052 7.51778 6.82538 6.78539 10.0737 6.92804 7.44068 7.42919 6.72195 9.20636 6.69328 10.3383 11.7301 9.19648 10.7806 9.81313 6.47696 6.36776 11.4226 11.8315 8.67258 7.19578 6.32545 9.44827 7.5378 6.30422 6.2386 6.01224 5.96194 5.84876 6.76501 8.95828 5.82678 12.2831 10.7975 7.2588 7.39185 12.8737 8.61275 7.70816 6.45537 10.5502 10.1086 17.8432
threshold=4.2452108860015878 1.5000000000000002 15.500000000000002 80.500000000000014 0.016261236742138866 0.012903762981295587 3.5000000000000004 0.0082988981157541292 1.5000000000000002 3.5000000000000004 12.500000000000002 57.500000000000007 0.0092167854309082049 16.500000000000004 4.5000000000000009 78.500000000000014 0.012903762981295587 0.011428944766521456 75.500000000000014 77.500000000000014 0.0073261056095361718 8.5000000000000018 17.500000000000004 16.500000000000004 19.500000000000004 1.0000000180025095e-35 9.5000000000000018 0.013793759513646366 18.500000000000004 0.0063492704648524531 0.0082305916585028189 100.00000000000001 15.500000000000002 0.0063092110212892303 1.5000000000000002 63.500000000000007 0.010256679728627207 13.500000000000002 50.500000000000007 12.500000000000002 3.5000000000000004 0.013072453904896976 11.500000000000002 1.5000000000000002 2.5000000000000004 1.0000000180025095e-35 1.0000000180025095e-35 1.0000000180025095e-35 8.7831611633300799 9.2217297554016131 0.013245614245533945 3.5000000000000004 1.0000000180025095e-35 6.5000000000000009 24.500000000000004 0.0094788861460983771 74.500000000000014 0.012739370577037336 7.5000000000000009 10.500000000000002 12.500000000000002 62.500000000000007
decision_type=2 2 2 2 2 2 2 2 2 2 2 2 2 2 2 2 2 2 2 2 2 2 2 2 2 2 2 2 2 2 2 2 2 2 2 2 2 2 2 2 2 2 2 2 2 2 2 2 2 2 2 2 2 2 2 2 2 2 2 2 2 2
left_child=1 46 -3 7 5 35 16 8 26 11 -11 34 15 14 -14 -9 17 -5 -19 -20 -13 22 -12 -24 -25 -26 27 -4 29 31 -31 32 -23 -34 -10 36 37 38 43 -40 41 -6 -43 -2 -30 -46 -1 48 -39 -50 51 -15 -53 54 55 -54 58 -58 -57 -60 61 -61
right_child=4 2 3 6 40 -7 -8 12 9 10 21 20 13 50 -16 -17 -18 18 19 -21 -22 28 23 24 25 -27 -28 -29 44 30 -32 -33 33 -35 -36 -37 -38 47 39 -41 -42 42 -44 -45 45 -47 -48 -49 49 -51 -52 52 53 -55 -56 56 57 -59 59 60 -62 -63
leaf_value=0.015272742318244126 0.16063891714188872 0.00068948110903730689 0.029656146410784175 0.0066478095015049914 -0.08632218320897371 0.0023401916101028464 -0.10933814939108025 0.0062150631185673008 -0.03370358825032943 -0.065215945661016836 0.052240253670760455 0.0011550469358159691 0.047442083040646336 -0.1022458814270843 -0.061107829519421869 -0.10238657521421171 0.033876477451387201 -0.12353597038176781 0.073920525864932377 -0.093268375821855751 -0.044941244076312954 -0.093545675903816114 0.070464377682688747 -0.066317020607182892 -0.007710984310430183 0.041064442865749784 -0.0035550169696037266 -0.11073942426157209 -0.0095783222568358844 -0.090436922995996927 0.050941759609543662 -0.0023649482597721968 0.33757718197157438 0.055104575807249381 -0.01456116526357505 0.018570495894425158 0.01397287000034398 -0.06373035150028282 -0.077690958220919704 0.05170675270341632 0.022587936763736504 0.022024556617246057 -0.095577273115142261 0.033329581408848105 0.055591601349035492 -0.032143847285895817 0.0045640478019132206 -0.061702901937016802 0.075737819583347493 -0.067854545543504369 -0.0017407423832883529 -0.098517336418189536 -0.069234213830554239 -0.084303990182161961 -0.011474603047784219 0.051319105467163555 0.042992956714603722 -0.12450272709103459 -0.054171611327112984 -0.0065458055888759289 0.0088236236725672719 -0.090917021347579466
leaf_weight=184.43627675296739 1.1590891876257936 1296.8614238625742 26.173411653377119 79.689558981801383 3.3103570336825241 1029.9348262606072 1.335366885527036 185.21097518189345 91.973829228430986 8.0833204004156851 10.311503190023357 58.485339221660979 4.214475123910236 3.4476933085825285 15.14168217871338 1.6083635720424343 23.571326996432617 2.2990513360127798 1.5342503786087036 1.1969307966064662 9.3084630068624374 1.2195921479724336 3.2283827476348952 4.535746027599088 48.109496242446767 9.3191735874133865 149.02643052820349 1.222198613686486 315.55680920363011 4.793817894998937 2.1142012833151966 20.287300438270904 0.31452156370505591 13.702935914159751 85.054014632449253 153.48994102736469 72.22705057694111 3.3424244022462535 3.1218446216080338 1.6381840396206824 101.93772457865998 11.58883913955651 1.5441119092283759 6.0377814769744873 2.0354087599553159 48.029960085230414 440.14871403941652 14.278188452124594 3.2988221547566354 1.6193836834281681 781.98875978490105 3.2511952931527039 6.6956593772629267 3.0361134901177129 368.91307264502393 5.6992451089899978 15.94507022947073 0.71780597511679012 9.5044288168428448 104.4873845364782 133.0034817190608 6.6662693673279128
leaf_count=1350 46 68615 2114 7427 524 31800 127 56981 148031 7822 2774 28847 44 299 897 244 496 132 1 203 2919 240 748 2549 63720 10454 105599 216 366723 898 39 13227 24 1062 33265 6247 2210 1681 490 32 2278 111 58 272 43 17319 7662 2443 133 297 53084 542 1196 296 124039 93 246 48 515 7738 12628 672
internal_value=-0.000147708 -0.00186272 -0.00337174 -0.00534283 0.00544529 0.00429826 0.00820996 -0.00592265 -0.00953896 -0.0119749 -0.00840029 -0.0191532 -0.0039213 -0.00509651 -0.0374729 0.00528009 0.00965948 0.00292166 -0.0561085 0.000650562 -0.00517423 -0.00745054 0.00631857 -0.00094483 -0.00466529 0.000203994 0.000629544 0.0233927 -0.00999831 0.0087991 -0.0471679 0.0196824 0.0490372 0.0614427 -0.0245065 0.0120484 0.00266822 -0.0210014 0.0192021 -0.0331582 0.017946 -0.0108312 0.00819748 0.0538333 -0.0121798 -0.028577 0.00772626 -0.0423295 -0.00884325 0.0284582 -0.00466233 -0.00811676 -0.00762349 -0.0071721 -0.00681272 -0.00072956 0.000932196 0.0357776 -0.00130648 -0.00248886 -0.000476983 -0.0116058
internal_weight=6002.02 4593.49 3968.91 2672.04 1408.53 1290.15 109.626 2562.42 912.886 736.464 491.642 244.822 1649.53 1462.71 19.3562 186.819 108.291 84.7198 5.03023 2.73118 67.7938 483.559 75.5043 65.1928 61.9644 57.4287 176.422 27.3956 408.055 42.4324 6.90802 35.5244 15.237 14.0175 177.028 260.213 106.723 34.4957 11.9569 4.76003 118.381 16.4433 13.133 7.19687 365.622 50.0654 624.585 22.5388 8.26063 4.91821 1443.36 661.367 657.92 654.669 651.632 282.719 276.024 16.6629 259.361 253.662 244.157 111.154
internal_count=1202830 1154208 1145196 1076581 48622 45651 8386 1068195 808633 700704 487642 213062 259562 202337 941 57225 8259 7763 336 204 31766 479820 80245 77471 76723 74174 107929 2330 399575 15490 937 14553 1326 1086 181296 13851 7604 5394 840 522 2971 693 169 318 384085 17362 9012 4554 2111 430 201396 148312 148013 147471 147175 23136 21940 294 21646 21553 21038 8410
is_linear=0
shrinkage=0.05


Tree=93
num_leaves=63
num_cat=0
split_feature=19 2 8 2 0 0 16 17 16 2 2 17 17 10 16 10 4 2 17 0 4 15 16 2 0 5 0 15 15 17 16 4 16 10 6 16 16 10 8 4 2 8 10 9 4 2 13 9 16 16 4 6 7 0 5 4 13 0 6 0 17 0
split_gain=20.4844 24.4457 10.4846 14.1345 19.2483 19.3452 9.72708 16.4204 8.76575 8.72682 14.3662 9.95082 8.71946 8.30094 8.10776 7.64654 7.59582 7.10187 7.04656 7.01335 7.23999 7.07701 7.02809 13.2083 17.8583 9.15325 6.59737 6.12627 8.19864 6.03563 9.94557 5.99027 6.06715 5.97674 10.9402 5.91497 8.09211 11.3556 18.7852 11.6936 9.91307 11.9427 10.0686 9.79254 8.82534 9.98472 7.15096 18.2966 9.19245 7.50134 9.85647 6.82671 6.72808 6.66768 6.663 6.35698 11.1822 9.51044 7.73357 14.2318 7.49471 8.39384
threshold=4.2452108860015878 9.5000000000000018 3.5000000000000004 14.500000000000002 12.500000000000002 1.5000000000000002 74.500000000000014 3.5000000000000004 4.5000000000000009 15.500000000000002 59.500000000000007 4.5000000000000009 5.5000000000000009 13.500000000000002 80.500000000000014 17.500000000000004 1.5000000000000002 1.5000000000000002 7.5000000000000009 67.500000000000014 1.0000000180025095e-35 1.0000000180025095e-35 76.500000000000014 20.500000000000004 58.500000000000007 0.012422839645296337 68.500000000000014 0.012903762981295587 0.016261236742138866 3.5000000000000004 71.500000000000014 1.0000000180025095e-35 72.500000000000014 2.5000000000000004 2.5000000000000004 47.500000000000007 31.500000000000004 1.0000000180025095e-35 2.5000000000000004 100.00000000000001 6.5000000000000009 7.5000000000000009 9.5000000000000018 0.015504807699471714 1.0000000180025095e-35 3.5000000000000004 0.013423423748463394 0.013793759513646366 72.500000000000014 72.500000000000014 15.500000000000002 6.5000000000000009 0.013423423748463394 64.500000000000014 0.014599318150430919 5.5000000000000009 0.016261236742138866 4.5000000000000009 7.5000000000000009 6.5000000000000009 2.5000000000000004 6.5000000000000009
decision_type=2 2 2 2 2 2 2 2 2 2 2 2 2 2 2 2 2 2 2 2 2 2 2 2 2 2 2 2 2 2 2 2 2 2 2 2 2 2 2 2 2 2 2 2 2 2 2 2 2 2 2 2 2 2 2 2 2 2 2 2 2 2
left_child=1 6 3 4 5 -3 17 -8 9 -5 -11 -12 -9 18 19 -16 -7 31 -6 22 -21 26 -4 25 -25 -24 -22 -2 -29 35 -31 -1 -33 -28 -35 36 55 -38 39 -39 41 43 -43 -40 -44 -46 48 49 -37 50 -48 -47 -49 -42 -53 57 58 -19 60 -60 -57 -62
right_child=27 2 14 8 13 16 7 12 -10 10 11 -13 -14 -15 15 -17 -18 29 -20 20 21 -23 23 24 -26 -27 33 28 -30 30 -32 32 -34 34 -36 46 37 38 40 -41 53 42 44 -45 45 51 47 52 -50 -51 -52 54 -54 -55 -56 56 -58 -59 59 -61 61 -63
leaf_value=0.014263458401350577 0.012020718348457263 0.019558230688019373 -0.0037877572073818561 0.045575612460981359 0.017916399444874026 0.012503844602284174 0.035287703025040217 -0.12318911698262572 0.011313713131208138 -0.11551654860720634 -0.11534975754669459 0.025110955126094105 -0.005630080480178567 -0.098106950582594388 -0.089775665963088461 0.0095375829536323842 -0.1110517699413671 0.00084900341464263455 -0.14437570580530909 0.049260524381084733 -0.056216431434669506 -0.051288300326377913 0.041496776989609394 -0.083225970905834806 0.033266947865504451 -0.1160487984300182 0.0099231968725985945 0.0020984877799199351 0.015947818861649102 -0.0031705131218710348 -0.11830579909882513 0.003627948037872677 -0.13304910746636392 -0.080063878186316773 -0.0096605051262221089 0.021487653848550933 0.03144990134013758 -0.09703692627641558 0.028457642552608055 0.047042627067574394 0.015274324496513766 -0.086459151931054953 -0.11592931084982368 -0.10687828318120063 0.0044263271025118157 0.038967465080561675 -0.10880488982076131 -0.11527903318658689 -0.12648506468465676 0.076093885774252218 -0.0078368924495934213 -0.036014174714664275 0.01529253614779201 -0.082954057518177624 -0.10806379946971133 0.035865447327692729 -0.12167794755268682 0.032778510440082363 -0.068200717283949955 0.00075287078607001083 0.013532329380791694 -0.11329309977579086
leaf_weight=179.04264069045894 261.16044922388392 5.0346277598291662 1549.3711330526276 3.2385418256744734 23.077819866128273 1.4051768537610758 44.898122789687477 2.458882236853241 234.37095632943965 4.6900873302947712 1.5947089583496561 6.0242884391918778 4.3994464392308146 1.8015870926901687 1.9740279731340695 106.67994379048469 10.838828903040847 48.896050474839285 0.68880286044441064 5.1623288010014212 7.5364715128380331 10.319679425432694 7.3376981560140866 13.324252473423259 4.3685320417862377 1.0544223592150954 38.890469564008527 1029.1510774531635 119.2440058819484 592.90086265007267 1.8816069688182313 426.10201011528261 0.81350859301164646 5.5553749578830312 819.39504471922555 99.677848588558845 15.338239873293785 9.5698882081778684 15.319411815609783 1.6512550292536623 40.415166017482989 7.2761117825284591 2.4039214709773651 1.4643926299177117 22.912285033613443 2.0986483306624004 6.5305780386552179 1.0101391978096206 1.060730569064616 0.93974004779011089 3.8373926291242242 10.950576228438875 42.308509968454018 1.8047359777847294 4.5388376580085614 20.668580949772153 1.941706103272735 44.588406515889801 9.1215438657673058 41.66239037422929 3.9940051781013599 1.9375178567133842
leaf_count=1325 13851 40 288201 22 279 15 475 209 10848 267 544 402 320 87 427 8260 342 560 51 683 4897 63526 122 1869 342 81 3973 31800 2971 21754 226 7405 75 3130 720173 3234 85 182 176 4 1104 231 85 43 851 27 220 47 106 5 81 1057 452 643 305 171 40 601 463 2967 34 64
internal_value=-0.000162339 -0.00178445 -0.00461242 0.00435295 -0.0221803 -0.0629467 0.00293386 0.0242805 0.00890189 -0.0274549 -0.0466693 -0.00428845 -0.0477779 0.00536904 -0.00563334 0.00773326 -0.096872 0.00227016 0.0132129 -0.00622317 -0.00977978 -0.0101255 -0.00422107 -0.0299587 -0.0544627 0.0217021 -0.00963797 0.00510847 0.00353654 -0.000200585 -0.00353475 0.00658693 0.0033675 -0.0092316 -0.0101346 0.00407409 6.78504e-05 -0.00906825 -0.0142298 -0.0758348 -0.00789848 -0.0198613 -0.032073 0.0166495 -0.0228497 -0.0173249 0.0120304 -0.00253663 0.0199296 -0.0591741 -0.0714346 -0.0456606 0.0122478 0.0110754 -0.0571268 0.00724431 -0.00316623 0.0160781 -0.000192556 -0.0116322 0.0216476 -0.0278949
internal_weight=5989.71 4580.15 2863.73 292.765 42.8468 17.2786 1716.42 51.7565 249.919 15.5476 12.3091 7.619 6.85833 25.5682 2570.97 108.654 12.244 1664.66 23.7666 2462.32 886.859 881.697 1575.46 26.0849 17.6928 8.39212 871.377 1409.56 1148.4 1058.7 594.782 605.958 426.916 863.841 824.95 463.919 308.554 135.743 120.405 11.2211 109.184 66.9642 50.1804 16.7838 42.9043 40.5003 155.365 54.6264 100.739 11.3077 10.368 17.5881 43.3186 42.2199 15.4894 172.81 79.3257 93.4845 77.384 50.7839 26.6001 5.93152
internal_count=1202830 1154208 1108581 12897 814 397 45627 1004 12083 1235 1213 946 529 417 1095684 8687 357 44623 330 1086997 796382 795699 290615 2414 2211 203 732173 48622 34771 35818 21980 8805 7480 727276 723303 13838 9693 4793 4708 186 4522 2775 2556 219 2325 2240 4145 805 3340 306 301 1389 499 1747 1362 4900 3739 1161 3699 3430 269 98
is_linear=0
shrinkage=0.05


Tree=94
num_leaves=63
num_cat=0
split_feature=19 2 8 2 4 0 2 0 16 17 16 17 0 14 4 7 0 16 16 16 10 16 2 10 10 7 0 2 2 1 11 16 0 16 10 16 14 19 0 19 4 14 12 19 16 19 19 19 17 19 8 14 14 3 14 9 19 19 4 17 10 8
split_gain=17.9889 22.2526 10.6735 10.8451 17.7056 16.0157 16.0465 12.3485 9.46452 12.3265 7.35358 6.74505 6.51221 6.8548 6.3417 6.2783 10.1526 7.00611 11.8804 6.35866 9.99712 6.25192 10.2879 6.189 6.07359 8.84371 6.22993 6.04664 19.0047 16.5459 8.2647 7.4793 6.49269 6.44332 5.60538 5.49217 5.43563 6.99345 8.55205 9.36184 7.78303 12.629 7.32247 9.91126 10.6662 6.68284 7.44977 23.5313 10.3089 14.0259 14.9796 14.3917 12.4177 11.781 11.0457 9.97586 8.75038 21.2618 8.42477 8.12264 7.73995 13.8565
threshold=4.2452108860015878 9.5000000000000018 3.5000000000000004 14.500000000000002 1.5000000000000002 12.500000000000002 12.500000000000002 1.5000000000000002 74.500000000000014 3.5000000000000004 80.500000000000014 5.5000000000000009 70.500000000000014 60.000000000000007 1.0000000180025095e-35 0.013606071937829258 4.5000000000000009 75.500000000000014 65.500000000000014 54.500000000000007 14.500000000000002 4.5000000000000009 59.500000000000007 17.500000000000004 2.5000000000000004 0.015749008394777778 80.500000000000014 31.500000000000004 45.500000000000007 0.014185110572725536 0.014815627597272398 17.500000000000004 21.500000000000004 27.500000000000004 7.5000000000000009 72.500000000000014 16.500000000000004 16.086322784423832 3.5000000000000004 13.902594566345217 4.5000000000000009 10.500000000000002 1.5000000000000002 7.891686439514161 35.500000000000007 6.3033483028411874 8.0198826789855975 8.1367983818054217 6.5000000000000009 8.8715415000915545 5.5000000000000009 4.5000000000000009 14.500000000000002 0.015268065501004459 3.5000000000000004 1.0000000180025095e-35 12.878506660461428 9.9827985763549822 15.500000000000002 7.5000000000000009 13.500000000000002 6.5000000000000009
decision_type=2 2 2 2 2 2 2 2 2 2 2 2 2 2 2 2 2 2 2 2 2 2 2 2 2 2 2 2 2 2 2 2 2 2 2 2 2 2 2 2 2 2 2 2 2 2 2 2 2 2 2 2 2 2 2 2 2 2 2 2 2 2
left_child=1 8 3 4 -3 7 -7 -6 -1 -10 12 -11 -4 -14 -15 16 -5 18 21 -18 34 22 -17 -12 -16 26 35 -23 29 -29 -31 -30 33 -33 -21 -26 37 38 39 40 41 42 43 -2 -45 -40 59 -48 -49 -50 53 55 -53 -51 -55 56 57 58 -52 60 -47 -62
right_child=36 2 10 15 5 6 -8 -9 9 11 23 -13 13 14 24 17 19 -19 -20 20 -22 27 -24 -25 25 -27 -28 28 31 30 -32 32 -34 -35 -36 -37 -38 -39 45 -41 -42 -43 -44 44 -46 46 47 48 49 50 51 52 -54 54 -56 -57 -58 -59 -60 -61 61 -63
leaf_value=0.0021894376735166333 0.053132145809926992 0.045734678086869235 -0.0040815411764690166 -0.10991641635370829 0.0065753757202638144 0.010454081969494565 -0.11606961689474185 -0.10734862535472754 0.033365959436417243 -0.11477178210888171 -0.086124918144001916 -0.0053990614116579917 -0.051181710526707162 0.045951022518986168 0.0097848653635203391 -0.12160022525594415 0.028288036419849557 0.04502049058390218 -0.097589999356515786 -0.10076738933396903 -0.091224532424988763 0.016762950600772594 -0.0010699336151604461 0.0088290341373973135 -0.020588719615150065 -0.076489960586608147 -0.0084803156953184768 -0.11394251419038362 -0.11725731004260379 0.059360587379643628 -0.12425286691296003 0.041393778916837529 0.0098374668654049591 -0.11014359642783211 0.060079921339404166 -0.081337747388123216 0.011292311564786602 0.0076440074863562387 -0.045588781222299063 -0.10206978372648748 0.030424915721917946 -0.11053013252787502 0.020065416737048539 0.0085075063670196991 -0.12785818158956497 0.024825025575784962 -0.10900517889124056 0.00081337404479994019 -0.10425227088966338 -0.11995644217631823 0.055889792159034057 0.010294303205911164 -0.092562088386328359 0.06084660898108013 -0.09740412252761764 -0.13410067436573467 0.013095268071467915 -0.11999287061160846 -0.10651361767768784 0.045128832321847834 -0.10421185960499831 0.00015655418946707055
leaf_weight=1663.4161663734703 2.3332511070184392 8.4261616325238702 1601.7979087866843 1.4539060536772002 3.1575580835342398 17.354647814063359 2.9289038329152381 9.6421434030635265 44.680611580726691 2.0750227600801727 1.7439661755342957 4.3959928553085774 9.7464374938062956 5.2163901198655358 39.513269882125314 2.6110693458467704 65.408551079613972 9.6128783292369899 2.9933799632126457 0.65770367626100812 2.9737413081456898 65.216866158414632 5.4988804072490893 107.27764492452843 67.961889399724896 5.0143975638493421 721.50377169613057 6.6617461852729303 1.23234826279804 2.8043555000331257 0.78424118924885977 1.0246797958388918 75.92728663032176 2.2239048352930695 3.0695979581214488 3.936011162120848 262.25759100946016 514.66996879939688 8.8538134438567777 1.6894358079880465 46.709211090230383 2.4243282608222207 26.889921034919098 2.5301036169985309 3.3098813388496637 32.085105520964134 5.3550089304335406 320.59143151051831 4.4692158515099427 5.5551989334635419 3.7370931198820525 59.758007009513676 3.0859298326540729 2.4361902307718992 2.0144368722103536 2.6168769993819287 7.1982023350428781 6.076522293034941 1.0155729983234776 14.036083877552299 3.3421750200213856 65.627417477051495
leaf_count=44623 8 42 305156 41 32 237 161 342 475 209 427 320 63523 675 3956 196 2647 492 660 90 967 919 613 8260 47658 3123 661806 374 176 18 41 21 4588 151 89 1100 13851 6942 1143 55 491 66 298 20 50 502 685 12169 1108 421 23 2690 378 7 35 259 260 1085 334 614 257 4871
internal_value=-0.000138132 -0.00166168 -0.00436533 0.00469794 -0.0189709 -0.0354511 -0.00781568 -0.0792447 0.00284087 0.0240251 -0.00539643 -0.040471 -0.00596077 -0.0094901 -0.00900816 0.00862542 0.0208981 0.00351293 0.00112336 0.0235357 -0.022852 0.00292527 -0.0398757 0.0073101 -0.0093503 -0.0102973 -0.00987895 0.00515214 -0.00320031 -0.067318 0.0192343 0.00497333 0.00687582 -0.0623452 0.0316975 -0.0239144 0.0047975 0.0033143 -0.000201916 0.0144678 0.0168061 -0.000162821 0.00746817 -0.0339767 -0.0687794 -0.00250165 -0.00179389 -0.00485677 -0.00352429 -0.0177196 -0.0135832 -0.00665462 0.00524358 -0.0713946 -0.0107806 -0.0428743 -0.0296318 -0.0580326 0.0211866 0.00948752 0.00453708 -0.004901
internal_weight=5980.61 4569.94 2855.38 291.665 41.5094 33.0833 20.2836 12.7997 1714.57 51.1516 2563.71 6.47102 2454.69 852.892 843.146 250.155 73.5635 176.592 166.979 72.1096 6.70104 163.985 8.10995 109.022 837.929 798.416 793.402 155.875 90.6586 10.2503 3.5886 80.4082 79.1759 3.24858 3.7273 71.8979 1410.67 1148.41 633.74 85.8861 84.1967 37.4875 35.0632 8.17324 5.83998 547.854 539 423.91 418.555 97.9632 93.494 83.4882 62.8439 10.0058 4.45063 20.6443 18.0274 10.8292 4.75267 115.091 101.055 68.9696
internal_count=1202830 1154208 1108581 12897 814 772 398 374 45627 1004 1095684 529 1086997 781841 718318 12083 3834 8249 7757 3793 1146 7097 809 8687 717643 713687 710564 6288 5369 433 59 4936 4760 172 179 48758 48622 34771 27829 988 933 442 376 78 70 26841 25698 19454 18769 6600 5492 5029 3068 463 42 1961 1702 1442 357 6244 5630 5128
is_linear=0
shrinkage=0.05


Tree=95
num_leaves=63
num_cat=0
split_feature=8 19 0 13 6 10 10 4 5 13 4 2 8 2 18 14 14 6 13 10 2 6 13 2 6 4 18 5 10 13 0 18 9 0 0 5 13 7 10 3 6 0 5 8 2 0 13 13 10 10 5 9 4 11 0 0 6 13 8 18 2 5
split_gain=29.7064 20.8116 9.85336 12.3751 7.40376 9.6988 8.01376 10.1354 6.42873 10.4199 6.31512 6.27317 7.57241 10.7755 7.49351 7.20921 6.68227 6.18104 15.9928 6.52077 5.96162 7.65338 6.87703 8.48758 5.7549 5.68219 5.89469 11.509 9.28956 5.44736 8.68316 17.6995 14.559 11.4586 15.1246 10.7059 10.5903 10.0581 8.6654 10.2197 8.0367 7.47325 9.01037 6.12511 6.88163 9.51387 7.57683 6.54527 15.2375 9.28899 8.10955 6.24084 7.45834 6.51444 5.95835 19.71 9.23039 21.0478 13.6135 8.49679 8.20508 9.71718
threshold=2.5000000000000004 3.580557227134705 1.5000000000000002 0.016001024283468727 4.5000000000000009 2.5000000000000004 1.5000000000000002 17.500000000000004 0.016001024283468727 0.014389234129339458 5.5000000000000009 38.500000000000007 4.5000000000000009 46.500000000000007 1.0000000180025095e-35 60.000000000000007 60.000000000000007 9.5000000000000018 0.015038444194942715 1.5000000000000002 6.5000000000000009 1.5000000000000002 0.015268065501004459 1.5000000000000002 1.0000000180025095e-35 15.500000000000002 6.5000000000000009 0.012903762981295587 8.5000000000000018 0.016001024283468727 56.500000000000007 1.5000000000000002 0.015268065501004459 5.5000000000000009 12.500000000000002 0.014599318150430919 0.016261236742138866 0.016261236742138866 4.5000000000000009 0.010471491608768703 16.500000000000004 8.5000000000000018 0.015504807699471714 5.5000000000000009 16.500000000000004 14.500000000000002 0.015504807699471714 0.015268065501004459 9.5000000000000018 5.5000000000000009 0.015749008394777778 0.013423423748463394 6.5000000000000009 0.012739370577037336 13.500000000000002 10.500000000000002 5.5000000000000009 0.015038444194942715 4.5000000000000009 6.5000000000000009 3.5000000000000004 0.016001024283468727
decision_type=2 2 2 2 2 2 2 2 2 2 2 2 2 2 2 2 2 2 2 2 2 2 2 2 2 2 2 2 2 2 2 2 2 2 2 2 2 2 2 2 2 2 2 2 2 2 2 2 2 2 2 2 2 2 2 2 2 2 2 2 2 2
left_child=-1 2 3 4 5 8 7 -6 9 -2 -3 16 13 -13 -15 -14 -4 18 -17 -19 21 -7 -23 -24 -16 -8 -27 28 -28 38 31 40 33 -33 36 37 -35 -34 39 -18 41 -31 -43 44 -40 -46 -47 -45 49 -49 51 53 -53 -50 55 56 57 -41 60 -60 61 -59
right_child=1 10 11 -5 6 20 25 -9 -10 -11 -12 12 15 14 24 17 29 19 -20 -21 -22 22 23 -25 -26 26 27 -29 -30 30 -32 32 35 34 -36 -37 -38 -39 43 54 -42 42 -44 47 45 46 -48 48 50 -51 -52 52 -54 -55 -56 -57 -58 58 59 -61 -62 -63
leaf_value=0.0089756206025040676 0.037428870862723139 0.013119679913088725 0.057743248887156665 0.02543245697661041 -0.13123058485142353 0.029962459202601446 0.0006880191903992529 0.042065368382898705 0.028562916555541953 -0.14769134182988627 0.0029005019572824952 -0.10662239699278192 -0.051223928809518315 -0.082014704480557796 -0.09916220206875441 -0.04585891151107483 -0.10786088508092331 -0.091706486537397949 -0.001823972813302867 -0.0059489696789658221 -0.1185262282661904 -0.1149374869057158 -0.069719622899406822 0.016330539135462573 0.022571626934822109 0.022020625921730035 0.019841991767354811 0.073198249648661159 -0.14516831093545782 0.03261126296059344 0.026050992005143381 -0.12151021011542761 -0.11826657772572291 0.018039607376769715 -0.11279436249488808 0.020327768235868938 -0.11841823668081602 0.032373058680815213 -0.0089839682893948763 -0.11566273449022065 -0.12439235994050409 -0.10580930919151883 0.033726319052699114 -0.0019102295206227865 -0.10408769939411247 -0.04218446909514284 0.051760895813357966 -0.02099689220602809 -0.0062695431557015513 -0.11528404639244978 -0.10722989368647484 -0.098694021629771811 0.041645671518900002 -0.11496503849454549 0.01822365656026128 -0.071711181118521525 0.02069439858716883 0.017788385348723425 0.027239405777310828 -0.12002948034397976 -0.075250370658913185 -0.1088325146134211
leaf_weight=803.78093093063217 1.5465491726063185 177.29636751743965 4.6317251644795752 57.499349491554312 2.4059500559233125 3.7839606478810337 311.71058839885518 1.2994185010902581 11.009516954654826 1.4949003515066577 1026.2461568873259 1.8456043954938639 9.258997411841845 1.8646240822854441 0.99089808203279162 35.129074191587279 1.8963549847248931 2.2204527807771219 49.919811840227339 1289.3298590844206 2.3186165625229469 3.1750219903187853 6.5226681681815517 5.1111267600208521 48.000185912766035 56.578124201681931 1.3646114263683555 1.7349435801152138 2.2746888231486078 17.493709251051776 10.506543632131068 7.3366297180764404 3.3324938472360364 7.7038745745085162 5.2813543335068962 10.826181174837982 1.7436562879011033 1.6601032183971254 68.821903020201717 4.2073708553798488 1.0426745114382345 2.4089661388425148 2.226031182333827 1661.3169957818172 4.8034106658305999 9.5916169988922757 2.7649158062413326 4.6637294045649469 9.937753856997011 5.9382000981131551 1.7240079105831672 1.0335987689904858 11.263004185282623 1.6004569432698179 92.375976221053861 8.5812953464919683 57.606754688138608 8.336549632716924 27.975932765170004 1.0149620117153961 7.0974876777036107 1.8517633099108941
leaf_count=15439 16 2523 63 315 53 29 4262 6 55 54 43249 174 63523 982 184 17784 177 690 6875 865508 68 65 64 44 4359 2975 10 8 392 109 204 166 99 94 294 79 61 32 1265 137 41 96 15 165141 185 490 34 130 330 287 64 39 167 128 1816 294 573 79 285 29 185 29
internal_value=3.19087e-05 -0.00135521 -0.0030978 0.00370217 0.000671887 -0.0213399 0.00271123 -0.0704582 0.0107868 -0.0535594 0.00440591 -0.00400823 -0.0065445 0.012058 0.016365 -0.00725192 -0.00224614 -0.00695616 -0.0200124 -0.00609641 -0.0429268 -0.0334992 -0.0497149 -0.0319148 0.0201094 0.00343681 0.0172672 -0.0327751 -0.0832952 -0.00238063 -0.0159346 -0.0231595 -0.0442135 -0.0704578 -0.045028 -0.00760539 -0.00714534 -0.0681769 -0.00189429 0.00768879 0.0112629 0.0176547 -0.0387951 -0.00302776 -0.0160473 -0.0443754 -0.0211631 -0.00236829 -0.0234128 -0.0738077 -0.00250879 0.00506585 0.0298493 -0.0213466 0.00873698 0.00122584 0.00701629 -0.00859163 0.00114303 0.0220836 -0.0339774 -0.00522543
internal_weight=5986.31 5182.53 3978.99 469.83 412.331 34.9624 377.368 3.70537 14.051 3.04145 1203.54 3509.16 1438.56 52.7013 50.8557 1385.86 2070.6 1376.6 85.0489 1291.55 20.9114 18.5928 14.8088 11.6338 48.9911 373.663 61.9524 5.37424 3.6393 2065.97 71.5622 61.0557 37.8843 22.0655 14.7289 15.8188 9.44753 4.9926 1994.4 210.944 23.1714 22.1287 4.635 1783.46 85.9818 17.1599 12.3565 1697.48 36.1608 10.6019 25.5588 23.8348 12.2966 11.5382 209.048 116.672 108.091 50.4841 46.2767 28.9909 17.2858 10.1883
internal_count=1202923 1187484 1141712 8416 8101 395 7706 59 125 70 45772 1133296 960079 5699 5525 954380 173217 890857 24659 866198 270 202 173 108 4543 7647 3385 410 402 173154 1290 1086 825 615 449 210 155 131 171864 3604 261 220 111 168260 1974 709 524 166286 1145 417 728 664 206 458 3427 1611 1317 744 607 314 293 108
is_linear=0
shrinkage=0.05


Tree=96
num_leaves=63
num_cat=0
split_feature=9 14 0 2 10 21 4 14 0 2 4 4 0 17 10 9 2 2 6 4 2 9 15 15 9 21 9 3 0 21 15 21 21 2 5 14 2 9 1 3 3 6 6 13 17 10 10 4 5 13 9 17 4 14 3 10 0 4 21 1 0 17
split_gain=28.2281 11.9503 13.5233 9.30396 10.2421 13.8831 10.9371 9.60485 7.53184 8.03042 8.50547 7.857 7.48979 6.58689 7.6492 7.40539 7.24521 21.4619 14.2558 9.57167 14.5678 11.7962 10.3198 9.93331 9.79962 8.49494 8.46327 9.94576 7.04106 6.58089 9.1963 6.53202 9.12612 8.0938 8.05092 8.59284 6.7128 6.50255 6.86904 6.44553 12.5456 6.0086 7.97763 6.99603 6.61029 6.71585 5.75218 5.72952 5.67295 5.6462 6.65829 6.03623 8.81943 7.72751 5.77881 5.63115 12.3578 5.52696 9.58076 7.23809 7.91716 6.3535
threshold=0.015268065501004459 7.5000000000000009 81.500000000000014 96.500000000000014 15.500000000000002 4.5000000000000009 5.5000000000000009 10.500000000000002 74.500000000000014 36.500000000000007 58.500000000000007 67.500000000000014 92.500000000000014 4.5000000000000009 2.5000000000000004 0.013793759513646366 27.500000000000004 100.00000000000001 16.500000000000004 33.500000000000007 12.500000000000002 0.013986697886139156 0.015749008394777778 0.014815627597272398 0.013793759513646366 2.5000000000000004 0.013986697886139156 0.010582306887954475 29.500000000000004 1.5000000000000002 0.015268065501004459 5.5000000000000009 4.5000000000000009 39.500000000000007 0.011050061322748663 5.5000000000000009 83.500000000000014 0.012739370577037336 0.011050061322748663 0.00766294775530696 0.009569597430527212 60.000000000000007 1.0000000180025095e-35 0.015038444194942715 2.5000000000000004 1.0000000180025095e-35 13.500000000000002 40.500000000000007 0.010050504934042694 0.013245614245533945 0.014389234129339458 7.5000000000000009 25.500000000000004 13.500000000000002 0.0065147271379828462 10.500000000000002 100.00000000000001 14.500000000000002 1.5000000000000002 0.0063898416701704272 42.500000000000007 7.5000000000000009
decision_type=2 2 2 2 2 2 2 2 2 2 2 2 2 2 2 2 2 2 2 2 2 2 2 2 2 2 2 2 2 2 2 2 2 2 2 2 2 2 2 2 2 2 2 2 2 2 2 2 2 2 2 2 2 2 2 2 2 2 2 2 2 2
left_child=1 13 8 4 6 7 -4 48 -3 -10 -11 -12 46 29 15 -15 19 18 26 20 23 22 28 -16 -24 -21 -18 -28 -22 30 -1 32 34 -34 35 36 39 57 -39 -20 -41 42 44 -43 -5 -46 -8 -35 -6 50 51 -9 -53 -54 -55 56 -27 -19 -59 -60 -61 -62
right_child=-2 2 3 41 5 -7 12 49 9 10 11 -13 -14 14 16 -17 17 37 31 25 21 -23 24 -25 -26 55 27 -29 -30 -31 -32 -33 33 47 -36 -37 -38 38 -40 40 -42 43 -44 -45 45 -47 -48 -49 -50 -51 -52 52 53 54 -56 -57 -58 58 59 60 61 -63
leaf_value=-0.09463247679830486 0.0070715513298990305 -0.0013470913658610651 -0.13194941609583016 -0.10001946115393048 -0.10246054090303061 -0.091652972973868846 -0.091687332852605982 -0.0066084455560526199 0.033265098196073754 -0.040389619514523252 0.063998333508564598 0.0028440787325147328 0.019964676644237914 0.016976649986344426 0.048802561401122345 -0.10237428118506618 0.038236059081172974 0.053004083038501362 0.029861092072693714 -0.13022158683097179 0.014875581052258445 -0.10405379816836235 -0.10181241046895034 0.0040873578460514292 0.056057490757962652 -0.11220414451235905 -0.099371808882581972 0.043310363497924893 -0.1024614634084719 0.01436617449601719 0.0023609497491233434 -0.099473802630711289 -0.095025529229089661 0.045535457170357278 -0.10176302705120299 -0.098480517970523443 -0.12343852330510821 0.035356528803818336 -0.1134970686003237 -0.099309841934096144 0.00068981760592734434 -0.011301372020940401 -0.030855945708640364 0.034037398071533352 0.05564612395083466 -0.076169237164147946 0.031910026800985605 -0.086999786119966005 0.033545830324473287 -0.049807568756803582 0.044693304742440924 0.045238650856719256 0.061583942375679962 0.075287901293314641 -0.012006115369761095 0.036446450878157635 0.043818140198437522 0.0061734949887788278 -0.1030952317604619 -0.10435307348643302 0.02307577354586925 -0.10330336340853946
leaf_weight=3.2931591380875025 1157.1044212537527 3144.8026391985622 1.2675621230155218 1.0119288609421326 3.8553998206625684 4.6796323197195298 2.7269920320250094 415.20432502526091 32.427448369911872 9.7778313747839984 6.0641052091959855 39.230132464508642 71.191571671224665 2.0873856865800908 14.505796515149994 3.4440980310318992 10.351254162378607 4.8390493285842231 5.5482302488526392 0.83686412125825782 14.99943820235786 4.5635979528306043 4.9974953500786787 86.378611081046984 1.2236898904666302 2.1058624843135467 2.9722548029385498 2.0732942628674209 1.3976531783118833 200.50052212196169 9.4754142346391728 4.6486008235951877 1.5942030309233794 6.5562037518830039 5.9938396160723633 4.7038245922885897 1.5615468800533552 23.920645157922994 0.80097967805340786 4.7958449092693618 9.0645465579582361 361.90305508369784 71.233796888889628 8.7133413513947726 6.4821276819566256 1.1355728088237818 1.437625009799375 0.93127670558169473 0.95703018316999067 6.7592170208808957 6.9788113475078708 13.970572376390917 4.5078452904708675 1.9978879798727565 37.129354894423159 43.014892491861247 3.1941090114414692 61.976142935214739 3.4297177710686801 2.1322693693218735 6.6880643868353218 1.1682032492244614
leaf_count=5947 25744 365601 147 172 364 725 364 241714 2849 4103 975 27398 4020 33 112 100 103 76 141 72 249 161 253 1213 11 62 102 21 90 4246 9044 172 75 57 363 297 137 633 32 365 314 397886 54365 1385 184 596 66 62 65 1068 331 1671 57 1975 30832 575 20 11976 587 215 266 84
internal_value=5.89656e-05 -0.00162547 -0.0025303 -0.00754017 -0.00331131 -0.00593939 0.0137021 -0.00512307 -0.000944494 0.0135252 0.00190193 0.0110316 0.0161521 0.00522871 0.000993314 -0.0573355 0.00193406 -0.00558037 -0.0292203 0.00896222 0.00176339 -0.0307245 -0.0159292 0.0105168 -0.0707598 0.027719 0.012355 -0.0407415 0.00487402 0.0121497 -0.0226547 -0.0433206 -0.0369147 0.00727055 -0.0495862 -0.037405 -0.0237051 0.00811297 0.0305337 -0.0156809 -0.0339111 -0.012916 -0.0253557 -0.0102354 0.0200469 0.0359964 -0.0490215 0.029051 -0.0754135 -0.00442783 -0.00378852 -0.00450413 0.0106632 -0.00040682 -0.00754877 0.0304547 -0.0181749 0.00120468 -0.00211997 -0.0404258 -0.0189073 0.00428358
internal_weight=5974.32 4817.21 4255.45 1023.14 572.664 496.04 76.6238 491.36 3232.3 87.4995 55.0721 45.2942 75.3562 561.769 348.499 5.53148 342.968 165.75 60.7949 177.218 128.066 27.1819 22.6183 100.884 6.22119 49.1517 15.3968 5.04555 16.3971 213.269 12.7686 45.3981 40.7495 9.08168 31.6678 25.674 20.9702 104.955 24.7216 19.4086 13.8604 450.48 79.8634 370.616 8.62963 7.6177 4.16462 7.48748 4.81243 486.548 479.789 472.81 57.6057 43.6351 39.1272 48.3149 5.29997 80.2334 75.3944 13.4183 9.98854 7.85627
internal_count=1202923 1177179 1138913 737987 283399 278802 4597 278077 400926 35325 32476 28373 4450 38266 19029 133 18896 16078 2209 2818 2089 764 603 1325 264 729 226 123 339 19237 14991 1983 1811 194 1617 1254 957 13869 665 820 679 454588 55317 399271 952 780 430 119 429 277648 276580 276249 34535 32864 32807 657 82 13204 13128 1152 565 350
is_linear=0
shrinkage=0.05


Tree=97
num_leaves=63
num_cat=0
split_feature=8 19 2 14 0 0 16 5 16 10 10 6 17 7 8 17 16 10 2 16 17 17 5 16 5 8 6 8 0 10 16 5 0 8 8 6 6 10 10 17 3 5 5 7 16 16 2 2 10 10 0 5 16 5 16 5 16 0 5 2 16 2
split_gain=23.6758 16.8 10.8478 9.85712 7.84187 7.62699 7.30253 11.361 7.68921 8.89368 10.6559 7.69948 10.6506 15.1491 9.11988 7.66392 6.94838 6.77316 6.63303 6.48597 6.31544 6.21561 8.12354 6.18635 5.83326 6.02104 6.74074 13.2422 7.89497 5.89995 5.71285 5.65515 7.36045 7.06728 5.54088 5.52867 6.96476 5.9876 5.49731 11.17 7.88967 6.02058 10.7881 5.43612 5.41761 7.25255 5.31765 9.31925 8.19753 5.09334 4.88584 5.64312 6.0196 5.50256 9.88874 8.13535 5.39572 6.07544 4.84438 4.67881 4.98819 8.80139
threshold=4.5000000000000009 4.850494623184205 71.500000000000014 60.000000000000007 98.500000000000014 1.0000000180025095e-35 1.0000000180025095e-35 0.014599318150430919 30.500000000000004 7.5000000000000009 5.5000000000000009 9.5000000000000018 3.5000000000000004 0.015504807699471714 5.5000000000000009 2.5000000000000004 80.500000000000014 4.5000000000000009 72.500000000000014 64.500000000000014 6.5000000000000009 7.5000000000000009 0.014815627597272398 71.500000000000014 0.0088107436895370501 18.500000000000004 12.500000000000002 7.5000000000000009 49.500000000000007 4.5000000000000009 88.500000000000014 0.015749008394777778 1.5000000000000002 1.5000000000000002 6.5000000000000009 1.0000000180025095e-35 2.5000000000000004 1.0000000180025095e-35 1.5000000000000002 7.5000000000000009 0.0091326101683080214 0.0064725596457719812 0.0090499590151011961 1.0000000180025095e-35 19.500000000000004 16.500000000000004 96.500000000000014 86.500000000000014 6.5000000000000009 6.5000000000000009 4.5000000000000009 0.010362972505390646 32.500000000000007 0.012422839645296337 76.500000000000014 0.012739370577037336 57.500000000000007 25.500000000000004 0.01183473411947489 77.500000000000014 1.0000000180025095e-35 87.500000000000014
decision_type=2 2 2 2 2 2 2 2 2 2 2 2 2 2 2 2 2 2 2 2 2 2 2 2 2 2 2 2 2 2 2 2 2 2 2 2 2 2 2 2 2 2 2 2 2 2 2 2 2 2 2 2 2 2 2 2 2 2 2 2 2 2
left_child=19 2 3 -2 18 6 7 -5 15 10 11 12 -10 -14 -13 17 38 -8 -4 -1 49 -9 -23 -11 25 26 27 28 -20 -26 -3 32 33 -21 -28 37 -37 -6 39 40 -7 -42 -43 -44 45 -19 47 48 -38 -18 51 -31 -53 58 55 56 57 -55 -52 -27 61 -61
right_child=1 30 4 5 35 16 8 21 9 23 -12 14 13 -15 -16 -17 20 44 24 31 -22 22 -24 -25 29 59 34 -29 -30 50 -32 -33 -34 -35 -36 36 46 -39 -40 -41 41 42 43 -45 -46 -47 -48 -49 -50 -51 53 52 -54 54 -56 -57 -58 -59 -60 60 -62 -63
leaf_value=0.0048658842297370566 0.054870672795414133 0.0042027837324565397 -0.067319412340362803 -0.13766126686545124 0.04580415466273239 -0.10660782572685211 0.033379976297115782 0.0011022706698060819 0.030186099265702194 0.0092695514037688734 -0.13357696133713312 0.035091931995256696 0.016244649084894324 -0.14288086869592806 -0.12594433887311715 0.028282998778283726 -0.12384911592754395 -0.12054417284273887 0.048663442729517364 -3.6353170033756934e-05 -0.082329512581502104 0.051035624574627896 -0.13151677839644796 -0.10448553394141205 -0.1060368462622219 -0.033718954448125553 -0.08897475802467969 -0.1061018830755238 -0.10503950938680202 -0.085963423685021828 -0.085902528706372008 0.032565118492971237 0.012602406592844213 -0.13314972883542117 0.035151406373471132 -0.07787697340072354 0.062094447655834217 -0.074023204379089574 -0.0033672416770605586 -0.13449462658400299 0.05046568830534176 -0.11248423753993564 0.038073699707311698 0.0048703072845074826 -0.12247202879757882 0.04283925250281221 -0.016910030322531338 0.014631058030572906 -0.022845783797267288 0.016907970427600807 -0.020353934443523399 -0.076916827437833082 0.032325875500522842 0.076458278194056845 -0.11853726895489969 -0.0058123321336398309 0.10681272058396281 -0.06311900920213169 -0.067519381262283323 0.071450757481197696 -0.003666372135514981 0.0054880958883885929
leaf_weight=975.14297731139231 7.7354714907996813 1067.4193917679659 4.1015571429161346 1.8810869469307387 6.8618646988179535 1.4044606548268337 3.2332414197735488 18.625748485908847 10.69545534683858 124.92548561823787 2.0795734202256417 1.2724681599065659 3.4552615428110576 2.6373821458546445 2.8446319822687647 66.282072048052214 0.64892911002971132 1.0640863189473733 5.0609634027350694 2.4020288549363613 1.6890804166905571 0.8665108829736704 2.0539113562554121 1.2067230059765268 1.6864787496160705 11.706537569669306 0.93058756180107494 2.9346794330049288 1.0006469727959482 1.3103134720586265 1.7620102129876603 37.048013594700024 142.26870773994597 1.7048268900252868 26.542751647939443 4.2425184158055336 3.0268664069008073 1.2292723167338389 2384.3635822794458 1.3381147678010155 9.5101257900241745 1.8038323782384384 15.207104958128182 65.092471716925502 2.0279087242670357 1.8779736980795858 273.97367974273766 41.163060789636802 46.136528169488884 66.855019718059339 59.590598875525757 1.3894624572712917 13.641724665183572 1.6940434753196307 1.705735177733003 30.740225221612491 2.9014376795385033 1.444341061171144 5.9915286504401584 5.8219469567120532 344.83364677299687 38.489862413516676
leaf_count=21092 117 43053 1554 131 209 131 16 199 72 1788 59 7 34 52 55 534 28 41 83 29 454 3 39 97 271 5325 129 458 132 332 226 216 4357 50 1291 2873 146 741 331578 75 128 129 114 873 90 20 394780 37975 53165 1859 22920 494 811 290 205 9093 184 823 2703 1289 223854 33047
internal_value=7.16325e-05 -0.00147331 -0.00305232 -0.0014933 -0.00769993 -0.00164929 0.00673908 -0.0198198 0.00952171 0.00296864 -0.0256362 -0.0148987 0.000128194 -0.0526376 -0.076173 0.0226407 -0.00246258 -0.0229489 -0.00396669 0.00648841 0.0131654 -0.00953164 -0.0773521 0.00818124 -0.00350219 -0.000804407 0.0186461 -0.0189188 0.0232903 -0.0131651 0.00405429 0.0151143 0.0106974 -0.055294 0.030947 -0.0132856 -0.0141832 0.027599 -0.00289883 0.00893792 0.0110013 0.0128043 0.0084419 0.0111584 -0.059594 -0.0162534 -0.0134414 -0.00292068 -0.0176162 0.0155548 -0.0118643 0.0135525 0.0222276 -0.0158555 -0.000846985 0.0046111 0.0576621 0.0122223 -0.0246629 -0.00257402 -0.0016371 0.0141547
internal_weight=5970.58 4812.01 3742.83 2802.68 940.153 2794.94 247.03 23.4273 223.602 149.117 22.9848 20.9052 16.7881 6.09264 4.1171 74.4853 2547.91 8.20321 563.519 1158.57 69.193 21.5462 2.92042 126.132 559.418 437.322 36.4696 8.99629 6.06161 122.096 1069.18 183.424 146.376 4.10686 27.4733 376.634 368.543 8.09114 2478.72 94.3561 93.018 91.6135 82.1034 80.2996 4.96997 2.94206 364.3 90.3265 49.1634 67.5039 120.409 16.3415 15.0312 104.068 38.4858 36.78 6.03982 3.13838 65.5821 400.852 389.145 44.3118
internal_count=1202923 1177179 1133900 338723 795177 338606 3237 372 2865 2164 279 220 158 86 62 701 335369 167 305288 25744 2341 241 42 1885 303734 265608 2093 673 215 38126 43279 4652 4436 79 1420 489889 488939 950 333028 1450 1375 1244 1116 987 151 61 486066 91286 53311 1887 37855 1637 1305 36218 10595 10390 1297 1113 25623 263515 258190 34336
is_linear=0
shrinkage=0.05


Tree=98
num_leaves=63
num_cat=0
split_feature=21 16 12 10 7 10 17 14 10 4 1 17 16 17 3 14 8 0 1 5 2 2 12 4 16 16 16 0 16 8 16 1 0 2 4 5 1 3 4 16 0 2 12 17 8 17 16 2 1 4 13 5 4 0 4 17 16 2 0 5 7 7
split_gain=20.7918 12.6372 11.8102 8.44475 11.0946 15.8015 15.8583 11.6874 10.6609 10.5287 8.84276 11.8358 8.68011 16.0054 8.32885 7.85024 7.8144 9.47968 17.1346 8.41394 8.30103 7.38952 7.33084 7.19149 9.17553 18.1098 8.69478 6.71826 9.27191 8.37004 7.46201 16.7679 12.4091 7.07767 9.71482 7.55747 6.92802 6.69758 9.22952 6.38083 6.35557 6.96096 6.19282 7.78791 7.64803 5.84605 13.139 8.15606 10.7179 5.69907 9.61475 5.69066 9.89763 5.77756 5.55212 10.8853 6.51326 6.06096 8.5275 13.3799 5.89561 5.51681
threshold=3.5000000000000004 63.500000000000007 1.5000000000000002 3.5000000000000004 0.015038444194942715 60.000000000000007 5.5000000000000009 2.5000000000000004 6.5000000000000009 3.5000000000000004 0.0063492704648524531 4.5000000000000009 13.500000000000002 7.5000000000000009 0.015749008394777778 6.5000000000000009 7.5000000000000009 60.500000000000007 0.01197647722437978 0.011050061322748663 9.5000000000000018 12.500000000000002 13.500000000000002 17.500000000000004 23.500000000000004 49.500000000000007 57.500000000000007 85.500000000000014 69.500000000000014 18.500000000000004 68.500000000000014 0.012579114176332952 24.500000000000004 8.5000000000000018 36.500000000000007 0.0063898416701704272 0.0066890381276607522 0.015749008394777778 1.0000000180025095e-35 26.500000000000004 1.0000000180025095e-35 1.5000000000000002 18.500000000000004 6.5000000000000009 3.5000000000000004 2.5000000000000004 59.500000000000007 9.5000000000000018 0.016001024283468727 5.5000000000000009 0.014389234129339458 0.013423423748463394 17.500000000000004 1.5000000000000002 4.5000000000000009 2.5000000000000004 31.500000000000004 8.5000000000000018 46.500000000000007 0.014815627597272398 0.015504807699471714 0.015268065501004459
decision_type=2 2 2 2 2 2 2 2 2 2 2 2 2 2 2 2 2 2 2 2 2 2 2 2 2 2 2 2 2 2 2 2 2 2 2 2 2 2 2 2 2 2 2 2 2 2 2 2 2 2 2 2 2 2 2 2 2 2 2 2 2 2
left_child=15 2 -2 12 -5 7 54 21 16 10 -10 14 13 61 -12 22 17 18 -9 -20 51 40 -1 24 49 37 -27 28 29 -17 45 32 -32 34 -29 -36 -37 38 -26 42 -6 -42 43 -11 -45 46 -31 48 -48 -21 -51 52 -18 -53 55 56 -7 -56 59 -59 -60 -4
right_child=1 -3 3 4 5 6 -8 8 9 39 11 -13 -14 -15 -16 27 20 -19 19 23 -22 -23 -24 -25 25 26 -28 33 -30 30 31 -33 -34 -35 35 36 -38 -39 -40 -41 41 -43 -44 44 -46 -47 47 -49 -50 50 -52 53 -54 -55 57 -57 -58 58 60 -61 -62 -63
leaf_value=0.044544974510826799 0.0081888450210934449 0.010121096761530203 -0.028753672065313297 -0.00027068380794121466 0.044251360357753941 -0.095638256001537816 -0.12327290340918969 -0.10989916555167917 0.06085899845157873 -0.094708433397638125 -0.1020245649516671 -0.11257744395658378 0.0092409622612540081 -0.11310601224745871 0.026185380267146348 0.028468044842509827 0.055939156118719226 0.022734402991926108 -0.10012114404092642 0.029396724660296022 -0.099466439204640447 0.035473141623815478 0.0046881473101577746 0.042114977503633688 0.051168589988230019 0.032525083441195909 -0.10463329885516821 0.025539151821422825 0.006835922377837516 -0.013319999576691374 0.064647204157389698 -0.10741620537957082 -0.045489064304417903 -0.0084034136944623177 0.0023670033719063953 -0.075353501741123263 0.056332112171790877 -0.12825468338630966 -0.07610965714236255 -0.085256739638863252 0.030185266169768722 -0.10265230595910844 0.067837248236495951 0.056153163589437699 -0.098887958478648036 -0.0015144831651704397 0.037694999626377831 -0.0014710612481137037 -0.13037914019554181 0.065389180017291285 -0.10475940735574128 -0.010418113745751309 -0.092156978206646423 -0.11271318917596225 0.041954273615169256 -0.12348829816553948 0.027529925670462349 -0.089551171968401289 -0.08745984047340126 0.048347362410438736 0.050025761674733188 0.0063684176485031153
leaf_weight=12.528238766361026 526.54547227639705 510.42869183135917 16.491428062436171 1450.6933850433124 2.0550068132579353 1.2660572049207965 2.1067723354790351 4.829383654287084 3.12508201599121 4.3902478537056595 1.5962081897305305 3.368421328952536 345.52950082818279 3.664880351512692 6.1367130859289318 20.420399757626001 3.8763329009525496 17.0594571698457 2.5198859744705251 12.99340333347209 5.3093162741279221 13.486538662109522 145.79654101337655 6.5779287957120678 1.7901739072985963 8.9100899347104114 1.3276233065407712 37.095393029158004 262.14856599783525 316.06064586476714 4.3250868758186716 5.6083153614308676 6.2580852345563471 830.83509262072403 21.103822126344316 6.5767076705815262 1.1776293525472281 3.9896067309891796 6.9696500860154629 16.826822408940643 1.4292565269861368 3.1814346415922046 1.2946263439953343 2.3931272695772354 1.1914182375185189 1107.7407077405223 25.75491331610829 62.762196034367662 0.98479270422831078 1.315934665501117 2.2496908975299448 2.901350186439231 1.5913514308631418 2.6328937348444015 22.874824426020496 1.9132051584310819 7.0517818406224251 4.6314379917457691 0.8682272112928312 2.8362424552906305 7.6515578024554998 34.719148163974751
leaf_count=226 7539 12116 468 50537 6 34 187 271 4 265 62 85 7434 146 46 1213 20 1438 87 75 638 111 26551 79 7 70 40 2155 18342 81677 167 545 1838 699314 5752 1626 42 82 215 1527 8 52 35 28 126 269116 419 8249 27 4 61 27 49 119 180 92 64 357 125 21 123 604
internal_value=8.58591e-05 0.00293365 0.00150956 -0.000206347 -0.00178774 -0.0128737 0.0110546 -0.0211899 -0.0267962 -0.0480421 -0.0134383 -0.0343534 0.00630717 -0.0121658 -0.000279361 -0.00297986 -0.0169314 -0.00971878 -0.0200722 -0.0111542 -0.0481203 0.0141874 0.00784202 -0.00629368 -0.0143458 -0.0347871 0.0147384 -0.00361237 -0.00186065 -0.00333156 -0.00375612 -0.0375193 -0.000479031 -0.00715191 0.00861361 -0.0131431 -0.0553548 -0.0745557 -0.0500988 -0.0669064 -0.0288795 -0.0614743 -0.0335949 -0.0500613 0.00462116 -0.00339487 -0.00853092 0.00838092 0.031505 0.0140307 -0.0419641 -0.0233417 0.0128363 -0.0590846 0.0168191 -0.0159521 0.00878251 0.0254465 0.00182732 -0.037177 0.036015 -0.00494201
internal_weight=5953.77 3086.59 2576.16 2049.62 1649.21 198.519 51.2001 147.319 127.167 40.3227 14.2264 11.1013 400.405 54.8755 7.73292 2867.18 86.8441 70.5328 53.4734 48.644 16.3112 20.1522 158.325 46.1241 39.5462 22.9871 10.2377 2708.85 1812.06 1549.92 1529.49 16.1915 10.5832 896.789 65.9536 28.8582 7.75434 12.7494 8.75982 26.0962 6.6657 4.61069 9.26942 7.97479 3.58455 1513.3 405.563 89.5019 26.7397 16.559 3.56563 11.0019 5.46768 5.53424 49.0933 10.231 8.31784 38.8623 15.9875 7.46768 8.51979 51.2106
internal_count=1202923 85664 73548 66009 57357 6820 1183 5637 5460 2178 197 193 8652 1218 108 1117259 3282 2429 991 720 853 177 26777 633 554 414 110 1090482 381593 363251 362038 2550 2005 708889 9575 7420 1668 304 222 1981 66 60 454 419 154 359488 90372 8695 446 140 65 215 69 146 996 190 98 806 626 378 248 1072
is_linear=0
shrinkage=0.05


Tree=99
num_leaves=63
num_cat=0
split_feature=8 19 0 6 16 4 13 2 0 14 16 18 18 16 16 8 13 5 8 6 16 0 6 8 4 0 2 18 4 4 16 8 6 2 8 0 4 0 0 6 16 8 6 13 18 2 8 13 8 10 5 13 13 1 2 5 4 16 5 4 2 2
split_gain=19.1252 15.2698 9.39099 8.15779 9.57902 8.13201 7.57755 6.65734 10.2524 8.19658 6.77355 11.5655 10.6161 12.1409 9.12603 9.04915 11.0437 9.79582 8.39413 11.2391 7.69892 7.4929 7.43316 8.4932 6.81153 12.7788 10.2602 8.03887 8.03181 8.50593 7.11967 15.1889 19.6373 8.33757 7.3551 19.6533 6.80227 7.03265 6.1953 10.4057 6.1777 6.00441 5.85878 7.57501 6.21079 5.91158 5.76946 13.3381 7.3792 10.2098 8.48787 6.04245 12.6539 6.58391 6.06716 12.989 15.8467 9.09029 10.4764 8.67113 6.71371 5.75387
threshold=4.5000000000000009 4.850494623184205 1.0000000180025095e-35 1.5000000000000002 9.5000000000000018 7.5000000000000009 0.015268065501004459 100.00000000000001 98.500000000000014 60.000000000000007 54.500000000000007 3.5000000000000004 3.5000000000000004 53.500000000000007 16.500000000000004 8.5000000000000018 0.015504807699471714 0.014815627597272398 11.500000000000002 1.5000000000000002 81.500000000000014 19.500000000000004 1.5000000000000002 5.5000000000000009 98.500000000000014 61.500000000000007 94.500000000000014 5.5000000000000009 74.500000000000014 81.500000000000014 1.0000000180025095e-35 12.500000000000002 18.500000000000004 52.500000000000007 10.500000000000002 41.500000000000007 7.5000000000000009 20.500000000000004 13.500000000000002 15.500000000000002 51.500000000000007 9.5000000000000018 3.5000000000000004 0.015749008394777778 2.5000000000000004 88.500000000000014 18.500000000000004 0.012579114176332952 12.500000000000002 4.5000000000000009 0.012422839645296337 0.013793759513646366 1.0000000180025095e-35 0.010256679728627207 11.500000000000002 0.009569597430527212 8.5000000000000018 79.500000000000014 0.016001024283468727 1.0000000180025095e-35 9.5000000000000018 14.500000000000002
decision_type=2 2 2 2 2 2 2 2 2 2 2 2 2 2 2 2 2 2 2 2 2 2 2 2 2 2 2 2 2 2 2 2 2 2 2 2 2 2 2 2 2 2 2 2 2 2 2 2 2 2 2 2 2 2 2 2 2 2 2 2 2 2
left_child=40 2 3 -2 5 6 -5 9 -9 -4 12 18 13 22 24 16 -13 -18 19 -12 41 -15 23 -11 25 28 61 -28 30 -30 31 38 -33 -34 35 -32 -23 -38 -14 -40 -1 -17 43 -6 -45 -44 47 48 50 -50 -43 52 54 -53 55 -48 57 58 -57 -60 -58 -26
right_child=1 -3 7 4 42 -7 -8 8 -10 10 11 15 14 21 -16 20 17 -19 -20 -21 -22 36 -24 -25 26 -27 27 -29 29 -31 34 32 33 -35 -36 -37 37 -39 39 -41 -42 46 45 44 -46 -47 51 -49 49 -51 -52 53 -54 -55 -56 56 60 -59 59 -61 -62 -63
leaf_value=0.0033104174187522078 0.036146312158951102 0.0039718400367091972 0.052235430926535723 -0.0096431020229094527 -0.13733157286477299 -0.12170342697541377 -0.1284075879110099 -0.0030516616660782236 -0.015477062783461155 -0.10573806070375683 -0.10183828635322525 -0.10395584294463417 0.033243274182926698 -0.1043214116549081 -0.003034000241961815 0.03980805000715279 0.050724297959042125 -0.1482891963766387 0.0034283323398358726 0.027536858414959477 -0.077539728477368952 0.055346002469483291 -0.0077468974254886833 0.018075275868364129 -0.082369378796912085 0.036680644424780952 0.16296929841378271 -0.055335315633215469 0.082275156969252181 -0.032655848788058904 -0.11928528742396022 -0.1106364637917759 -0.0049648118492496909 -0.068823257036360205 0.023954206821054209 0.096445461010987887 0.063372100923245134 -0.065157776838103407 0.020199207059084064 -0.11457688338163392 0.011099384975097016 -0.096174170546295068 0.0097835269372246406 0.039822642184087757 -0.070056250709377224 -0.1022730276853968 -0.083381960673214128 -0.10629690768601813 0.065127853683764128 -0.099676079767818532 0.067246521753512686 -0.10257297512034731 -0.10713153117526381 0.035501672518548369 0.00064474938643373269 -0.11646476491693303 0.020634734535763279 0.059924025485379555 -0.1281677073972988 0.019698972063549366 -0.099825844273385242 -0.013505733882362715
leaf_weight=776.19117976148846 21.322178321541287 1066.1792575356085 6.8512204527505665 22.8480728766881 1.5028027016669501 1.9923334574559692 1.4269390581175674 430.70116508394131 270.13782759743845 1.4344669501297165 1.7305785664357234 5.2279843915021029 27.975031027104706 4.6763957145158193 735.58666379310307 7.3567741021979591 2.9335984806530182 0.78345469594933081 460.28973051096546 55.9813817164395 3.678117325063794 1.9736750219017256 985.09770761222171 40.234592779539526 3.4714377585332903 40.306572167319246 1.3685559010482382 0.60952339417417523 6.2893385791685414 2.1636891472153366 2.9575016396120182 5.2305546319112173 63.131106730434112 5.5617431530263266 47.316742449766025 1.6417843438684938 1.2363104636315236 7.6478826299426146 4.8302740422077477 2.0357132735662153 378.8092650770559 0.97613339754752715 192.92856589326402 2.8442717990837991 2.34747110074386 1.1842039765324432 6.9737657792866221 4.6566602673847219 1.3396803233772505 3.1482046192977577 4.2714230769779533 0.92087911604903538 3.0654557420639312 13.824532762635497 133.02135262184311 5.8286344918888044 23.065929313888777 1.52017675153911 1.3386300080455837 3.8228936358354986 1.2177447075955559 24.035235073824879
leaf_count=16348 122 43279 157 264 42 246 23 267530 386813 40 57 474 268 391 149156 123 53 26 46574 952 1010 91 189169 605 1542 8158 1023 976 263 474 92 362 4955 1520 2239 7 22 2942 132 135 9396 130 2688 10 27 582 1742 441 7 394 49 172 380 215 33960 527 881 8 98 107 210 22244
internal_value=9.01566e-05 -0.00130346 -0.00281545 0.00657628 0.00379967 -0.0245944 -0.0166243 -0.00348747 -0.00784102 -0.00238623 -0.00252163 0.00154567 -0.00402805 -0.00753569 -0.000276401 -0.00781215 -0.0571102 0.00877761 0.0056821 0.0236574 -0.00580798 -0.0514079 -0.00687194 0.013813 0.00821352 0.0113811 -0.014287 0.0957011 0.00535194 0.0528567 0.00285283 -0.0044187 -0.0172462 -0.0101351 0.0180867 -0.042277 -0.0286185 -0.0472718 0.0227979 -0.0197609 0.00586499 -0.00458848 0.00751386 -0.0384747 -0.00985962 0.00909991 -0.00615129 -0.0366992 -0.00340926 -0.0504804 0.0368475 -0.00389204 -0.00641478 0.0268786 -0.00466839 -0.0208164 -0.008958 -0.0546746 -0.0705261 -0.0186499 0.014594 -0.0221966
internal_weight=5941.05 4786.05 3719.87 248.397 227.075 26.2673 24.275 3471.48 700.839 2770.64 2763.79 746.974 2016.81 1042.3 974.511 228.972 8.94504 3.71705 518.002 57.712 220.027 15.5343 1026.77 41.6691 238.925 209.44 29.4848 1.97808 169.133 8.45303 160.68 108.764 73.9234 68.6928 51.916 4.59929 10.8579 8.88419 34.841 6.86599 1155 216.349 200.807 6.69455 5.19174 194.113 208.992 14.3921 9.73544 4.48788 5.24756 194.6 179.855 14.7454 176.789 43.7678 36.794 12.5103 10.9902 5.16152 24.2837 27.5067
internal_count=1202923 1177179 1133900 4004 3882 533 287 1129896 654343 475553 475396 88590 386806 193260 193546 41007 553 79 47583 1009 40454 3446 189814 645 44390 18605 25785 1999 10447 737 9710 7372 6837 6475 2338 99 3055 2964 535 267 25744 39444 3349 79 37 3270 39321 1021 580 401 179 38300 37913 387 37533 3573 1831 740 732 205 1091 23786
is_linear=0
shrinkage=0.05


Tree=100
num_leaves=63
num_cat=0
split_feature=19 16 17 7 2 11 0 19 2 4 14 7 14 19 9 16 0 8 19 19 8 2 7 4 17 2 11 7 4 0 12 12 16 14 14 19 11 7 2 16 0 3 16 1 8 8 11 8 5 12 12 1 11 7 17 12 2 16 11 12 16 1
split_gain=16.9314 15.4975 21.7817 14.9926 14.8073 12.5688 11.7922 13.4488 11.9776 10.4668 9.01079 14.9471 8.55413 14.5355 11.9639 14.0671 8.5225 7.98597 7.71926 14.6062 7.31222 10.0091 7.1907 6.88423 6.85514 11.3268 8.63313 10.0491 10.2579 10.1544 8.0681 7.81762 7.57405 6.56195 13.7901 6.59624 6.51479 8.48096 6.46119 13.6519 6.17309 21.1447 6.18252 6.10961 5.77907 11.2916 5.60337 13.6278 13.5637 13.0238 11.1984 10.1941 7.27132 10.5636 10.8987 9.82209 8.48457 11.0036 9.86293 7.01473 5.80787 5.74963
threshold=10.490225315093996 71.500000000000014 3.5000000000000004 0.014185110572725536 91.500000000000014 0.016261236742138866 17.500000000000004 10.291841983795168 64.500000000000014 3.5000000000000004 9.5000000000000018 0.013986697886139156 5.5000000000000009 8.7217597961425799 1.0000000180025095e-35 55.500000000000007 9.5000000000000018 10.500000000000002 9.3067207336425799 9.1103243827819842 60.000000000000007 32.500000000000007 0.012903762981295587 1.0000000180025095e-35 7.5000000000000009 1.5000000000000002 0.012579114176332952 0.014389234129339458 24.500000000000004 22.500000000000004 6.5000000000000009 7.5000000000000009 56.500000000000007 8.5000000000000018 16.500000000000004 9.7623982429504412 1.0000000180025095e-35 1.0000000180025095e-35 3.5000000000000004 79.500000000000014 13.500000000000002 0.015038444194942715 89.500000000000014 0.0080322581343352812 6.5000000000000009 10.500000000000002 0.016001024283468727 1.5000000000000002 0.0068260179832577714 4.5000000000000009 5.5000000000000009 0.011299795936793091 0.015504807699471714 0.015749008394777778 6.5000000000000009 11.500000000000002 1.0000000180025095e-35 17.500000000000004 0.013986697886139156 7.5000000000000009 32.500000000000007 0.012270400300621988
decision_type=2 2 2 2 2 2 2 2 2 2 2 2 2 2 2 2 2 2 2 2 2 2 2 2 2 2 2 2 2 2 2 2 2 2 2 2 2 2 2 2 2 2 2 2 2 2 2 2 2 2 2 2 2 2 2 2 2 2 2 2 2 2
left_child=1 5 16 4 38 6 7 18 -9 44 11 -6 13 20 15 43 -3 -12 19 -1 22 -22 -11 -18 46 -26 -27 29 -29 -28 -31 -30 -32 -20 36 -36 37 -35 39 -4 41 -25 -42 -15 -8 -46 52 51 59 -50 -51 -48 56 54 -54 -56 57 -14 61 -49 -53 -59
right_child=-2 2 3 -5 10 -7 9 8 -10 12 17 -13 24 14 -16 -17 23 -19 33 -21 21 -23 -24 40 25 26 27 28 31 30 32 -33 -34 34 35 -37 -38 -39 -40 -41 42 -43 -44 -45 45 -47 47 48 49 50 -52 60 53 -55 55 -57 -58 58 -60 -61 -62 -63
leaf_value=-0.00012456668782472651 0.0064940833156692098 0.029896513382062586 -0.11522003358430573 -0.069033690864833949 -0.10918255331167491 0.0083054139700098565 0.029846195587259507 -0.10906994646674524 0.04935176120924304 0.040838214604656968 -0.089203857048011329 0.062033482954295407 -0.14544081557054109 0.019034182594319372 -0.11272548785735842 -0.10619198900668568 -0.12079884614697829 -0.011035939459055507 0.031362453795070494 -0.11337173168865672 0.037830354107245036 -0.073153292618965637 -0.091242565554420466 -0.076065175686748532 -0.10483724593985347 -0.0034199247698980736 -0.098695569543005013 -0.10973755302507818 0.0092513664003369047 -0.10710671047334525 0.040341783600976497 -0.082626128238709129 -0.05117133211362819 -0.095334894551653143 0.058017829199806692 -0.080464684302486655 -0.11549109519164097 0.040646066778623417 0.0098625444014408727 0.027929896673514601 0.01319859021421281 0.046960301657244727 -0.10635009850849993 -0.087641220001815429 -0.11903136729787119 0.0062465069497234099 -0.11639735909673854 0.028641043807718126 -0.11469879889057839 0.050659668588913992 -0.091913477512075181 -0.1516532879862762 0.0218359035641521 -0.029459250711974378 -0.11266122777900522 0.041650058467511429 -0.0074198262314494785 0.038452233295871843 -0.1253851834802848 -0.083994062820975726 0.02049948099333334 -0.11920017629552167
leaf_weight=1975.9011670114705 839.93339054688113 70.904795584501699 3.2042049509473136 9.1877362025552411 6.150487864171736 272.04864769155392 27.876110333716497 5.0159013164229682 1.5654810075648127 10.382178220315835 3.4928678688011123 1.6079571135342119 0.94977105385624128 8.1873071123845893 6.7338322430150575 4.3870475838193661 0.99592212121933599 50.632248858906678 35.212483628769405 2.8513410834129891 3.1907394524896517 5.5915589733886009 1.1440078602172441 7.8395147966220957 2.4601602386683217 175.13203543619602 1.5013894850853819 2.2082680065650484 28.522032805369236 1.0041959902737279 47.939342349709477 2.5197810218669501 2.3729211918544015 2.0570978809846565 6.5241783922538144 0.99043923988938321 2.8559536132961512 2.5907522086054087 109.83359771803953 3.4683493580669165 253.41484280741133 6.2988524888642132 1.0861079127062101 1.6054162133950729 1.8458050631452341 70.39859819423873 6.0798953598132339 15.933168997871691 4.7198869620915502 3.6518016709014773 2.2112503690877912 0.59079675388056818 63.827807232853957 15.285574427456593 2.9359470955096185 1.5895080715999927 1677.3571294455396 23.086253908812076 1.0054815013427276 1.5136200600536565 2.8694089303025976 0.5931941200979044
leaf_count=81368 16701 957 268 2390 2061 4282 275 215 13 224 1226 7 232 925 643 863 47 14858 420 166 74 15637 94 371 354 115158 119 211 2020 196 4278 732 861 139 44 43 120 12 8515 115 19281 36 238 178 145 7025 798 681 285 32 204 22 3638 1449 403 148 888428 837 44 609 34 48
internal_value=-8.06121e-05 -0.00117091 0.00693543 -0.0067464 -0.00353838 -0.00211455 -0.00277924 -2.78503e-05 -0.071387 -0.00529162 -0.0233039 -0.0736976 -0.00603459 -0.0285898 -0.0578478 -0.0317869 0.0144717 -0.0160804 0.000203616 -0.000287753 0.00153991 -0.0328313 0.0277288 0.0104155 -0.00558927 0.00194675 0.00295251 0.0159192 -0.00561388 0.0294748 0.0332248 0.00179332 0.0360257 0.0195602 -0.00811159 0.0397656 -0.0560578 -0.0195379 0.00696033 -0.0408117 0.010902 -0.0212555 0.0126884 0.00154585 0.0105077 0.00304573 -0.00667848 -0.0257883 -0.00821993 -0.0528785 -0.0031118 -0.0774057 -0.00627663 0.00811671 0.0165197 -0.0584614 -0.00698353 0.0215646 0.0279902 0.0188692 -0.00889394 0.0345029
internal_weight=5904.87 5064.93 528.117 187.577 178.39 4536.82 4264.77 2035.56 6.58138 2229.2 61.8836 7.75844 2129.08 41.2221 20.9136 14.1798 340.54 54.1251 2028.98 1978.75 20.3085 8.7823 11.5262 269.635 2087.86 263.66 261.2 86.0679 33.2501 52.8178 51.3165 31.0418 50.3123 50.2309 15.0184 7.51462 7.5038 4.64785 116.506 6.67255 268.639 14.1384 254.501 9.79272 100.121 72.2444 1824.2 37.5698 28.0297 10.5829 5.86305 9.5401 1786.63 83.6388 68.3533 4.52546 1702.99 25.6347 24.6849 17.4468 3.46021 23.6794
internal_count=1201797 1185096 50370 29440 27050 1134726 1130444 82540 228 1047904 18152 2068 1040459 18638 2609 1966 20930 16084 82312 81534 16029 15711 318 19973 1021821 123929 123575 8417 2963 5454 5335 2752 5139 778 358 87 271 151 8898 383 19926 407 19519 1103 7445 7170 897892 2665 1811 521 236 854 895227 5638 4189 551 889589 1161 929 1290 56 885
is_linear=0
shrinkage=0.05


Tree=101
num_leaves=63
num_cat=0
split_feature=19 16 13 16 17 8 10 4 3 17 16 5 3 8 8 21 3 4 16 8 8 3 16 16 1 1 4 11 10 10 21 21 16 21 0 0 10 0 7 16 17 16 3 16 17 19 10 8 16 4 3 0 16 5 16 10 13 10 7 4 10 4
split_gain=14.8211 12.6744 12.2308 8.92131 14.0692 14.224 10.2256 10.1387 9.64688 18.6779 8.92847 16.5409 8.08077 8.25749 8.95331 8.88515 7.82407 11.4606 12.1096 7.58182 7.86057 7.46174 7.42865 8.45244 7.74498 15.3004 7.35623 10.3508 7.31886 10.8505 8.04425 7.64491 7.24176 7.10571 6.70595 6.51383 15.847 10.458 8.85954 8.39392 6.65117 15.3116 10.2981 7.16063 6.35603 6.30547 6.26588 7.20992 6.90531 6.25554 6.22038 6.18472 7.08412 18.2912 8.69297 10.6398 6.92993 7.55822 6.60555 13.9026 6.64498 6.4432
threshold=5.9177558422088632 80.500000000000014 0.012579114176332952 47.500000000000007 4.5000000000000009 2.5000000000000004 2.5000000000000004 9.5000000000000018 0.014185110572725536 3.5000000000000004 49.500000000000007 0.016261236742138866 0.013793759513646366 18.500000000000004 8.5000000000000018 4.5000000000000009 0.0085838492959737795 83.500000000000014 83.500000000000014 3.5000000000000004 5.5000000000000009 0.0076046728063374766 68.500000000000014 65.500000000000014 0.013606071937829258 0.013423423748463394 3.5000000000000004 1.0000000180025095e-35 60.000000000000007 10.500000000000002 4.5000000000000009 4.5000000000000009 50.500000000000007 4.5000000000000009 4.5000000000000009 2.5000000000000004 9.5000000000000018 10.500000000000002 0.012579114176332952 44.500000000000007 5.5000000000000009 21.500000000000004 0.015268065501004459 24.500000000000004 4.5000000000000009 5.5592796802520761 17.500000000000004 11.500000000000002 12.500000000000002 24.500000000000004 0.014599318150430919 1.5000000000000002 30.500000000000004 0.012903762981295587 34.500000000000007 17.500000000000004 0.015268065501004459 2.5000000000000004 0.015504807699471714 2.5000000000000004 2.5000000000000004 9.5000000000000018
decision_type=2 2 2 2 2 2 2 2 2 2 2 2 2 2 2 2 2 2 2 2 2 2 2 2 2 2 2 2 2 2 2 2 2 2 2 2 2 2 2 2 2 2 2 2 2 2 2 2 2 2 2 2 2 2 2 2 2 2 2 2 2 2
left_child=1 2 3 4 -1 -6 -5 35 12 26 11 -11 13 14 15 21 17 -3 -19 -9 -21 34 23 24 25 -14 27 32 29 31 50 -12 -10 45 -8 36 -7 39 -38 40 41 42 -37 -42 -20 -15 48 -48 -39 -23 -30 52 53 -4 58 56 57 -56 59 -54 -60 -59
right_child=-2 16 51 6 5 7 8 19 9 10 28 -13 22 33 -16 -17 -18 18 44 20 -22 49 -24 -25 -26 -27 -28 -29 30 -31 -32 -33 -34 -35 -36 37 38 46 -40 -41 43 -43 -44 -45 -46 -47 47 -49 -50 -51 -52 -53 54 -55 55 -57 -58 61 60 -61 -62 -63
leaf_value=-0.011582508087913002 0.0045303598712061466 0.022866321048054927 -0.12448990611727151 -0.1009712862224327 -0.10828767259386934 -0.1699423836314175 0.060920874963067376 0.05032799197759124 -0.12912160387367283 -0.11077229169481002 0.03426996520740519 0.035712922391815963 -0.059225067516650631 -0.003264959857544247 0.023240285761661678 -0.10139341366249395 0.022828995359935118 -0.058297218988012746 0.0094185251126010141 -0.093289430452419789 -0.0056101726197877238 -0.095905513419535751 -0.11567110666529441 0.033452544587841741 -0.10034506707772578 0.070360841944521177 0.024474416942388652 -0.14627563873858251 0.021015681976702658 -0.11972748988103091 0.060181163045335398 -0.1367437121347676 0.0077879096556087747 -0.083472526570589831 -0.061075530640359803 -0.11736415493611929 0.017948480359547096 -0.13408324070466007 -0.13755408322913679 -0.10590764054439544 -0.030480757404194654 -0.11046001803299391 0.029750289746212161 0.0097812786807776105 -0.070027313261334906 -0.079962133945199812 -0.10909549339013798 0.0087107754395454023 0.057229268236159848 0.035065663075520594 -0.010442488358463823 -0.00016938979086841407 0.012807330398962709 0.017321079206863137 -0.14235214119998157 0.026667965772219457 0.0048100865603034762 -0.029529589919219931 -0.0352135479935076 -0.12715611702331311 -0.13072836282186281 0.022062723944073999
leaf_weight=726.24545500676322 1352.4476100497413 31.476811908767559 2.3080551243619984 2.534511873178416 3.1370134529424822 1.1474148528650392 1.3620968535542548 6.0354133049258953 1.0053224260918856 5.2919304207898659 3.4249155502766371 3.0308740809559822 7.4043606828199753 745.94708234465725 58.412603645323543 2.5832167936023316 84.843956081778742 12.486615938600151 24.335009070840901 2.5681934449530663 548.89037816134805 1.000387078616767 2.4096026574261478 5.0075650501530609 4.0779263207223257 3.2899765041656792 124.76504903787281 1.2264846311882127 20.279978693462908 3.2600539642153299 5.2725460049696258 0.80760731827467669 24.609331843676046 2.7907567428192115 6.5106484907446429 1.4770013110246489 119.50895824772306 0.49523931345902283 0.92303394968621333 2.4669420832069582 16.54950299533084 5.1683112439932302 6.1124983212212101 33.192073233658448 2.8080926717375396 2.6894382077734909 1.3275083737680677 60.001369273260934 9.9099845238961262 10.284340434009207 69.796839693794027 1375.6125051001145 13.583172138198281 153.46447393140988 1.2463348943274457 42.715212989598513 94.943998257629573 24.721945202443749 7.9915581161621958 2.0407793788472182 2.3582742293365282 8.0131345205008966
leaf_count=383587 45829 1857 93 590 438 49 5 225 68 754 44 31 1407 283069 9733 189 1921 2967 1867 659 352239 78 318 158 366 29 3598 49 1107 189 28 62 395 291 3991 166 1476 62 29 210 776 395 75 1171 1278 469 96 7920 181 287 4136 82051 95 894 52 332 712 356 74 68 37 119
internal_value=-6.51144e-05 -0.00143132 -0.00192857 -0.00405385 -0.00651615 -0.00202309 -0.000654034 -0.00161445 -0.000426318 0.00795106 -0.0076165 -0.0574275 -0.00300468 -0.00221009 0.0130454 -0.0143463 0.0125763 0.000342874 -0.0175469 -0.0054085 -0.0060185 -0.00260873 -0.0327833 -0.0226859 -0.0417159 -0.0193596 0.0193659 -0.00437978 -0.00358539 -0.0511682 0.000153675 0.00163886 0.00241449 -0.00383735 -0.0399684 0.00657494 0.0149947 -0.000913439 0.0167567 -0.0154455 -0.0118748 -0.044082 0.00112018 -0.00361429 0.00119945 -0.00354049 0.0122476 0.00616077 0.0481237 0.0234551 -0.00335997 0.0013463 0.00724635 0.0152199 0.000961079 0.00504054 -0.002125 -0.0215016 -0.0259969 -0.00547451 -0.0569772 -0.0169004
internal_weight=5901.63 4549.18 4393.23 2664.23 1545.16 818.911 1119.08 815.774 1116.54 262.771 111.165 8.3228 853.77 831.581 80.1533 21.7407 155.95 71.1065 39.6297 557.494 551.459 19.1575 22.1894 19.7798 14.7723 10.6943 151.606 26.8411 102.842 7.49258 95.3494 4.23252 25.6147 751.427 7.87275 258.28 121.579 136.7 120.432 64.9663 62.4994 12.7578 7.5895 49.7416 27.1431 748.637 71.7341 61.3289 10.4052 11.2847 90.0768 1729 353.387 155.773 197.614 171.641 128.925 33.9814 25.9738 15.624 10.3498 32.7351
internal_count=1201797 1155968 1146078 1061195 749754 366167 311441 365729 310851 10461 6351 785 300390 298112 14283 4550 9890 7969 6112 353123 352898 4361 2278 1960 1802 1436 4110 512 5566 295 5271 106 463 283829 3996 12606 1554 11052 1505 2793 2583 636 241 1947 3145 283538 8259 8016 243 365 5243 84883 2832 987 1845 1571 1239 527 274 163 111 475
is_linear=0
shrinkage=0.05


Tree=102
num_leaves=63
num_cat=0
split_feature=16 19 10 17 4 0 19 0 19 21 19 4 19 8 16 10 17 7 16 21 2 7 2 2 2 16 3 7 10 0 4 0 16 21 2 16 12 11 0 16 14 2 12 17 16 17 0 0 8 9 14 4 0 0 16 0 17 16 4 16 2 2
split_gain=13.8883 14.7353 12.7119 10.7362 10.0179 11.6914 9.8013 14.4061 9.67183 8.40203 10.6023 7.91115 7.15766 12.4533 9.81969 7.19323 12.9699 9.03225 8.42945 8.14929 12.2899 9.40907 8.03872 7.23936 8.75985 9.40597 7.22409 7.2124 11.8314 14.819 10.7372 8.52742 19.0732 7.90926 17.2328 10.4615 9.06433 7.46189 6.91964 6.91528 6.8291 6.78257 6.69497 13.9541 6.65497 6.18635 8.30161 6.95451 6.18041 9.58272 6.1608 6.00079 6.58648 10.1576 6.37189 6.11096 5.9915 5.928 5.90731 10.4977 8.37278 10.818
threshold=70.500000000000014 9.7217559814453143 1.0000000180025095e-35 3.5000000000000004 32.500000000000007 6.5000000000000009 28.241104125976566 49.500000000000007 15.170379161834719 1.5000000000000002 6.3691070079803476 34.500000000000007 9.1367974281311053 60.000000000000007 53.500000000000007 60.000000000000007 1.5000000000000002 0.015268065501004459 42.500000000000007 4.5000000000000009 5.5000000000000009 0.014185110572725536 39.500000000000007 1.0000000180025095e-35 2.5000000000000004 25.500000000000004 0.013606071937829258 0.013606071937829258 8.5000000000000018 63.500000000000007 50.500000000000007 17.500000000000004 1.0000000180025095e-35 5.5000000000000009 15.500000000000002 31.500000000000004 4.5000000000000009 0.012903762981295587 39.500000000000007 69.500000000000014 60.000000000000007 78.500000000000014 12.500000000000002 3.5000000000000004 34.500000000000007 2.5000000000000004 23.500000000000004 16.500000000000004 10.500000000000002 0.013793759513646366 12.500000000000002 81.500000000000014 58.500000000000007 16.500000000000004 74.500000000000014 59.500000000000007 6.5000000000000009 29.500000000000004 42.500000000000007 9.5000000000000018 4.5000000000000009 25.500000000000004
decision_type=2 2 2 2 2 2 2 2 2 2 2 2 2 2 2 2 2 2 2 2 2 2 2 2 2 2 2 2 2 2 2 2 2 2 2 2 2 2 2 2 2 2 2 2 2 2 2 2 2 2 2 2 2 2 2 2 2 2 2 2 2 2
left_child=1 2 -1 8 -4 58 -5 -8 9 10 51 48 15 -14 41 16 18 19 22 23 21 -21 26 -17 25 56 -13 33 31 30 -30 32 -29 35 -35 38 -37 -36 -18 -16 -38 -15 43 -32 -42 46 47 -22 -7 -50 -33 -2 53 -53 -55 -54 -25 -19 60 -60 -6 -62
right_child=3 -3 4 6 5 11 7 -9 -10 -11 -12 12 13 14 39 17 27 57 -20 20 45 -23 -24 24 -26 -27 -28 28 29 -31 42 50 -34 34 37 36 40 -39 -40 -41 44 -43 -44 -45 -46 -47 -48 -49 49 -51 -52 52 55 54 -56 -57 -58 -59 59 -61 61 -63
leaf_value=0.0084838032723763019 -0.052013497312813677 0.0054414467934895995 -0.00057789557533338644 -0.0024389934130189376 0.02670771566667118 -0.098943381416230963 0.040853212439454015 -0.091554093457673597 -0.094442647227205079 0.016875862192930871 -0.091554349927022299 0.027274357356749941 -0.10917026494460556 0.041031613791250393 -0.09112656840263067 0.033031548846578287 -0.023440010617507761 -0.081390444387959587 -0.080233909514462562 -0.10718934846409008 -0.11020275995621132 0.062468430564692735 -0.05251851980165631 -0.092929016930125702 -0.0076230576351728977 -0.093450362647740731 -0.12671577954139654 0.051202365331226879 -0.092735394841558627 -0.074211384641332465 0.037657698322092786 -0.11144628070723017 -0.10917589307543424 -0.097267000049801808 -0.094139178841650656 -0.11648409680350034 -0.087749686021341061 0.038001089791166801 0.027139814774416585 0.10199193383747961 -0.062474795073716199 -0.048987965394162558 0.053766171983225801 -0.11460131015538702 0.00066445973788058969 -0.087788749597860316 -0.079450481522572391 0.078155161597990852 -0.033728851678437581 0.056913850043045805 0.0045203941171306538 0.015377362807506269 0.072937046953396575 -0.0054904291063331678 -0.095942622572192063 0.0091757061165639708 0.050392073234371171 0.035538745900190093 -0.063140749130857807 0.017260589770370972 -0.10444455548165098 -0.0062816867680747599
leaf_weight=267.4126209532842 4.7510904368245965 763.88126999768429 2310.7230424980226 316.45140784450632 7.2231810982339111 3.0208609183318904 23.842742053326223 2.247981537366285 2.1153445946983984 291.46478146052686 3.0972348283976308 8.9967089968267864 4.5016757660778248 7.0358361002290604 4.5209863574709752 10.84302365593612 7.8135823667980722 1.1601827232225357 7.2278491356992154 1.0255123209208274 0.62307025538757388 4.0235352050513029 8.332774131005861 1.0249828245723605 1185.9253870497996 6.0554260203789454 0.83205639221705574 2.9458503697533152 2.6785331603605291 12.910483163897879 4.0800615118350825 1.154983740299939 5.0010082951048389 2.627202669857069 1.0962676985654969 1.8336851223139081 2.3913236901862538 41.969871137989685 50.238472356431885 0.51651614904403675 4.3723739440029012 2.9781968682073057 6.3573395384009936 2.3840610968181863 91.695281410298776 9.2052377186482754 3.1117521876003593 2.2953605286311358 27.007243004856722 3.2687468032818279 136.2838590296742 8.8926934960763919 4.0084290252998462 3.1381616874132288 5.1295754213351756 60.102541027197731 2.5270869836676866 16.492558065612684 4.2311974428012027 100.23844683088828 4.3536483622156066 7.8987878243206069
leaf_count=4205 2639 16350 152582 36065 149 267 137 68 61 8607 575 204 520 257 789 821 563 1046 3430 60 27 16 5475 420 873136 1572 60 37 250 5385 61 173 344 219 114 314 413 782 9698 36 2238 725 179 279 23167 1016 293 28 9010 28 11004 407 52 635 1090 9872 131 2975 1410 8153 444 734
internal_value=-5.95232e-05 -0.000969074 -0.00208138 0.00641977 -0.00276462 -0.00553436 -1.04577e-05 0.029445 0.0121753 0.0127679 -0.000667288 -0.00661503 -0.00613304 -0.0362066 -0.0143843 -0.00577612 2.75941e-05 -0.00765684 -0.0345656 -0.00816787 -0.0395966 0.0280092 -0.0163907 -0.00763941 -0.00800828 -0.0555595 0.0142383 0.00235216 -0.0051329 -0.0346443 -0.00168747 0.000634059 -0.0497247 0.0087278 0.0270534 0.00343961 -0.00633813 0.0346374 0.020332 -0.0713253 -0.00428679 0.0142596 0.0173334 -0.0184976 -0.00220923 -0.0620013 -0.0226361 0.0379417 -0.0307471 -0.0239426 0.00354585 0.0026051 0.00579807 -0.0217144 -0.0616099 0.0131623 0.00903544 0.0278539 0.00929116 0.0140042 -0.0159901 -0.0411618
internal_weight=5891.59 5166.35 4402.47 725.242 4135.06 1824.33 342.542 26.0907 382.7 380.585 89.1197 1700.39 1667.09 19.5532 15.0515 1647.54 403.224 1244.31 25.3894 1226.66 20.2845 5.04905 18.1615 1206.38 1195.53 9.6075 9.82877 377.834 173.796 28.4105 15.5 145.386 7.94686 204.038 45.6933 158.345 100.293 43.0661 58.0521 5.0375 98.459 10.014 12.8215 6.46412 96.0677 15.2354 6.03018 2.91843 33.2969 30.276 137.439 86.0225 81.2714 17.1604 8.26774 64.111 3.55207 17.6527 123.945 104.47 19.4756 12.2524
internal_count=1201797 1141589 1125239 60208 1121034 968452 36270 205 23938 23877 15270 957562 948257 2327 1807 945930 64389 881541 9169 877520 1440 76 5739 876080 875259 2123 264 55220 17712 6154 769 11558 381 37508 1115 36393 26132 896 10261 825 25818 982 519 340 25405 1364 348 55 9305 9038 11177 14695 12056 2132 1725 9924 551 4021 10890 9563 1327 1178
is_linear=0
shrinkage=0.05


Tree=103
num_leaves=63
num_cat=0
split_feature=16 21 17 3 16 16 7 0 4 16 16 3 3 5 21 16 17 16 16 3 21 1 16 0 1 16 17 4 0 4 4 16 16 0 1 3 0 3 17 0 4 1 3 0 4 0 4 9 0 3 3 4 8 8 10 14 16 7 14 12 7 12
split_gain=12.26 13.9934 10.4227 7.34175 11.0981 6.84201 7.43605 6.10132 11.5482 7.90222 5.88587 15.0211 12.4671 11.4319 6.59718 5.78707 7.49753 9.14283 9.01799 19.5269 9.26816 8.9139 7.42465 10.1456 6.94894 6.79493 6.48227 11.5881 8.87926 16.5505 6.87694 6.26975 7.27549 9.43748 14.7669 8.22494 5.75391 22.5131 9.91518 5.72893 5.96484 5.7282 5.68071 7.88698 5.56509 5.56334 19.1071 5.47575 6.13037 5.31605 8.7788 10.331 6.29846 5.40548 5.14587 7.01841 6.40973 10.4193 9.70986 9.70901 9.20532 6.2051
threshold=70.500000000000014 3.5000000000000004 3.5000000000000004 0.015038444194942715 68.500000000000014 71.500000000000014 0.016261236742138866 5.5000000000000009 11.500000000000002 74.500000000000014 71.500000000000014 0.011428944766521456 0.010929288342595102 0.016261236742138866 1.5000000000000002 60.500000000000007 4.5000000000000009 50.500000000000007 28.500000000000004 0.015749008394777778 1.5000000000000002 0.015749008394777778 41.500000000000007 6.5000000000000009 0.0073261056095361718 59.500000000000007 3.5000000000000004 19.500000000000004 9.5000000000000018 1.5000000000000002 8.5000000000000018 31.500000000000004 40.500000000000007 5.5000000000000009 0.0077822189778089532 0.015749008394777778 12.500000000000002 0.011696306522935631 7.5000000000000009 10.500000000000002 5.5000000000000009 0.015268065501004459 0.010362972505390646 15.500000000000002 1.5000000000000002 1.0000000180025095e-35 3.5000000000000004 0.014389234129339458 3.5000000000000004 0.0096620614640414732 0.0087337908335030096 100.00000000000001 17.500000000000004 16.500000000000004 1.0000000180025095e-35 17.500000000000004 57.500000000000007 0.015749008394777778 3.5000000000000004 1.0000000180025095e-35 0.016001024283468727 1.5000000000000002
decision_type=2 2 2 2 2 2 2 2 2 2 2 2 2 2 2 2 2 2 2 2 2 2 2 2 2 2 2 2 2 2 2 2 2 2 2 2 2 2 2 2 2 2 2 2 2 2 2 2 2 2 2 2 2 2 2 2 2 2 2 2 2 2
left_child=1 3 10 -1 15 36 7 9 42 -7 11 12 49 -13 -12 16 17 18 24 21 -21 22 23 -20 -5 -19 44 28 29 -28 -30 45 -33 -34 -35 39 -4 38 -38 -36 -41 -11 43 -9 -17 46 -18 48 -43 50 52 -52 53 -2 56 61 58 -58 59 -3 -61 -56
right_child=2 54 5 4 -6 6 -8 8 -10 41 14 13 -14 -15 -16 26 31 25 19 20 -22 -23 -24 -25 -26 -27 27 -29 30 -31 -32 32 33 34 35 -37 37 -39 -40 40 -42 47 -44 -45 -46 -47 -48 -49 -50 -51 51 -53 -54 -55 55 -57 57 -59 -60 60 -62 -63
leaf_value=-0.0050050603097161802 0.016837229840758233 -0.10367877703014608 0.040824975140249464 -0.091153823105128109 -0.11584790874857383 -0.11155877150551013 -0.093137375790177737 -0.12790619962505703 -0.0048522975805856371 -0.10234230133027622 0.0011442273546130107 -0.095010419767715751 0.062037342331969128 0.061895756610200817 0.017173613813048508 -0.13365646514783877 0.0048006452554305752 0.015250716465346054 0.028551363335745553 0.038500942628002174 -0.082784855761547274 -0.10757605239228635 0.024393253938599826 -0.07673222225407976 0.0015691684774760441 -0.12629680610508406 0.024574028676870269 -0.10558346327165635 -0.11100156888573075 -0.13581070227986744 0.071477647273329212 -0.023187881338127041 0.020067880538342558 0.028012589644846087 -0.10058885083961562 -0.10251588621470809 0.028203476522599486 -0.10499028292017705 -0.074416173936052973 0.068664700554555591 -0.029651734153321143 -0.10900812268298861 0.010478654059451597 0.060135645598549739 0.039024763770848472 0.019451640099445999 -0.1831177360774626 0.022303021858539985 0.02461167794144288 -0.096975152564084899 -0.078812544775588897 0.15711823325271096 -0.063262175012051516 0.30968201388765815 -0.012203758427331698 -0.0009629825901757308 -0.095840362721795941 0.029856845361593793 0.0066092650687010054 -0.11234805643152411 0.028763784593862946 0.0061221979019542424
leaf_weight=1960.1360612366625 1.8455318019259723 4.0110499719157815 16.513869701419026 2.1059125618194221 1.9724699880462129 2.6732361491303882 2.2840045531047499 0.58358156937174399 238.14672873178642 1.6852797460742284 83.98384410377912 6.6924322203267348 7.7919002841226748 1.4044682106468824 272.34530239301967 0.47519132355228322 15.577735060593115 38.493368927156553 3.9731914808508062 1.7347802638250893 17.114274584455416 1.9676561253145326 15.36161545338109 5.3955917885468807 49.886900208191946 0.86694775056093831 5.3768646302633005 2.4024668738711616 0.56487077008932818 2.2951138855423778 6.0055214008316398 29.520908827777021 45.361424965318292 10.452648248290645 1.9774921881034959 4.8969518756493917 28.258722199243497 4.1049967193976036 2.567737082252278 2.0298035715240967 6.4288762849755585 2.0798991245683265 22.807314557489008 12.536699350574052 25.733074488118291 96.745411160518415 1.4813167287502427 7.0719484130386263 1.4616097612306478 1.8912880697753269 0.67562410491518687 1.4813175562303513 4.8550402207765773 0.17229012702591795 49.571291763451882 1769.7517783936928 1.713947747950441 43.266624387004413 244.91390895913355 1.5122435028897578 4.9021129151806235 677.33397014107322
leaf_count=1045240 167 94 226 1118 238 214 514 53 29898 76 13530 340 77 2 7607 30 129 1077 131 310 1438 155 759 916 1455 99 42 481 79 121 59 1613 723 983 176 600 2857 376 674 61 559 221 638 408 467 3063 97 58 57 146 68 67 1924 10 788 61667 109 535 3327 57 39 12754
internal_value=-5.46731e-05 -0.000911622 0.00602886 -0.00375029 0.00245752 -0.000305317 -0.00327382 -0.00256373 -0.00086586 -0.0336446 0.0116957 -0.0108973 0.0137211 -0.0677939 0.0133956 0.00304945 0.000933844 -0.0082079 -0.0164161 -0.0326594 -0.0716223 -0.00515126 0.00299809 -0.0320827 -0.00218648 0.012133 0.0203963 -0.00400554 0.0131291 -0.0234059 0.0557895 0.00676912 -0.00232044 0.00633803 -0.017815 -0.0490559 0.016505 0.00500776 0.0196556 -0.023971 -0.00605904 -0.0167093 0.0255583 0.0517717 0.0358938 0.0148095 -0.0115172 -0.00311184 -0.0538621 -0.0207511 -0.00478607 0.0832171 -0.0324045 0.0418415 0.00147983 0.000736015 0.00766345 0.0250673 0.00459759 -0.0426607 -0.00450463 0.00487246
internal_weight=5879.23 5153.31 725.915 2356.33 396.198 342.776 291.33 289.046 274.074 14.972 383.139 26.8099 18.713 8.0969 356.329 394.226 351.373 136.9 97.5399 45.5471 18.8491 26.6981 24.7304 9.36878 51.9928 39.3603 42.8531 16.6448 14.2424 7.67198 6.57039 214.473 100.668 71.1472 25.7858 15.3331 51.4453 34.9315 30.8265 10.4362 8.45868 12.2987 35.9276 13.1203 26.2083 113.804 17.0591 10.6135 3.54151 10.9211 9.0298 2.15694 6.87286 2.01782 2796.98 2496.66 300.32 44.9806 255.339 10.4254 6.41436 726.905
internal_count=1201797 1141589 60208 1062219 16979 36270 32137 31623 30997 626 23938 2801 2459 342 21137 16741 15462 7458 6282 3709 1748 1961 1806 1047 2573 1176 1279 782 301 163 138 8004 4715 3102 2379 1396 4133 3907 3531 796 620 412 1099 461 497 3289 226 336 278 2382 2236 135 2101 177 79370 75209 4161 644 3517 190 96 13542
is_linear=0
shrinkage=0.05


Tree=104
num_leaves=63
num_cat=0
split_feature=16 2 17 19 19 0 16 12 17 2 10 0 8 19 0 4 16 4 0 8 8 16 16 12 17 4 0 10 8 9 0 9 17 12 19 12 4 6 4 1 0 0 2 16 16 12 4 6 4 12 16 6 10 3 10 1 0 17 6 14 10 10
split_gain=12.4572 12.036 9.26806 9.28804 8.80333 10.3482 8.28444 9.40833 7.22562 8.12873 8.07761 6.83369 11.5024 10.5453 8.11447 7.28662 8.38131 6.18331 14.0136 11.1365 10.438 8.3624 18.0211 18.4187 10.5199 13.166 13.1216 19.0628 11.5598 11.3588 8.91917 8.69812 8.35543 7.91431 7.46702 7.42932 7.06216 7.05387 7.98686 7.04151 9.12584 7.01128 6.6868 6.11671 9.58504 14.186 11.3841 10.1076 9.57431 7.58541 16.0028 15.0372 13.4785 13.5764 14.1532 11.8419 11.0291 15.1792 19.7481 15.4767 9.79896 8.73757
threshold=70.500000000000014 34.500000000000007 3.5000000000000004 15.170379161834719 28.241104125976566 49.500000000000007 53.500000000000007 18.500000000000004 3.5000000000000004 36.500000000000007 5.5000000000000009 44.500000000000007 3.5000000000000004 44.719579696655281 46.500000000000007 1.5000000000000002 62.500000000000007 24.500000000000004 65.500000000000014 8.5000000000000018 1.5000000000000002 11.500000000000002 35.500000000000007 11.500000000000002 4.5000000000000009 56.500000000000007 22.500000000000004 60.000000000000007 4.5000000000000009 0.016261236742138866 61.500000000000007 0.016001024283468727 3.5000000000000004 4.5000000000000009 24.874732017517093 10.500000000000002 4.5000000000000009 3.5000000000000004 36.500000000000007 0.010362972505390646 3.5000000000000004 38.500000000000007 5.5000000000000009 35.500000000000007 38.500000000000007 12.500000000000002 9.5000000000000018 3.5000000000000004 19.500000000000004 6.5000000000000009 52.500000000000007 18.500000000000004 5.5000000000000009 0.015038444194942715 3.5000000000000004 0.0098524559289217013 26.500000000000004 5.5000000000000009 9.5000000000000018 1.0000000180025095e-35 6.5000000000000009 6.5000000000000009
decision_type=2 2 2 2 2 2 2 2 2 2 2 2 2 2 2 2 2 2 2 2 2 2 2 2 2 2 2 2 2 2 2 2 2 2 2 2 2 2 2 2 2 2 2 2 2 2 2 2 2 2 2 2 2 2 2 2 2 2 2 2 2 2
left_child=1 6 3 -2 -4 -6 7 17 9 10 -3 13 -13 -8 -14 16 -16 18 43 21 36 30 23 31 25 28 27 29 33 -26 -19 37 -21 39 -34 -28 -20 38 -23 41 -41 -24 -31 -1 45 46 -45 -48 -49 50 55 -52 53 -51 -55 -46 57 60 -59 -60 -54 -61
right_child=2 8 4 -5 5 -7 11 -9 -10 -11 -12 12 14 -15 15 -17 -18 19 20 32 -22 22 24 -25 26 -27 35 -29 -30 42 -32 -33 34 -35 -36 -37 -38 -39 -40 40 -42 -43 -44 44 49 -47 47 48 -50 52 51 -53 56 54 -56 -57 -58 58 59 61 -62 -63
leaf_value=0.0041971969598676674 0.011995456053220575 0.026869863173647424 -0.0021736923054312355 -0.093016124688731008 0.03713157407086639 -0.086147876675571555 0.0077208370341830951 -0.0038920478893976641 -0.001879052631404592 -0.0075888444540138976 -0.061393106354945208 -0.095626136935611852 -0.090233658751774776 -0.087302383244673459 0.063072940847057987 -0.004579929213908914 -0.11107949230736987 0.030912010726490986 0.034013260314969672 0.00013214313066982352 -0.11698872082580042 0.022033303022570432 0.058628388989244398 0.032822479008825331 -0.11331998611630179 -0.11036954549937301 0.035147501626507038 0.05780834276435786 -0.10012886199180691 0.04020724036573145 -0.12121754822596141 -0.16125944999707195 0.029109057113965116 0.044025705939622489 -0.093434499372698029 -0.095312593521810207 -0.12536398175400593 -0.10933056681563905 -0.10683217308227309 0.063787514592337224 -0.11947684053484182 -0.12006568195091967 -0.10813361850709127 -0.027010914701954755 -0.11130740192495614 -0.10447726664206261 -0.10987987529448157 0.035445451725823147 -0.11408590701759774 -0.10561173606600434 -0.11555729217018369 0.036228995075914525 -0.10208727826866214 0.036330446955862086 -0.10994641404670685 0.0076496691366794104 0.032628779822691752 0.024792411141749352 0.038404880530022098 0.0023711066699844581 0.0037362679572444366 -0.10555762001359575
leaf_weight=682.14939481805777 380.59442747225694 3.2475713263265797 317.70188066778064 2.1173824737779787 23.770319350995127 1.8335514646023501 662.2436004721676 1148.8161798560905 1164.2610355519173 623.3240390139481 12.844777223828714 3.4628358471672973 2.609737229649908 2.9326447366038328 6.9599486575461915 101.65556523107807 0.76699874945916224 22.326472399174239 2.9133158498443668 40.100125844008289 4.3902981991413963 3.3757348062936217 2.7462892509065608 4.3880024235695592 5.5102665671147388 3.8988194745033971 33.915079224389046 4.5065108481794587 2.9077515949029484 2.7420798046514396 1.006920184707268 2.9488187858369193 91.544092829106376 7.7164043283555657 1.2602136842906464 1.1275551571743552 0.91285455459728826 4.474860713467935 1.8675896264612672 0.88975285785272751 2.8718155712122098 0.68606070091482241 1.0508183874189851 49.675770581001416 2.1088629858568302 4.6174625118728718 1.4580551781691635 18.184251712867994 1.1374516005162139 6.9735296991420892 5.1277833640342578 2.3932556593790641 2.2536252901190883 5.2994239606196061 2.4037055820226669 262.99841278453823 17.296730080153793 7.4979703009594258 2.7303569673094943 2.1774143101647541 74.595009304350242 13.51261460594832
leaf_count=8372 23877 66 36065 61 137 68 16527 116233 595115 372228 3571 263 316 68 77 14786 66 248 15 1433 543 47 10 62 215 193 434 30 143 16 68 144 2364 75 38 98 65 278 105 10 85 53 30 725 109 259 75 227 75 278 138 15 58 60 70 2530 406 103 19 33 1369 550
internal_value=-6.75557e-05 -0.000931976 0.00606396 0.0114145 9.92896e-05 0.0283033 0.000842724 -0.00052964 -0.00422433 -0.00849467 -0.0435809 0.00535289 -0.00587599 0.0073019 -0.00310088 -0.001022 0.0457861 0.00219703 0.000690751 0.00944118 -0.0643784 -0.00225283 -0.0093361 -0.0554605 0.00181114 -0.0271431 0.0146825 -0.0265963 -0.00893205 -0.0674825 0.0243471 -0.0860428 0.0192041 0.00885279 0.027445 0.0309497 -0.00401125 -0.0632195 -0.0238666 -0.0288747 -0.0761279 0.0229109 -0.000890436 0.00114983 -0.003159 -0.0195761 -0.0140119 0.0170633 0.0266427 -0.000133532 0.00466302 -0.0672577 -0.00983868 -0.0550694 -0.00931418 0.00670339 -0.00430965 -0.0105268 -0.0436156 -0.0714609 0.000632939 -0.0905796
internal_weight=5875.81 5149.79 726.018 382.712 343.306 25.6039 3346.12 2565.49 1803.68 639.416 16.0923 780.631 115.455 665.176 111.992 109.383 7.72695 1416.67 1172.81 243.862 8.21647 110.958 87.6242 17.055 70.5692 21.7169 48.8523 13.8097 17.8181 9.30316 23.3334 12.667 132.904 14.9103 92.8043 35.0426 3.82617 9.71819 5.24332 7.19392 3.76157 3.43235 3.7929 1164.59 482.442 75.073 70.4555 20.7798 19.3217 407.369 272.628 7.52104 134.74 14.6767 7.70313 265.107 120.064 102.767 25.9184 18.4204 76.8486 15.69
internal_count=1201797 1141589 60208 23938 36270 205 170609 138506 970980 375865 3637 32103 15508 16595 15245 14929 143 22273 16094 6179 623 2344 2028 636 1392 569 823 291 376 261 316 574 3835 233 2402 532 80 430 152 158 95 63 46 15471 7099 1361 1102 377 302 5738 2792 153 2946 408 130 2639 2538 2132 705 602 1427 583
is_linear=0
shrinkage=0.05


Tree=105
num_leaves=63
num_cat=0
split_feature=12 0 14 16 16 0 17 2 4 19 19 19 19 16 17 16 17 8 12 9 13 16 4 0 17 4 16 21 0 2 19 0 4 16 16 19 16 19 16 0 4 5 0 3 2 0 0 19 17 17 2 3 1 1 5 17 0 17 0 16 13 17
split_gain=24.3362 10.3968 12.3227 9.41576 11.5661 10.7374 9.46091 19.517 13.2941 8.58503 12.2083 8.06686 15.0877 10.1713 7.21078 6.93671 7.3404 13.0263 9.72028 7.13222 13.9602 6.27678 6.20302 8.52334 10.1644 8.87751 7.69232 6.76832 6.62042 9.89872 9.45959 12.4183 8.10268 10.5932 9.75121 8.8768 6.8671 6.59235 6.42128 6.10186 6.65421 9.6138 5.95677 5.95407 5.83689 10.9881 8.89682 9.58184 7.14379 6.8611 6.36726 9.56284 6.67653 7.98013 7.40129 6.23044 5.64156 9.76184 5.62407 6.20808 5.72666 5.53237
threshold=17.500000000000004 61.500000000000007 2.5000000000000004 65.500000000000014 64.500000000000014 16.500000000000004 3.5000000000000004 100.00000000000001 21.500000000000004 21.174427032470707 29.196767807006839 16.484162330627445 12.306680202484133 36.500000000000007 7.5000000000000009 74.500000000000014 4.5000000000000009 1.5000000000000002 14.500000000000002 0.015268065501004459 0.013793759513646366 88.500000000000014 66.500000000000014 58.500000000000007 3.5000000000000004 74.500000000000014 83.500000000000014 6.5000000000000009 18.500000000000004 13.500000000000002 8.5652632713317889 37.500000000000007 79.500000000000014 74.500000000000014 80.500000000000014 4.6272630691528329 66.500000000000014 6.3294456005096444 87.500000000000014 64.500000000000014 41.500000000000007 0.0099504948593676108 1.5000000000000002 0.0092167854309082049 97.500000000000014 5.5000000000000009 29.500000000000004 5.4801788330078134 7.5000000000000009 2.5000000000000004 1.0000000180025095e-35 0.012121656909585001 0.010152545757591726 0.0098524559289217013 0.009756329935044052 2.5000000000000004 32.500000000000007 3.5000000000000004 25.500000000000004 68.500000000000014 0.012579114176332952 7.5000000000000009
decision_type=2 2 2 2 2 2 2 2 2 2 2 2 2 2 2 2 2 2 2 2 2 2 2 2 2 2 2 2 2 2 2 2 2 2 2 2 2 2 2 2 2 2 2 2 2 2 2 2 2 2 2 2 2 2 2 2 2 2 2 2 2 2
left_child=15 3 11 4 -2 6 8 -8 -6 21 -11 12 13 -3 -15 42 -17 -18 19 20 -19 39 27 25 -25 26 -24 38 36 -30 32 -32 34 58 -31 -35 -27 -37 44 40 41 -4 43 -1 46 -46 -5 50 49 -49 -48 52 53 54 55 -52 57 -47 59 -34 -60 -38
right_child=1 2 9 22 5 -7 7 -9 -10 10 -12 -13 -14 14 -16 16 17 18 -20 -21 -22 -23 23 24 -26 28 -28 -29 29 30 31 -33 33 35 -36 37 61 -39 -40 -41 -42 -43 -44 -45 45 56 47 48 -50 -51 51 -53 -54 -55 -56 -57 -58 -59 60 -61 -62 -63
leaf_value=-0.10919604056275861 -0.0026275004402058905 -0.094320261261182189 0.16511797782722348 0.012453479258640628 0.04233633639155656 -0.0817735866682478 -0.1241530985216685 0.067318912480656801 -0.11395172143114059 -0.090545070785060452 0.01323063321735945 0.030278228249434047 -0.11160655242655587 0.021902284003144805 -0.11127883932406142 0.0224579708160762 -0.093552443169521618 0.03086196305330792 -0.10223458685440166 0.033907432495225737 -0.083156613298715709 -0.085153468839689855 -0.099184509464293413 0.052028818762791307 -0.08073627836086783 -0.11580601229809971 0.023644827445109009 -0.08809053616372417 -0.11690387778235947 -0.085895939096970353 -0.091031981250688579 0.043123352147531019 -0.079171819752626396 -0.088648089435147015 0.064881178002613255 0.025999300020911428 0.01519859782889643 -0.10755901015980258 -0.092804905396598636 -0.0072073298887848749 -0.042316608295034301 -0.0090977457474508087 0.0011928898107231181 0.0081913787916285796 -0.13305488221019718 0.023718636588664757 0.042629027046564759 -0.081033185997556045 -0.08737494402800601 0.023201988786422056 0.030295819940818577 -0.10155034235707519 -0.083501942691285969 0.046315707472388459 -0.090347213894339307 -0.076140528672118513 0.044263639804795786 -0.086145528085622147 -0.029682500137112339 0.0448293603322691 0.1643430357431343 -0.083040495669655587
leaf_weight=1.0830972441472102 1813.3185636207345 2.2780468298515251 0.86900810536462714 189.48366652382538 8.3989409294445121 8.6973163789371011 4.1043074831832191 1.9695584143046287 1.6236910806037474 7.363548902794717 4.6072225451935083 34.863613652996719 2.9940016219625241 23.453893281668574 1.062371541847823 86.361733057769015 3.7042405205429523 6.2742222623201105 1.9429934236104625 16.811348810559139 4.692382513632765 2.6326600116444743 4.62651682505384 11.174358400865456 1.6551742816809554 1.0730162553954858 1.7593860626220701 1.7746343123726536 2.3084392603486767 1.3802166923414905 2.0072627100162199 12.266373140970243 1.1965778439771408 10.571655575069597 4.8070764560252428 3.6956981639377764 45.654891924234107 1.2319065488409249 1.515238236170261 1096.745495234798 24.79822381012491 8.9223885651444999 1832.7864164091807 406.02549639600329 1.046188523992895 12.926637964788823 2.5556874368339804 1.6880870899185598 1.7693219403736282 24.367911525769159 4.5994070474989766 5.036391179310157 3.7413212431129059 4.5543345299083731 3.6498363737482578 1.9611959324683992 28.035143555607647 2.3967888848856083 18.01489267824218 6.4511438177432865 0.38849872443824907 1.4795639871153969
leaf_count=103 259640 4617 115 4530 99 1832 303 117 184 319 79 603 405 4492 591 1777 449 345 344 368 1173 621 604 374 445 231 33 63 277 212 116 137 333 2607 20 79 2187 112 100 798408 13124 1627 84437 3172 171 451 29 53 92 428 170 595 505 196 526 297 1044 531 4691 480 8 251
internal_value=-0.000882839 -0.00354591 -0.00728534 -0.00154369 -0.00309128 -0.0370103 -0.0128237 -0.0620649 0.0170173 -0.00848355 -0.0506046 0.0139527 -0.00515443 0.00674055 0.0161311 0.00303504 0.0147578 -0.00513744 0.00588207 0.0134445 -0.0179242 -0.0080389 0.00518371 -0.00381832 0.0349004 -0.00799569 -0.0653437 0.00925772 -0.0047412 -0.0152407 -0.0114562 0.0242575 -0.0221346 -0.0300837 0.0312469 -0.0628142 0.00926754 -0.00739042 0.00985482 -0.00785945 -0.0285363 0.00636428 0.00240813 0.00787907 0.0103953 0.0270662 0.00735402 -0.0105651 0.00984709 0.0164489 -0.0323282 -0.0404653 -0.0238412 -0.0087234 -0.0332734 -0.00152176 0.0309297 0.00653441 -0.0106105 0.0254279 -0.0255866 0.0121148
internal_weight=5831.23 3471.55 1210.59 2260.96 1838.11 24.7938 16.0965 6.07387 10.0226 1145.94 11.9708 64.6519 29.7883 26.7943 24.5163 2359.68 119.787 33.4252 29.7209 27.778 10.9666 1133.97 422.844 131.743 12.8295 118.913 6.3859 291.102 112.527 64.3197 62.0113 14.2736 47.7377 41.5504 6.18729 15.4993 48.2075 4.9276 289.327 1131.34 34.5896 9.7914 2239.9 407.109 287.812 44.4048 243.407 53.9235 27.8253 26.056 26.0982 23.5425 18.5061 14.7648 10.2104 6.5606 43.3586 15.3234 26.0511 7.64772 18.4034 47.1345
internal_count=1202322 1110154 825001 285153 262175 2535 703 420 283 814293 398 10708 10105 9700 5083 92168 4456 2679 2230 1886 1518 813895 22978 13197 819 12378 637 9781 11741 9072 8795 253 8542 8310 232 2798 2669 191 9718 813274 14866 1742 87712 3275 9618 2197 7421 2891 573 481 2318 2289 1694 1189 993 467 2026 982 5512 813 4699 2438
is_linear=0
shrinkage=0.05


Tree=106
num_leaves=63
num_cat=0
split_feature=21 19 4 19 1 2 19 21 2 2 19 17 19 4 1 17 21 11 1 19 1 2 4 2 1 2 6 8 19 1 4 19 6 1 4 2 3 3 19 4 1 17 3 2 19 5 8 1 2 1 2 17 1 2 5 1 4 8 6 4 2 1
split_gain=20.0225 9.91434 12.6488 12.1731 7.02548 15.079 7.17209 6.44505 6.61369 6.76071 6.71094 6.49942 8.28286 7.72497 11.5449 8.68297 23.8744 9.20047 8.33285 8.21385 7.76348 8.23407 7.50732 11.1434 8.69111 7.11562 8.49434 7.07431 6.95308 13.4003 6.89678 6.83595 6.7355 6.69478 6.63751 6.06079 13.7092 6.2739 8.14834 10.3423 5.83434 16.805 7.59673 6.94514 5.78349 6.82049 7.40547 6.06093 17.2144 7.98952 5.64226 10.0336 6.58679 5.29027 11.2154 5.20182 8.12893 5.09526 5.68895 8.43893 7.51893 7.94621
threshold=4.5000000000000009 27.339073181152347 8.5000000000000018 25.501792907714847 0.013072453904896976 77.500000000000014 38.423259735107429 1.5000000000000002 54.500000000000007 51.500000000000007 23.028923988342289 4.5000000000000009 24.394544601440433 23.500000000000004 0.014815627597272398 3.5000000000000004 3.5000000000000004 0.013793759513646366 0.014815627597272398 22.660007476806644 0.015268065501004459 6.5000000000000009 17.500000000000004 40.500000000000007 0.0062696540262550124 4.5000000000000009 18.500000000000004 7.5000000000000009 9.7623982429504412 0.011696306522935631 1.0000000180025095e-35 5.1947252750396737 16.500000000000004 0.016001024283468727 20.500000000000004 41.500000000000007 0.0076046728063374766 0.0070672258734703073 4.2452108860015878 26.500000000000004 0.013986697886139156 2.5000000000000004 0.0086581707000732439 55.500000000000007 6.9144079685211191 0.016001024283468727 12.500000000000002 0.01183473411947489 2.5000000000000004 0.0090499590151011961 10.500000000000002 1.5000000000000002 0.010152545757591726 2.5000000000000004 0.016001024283468727 0.010695492848753931 4.5000000000000009 2.5000000000000004 18.500000000000004 100.00000000000001 54.500000000000007 0.013606071937829258
decision_type=2 2 2 2 2 2 2 2 2 2 2 2 2 2 2 2 2 2 2 2 2 2 2 2 2 2 2 2 2 2 2 2 2 2 2 2 2 2 2 2 2 2 2 2 2 2 2 2 2 2 2 2 2 2 2 2 2 2 2 2 2 2
left_child=1 3 -3 7 5 6 -4 8 9 -1 -10 13 25 14 22 27 53 20 19 40 -18 30 44 24 -24 26 -13 -16 -28 -30 -22 32 -29 -32 -26 -20 37 38 39 -37 -15 42 43 -42 47 46 -46 48 -9 -50 51 -51 -53 -17 -55 -54 -57 -27 -59 -60 -61 -62
right_child=-2 2 4 -5 -6 -7 -8 11 10 -11 -12 12 -14 18 15 16 17 -19 35 -21 21 -23 23 -25 34 57 28 31 29 -31 33 -33 -34 -35 -36 36 -38 -39 -40 -41 41 -43 -44 -45 45 -47 -48 -49 49 50 -52 52 55 54 -56 56 -58 58 59 60 61 -63
leaf_value=-0.00014833122915083806 0.0027918868763665266 -0.088613630539140398 -0.08376293306703643 -0.091423040244947532 0.046286912431011143 0.038740098138272262 0.0076951170686719115 -0.11346817271373921 -0.0099781368460567735 0.044492690067891486 0.035024729767743429 -0.1470274988177592 -0.085559297675404489 -0.002883505215304903 -0.10644654144133554 -0.12766553896588756 -0.098262614323594011 -0.17321487021689622 0.021129109201797433 0.061977258271901696 0.021391890523965909 0.039486265462590604 -0.090453383836360229 -0.063197531377974694 -0.025296455554246977 0.015736239386797485 0.0094511131021926681 -0.099688064046965508 0.02771782959983109 -0.11014480610302904 -0.017163773088957175 -0.10014314256359221 -0.0097294742130520639 -0.12617283111154654 0.011002392834600619 0.055099212680231206 -0.09289511892277684 0.052003630318061947 0.04928345382058115 -0.09793389501833516 0.070759291933194107 0.0023223072680460103 -0.10669694665222081 -0.064391332530413389 0.066094899446948116 0.016702105557614422 -0.089799117681078053 0.0067066691539385817 0.0081950908403533793 -0.11441898053649063 -0.038603854162939294 -0.094360415327666702 0.069898144453020644 -0.10887958388828674 0.0050325244455109138 0.044054638113326862 -0.090157765156354042 -0.017109360021527943 -0.0037434290197583806 0.016074812808449062 -8.4099509610128099e-05 -0.08422227349112002
leaf_weight=117.23624866074533 2304.0668677641079 2.5518339090049258 5.0455947557929903 3.933537512086331 21.596474492223933 13.963490976020694 3.7269753403961658 3.8129218658432356 650.81767263736037 9.1427528426574991 8.3908561845310015 0.88493268098682065 2.8091418206458902 717.94855561957229 2.0441989259561515 5.7900367872789493 1.9509530317154773 0.8236955413594832 61.366570457816124 4.7747609005309632 4.5999375241808611 9.665871217264792 3.1360843827715135 11.826635847741271 22.206472243415192 41.484653144842014 262.78640121628996 2.1156183774583033 3.5432824380695811 3.5074465705547482 3.558189746690914 2.1978122957516453 126.33359917736379 2.3313137834193185 29.093645180226304 1.5598306832835094 4.0459442543797186 5.699674906092695 3.0447865412570536 3.7783868593396619 1.3715154363308117 20.396403048769571 6.8560839727288112 3.0971389551414177 0.88264325773343433 3.7017517776694149 5.563517668982966 166.08298983203713 48.78673956671264 1.5796717363409687 21.869809670606628 1.1238895122660313 4.9081311607733351 5.8424778345506621 3.4289890812942758 3.2410664730705321 1.7306326725520191 59.756248442208744 749.17186311754631 116.92044588399585 100.53537164465524 2.8867447492666534
leaf_count=72234 45774 75 207 183 103 140 29 554 691961 6709 73 67 124 141765 56 227 105 54 2129 15 34 116 869 4088 1979 2686 7231 102 92 182 62 102 3851 44 1806 63 758 182 29 1108 9 1506 827 723 38 48 476 7883 8071 148 4166 150 81 792 124 71 177 23220 126336 16405 22213 890
internal_value=-0.000830664 -0.00320532 0.0196334 -0.00351409 0.0258642 0.00646518 -0.0449075 -0.00341426 -0.00739658 0.00308118 -0.00940531 -0.00224625 0.000207465 -0.00471858 -0.009631 -0.0201857 -0.0412616 -0.00913791 -0.00177192 -0.00339431 -0.00302429 0.0061944 -0.0041644 -0.0192073 -0.0096501 0.000387066 0.00762923 -0.0141513 0.00813642 -0.0408631 -0.0244836 -0.0127072 -0.0112111 -0.0603142 -0.00471042 0.0136253 -0.0117755 0.0115301 -0.0159882 -0.0532175 -0.00381067 -0.0247954 -0.0736357 -0.022911 -0.000378429 -0.0373903 -0.0684533 0.00110533 -0.00958112 -0.00482243 -0.0232556 0.00341944 0.0203361 -0.0901675 -0.06675 0.0333835 -0.00266427 -0.00144399 -0.00213644 -0.00121358 0.007388 -0.00243259
internal_weight=5818.93 3514.86 46.8844 3467.98 44.3325 22.7361 8.77257 3464.04 785.588 126.379 659.209 2678.46 1344.29 1334.17 500.229 170.683 37.9915 22.93 833.94 754.444 22.1063 20.1553 329.547 66.2628 54.4362 1341.48 270.722 132.691 269.837 7.05073 10.4894 130.647 128.449 5.8895 51.3001 79.4952 18.1286 14.0827 8.383 5.33822 749.67 31.7211 11.3247 4.46865 263.284 10.1479 6.44616 253.136 87.0529 83.2399 34.4532 12.5834 11.0037 15.0615 9.27147 9.87983 4.9717 1070.76 1029.27 969.514 220.343 103.422
internal_count=1202322 1156548 554 1155994 479 376 236 1155811 770977 78943 692034 384834 199446 185388 36274 5669 1558 415 149114 144845 361 256 30605 8742 4654 199322 7572 4111 7505 274 140 4055 3953 106 3785 4269 2140 1382 1200 1171 144830 3065 1559 732 21863 562 514 21301 13418 12864 4793 627 479 1143 916 329 248 191750 189064 165844 39508 23103
is_linear=0
shrinkage=0.05


Tree=107
num_leaves=63
num_cat=0
split_feature=21 16 12 0 4 17 16 21 16 0 2 16 2 0 2 2 5 1 10 10 0 2 2 5 14 16 5 0 9 4 9 21 21 16 14 4 17 2 10 10 8 6 14 12 12 16 4 7 17 16 9 12 1 16 4 16 0 16 2 14 1 1
split_gain=17.5403 9.41729 7.2479 8.37356 6.30367 13.8707 9.89427 8.86789 7.52907 11.1553 8.48122 8.83062 13.1891 9.96081 8.4622 8.26617 10.1827 7.77859 6.55714 6.80865 11.7161 6.92248 7.26209 7.03622 6.54472 12.3517 6.53059 9.4872 6.50252 6.12322 6.10203 8.12236 7.40393 5.87025 8.99275 8.9535 9.43607 8.72185 7.84134 13.4016 13.4062 12.1046 9.61251 15.7514 13.0064 12.9074 8.46542 8.13142 8.21972 7.5365 6.86178 6.66563 6.65053 7.22208 6.60665 13.1615 15.372 11.5149 6.34303 8.48319 8.4259 5.84598
threshold=2.5000000000000004 63.500000000000007 18.500000000000004 1.5000000000000002 76.500000000000014 2.5000000000000004 61.500000000000007 4.5000000000000009 59.500000000000007 1.0000000180025095e-35 71.500000000000014 58.500000000000007 12.500000000000002 12.500000000000002 19.500000000000004 55.500000000000007 0.012903762981295587 0.013245614245533945 16.500000000000004 18.500000000000004 46.500000000000007 84.500000000000014 89.500000000000014 0.0099504948593676108 1.0000000180025095e-35 1.0000000180025095e-35 0.0079052620567381399 53.500000000000007 0.016001024283468727 86.500000000000014 0.012739370577037336 4.5000000000000009 3.5000000000000004 44.500000000000007 2.5000000000000004 1.0000000180025095e-35 7.5000000000000009 75.500000000000014 14.500000000000002 17.500000000000004 13.500000000000002 14.500000000000002 1.5000000000000002 2.5000000000000004 14.500000000000002 53.500000000000007 7.5000000000000009 0.016261236742138866 7.5000000000000009 61.500000000000007 0.012579114176332952 1.0000000180025095e-35 0.013072453904896976 45.500000000000007 2.5000000000000004 55.500000000000007 47.500000000000007 45.500000000000007 10.500000000000002 16.500000000000004 0.0065574476029723891 0.0081634009256958979
decision_type=2 2 2 2 2 2 2 2 2 2 2 2 2 2 2 2 2 2 2 2 2 2 2 2 2 2 2 2 2 2 2 2 2 2 2 2 2 2 2 2 2 2 2 2 2 2 2 2 2 2 2 2 2 2 2 2 2 2 2 2 2 2
left_child=-1 2 3 -2 8 7 -7 29 10 -10 11 24 -13 -14 61 16 30 -17 -12 -20 28 -22 26 -24 25 -4 -23 -28 -21 -6 31 32 -16 34 35 -5 -37 -38 42 47 49 46 43 45 -45 -35 -42 48 -40 51 -50 -41 53 -48 55 57 -57 -44 59 -43 -61 -11
right_child=1 -3 4 33 5 6 -8 -9 9 14 18 12 13 -15 15 17 -18 -19 19 20 21 22 23 -25 -26 -27 27 -29 -30 -31 -32 -33 -34 38 -36 36 37 -39 39 40 41 58 54 44 -46 -47 52 -49 50 -51 -52 -53 -54 -55 -56 56 -58 -59 -60 60 -62 -63
leaf_value=-0.0056164439276448356 0.0082417364900309199 0.0058284606072437949 0.037761639577658726 -0.10008542517486473 -0.016666460524368737 0.014580792571837376 -0.089996382779446257 0.043652992196952733 -0.15067072939868509 -0.091833264831549424 -0.082398508574324444 -0.12237675610633408 0.035729498550497139 -0.056669044819436104 -0.005701067109889664 0.028602741985639186 -0.093986918918188722 -0.10259977946373554 0.043815401351596221 -0.05664799565154869 -0.034089507496671265 0.17086220277798603 -0.065542013490366327 0.025418747626662887 -0.0033379103281513446 -0.09774088387935416 0.095552840096803759 -0.063380624978892075 0.086247250759294819 -0.079232632707917527 -0.10105429078765907 0.041635010300467554 -0.088510158711492509 -0.067797184916764258 0.0009879038949297844 0.025385309228906822 -0.11130664085275495 0.046416501816115834 -0.093255477315578816 -0.11849370169990857 -0.13093480055582121 0.036139120226883086 -0.12291989469355687 -0.1120692223030277 0.043006804037536699 0.032225207804494969 0.054274785505707301 0.061629400446602027 0.046520012691537202 -0.095822926272854145 -0.092162468787166399 0.010147430977402132 0.044561231748991834 -0.073181793008321741 0.0029949629572334066 -0.11428302531858403 0.045902028699835715 0.00345709903284981 -0.071148834039205369 0.070830956568860876 -0.077409633125715305 0.023971276201532925
leaf_weight=1434.8772036795162 391.67818410310429 756.28494486273848 2.5824255994521073 1.5517238697502751 7.6642338572419266 128.10385651030811 2.3024297903757533 3.1259828162146723 1.0900525185279537 1.1089882282540191 4.4525711733149356 3.8073018696159115 5.2763357646763307 6.5223995122360066 13.208727343473596 17.594243858242411 4.2353755121584973 1.2071931760292489 3.9621637468226245 20.849294730520345 9.4050764673156682 1.1925265180179838 3.2079772294673585 6.303761005285196 1249.6220434237621 4.8222922636196017 2.5825620125979185 1.4753727722563779 0.82774082571267982 7.9846392938052304 1.7231835093116377 6.9875623488333067 3.3925567404367021 4.7567175521980998 1007.744527793664 70.920953071094118 2.4654247645521532 1.3600340778939424 10.257954303408036 1.023599543608724 1.0424757386790577 4.0217375457286835 1.9157251983415324 7.3986640208167955 1.6544486745260636 10.018969896365887 1.7014286936609995 1.279113162308932 2.3159629094298011 1.7956676585599769 1.450598432566039 62.026452003716258 8.2303188027581182 3.2050289298349526 366.66750646531 6.1389988949522358 1.9810096742585299 30.48450674675405 15.884415564651134 1.1354222800582663 6.1540435597999021 62.981866325484589
leaf_count=973403 3105 26716 59 31 1667 15470 417 79 66 209 1032 381 167 899 1400 1258 459 148 166 6406 4159 230 1488 946 96703 422 156 784 10 2474 111 55 194 77 36160 806 82 31 1450 100 90 50 39 295 17 74 59 6 101 165 166 2306 125 843 13868 192 25 327 1805 28 302 1463
internal_value=-0.000819373 0.000754237 -0.000306488 0.00167473 -0.00283443 0.00694943 0.0127344 -0.0332317 -0.00384772 0.00851057 -0.00490511 -0.00407971 -0.0414598 -0.0153489 0.0100538 -0.00573895 -0.0222306 0.0201786 -0.0242647 -0.0190677 -0.0245025 -0.000563539 0.020796 -0.00525914 -0.00361563 -0.0504838 0.0679976 0.0377682 -0.0511915 -0.0485901 -0.0102239 -0.00358866 -0.0226235 0.000103069 0.00224097 0.0187915 0.0212594 -0.0552326 -0.00409133 -0.0153089 -0.00900645 -0.0312442 -0.000928565 -0.0317951 -0.0837292 2.5131e-05 0.0062099 -0.0590534 -0.0700604 0.00518235 -0.00689013 0.00805898 0.0170931 -0.0289832 0.000877757 -0.0182808 -0.0752032 -0.00401518 -0.050772 -0.0221565 -0.0543194 0.0219675
internal_weight=5809.03 4374.15 3617.86 2028.26 1589.6 149.181 130.406 18.7749 1440.42 113.53 1326.89 1272.63 15.606 11.7987 112.44 48.3488 29.5474 18.8014 54.259 49.8065 45.8443 24.1673 14.7622 9.51174 1257.03 7.40472 5.25046 4.05793 21.677 15.6489 25.312 23.5888 16.6013 1636.58 1084.04 76.2981 74.7464 3.82546 552.541 121.524 106.221 41.3749 431.017 23.8288 9.05311 14.7757 14.1793 15.3036 14.0245 64.8457 3.76656 63.0501 13.1368 4.90646 407.188 40.5202 8.12001 32.4002 27.1956 11.3112 7.28947 64.0909
internal_count=1202322 228919 202203 62725 139478 20107 15887 4220 119371 5363 114008 98631 1447 1066 5297 3625 2219 1406 15377 14345 14179 7763 3604 2434 97184 481 1170 940 6416 4141 1760 1649 1594 59620 37110 950 919 113 22510 7596 5873 3302 14914 463 312 151 1117 1723 1717 2571 267 2406 1027 902 14451 583 217 366 2185 380 330 1672
is_linear=0
shrinkage=0.05


Tree=108
num_leaves=63
num_cat=0
split_feature=21 16 12 16 16 0 5 2 6 5 0 19 8 16 0 14 19 19 19 16 16 5 1 2 5 0 5 19 16 16 18 0 16 10 16 10 6 8 8 5 2 12 16 2 10 0 8 0 1 16 14 2 19 18 2 2 18 0 10 16 16 5
split_gain=16.1827 7.4607 6.53995 7.51342 6.69732 8.26456 7.19053 8.06398 9.25905 7.17945 10.142 8.4687 7.95483 7.6031 9.25065 7.16908 11.9168 7.92639 11.8508 11.4876 8.83788 8.2784 10.6355 7.13439 11.746 10.9301 10.5052 7.78599 15.8876 7.60173 6.99242 13.6293 11.778 11.5849 11.2573 10.4183 10.2413 8.51703 7.52161 10.0767 14.9155 9.73128 8.34908 6.97682 10.1416 10.0868 9.21874 7.26433 7.18541 7.06538 6.94136 6.93179 8.30872 6.88617 10.8028 6.70229 6.598 10.0928 6.27163 6.20616 6.18885 6.17954
threshold=2.5000000000000004 63.500000000000007 18.500000000000004 28.500000000000004 59.500000000000007 1.0000000180025095e-35 0.0073801742400974044 47.500000000000007 18.500000000000004 0.0090499590151011961 4.5000000000000009 13.902594566345217 1.0000000180025095e-35 35.500000000000007 20.500000000000004 1.0000000180025095e-35 44.719579696655281 19.385061264038089 16.287421226501468 56.500000000000007 1.0000000180025095e-35 0.013793759513646366 0.014599318150430919 60.500000000000007 0.0096620614640414732 48.500000000000007 0.0091326101683080214 14.679243087768556 58.500000000000007 56.500000000000007 3.5000000000000004 2.5000000000000004 39.500000000000007 10.500000000000002 50.500000000000007 7.5000000000000009 60.000000000000007 5.5000000000000009 60.000000000000007 0.011050061322748663 13.500000000000002 60.000000000000007 55.500000000000007 9.5000000000000018 18.500000000000004 43.500000000000007 60.000000000000007 28.500000000000004 0.0072203108575195083 23.500000000000004 2.5000000000000004 19.500000000000004 19.75040435791016 1.0000000180025095e-35 25.500000000000004 32.500000000000007 1.5000000000000002 17.500000000000004 60.000000000000007 33.500000000000007 51.500000000000007 0.0071175277698785075
decision_type=2 2 2 2 2 2 2 2 2 2 2 2 2 2 2 2 2 2 2 2 2 2 2 2 2 2 2 2 2 2 2 2 2 2 2 2 2 2 2 2 2 2 2 2 2 2 2 2 2 2 2 2 2 2 2 2 2 2 2 2 2 2
left_child=-1 2 3 -2 6 -6 7 8 -4 10 -8 13 -11 14 -12 16 -14 18 23 21 -20 -19 -23 24 25 29 -27 28 30 -17 31 32 36 35 -35 -34 -26 -32 -39 40 -40 -41 58 47 -45 46 -46 -10 50 -49 -47 -7 53 -53 -55 -44 57 -9 -42 -25 -61 -58
right_child=1 -3 4 -5 5 51 9 56 43 12 11 -13 15 -15 -16 17 -18 19 20 -21 -22 22 -24 59 27 26 -28 -29 -30 -31 37 -33 33 34 -36 -37 -38 38 39 41 42 -43 55 44 45 48 -48 49 -50 -51 -52 52 -54 54 -56 -57 61 -59 -60 60 -62 -63
leaf_value=-0.0054059450221228189 0.0060146866639195782 0.0052289968892071841 -0.093680249481966169 -0.00047336854697320127 -0.14187906317857438 0.020262356781581333 -0.10011301763615786 0.065326950308893073 0.038035830376787545 -0.11915301960764635 -0.083228538376278249 -0.084226727248050665 -0.096794597528146384 -0.0016595924227865912 -0.018255773822545833 0.030590729820421866 0.034680115742977906 0.02950036729503357 0.026648158436043887 -0.08904639017457007 -0.090061834762554194 -0.090216780572062297 0.018993579108857989 -0.0022364397822554412 -0.11521775050602112 0.047529470901852673 -0.06082533141791268 0.037565013407692631 -0.075161556156049525 -0.091552758928977823 0.029093389407274125 -0.0045782460556194286 -0.14430822043808963 -0.11141667629936536 -0.038106052593446217 0.048254041221385213 -0.0084291506551816137 -0.018144839346770091 -0.081742151088409265 -0.10232315366512597 0.029293532003271613 0.0036277873839026462 -0.078687657038793851 -0.089867756348308375 0.023691349491884835 0.047356705995942404 -0.052506918131241781 0.047031770017587265 0.035833505174773135 -0.085760863518750952 -0.073983390438956159 -0.063032251068592032 -0.087768247764014817 -0.085381683320686519 0.011662400643106766 0.091939181064363995 0.016402300986388021 -0.05571135554905169 -0.027591867813477996 -0.055159408186492391 -0.008615496510734769 0.056351731526203756
leaf_weight=1431.1640741170777 664.39435519251856 758.26660118505242 2.8615021575242272 1358.8460872372088 0.90850014053285022 68.214329794282094 3.5005869731539851 2.3607217607786861 15.971014364156874 1.4866231057676476 6.4796188138425341 4.1196198510006061 5.0225303471088401 74.194337481982075 35.452550945687108 51.33532281476073 2.6239408422261477 43.560056308924686 2.1420085632707906 2.5170592594658947 6.6826530785765499 3.5686560894828272 5.9399308041902259 23.571254917478655 2.3587816192302844 3.2058723779628036 7.4009117858950049 11.14708892215276 7.8819194900570428 1.3062436843756575 23.859384087263606 359.74203191528795 0.8519682022742926 9.5463569506537187 11.598857636563478 4.0015765624120858 46.609564316517208 59.775340264546685 8.4781782767968235 2.1785412813769645 6.0209225756116238 416.53624657157343 0.70202262233942692 3.9001816420350215 5.5182894989848146 1.8021284949500112 14.14154902973678 1.612280886620282 15.580659455561543 2.6448962618596852 3.4066209751181331 3.9031838375376529 2.7700842221966004 3.0497524848906314 48.046027123578824 3.1941552876960486 57.163484961492941 6.368409701884957 24.814495141850784 17.889024053030884 11.888444063195491 11.653360044118015
leaf_count=973403 15777 26716 447 46948 67 1790 611 182 399 91 1377 250 474 13010 10223 4016 14 453 54 88 330 147 88 5980 108 353 2066 125 936 200 332 28154 49 571 276 22 1159 2394 1217 153 217 23540 104 543 157 20 2445 99 1940 428 1015 463 118 404 3604 155 8392 2732 5387 5860 1877 1772
internal_value=-0.000791793 0.000720517 -0.000226917 0.00165719 -0.00263187 0.00838567 -0.00359063 0.00697627 -0.00566838 -0.00475729 -0.0162192 -0.0137769 -0.00356482 -0.0112777 -0.0282958 -0.00342017 -0.0516781 -0.00310754 -0.00401843 0.0153236 -0.0617328 0.0202738 -0.021994 -0.00356202 -0.00266619 0.0182298 -0.0280754 -0.00398876 -0.00445752 0.0275599 -0.00388902 -0.0086198 -0.0280138 -0.0552128 -0.0712033 0.0144526 -0.0135731 -0.000119465 -0.00145548 0.000704203 -0.0222843 0.00307653 -0.00777035 -0.00176848 -0.0128677 -0.00544322 -0.0311189 0.0225661 0.0188374 -0.0354696 -0.032002 0.00946927 -0.00327533 0.000980247 0.00587013 0.0611952 0.0179729 -0.0229775 -0.0164844 -0.0214042 -0.0365771 0.0231673
internal_weight=5797.73 4366.57 3608.3 2023.24 1585.06 126.892 1458.17 144.985 67.4391 1313.18 123.747 120.246 1189.44 116.127 41.9322 1187.95 7.64647 1180.3 1124.72 55.5857 8.82466 53.0686 9.50859 1115.89 1062.55 63.2484 10.6068 999.297 988.15 52.6416 980.268 434.709 74.9671 25.9988 21.1452 4.85354 48.9683 545.559 521.7 461.925 43.2098 418.715 34.7316 64.5776 44.3494 40.4492 19.6598 20.2282 20.7894 4.25718 5.20875 125.983 57.769 54.999 51.0958 3.89618 77.546 8.72913 30.8354 53.3487 29.7775 68.8168
internal_count=1202322 228919 202203 62725 139478 6446 133032 20571 7493 112461 25471 24860 86990 24610 11600 86899 488 86411 85635 776 384 688 235 85251 71534 6635 2419 64899 64774 4216 63838 30339 2185 918 847 71 1267 33499 33167 30773 7080 23693 5863 7046 6120 5577 2602 926 2975 527 1035 6379 4589 4471 4008 259 13078 2914 5604 13717 7737 10164
is_linear=0
shrinkage=0.05


Tree=109
num_leaves=63
num_cat=0
split_feature=21 19 19 16 19 1 10 16 1 12 1 2 1 19 19 19 1 16 14 2 16 19 19 16 17 14 19 17 16 19 9 8 16 5 16 5 5 16 19 19 2 19 19 6 19 5 19 5 5 1 10 12 17 10 1 14 2 16 19 5 19 19
split_gain=15.8727 7.34669 7.23502 13.9456 12.2751 8.72463 7.54944 6.65462 9.58145 6.23976 9.22754 6.61958 7.21543 5.76308 8.99496 9.42493 7.26487 7.20227 6.61771 8.28041 9.18599 7.80092 9.66203 6.49174 12.1253 12.6226 10.6537 8.92371 7.75697 6.82505 6.09248 6.02833 5.98709 5.67272 11.0659 8.15582 11.7878 12.9059 10.5485 8.5973 11.4571 8.06576 17.7299 6.98657 11.3027 7.50733 7.45402 6.5011 8.32787 8.78351 7.80262 12.4575 8.76036 7.45097 7.62812 10.3147 10.6559 7.81502 8.8666 7.71309 7.29609 9.17332
threshold=2.5000000000000004 8.7831611633300799 8.3838934898376483 64.500000000000014 8.5652632713317889 0.015749008394777778 10.500000000000002 80.500000000000014 0.010152545757591726 11.500000000000002 0.0074907417874783286 61.500000000000007 0.0093025267124176043 12.306680202484133 7.4993696212768564 8.5026760101318377 0.013606071937829258 86.500000000000014 4.5000000000000009 23.500000000000004 61.500000000000007 36.242588043212898 13.602560520172121 47.500000000000007 3.5000000000000004 6.5000000000000009 9.1103243827819842 7.5000000000000009 58.500000000000007 11.295234203338625 1.0000000180025095e-35 13.500000000000002 83.500000000000014 0.0070672258734703073 80.500000000000014 0.014185110572725536 0.013986697886139156 60.500000000000007 18.046768188476566 9.5697541236877459 66.500000000000014 19.385061264038089 18.866693496704105 2.5000000000000004 10.569199562072756 0.014815627597272398 11.719474315643312 0.0080322581343352812 0.0083683477714657801 0.0099504948593676108 1.0000000180025095e-35 1.5000000000000002 3.5000000000000004 1.5000000000000002 0.011561079882085325 5.5000000000000009 84.500000000000014 59.500000000000007 11.306703090667726 0.010582306887954475 9.3475546836853045 9.7623982429504412
decision_type=2 2 2 2 2 2 2 2 2 2 2 2 2 2 2 2 2 2 2 2 2 2 2 2 2 2 2 2 2 2 2 2 2 2 2 2 2 2 2 2 2 2 2 2 2 2 2 2 2 2 2 2 2 2 2 2 2 2 2 2 2 2
left_child=13 2 7 5 -5 -4 -7 -2 9 -9 -11 12 -12 14 31 -16 17 23 32 -20 21 22 -21 27 28 -26 -27 -17 -25 -28 -22 -1 -15 -3 35 36 41 -38 -39 -37 43 42 47 44 -41 -46 -47 -35 49 -49 52 -52 -50 -53 55 56 -55 58 -57 -58 -56 -62
right_child=1 33 3 4 -6 6 -8 8 -10 10 11 -13 -14 18 15 16 -18 -19 19 20 30 -23 -24 24 25 26 29 -29 -30 -31 -32 -33 -34 34 -36 39 37 38 -40 40 -42 -43 -44 -45 45 46 -48 48 50 -51 51 53 -54 54 60 57 59 -59 -60 -61 61 -63
leaf_value=0.012863021218963329 -0.00045880330092817076 0.013651660121157533 -0.074039030532937714 -0.098514504787515875 0.031358425011519558 0.051343205122282444 -0.11281136388846423 0.019503900763524332 0.026846297952581338 -0.10193238736943636 0.023452357216562632 -0.10931128144681156 -0.10782045563690371 0.023352821791606894 -0.051829296455471519 0.0095763809298720776 0.055498615602271761 0.050940849361479301 0.067995840071007049 0.028236465707019605 0.0074905477656839929 0.066158610402086884 -0.094109222976105966 -0.10211029991378003 -0.10310570461147764 -0.08877409948090681 0.0076809415587794977 -0.099669651782135715 0.049488753271809266 -0.09124946958788277 -0.091540404343188955 -0.0058116654917177183 -0.092669508860040425 -0.046074248214639707 -0.041895157792287356 0.035139142295755425 -0.096729780745279423 0.038522140730954342 -0.10287998947535602 -0.12080572294883074 -0.11367073579149345 0.0087762423846408817 -0.10059640270681652 0.011778497610235007 0.033488917873006313 -0.11571512264334771 -0.011225073203951509 0.047008428445145418 -0.096666844172073871 -0.095673481524878784 -0.075205879902264405 -0.097194785930678596 0.04849493063382887 -0.081681688105314121 -0.037386396929811432 -0.0090770985465568523 -0.12267904606837604 0.013866671749902821 -0.07995607346376063 0.04081422735476975 0.034849081922582369 4.872006664249722e-05
leaf_weight=44.810002541125868 3392.074005459086 149.57367399416398 13.229139901173772 2.1371684721671036 12.236090115969999 2.9007696956396107 0.923352618701755 9.6569761778227985 51.013055892195553 3.586386599112303 8.0178427235223335 1.4297584546729911 1.2039569468470279 43.80377519025933 20.166433673002757 20.520672443904918 3.6866755399387321 3.6852192021906367 3.3599956249818197 2.051825975533573 25.778483464499008 1.2215262390673149 7.5579336764058098 0.99556316388770838 7.8343449990497893 5.3138930532150033 12.544318240135906 2.0566229531541458 5.5353005267679691 2.0247473944909862 1.6526411419035856 1213.7467598349394 1.140877510420977 8.5515692384215054 13.499662035261279 31.191769098979421 6.5769705243874323 5.029995301971212 1.7876759786158798 2.2297755202744147 1.9419656987301994 180.92913635040168 4.7867422285489729 211.41627209470607 9.4197359678801131 1.8371310634538556 24.057471073581837 13.105908305617048 1.148622419219463 1.1753565663238976 6.4249924112809813 2.1351795659866175 10.924063764279706 10.324903229484319 9.5132455843267945 18.296221913769859 0.89261890680063416 24.64941023173742 5.8144806206692001 3.7605469550471753 24.874634695239365 79.323698007385246
leaf_count=18645 208698 3575 1132 124 164 17 35 446 792 394 139 86 77 1016 4349 1811 45 78 21 107 774 4 553 176 1981 1102 1137 626 279 229 123 940269 78 618 403 368 258 49 28 68 161 2203 158 2677 59 45 246 161 41 84 195 79 81 938 344 823 106 562 423 83 278 1701
internal_value=-0.000827481 0.000670508 -0.000349761 -0.0242324 0.0120475 -0.0548108 0.0117073 -0.000133276 0.0146076 -0.0115206 -0.0325631 -0.00920641 0.00631397 -0.00540019 -0.00620623 -0.0220115 -0.0126448 -0.0167965 0.00710402 -0.00726155 -0.0138702 -0.052858 -0.0679866 -0.0211894 -0.0349107 -0.0493521 -0.0281719 -0.000375117 0.026379 -0.00606799 0.00152424 -0.00514677 0.0204077 0.00479596 0.00294501 0.00380715 -0.000609133 -0.0467604 0.00144479 0.0103828 0.00730514 0.000911113 -0.00539379 0.00824879 -0.0116275 -0.00473388 -0.0186383 -0.00333097 -0.00160976 0.0352656 -0.00426838 -0.00679652 0.0346839 -0.00434905 -0.00323187 -0.0170785 -0.0533699 -0.00593055 -0.0261701 0.00945124 0.0045295 0.0083564
internal_weight=5793.09 4363.6 3498.41 31.4265 14.3733 17.0533 3.82412 3466.98 74.908 23.8949 14.2379 10.6516 9.2218 1429.49 1342.92 84.3638 64.1974 60.5107 86.5671 41.6224 38.2624 10.8313 9.60976 56.8255 34.2482 27.7173 19.883 22.5773 6.53086 14.5691 27.4311 1258.56 44.9447 865.193 715.62 702.12 420.026 13.3946 6.81767 282.094 250.902 406.631 225.702 248.96 37.5441 35.3143 25.8946 220.915 212.364 14.2813 198.083 186.01 12.0727 179.585 177.45 63.7382 14.9781 48.7601 24.1107 4.65317 113.712 104.198
internal_count=1202322 228919 212104 1472 288 1184 52 210632 1934 1142 696 302 216 973403 970727 11813 7464 7419 2676 1582 1561 664 660 7341 4904 4449 2468 2437 455 1366 897 958914 1094 16815 13240 12837 9213 335 77 3624 3256 8878 6675 3095 418 350 291 6517 5899 245 5654 5532 122 5337 5258 2935 1127 1808 1246 189 2323 1979
is_linear=0
shrinkage=0.05


Tree=110
num_leaves=63
num_cat=0
split_feature=19 3 19 8 14 0 5 14 0 19 8 19 1 14 10 10 14 7 7 17 7 0 4 7 4 4 10 3 3 7 12 7 0 8 7 7 3 4 3 5 0 0 0 0 3 4 3 3 0 8 8 3 10 5 3 8 8 17 12 14 8 0
split_gain=15.7182 16.2308 16.8124 10.6115 10.2673 8.03068 8.20488 7.00101 5.07267 4.97018 10.316 6.48705 13.8785 9.24778 7.72515 7.80082 7.6011 4.96911 9.40242 4.79489 15.1932 11.8694 19.8298 16.8057 13.5029 11.5418 9.34651 9.84746 8.18245 9.87684 7.74361 6.61712 6.47828 6.1215 6.07379 11.0629 5.94458 5.71951 5.52696 7.36476 8.04721 10.0166 5.06256 4.9251 7.24166 6.82907 6.58408 8.61807 8.16335 7.04387 6.89417 6.46203 7.96701 13.1148 7.04484 10.3779 6.51541 6.28583 9.26074 6.00533 5.9313 7.24744
threshold=11.885159492492678 0.015749008394777778 11.483613014221193 7.5000000000000009 7.5000000000000009 1.5000000000000002 0.010929288342595102 11.500000000000002 44.500000000000007 10.594813346862795 15.500000000000002 9.5062708854675311 0.016261236742138866 3.5000000000000004 18.500000000000004 60.000000000000007 5.5000000000000009 0.014185110572725536 0.014599318150430919 6.5000000000000009 0.013606071937829258 45.500000000000007 6.5000000000000009 0.015038444194942715 19.500000000000004 72.500000000000014 60.000000000000007 0.014815627597272398 0.012422839645296337 0.015268065501004459 4.5000000000000009 0.014815627597272398 15.500000000000002 4.5000000000000009 0.016261236742138866 0.014815627597272398 0.014815627597272398 100.00000000000001 0.015268065501004459 0.015749008394777778 14.500000000000002 4.5000000000000009 24.500000000000004 100.00000000000001 0.0062696540262550124 11.500000000000002 0.0091326101683080214 0.0085107926279306429 61.500000000000007 5.5000000000000009 6.5000000000000009 0.011428944766521456 9.5000000000000018 0.0092167854309082049 0.011696306522935631 5.5000000000000009 2.5000000000000004 5.5000000000000009 4.5000000000000009 15.500000000000002 6.5000000000000009 15.500000000000002
decision_type=2 2 2 2 2 2 2 2 2 2 2 2 2 2 2 2 2 2 2 2 2 2 2 2 2 2 2 2 2 2 2 2 2 2 2 2 2 2 2 2 2 2 2 2 2 2 2 2 2 2 2 2 2 2 2 2 2 2 2 2 2 2
left_child=1 2 3 5 -4 6 -1 8 -6 11 -11 13 14 -3 -13 -16 -15 -8 -19 43 26 22 23 -22 31 28 36 -28 29 33 -23 32 -24 42 35 -30 -21 -32 39 40 41 -25 -26 44 45 -7 47 48 49 -46 -49 52 -48 59 55 -53 -55 -45 -59 -54 -56 -62
right_child=-2 9 4 -5 7 19 17 -9 -10 10 -12 12 -14 16 15 -17 -18 18 -20 20 21 30 24 38 25 -27 27 -29 34 -31 37 -33 -34 -35 -36 -37 -38 -39 -40 -41 -42 -43 -44 57 46 -47 51 50 -50 -51 -52 54 53 56 60 -57 -58 58 -60 -61 61 -63
leaf_value=-0.12802424324184522 0.0071337715343703194 0.053948774480469121 -0.11187527485896656 -0.0032599793627031293 0.061512165088197061 -0.11504688163391404 0.035693906991832294 -0.092069854937403175 -0.091028346239133362 0.037959796000384682 -0.098836974881921003 -0.11886543156191949 0.02927333288366836 -0.097903314839647038 0.064505620880645279 -0.11014559394435681 0.0048816790870230562 -0.11419056759714044 0.013795802279391181 0.034291058307823141 -0.1071677941424867 0.012870388432261379 -0.11202545690119164 0.013878218646889316 0.037536876803248714 -0.13366751027589505 -0.058563333489938245 0.037711789103309815 0.028745901497762256 -0.11300235094474564 -0.10755695959657124 -0.11639087719776389 0.026154970083405789 -0.10816117377963015 0.038653648080238946 -0.12218715668382972 -0.11101897351283585 -0.01671922860537282 0.040681569651350342 -0.073788174965799008 0.055907260960612715 -0.10930572231894418 -0.11744336204512572 -0.0015809836103067129 0.011055292299704996 0.030980771091844706 0.028621042089991746 -0.11131877147630304 -0.10073881874610478 -0.10891882735515319 0.057435397191299677 -0.1169632060487505 -0.12704123938321266 -0.0075807876316025327 0.0012589051784858479 0.033754613729425245 -0.087191424943573834 -0.0073368480512207741 -0.092867489225792688 0.037130788216975422 0.031607184652185427 -0.027633624565470589
leaf_weight=0.9485438282135864 695.90116992866388 9.626071128761394 5.5555398610886186 3388.1848776581355 2.6137212812900548 0.819948751013725 30.40947782760486 1.8367798789404313 0.68859776016324747 20.51359103387222 1.4774111167062063 4.3362593830097467 5.3359841357450932 1.8025592397898424 1.4979851366952062 1.1154099318664503 838.49459936877247 1.4813897097483266 45.825086905620992 33.695422924822196 3.2609026929130804 40.032416116097011 1.5308236782439046 5.748967845924204 3.8422288489528 2.4924879774916908 6.8680983913363871 4.3309131604619324 2.9257014177273941 4.1004974364768714 2.1521573383361075 9.5568480195943248 1.902223832439631 1.2700823608320257 6.8227089722640812 2.0751737536629662 0.71884885733015735 8.8946450526709668 10.850297390483318 3.1659478866495183 5.7575270049273959 2.3146972372196615 0.61068770568817843 110.22869105674908 17.851415191311396 33.979482325376011 55.277807641308755 3.7304859943687916 2.1121781582478425 1.3134358425159032 0.72242216439917584 2.9028589552035555 0.58604849153198202 5.0386208989075385 334.81044984218897 1.8830138954799611 5.2457073727855441 9.0516265988699143 4.8661465211189343 11.249777802266182 32.029827304533683 6.1548424899810916
leaf_count=67 12411 47 553 1139479 11 85 192 157 48 109 75 96 27 28 5 74 14077 39 432 848 111 2513 80 40 41 215 1189 43 53 211 321 356 42 70 29 131 45 1654 55 90 45 56 37 14043 383 963 789 255 238 136 33 161 42 138 4985 51 392 708 1817 181 370 269
internal_value=7.94055e-05 -0.000870778 -0.00214421 -0.00198745 -0.0647564 0.00289296 0.0181407 -0.0138192 0.0297045 0.00529666 0.0287694 0.00469798 -0.0313747 0.00521941 -0.0779406 -0.0100364 0.00466119 0.0199247 0.00978794 0.00140254 -0.00619943 -0.015583 -0.0292286 0.000225003 -0.053898 -0.0317792 0.0183445 -0.0213315 -0.0200475 -0.0537726 0.00264377 -0.0950022 -0.0354608 -0.0113349 0.00797262 -0.0338856 0.0312558 -0.0344164 0.0128051 -0.00500062 0.0107562 -0.0214821 0.0162824 0.00336192 0.00551421 0.02754 0.00392038 -0.0206866 -0.00744858 0.00283304 -0.0839408 0.00531134 0.0184732 -0.00688588 0.00261479 -0.0576629 -0.0481876 -0.00557879 -0.0372414 0.0290018 0.00338821 0.0220584
internal_weight=5862.42 5166.52 4282.32 4271.62 10.6946 883.44 78.6645 5.1391 3.30232 884.2 21.991 862.209 12.2856 849.923 6.94965 2.6134 840.297 77.716 47.3065 804.775 164.92 119.307 68.2278 31.0983 37.1295 24.1396 45.6133 11.199 21.6471 9.8235 51.0792 12.9899 3.43305 5.723 11.8236 5.00088 34.4143 11.0468 27.8374 16.9871 13.8212 8.06367 4.45292 639.855 515.708 34.7994 480.909 25.7299 21.277 19.1649 4.45291 455.179 77.398 22.1202 377.781 4.78587 10.2843 124.146 13.9178 11.8358 372.995 38.1847
internal_count=1202241 1189830 1175292 1174523 769 35044 730 216 59 14538 184 14354 202 14152 175 79 14105 663 471 34314 8275 6150 1662 397 1265 787 2125 1232 572 359 4488 478 122 148 213 184 893 1975 286 231 141 96 78 26039 9471 1048 8423 1045 757 519 288 7378 1542 753 5836 212 530 16568 2525 223 5624 639
is_linear=0
shrinkage=0.05


Tree=111
num_leaves=63
num_cat=0
split_feature=19 21 2 19 15 16 2 0 2 16 0 8 4 16 4 12 21 4 12 16 2 2 2 2 0 2 4 0 16 16 16 0 16 8 4 0 0 0 0 15 17 12 0 15 19 17 19 0 0 16 19 6 17 0 2 12 21 8 2 2 16 19
split_gain=13.5978 11.8758 7.77085 8.66088 6.22219 6.32546 7.18086 11.4774 7.57082 7.99047 7.13498 6.60341 7.4652 14.1106 7.73628 7.84551 7.48756 7.31198 7.32099 7.5312 6.54069 6.48846 8.51771 10.8456 7.90967 6.47014 7.62534 14.6726 9.97913 12.065 6.45207 12.9538 10.9724 8.91792 5.94204 6.61839 5.8206 7.11459 6.24845 5.78489 6.23703 5.72046 7.9404 5.57169 8.15982 8.81353 7.06697 8.55448 12.5543 14.4671 8.39047 8.36765 9.2183 8.05838 9.83043 8.49443 7.47488 6.98177 9.03421 11.2908 6.57908 6.27923
threshold=7.3649959564208993 2.5000000000000004 1.5000000000000002 6.6062862873077401 0.015504807699471714 71.500000000000014 4.5000000000000009 7.5000000000000009 55.500000000000007 73.500000000000014 24.500000000000004 15.500000000000002 77.500000000000014 66.500000000000014 62.500000000000007 13.500000000000002 4.5000000000000009 84.500000000000014 9.5000000000000018 60.500000000000007 65.500000000000014 89.500000000000014 84.500000000000014 69.500000000000014 56.500000000000007 2.5000000000000004 2.5000000000000004 5.5000000000000009 33.500000000000007 19.500000000000004 33.500000000000007 1.0000000180025095e-35 40.500000000000007 18.500000000000004 98.500000000000014 5.5000000000000009 20.500000000000004 30.500000000000004 26.500000000000004 1.0000000180025095e-35 3.5000000000000004 17.500000000000004 1.5000000000000002 0.013072453904896976 7.814871311187745 5.5000000000000009 11.885159492492678 3.5000000000000004 9.5000000000000018 43.500000000000007 7.5697588920593271 1.0000000180025095e-35 2.5000000000000004 5.5000000000000009 100.00000000000001 10.500000000000002 6.5000000000000009 17.500000000000004 29.500000000000004 1.0000000180025095e-35 60.500000000000007 11.295234203338625
decision_type=2 2 2 2 2 2 2 2 2 2 2 2 2 2 2 2 2 2 2 2 2 2 2 2 2 2 2 2 2 2 2 2 2 2 2 2 2 2 2 2 2 2 2 2 2 2 2 2 2 2 2 2 2 2 2 2 2 2 2 2 2 2
left_child=1 -1 3 -3 5 11 7 -7 -8 -10 -9 -4 14 17 25 -16 20 18 -14 -20 -17 22 23 -22 -24 26 27 28 29 41 -28 -32 33 -33 35 -19 -37 38 -38 -27 -41 -13 -43 44 45 -2 47 57 49 53 60 -51 56 55 61 -49 -53 -45 59 -59 -50 -55
right_child=43 2 4 -5 -6 6 8 10 9 -11 -12 12 13 -15 15 16 -18 34 19 -21 21 -23 24 -25 -26 39 30 -29 -30 -31 31 32 -34 -35 -36 36 37 -39 -40 40 -42 42 -44 46 -46 -47 -48 48 50 51 -52 52 -54 54 -56 -57 -58 58 -60 -61 -62 -63
leaf_value=-0.0053138639427171806 0.0019223820588091343 0.0059410081200851885 0.0015877223843879899 -0.12080698367910706 -0.09168677028253977 -0.12876291192727352 0.014672683862354442 0.0215073667698015 -0.08655336830321847 -0.0033287006545298192 -0.11170558456378704 0.044074217775744134 -0.11695703997396117 -0.087755536020620917 -0.088761537490104861 -0.033490941844701853 0.035126894975566654 0.031901421086683472 0.036933435410704422 -0.076121955245895406 0.062778021906754841 -0.0667768661791273 -0.062301514697882102 -0.047974421158864793 0.13320294068787908 -0.0053835820003324385 0.030233291492658888 -0.12090098523340753 0.018656265081273885 -0.12140576192846445 -0.15558900991628447 0.042610817768813633 0.018516973419463508 -0.11070458486716712 0.010170083638026507 -0.073794951438994144 -0.032813577665809134 -0.027764742857792703 0.076454066685596317 0.034260298538530361 -0.091506304965653887 -0.12002297307324782 0.0086349390107682937 0.021505573865179123 0.016463471301649026 -0.081159882428043326 0.0066193441384638802 0.045772153768036367 -0.077593730104142611 0.039244044769505007 -0.0043651347470629199 0.014763636902308331 -0.11042618246849685 -0.10407887325389385 0.06261836300085552 -0.10955593715337597 -0.094207370010645872 0.040238400828458087 0.034748770065727415 -0.12553117219993387 0.03265115607364704 0.0024811838037225903
leaf_weight=1246.7309858085919 11.55596505186986 581.25240783719346 1129.1130179880711 1.3509147807490069 1.87754302821122 2.4196013597538677 157.86698517383775 5.6583135774126276 3.1479568998329333 34.406862052099314 1.222306976560503 3.2718318626866676 0.84425722784362633 3.8746095941751255 4.0695390917826435 39.923097495251568 6.1772899492643765 6.5693983710370949 33.914415589388227 1.5399511281866569 3.6812361713673436 2.5799884180014478 0.65557903342414592 5.5327332180459052 2.4536595299141482 1134.1355116680497 40.653380467323586 2.8150383739266536 20.963542961049825 3.2204275901895008 1.2762943436391641 1.3483710973523555 27.953459001146257 3.1982190592680118 87.811654283286771 4.827576745417903 2.0813087424030554 20.296971325093182 3.523038360173814 14.249336889479308 1.059064155560917 1.9457237999886254 3.1259041295852512 54.218938177917153 159.5087590473704 4.4103310782229519 645.36823715234641 8.4754810370504838 1.4374926573364089 1.6930925138294703 265.71885066659888 3.6628027819097051 9.0253803331870568 4.1422507909592223 1.855788057669997 0.98218612733762967 2.7591587351635098 1.5070360293611864 3.3289783776272088 3.2262001649942249 23.100519891362637 2.0750124189071357
leaf_count=957870 644 7282 42678 59 103 127 3646 117 736 3405 100 17 118 1016 493 8661 248 205 4796 302 776 1163 231 2383 283 104727 629 198 203 86 59 11 641 268 13139 888 437 6496 282 256 149 35 32 443 6195 855 10921 46 293 22 15707 55 502 188 3 74 59 14 60 187 580 42
internal_value=8.84592e-05 -0.00113829 0.000389283 0.00564711 -0.000694936 -0.000634427 0.00782983 -0.0350957 0.00987267 -0.0103048 -0.00215723 -0.00129614 -0.00348214 0.00653715 -0.00473264 -0.0215437 -0.0170596 0.00880064 0.0285578 0.0320229 -0.0229394 0.00532628 0.0204218 -0.00372575 0.0919811 -0.00386389 0.00773388 -0.0113901 -0.00191264 -0.0392009 0.0168148 0.000664186 0.00680033 -0.0652362 0.00306842 -0.0136511 -0.0233896 -0.0139948 0.0358749 -0.00497148 0.0255595 -0.00747126 -0.0407245 0.00481513 0.0130522 -0.0210272 0.00341533 -0.00192485 -0.00517856 -0.0336153 -0.0017818 -0.066279 -0.0778448 -0.00167872 -0.0383704 0.0296412 -0.0320551 0.0150501 -0.0283632 -0.0727511 0.0261928 -0.0685144
internal_weight=5862.67 4654.62 3407.89 582.603 2825.28 2823.41 204.722 9.30022 195.422 37.5548 6.88062 2618.69 1489.57 165.283 1324.29 65.0731 61.0036 161.409 36.2986 35.4544 54.8263 14.9032 12.3232 9.21397 3.10924 1259.22 109.772 35.3425 32.5274 11.5639 74.4297 33.7763 32.5 4.54659 125.11 37.2983 30.7289 25.9013 5.60435 1149.44 15.3084 8.34346 5.07163 1208.05 175.475 15.9663 1032.58 387.209 324.928 34.6712 290.257 17.1404 15.4473 17.5307 8.07305 9.45767 6.42196 62.2812 8.06221 4.73324 24.538 6.21726
internal_count=1202241 1165351 207481 7341 200140 200037 8131 344 7787 4141 217 191906 149228 27679 121549 14238 13745 26663 5216 5098 13497 4836 3673 3159 514 107311 2179 571 373 170 1608 979 920 279 21447 8308 8103 7215 719 105132 405 84 67 36890 7694 1499 29196 18275 17571 991 16580 638 616 353 233 120 114 704 261 201 873 230
is_linear=0
shrinkage=0.05


Tree=112
num_leaves=63
num_cat=0
split_feature=19 21 2 9 5 16 14 5 2 6 16 5 18 2 2 2 18 5 16 16 12 0 0 5 3 7 2 12 9 5 16 5 16 6 1 5 2 16 5 0 1 16 10 1 21 12 16 11 6 7 16 16 0 10 9 5 0 0 16 1 18 5
split_gain=13.3824 13.0977 7.52177 8.0162 9.0941 8.7304 6.41537 6.131 7.58829 6.0783 5.86429 10.3732 9.57226 8.88498 8.48188 8.44576 10.4155 16.4036 7.74819 7.75487 7.39091 9.49048 8.80553 8.65679 6.62601 6.75904 6.56266 5.86054 5.84259 5.71968 6.60174 10.4761 7.60254 6.1747 5.8937 13.7144 12.3041 5.80998 5.68755 5.2277 5.18184 5.00726 4.75734 4.69488 4.63142 4.61333 4.52204 4.39664 4.37294 9.68287 8.16763 13.516 14.8067 11.1442 9.42313 10.2307 9.28471 16.3866 14.6178 13.9177 11.8998 8.56148
threshold=3.580557227134705 2.5000000000000004 2.5000000000000004 0.013072453904896976 0.0073261056095361718 75.500000000000014 60.000000000000007 0.0080972984433174151 8.5000000000000018 17.500000000000004 36.500000000000007 0.0070176301524043092 1.5000000000000002 48.500000000000007 7.5000000000000009 31.500000000000004 4.5000000000000009 0.0069687257055193194 72.500000000000014 71.500000000000014 9.5000000000000018 12.500000000000002 1.5000000000000002 0.0069204980973154315 0.010152545757591726 0.013793759513646366 9.5000000000000018 14.500000000000002 0.012579114176332952 0.0068260179832577714 80.500000000000014 0.0073261056095361718 75.500000000000014 18.500000000000004 0.0081634009256958979 0.0071685509756207475 4.5000000000000009 78.500000000000014 0.0076046728063374766 50.500000000000007 0.0065147271379828462 50.500000000000007 13.500000000000002 0.0063092110212892303 4.5000000000000009 60.000000000000007 39.500000000000007 0.013423423748463394 60.000000000000007 0.012579114176332952 15.500000000000002 27.500000000000004 5.5000000000000009 60.000000000000007 0.014815627597272398 0.0063492704648524531 53.500000000000007 29.500000000000004 42.500000000000007 0.015038444194942715 3.5000000000000004 0.014389234129339458
decision_type=2 2 2 2 2 2 2 2 2 2 2 2 2 2 2 2 2 2 2 2 2 2 2 2 2 2 2 2 2 2 2 2 2 2 2 2 2 2 2 2 2 2 2 2 2 2 2 2 2 2 2 2 2 2 2 2 2 2 2 2 2 2
left_child=1 6 -3 4 10 7 -1 8 -6 -7 11 14 18 26 -4 16 46 -18 19 40 22 -22 -17 24 25 44 -13 -25 42 33 31 32 -31 39 35 -32 -37 -33 -11 -8 43 -19 -10 -12 -23 -16 -14 -47 49 -5 -50 52 53 -52 55 -53 57 58 59 60 -57 -60
right_child=-2 2 3 48 5 9 29 -9 28 38 12 13 15 -15 45 20 17 41 -20 -21 21 23 -24 27 -26 -27 -28 -29 -30 30 34 37 -34 -35 -36 36 -38 -39 -40 -41 -42 -43 -44 -45 -46 47 -48 -49 50 -51 51 54 -54 -55 -56 56 -58 -59 61 -61 -62 -63
leaf_value=-0.050802022459778454 0.0044425977127979807 0.0046664421777016509 -0.10623271125764394 -0.067387378666032755 -0.096848967540573358 -0.091538590336083109 0.18181149717394451 -0.0049926204141784516 -0.084389316923612012 -0.12386794058855324 -0.028806164392699275 0.056232054111918818 -0.093442423419495227 0.081835722617101217 0.020383859737538056 0.054486308011355483 -0.09291147706025861 -0.079677105585964803 -0.10899393331438728 0.048074720508938767 -0.10862218936697461 0.032107556794245762 -0.078029555577208642 0.056260579140137337 -0.088611912042267649 -0.066204006043188351 -0.05001613467254027 -0.067778704595348738 0.03936739910227785 -0.044429796495060292 0.062502853850100834 -0.0089372439394446775 0.053833978803174698 -0.0026416682953528743 0.03731533660243027 0.058164408891540655 -0.08864055532748577 -0.085253280446753898 0.017332665828383838 -0.040792731407755856 -0.054591589206901152 0.062051073424637906 -0.01837103492590195 0.082899814148034434 -0.089958623287766382 -0.0013488018834834229 0.041271247336181129 -0.082548711754875811 0.02447895912445365 0.00096220032781862844 0.039306367692199834 -0.070441628742367451 -0.077959179209077259 -0.10618075520990877 0.018752016269049342 -0.068653921962322992 0.033326950006788585 -0.069406466099986006 0.029392698444568023 -0.11369719805220541 0.015007912018536849 -0.023735712564417217
leaf_weight=7.8465672690836064 1375.8722287079436 790.75497882504715 1.5777207985520352 5.2163405185565344 3.19183061341755 1.3511650651926164 0.26900946220848432 1156.7221326477011 2.9039763268665402 0.72165620024315913 2.5534477264154765 2.9690089826472095 0.63661852898076432 10.074984332430175 42.438267222052673 1.5644055604934681 4.3581925826147181 0.73396945814602066 2.7809939348371691 3.4468991397880009 1.8727236313279707 27.51174102438382 6.3099179394484963 1.1575473621487615 1.407361811143345 2.0110724955156902 2.8470359625644051 5.3697378179058424 4.1661108221160239 33.130274665425532 4.0453083836473542 273.20031477820885 2.0927311466075471 812.62904884570162 12.891177010722457 1.9096025954931972 5.6507809552131221 2.5168977738358072 60.632039292249829 13.476151506161841 10.154567247664088 4.1294074838515371 45.244226208887994 1.4891862733056767 0.79966186406090756 17.428351907699838 29.008175895316526 1.8433780547929917 58.170742794347461 780.32957890097168 6.8708829791285098 5.3768659775378174 10.180624471046029 1.6281562525546194 92.732385321171023 6.3558986341813641 17.523097561905161 9.2554402258247119 35.563453980837949 4.1493603109847745 12.830218871240502 9.637913959915748
leaf_count=63629 48774 10618 190 532 461 77 62 105503 510 89 1413 74 111 1327 4589 4 796 152 236 32 370 4773 3032 44 322 1386 759 1855 176 40801 175 216596 483 596514 253 6 1357 808 1592 29080 2121 124 11392 111 100 4760 1003 458 1154 34536 40 748 515 69 1830 379 1041 763 698 173 384 281
internal_value=0.000129745 -0.00119549 0.000412527 -0.000923785 -0.00332208 -0.00483053 -0.00574323 -0.00577155 -0.0220041 0.0133617 0.00699124 0.017313 -0.000625717 0.0534295 0.00824448 0.00661584 0.0239421 -0.0224661 -0.031425 -0.0191989 -0.00741232 0.00127833 -0.0517024 0.00665807 0.0174457 0.0223681 0.00422207 -0.0457816 -0.0174377 -0.00543892 -0.0109454 -0.0129142 -0.0385916 -0.00320377 0.0140452 -0.0118023 -0.0515605 -0.0096339 0.0156718 -0.0364361 -0.0355321 0.0406618 -0.0223528 0.012343 0.0286598 0.0111713 0.0383783 -0.00911573 0.0023958 0.000508332 0.00788165 0.00332976 -0.0372856 0.0114355 0.00725212 -0.0033387 0.000446664 -0.00695978 0.00147322 -0.0306646 -0.0127072 0.0180646
internal_weight=5853.51 4477.64 3307.98 2517.23 1461.41 1274.93 1169.66 1212.23 55.5061 62.7049 186.474 79.1787 107.296 15.891 63.2877 86.8705 38.8664 9.22157 20.4251 17.6441 48.0042 40.1298 7.87432 38.2571 31.7298 30.3225 5.81604 6.52729 52.3143 1161.81 335.437 310.94 35.223 826.374 24.4969 11.6057 7.56038 275.717 61.3537 13.7452 14.1972 4.86338 48.1482 4.04263 28.3114 61.71 29.6448 19.2717 1055.82 785.546 270.275 212.104 18.6797 8.49904 193.425 100.692 95.3154 77.7923 68.5368 23.3355 19.1861 45.2014
internal_count=1202241 1153467 203703 193085 149942 119800 949764 118042 12539 1758 30142 12157 17985 2160 9997 14072 2186 1072 3913 3677 11886 8850 3036 8480 6581 6259 833 1899 12078 886135 260479 258688 41284 625656 1791 1538 1363 217404 1681 29142 3645 276 11902 1524 4873 9807 1114 5218 43143 35068 8075 6921 624 109 6297 4467 3719 2678 1915 936 763 979
is_linear=0
shrinkage=0.05


Tree=113
num_leaves=63
num_cat=0
split_feature=19 21 0 14 16 2 16 0 6 4 16 4 16 16 21 0 0 4 2 0 0 16 4 6 16 2 4 7 12 17 16 2 2 17 5 21 12 16 2 16 2 2 21 16 13 16 16 4 2 16 16 21 4 2 5 6 2 16 16 0 0 6
split_gain=11.8733 12.5755 6.44734 6.10821 5.284 9.14064 7.58723 6.55804 4.97718 5.61731 7.00632 9.65759 7.00929 4.75911 4.62686 4.54021 4.40024 11.028 11.1181 4.20235 4.14744 10.1546 13.5959 16.9138 13.6071 13.0278 9.28196 14.8928 8.77625 12.988 5.95088 5.3223 12.6924 10.2521 8.54881 8.46483 7.74625 9.76449 8.53798 8.14009 6.71245 24.0139 6.28901 5.65884 6.78925 10.0858 5.28581 5.23587 5.87579 8.30957 6.30279 5.43624 12.0922 6.29658 5.15547 4.89639 5.27188 4.77145 4.43195 7.43202 12.5718 15.7305
threshold=3.580557227134705 2.5000000000000004 1.5000000000000002 60.000000000000007 78.500000000000014 65.500000000000014 85.500000000000014 86.500000000000014 18.500000000000004 85.500000000000014 80.500000000000014 75.500000000000014 78.500000000000014 78.500000000000014 1.5000000000000002 50.500000000000007 62.500000000000007 78.500000000000014 4.5000000000000009 13.500000000000002 3.5000000000000004 41.500000000000007 45.500000000000007 18.500000000000004 51.500000000000007 31.500000000000004 1.5000000000000002 0.014599318150430919 3.5000000000000004 3.5000000000000004 42.500000000000007 9.5000000000000018 16.500000000000004 3.5000000000000004 0.015749008394777778 3.5000000000000004 1.0000000180025095e-35 22.500000000000004 2.5000000000000004 1.0000000180025095e-35 20.500000000000004 45.500000000000007 3.5000000000000004 25.500000000000004 0.013072453904896976 26.500000000000004 32.500000000000007 21.500000000000004 17.500000000000004 44.500000000000007 47.500000000000007 3.5000000000000004 12.500000000000002 3.5000000000000004 0.015504807699471714 60.000000000000007 5.5000000000000009 49.500000000000007 49.500000000000007 8.5000000000000018 11.500000000000002 3.5000000000000004
decision_type=2 2 2 2 2 2 2 2 2 2 2 2 2 2 2 2 2 2 2 2 2 2 2 2 2 2 2 2 2 2 2 2 2 2 2 2 2 2 2 2 2 2 2 2 2 2 2 2 2 2 2 2 2 2 2 2 2 2 2 2 2 2
left_child=1 3 -3 -1 20 7 -7 -6 15 10 11 13 -13 -10 -14 -5 19 18 -18 -12 21 31 23 26 47 57 28 -28 29 -23 -29 33 34 36 -33 -36 -4 38 -38 55 42 -42 -34 -39 45 -45 -43 48 49 -25 -50 52 -51 -53 -26 56 -40 -24 -22 -60 61 -61
right_child=-2 2 4 8 5 6 -8 -9 9 -11 16 12 14 -15 -16 -17 17 -19 -20 -21 58 22 25 24 54 -27 27 30 -30 -31 -32 32 40 -35 35 -37 37 43 39 -41 41 46 -44 44 -46 -47 -48 -49 50 51 -52 53 -54 -55 -56 -57 -58 -59 59 60 -62 -63
leaf_value=-0.050763042339539294 0.0042178618810875491 0.0053439339549700661 0.023161491595316164 0.15028619847651722 0.021027308467328143 -0.090135871443659296 0.031603008136981497 -0.098205157507183255 -0.0087149176031981607 -0.0026786330216203003 -0.10610238096676899 -0.041564114242458192 0.15330855684633116 -0.081986978278620629 -0.10487592697592583 -0.040269758042273299 0.057346270274570559 0.056898339889643906 -0.085495661310865639 0.041145505337885399 -0.0016093545571267646 0.01138922992274643 -0.096528664408685252 -0.11651247401065352 -0.06584851975465171 -0.12883485348422599 -0.11155265275202604 -0.11310442989888886 0.044331363680894055 -0.13824811062818876 -0.006511112187961768 -0.10426815429788334 -0.085487808945362481 0.012451653361645842 0.059985304947876843 -0.10498111617280302 -0.11378131574898831 0.039095810256834243 -0.10501040416969527 -0.099363790857329229 -0.10278886014812685 0.043439008647921058 0.049148662655402631 0.061636092166115736 -0.0052575713156599599 -0.10830261602078739 -0.090455207705554888 -0.11179052971988855 0.055423780426381686 -0.12086560399095291 -0.10839991143405202 0.033894291854746912 0.039198414259337441 -0.099829096658223967 -0.12469415491922593 0.036823637367631383 0.04591099102768964 0.046555442127002002 0.012836904013511336 -0.12763894648938107 0.0027478273831766614 -0.015935236917167608
leaf_weight=7.4248366243555202 1376.0074295798549 565.30639018467627 11.739791342290117 0.32030188746284416 61.069228239823133 3.6728226862323927 1.9644005529116837 1.1754525192081917 271.8160411867575 813.79642449502717 0.50417917734012085 32.843849214797956 0.75604658294469018 2.2343153005931518 0.22521819593384862 12.978106929716887 1.8742642514407633 4.1349264800082892 4.9867423822870478 12.442086813971398 1624.1872648728604 6.5957363497000205 0.61026720074005325 2.4519753046333852 11.928748726146297 1.247056062798946 4.2828291936311862 1.3751486353576208 12.610445015598087 1.8587781682144848 27.371917171985842 5.8852967619895917 0.97101732762530701 114.01055094157346 2.0184781386051331 1.2649364210665224 4.5343225590186185 5.4336002089548847 1.6612781789153808 2.9193774608429521 5.4360190539155147 7.9409445908386243 8.1246492706704867 1.1300244014710212 23.146563477697782 3.8401204760884866 0.81252425233833481 1.5680870165233489 4.0354151502251616 2.8916469502728415 0.68707136763259757 5.7843055883422494 1.9932871889322994 1.0383169027045367 5.4100933759473255 3.8655568440444759 0.88789381086826313 12.874850120861081 154.01748002017848 3.3802446008194229 526.79340071621118 46.61735500744544
leaf_count=63629 48774 7295 44 62 1078 1367 167 118 216426 596514 46 41095 114 808 50 29275 6 175 1354 210 135871 38 67 158 628 148 213 24 79 44 311 450 119 1544 46 40 115 41 29 86 494 255 73 7 228 213 151 172 118 194 77 47 30 52 257 59 13 107 3775 126 45098 2037
internal_value=0.000156872 -0.00109414 0.000482982 -0.00555696 -0.000521702 0.0132541 -0.0477136 0.0187757 -0.00526733 -0.0049143 -0.0103974 -0.0124235 -0.0376299 -0.0093123 0.0940505 -0.0356801 0.0156564 -0.00760211 -0.0464746 0.0354111 -0.0008723 -0.00628708 -0.0188094 -0.0259589 -0.0516253 0.0257818 -0.00802908 -0.0245692 0.0179059 -0.0215095 -0.0116101 0.000205745 -0.018376 0.00368817 -0.0682064 -0.00356806 -0.0132008 -0.0222033 -0.0574935 -0.0301501 0.00124513 -0.0202483 0.0347754 -0.00761568 -0.0166428 -0.0696649 0.0310105 -0.0239984 -0.0167076 -0.0328155 0.0315892 -0.0152864 -0.0555518 0.0135433 -0.0842096 0.00134947 -0.0524435 0.0400802 -0.000154377 0.00307924 0.000473703 -0.0234873
internal_weight=5842.77 4466.76 3300.42 1166.34 2735.12 67.8819 5.63722 62.2447 1158.91 1145.61 331.818 307.875 33.8251 274.05 0.981265 13.2984 23.9422 10.9959 6.86101 12.9463 2667.23 312.239 106.616 91.8838 37.7889 14.7322 54.0949 33.0299 21.065 8.45451 28.7471 205.623 32.4539 173.169 9.16871 3.28341 59.1585 47.4187 13.8684 9.33411 23.2852 14.1895 9.09567 33.5503 28.1167 4.97014 8.75347 20.4501 18.882 14.1595 4.72249 11.7076 4.88493 6.82262 17.3388 6.41473 2.54917 13.4851 2355 730.808 576.791 49.9976
internal_count=1202241 1153467 203703 949764 196408 2730 1534 1196 886135 856798 260284 258493 41259 217234 164 29337 1791 1535 1360 256 193678 6771 2764 2442 1733 322 709 548 161 82 335 4007 1628 2379 536 86 835 791 302 187 1092 900 192 489 448 220 406 848 676 481 195 323 224 99 885 101 42 174 186907 51036 47261 2163
is_linear=0
shrinkage=0.05


Tree=114
num_leaves=63
num_cat=0
split_feature=21 16 16 4 4 14 16 3 2 17 19 14 5 4 16 2 2 16 16 4 19 4 2 16 13 4 19 19 19 2 16 14 14 17 19 19 3 16 19 19 4 19 19 14 2 9 19 10 6 17 19 19 19 19 10 17 5 16 19 13 10 7
split_gain=11.4038 9.68866 6.50541 7.39476 11.7455 13.9748 11.2853 8.98334 7.69014 13.5675 12.1539 11.8416 8.7035 8.6803 9.00236 11.0906 8.34301 7.73035 12.4288 7.83537 9.53786 7.55059 7.29086 8.6398 6.56706 6.35017 5.99785 11.2795 6.48123 6.43686 12.4909 9.94267 6.80019 12.407 8.81808 6.94957 5.6779 9.32181 8.45916 9.64577 5.6545 12.8485 6.91682 6.22938 5.60284 9.21746 6.4705 6.28618 9.00151 5.5407 5.529 5.45675 8.49197 5.3738 5.16094 9.55957 12.0007 9.70669 12.761 12.0534 11.7746 13.1662
threshold=2.5000000000000004 74.500000000000014 59.500000000000007 20.500000000000004 25.500000000000004 8.5000000000000018 76.500000000000014 0.014815627597272398 50.500000000000007 5.5000000000000009 12.306680202484133 60.000000000000007 0.010582306887954475 54.500000000000007 60.500000000000007 49.500000000000007 92.500000000000014 60.500000000000007 63.500000000000007 28.500000000000004 8.3067231178283709 16.500000000000004 63.500000000000007 71.500000000000014 0.015504807699471714 44.500000000000007 9.4565019607543963 8.1774406433105487 8.4317336082458514 44.500000000000007 52.500000000000007 5.5000000000000009 1.5000000000000002 4.5000000000000009 9.0843286514282244 9.3067207336425799 0.010152545757591726 70.500000000000014 12.472984313964846 44.719579696655281 100.00000000000001 21.882502555847172 21.882502555847172 10.500000000000002 21.500000000000004 0.013245614245533945 15.984091281890871 10.500000000000002 3.5000000000000004 7.5000000000000009 26.591284751892093 8.6062831878662127 7.9847960472106942 11.891654014587404 9.5000000000000018 3.5000000000000004 0.013606071937829258 64.500000000000014 36.242588043212898 0.012579114176332952 1.5000000000000002 0.013245614245533945
decision_type=2 2 2 2 2 2 2 2 2 2 2 2 2 2 2 2 2 2 2 2 2 2 2 2 2 2 2 2 2 2 2 2 2 2 2 2 2 2 2 2 2 2 2 2 2 2 2 2 2 2 2 2 2 2 2 2 2 2 2 2 2 2
left_child=1 -1 26 21 5 -5 7 24 9 50 11 -11 13 -13 -15 -16 17 -10 -19 -20 22 54 23 -21 53 36 27 -2 -29 30 32 -31 -30 35 -35 -34 37 -12 -38 -40 41 -22 43 -42 47 -46 -47 48 -27 -24 51 52 -6 -7 55 56 -4 58 59 -57 -59 -62
right_child=2 -3 3 4 8 6 -8 -9 16 10 25 12 -14 14 15 -17 -18 18 19 20 40 -23 49 -25 -26 44 -28 28 29 31 -32 -33 33 34 -36 -37 38 -39 39 -41 42 -43 -44 -45 45 46 -48 -49 -50 -51 -52 -53 -54 -55 -56 57 -58 60 -60 -61 61 -63
leaf_value=-0.0055389792298044657 -7.9119272496376618e-05 0.0055585732600000499 -0.10245789275780715 -0.10210564564230662 0.010500161319276164 0.014231249589513615 -0.10323556341196104 -0.11434299730371222 0.033317085402321471 -0.11646844129625451 -0.094325490303259998 0.0093294431290173174 -0.089884721085934219 0.054793777811278047 -0.1001016658486103 0.04982209899534687 0.0037807561866962285 -0.082925171840328077 0.042410535585728826 -0.078810534911611552 -0.09271949838052318 0.024567277721523697 -0.081956985756911571 0.0090256520668361741 -0.11807207129256639 0.033704862552351382 0.0054067579365043887 -0.071290429760666504 0.039170435192271709 -0.11693177362398484 -0.099629369124035749 0.020517262862876365 -0.097863993001960831 0.020230985006067282 -0.10323732285525018 0.021970051457381928 0.057793736197510139 0.050325868330997281 -0.091549536032785775 0.044343736257146965 0.046407596381574656 0.01862774941639344 -0.095005609644547823 -0.098176366691210729 -0.09107566529635526 -0.11737127784466195 0.022503823943536557 0.044010394700092208 -0.1069786493984014 0.022929839017139683 -0.099142269155687426 0.025637582644321723 -0.081546032849197647 -0.084013536895217636 0.010892992979110895 0.027071458494960156 0.014866198295853643 -0.064398619595364415 0.031591842594757454 -0.080207395004934678 -0.1319622897379118 0.014854367795299285
leaf_weight=1198.0184448331293 2839.8898990641173 235.30423177327611 2.246011604089289 5.2372988145798436 160.47869960789103 23.911527497577495 3.1752461856231085 1.725503182504325 6.3451310428790739 3.7335684397257856 1.4512686807429442 17.306831610621892 4.126233725110068 1.7025181835051615 6.5255255810916406 1.5210758373141287 91.805739145027474 7.9694969338015644 5.1826867260970166 3.9939488774398368 4.273053421638906 70.100514860474505 11.236491744988594 9.3620132196228933 1.0676745469681908 2.9894785732030869 503.62052034033695 6.2241604201262808 4.6067654322832849 1.443370444932955 5.3873260457767165 14.875635418342425 6.6461304421536678 10.676148709841071 1.6726861554197956 1.4791295174509285 1.6910770703107108 4.7892660591751337 6.6626174387056363 1.624126737937331 10.408341278787701 6.5807596985250711 1.1059504714794464 0.80241336033213784 2.7231578212231389 0.89812983851879735 10.409397431649266 19.291393795982003 1.8349161958321953 1.4180019982159144 1.0826331693679083 71.408892116509378 2.5454915275331578 1.4779117330908764 271.02405938395532 3.1951150561217281 73.681498816935346 6.3512275250395751 4.732435420388355 14.503718238382133 1.591075746633577 37.94278377154842
leaf_count=945343 179819 27794 101 213 5406 1153 205 141 404 335 47 903 500 90 1093 17 8930 1237 135 762 321 1648 1807 412 72 26 9896 534 52 235 393 677 343 296 176 34 2 20 223 10 109 85 29 43 151 26 86 139 36 209 17 792 156 57 6753 33 641 166 22 377 99 410
internal_value=0.000156672 -0.00371713 0.0014175 0.00494645 0.000814861 -0.0265005 -0.0138732 -0.00380502 0.00287473 0.00729909 -0.00929851 -0.0323181 -0.0222424 -0.0119265 -0.0496604 -0.0717611 -0.00607955 -0.0192603 -0.0246124 -0.0160639 -0.022226 0.0093888 -0.0430081 -0.0172408 0.00340414 0.0054858 0.000370989 -0.00050568 -0.0233571 -0.0169805 -0.0305532 0.00836028 -0.0157158 -0.0280655 0.00350684 -0.0760493 -0.0207218 0.0166864 -0.0441185 -0.0649157 0.00110338 -0.0252087 0.0242903 0.036059 0.0166282 -0.00849401 0.0113939 0.0312445 -0.0198029 -0.0702039 0.013591 0.0141116 0.00906293 0.00851245 0.00682655 -0.000814015 0.0113956 -0.0143839 -0.0413397 -0.0608407 -0.00120641 0.0089456
internal_weight=5837.09 1433.32 4403.77 1007.24 521.875 36.5952 31.3579 28.1826 485.28 324.796 89.2806 34.9158 31.1822 27.056 9.74912 8.0466 160.484 68.6783 62.3332 54.3637 49.181 485.368 26.0105 13.356 26.4571 54.3648 3396.52 2892.9 53.0114 46.7872 30.4682 16.319 25.0809 20.4741 12.3488 8.12526 16.2184 6.24053 9.97782 8.28674 23.1705 10.8538 12.3167 11.2108 38.1465 14.0307 11.3075 24.1158 4.82439 12.6545 235.516 234.433 163.024 25.3894 415.268 144.244 75.9275 68.3164 22.4313 17.6988 45.8851 39.5339
internal_count=1202241 973137 229104 36649 26399 1841 1628 1423 24558 10075 3704 2938 2603 2103 1200 1110 14483 5553 5149 3912 3777 10250 3190 1174 1282 766 192455 182559 2740 2206 1294 912 901 849 472 377 302 67 235 233 587 406 181 152 464 263 112 201 62 2016 6371 6354 5562 1210 8602 1849 742 1107 432 410 675 509
is_linear=0
shrinkage=0.05


Tree=115
num_leaves=63
num_cat=0
split_feature=21 6 8 11 11 2 14 14 14 13 4 3 6 3 2 11 11 2 17 0 12 0 6 11 1 11 0 2 2 2 4 3 2 0 4 6 11 11 6 6 2 11 0 9 17 3 3 11 2 3 7 17 11 0 14 11 3 3 14 4 4 2
split_gain=15.8527 7.16466 5.63989 5.84011 5.43293 6.3157 5.2102 6.81208 10.4469 13.7275 16.5182 10.9971 7.52674 6.65422 8.16388 5.65289 6.49568 5.08729 11.9343 9.75902 8.85257 21.9173 10.8359 8.14202 10.8335 8.91138 11.4858 7.59601 7.41955 8.09931 6.60659 7.15821 7.71364 6.5344 6.05384 14.5941 8.88126 6.9259 6.85977 8.57308 6.64519 7.22071 6.12747 6.00572 5.84772 5.77642 5.54189 5.1689 5.09995 6.55273 5.0692 5.02824 4.94014 4.91865 10.7323 5.32913 6.92777 6.50971 4.57071 7.61718 5.7854 6.02278
threshold=3.5000000000000004 3.5000000000000004 1.0000000180025095e-35 0.012579114176332952 0.012903762981295587 11.500000000000002 60.000000000000007 13.500000000000002 12.500000000000002 0.013423423748463394 20.500000000000004 0.013423423748463394 18.500000000000004 0.0072203108575195083 32.500000000000007 0.013423423748463394 0.013072453904896976 38.500000000000007 1.5000000000000002 41.500000000000007 7.5000000000000009 11.500000000000002 15.500000000000002 0.015749008394777778 0.01197647722437978 0.013793759513646366 3.5000000000000004 40.500000000000007 62.500000000000007 81.500000000000014 28.500000000000004 0.0077822189778089532 92.500000000000014 35.500000000000007 79.500000000000014 1.5000000000000002 0.014599318150430919 0.014185110572725536 18.500000000000004 11.500000000000002 44.500000000000007 0.013986697886139156 93.500000000000014 0.016261236742138866 2.5000000000000004 0.0098524559289217013 0.0094788861460983771 0.013423423748463394 96.500000000000014 0.0089687905274331587 0.016261236742138866 7.5000000000000009 1.0000000180025095e-35 3.5000000000000004 11.500000000000002 0.015504807699471714 0.0098524559289217013 0.013986697886139156 1.0000000180025095e-35 1.5000000000000002 66.500000000000014 94.500000000000014
decision_type=2 2 2 2 2 2 2 2 2 2 2 2 2 2 2 2 2 2 2 2 2 2 2 2 2 2 2 2 2 2 2 2 2 2 2 2 2 2 2 2 2 2 2 2 2 2 2 2 2 2 2 2 2 2 2 2 2 2 2 2 2 2
left_child=1 -1 -3 52 -5 -6 7 8 53 10 11 -10 -9 -14 15 16 -15 -8 -19 20 23 -22 45 25 -25 26 -20 -21 -26 -30 33 32 -32 51 35 -29 37 38 39 40 -36 -42 43 -38 -43 -23 -33 -48 49 -41 -27 -24 -4 54 55 -2 -57 -58 59 -55 -61 -62
right_child=6 2 3 4 5 -7 17 12 9 -11 -12 -13 13 14 -16 -17 -18 18 19 27 21 22 30 24 28 50 -28 34 29 -31 31 46 -34 -35 36 -37 42 -39 -40 48 41 44 -44 -45 -46 -47 47 -49 -50 -51 -52 -53 -54 58 -56 56 57 -59 -60 60 61 -63
leaf_value=-0.066680127640875025 0.020933144716174648 -0.098165181760554554 -0.0027067362169154443 0.035919335311394532 0.041640913716694532 -0.00079144429203829771 0.0024652203414182224 0.029784914934496566 0.053313259475363639 -0.094235805169203476 -0.088725641642313891 -0.10229264696029457 -0.083665477531392501 -0.010439534218802685 0.028935088677677696 -0.089640567346362041 0.054604813678250243 -0.034240077186626826 0.049059326676190944 -0.086679917943117635 -0.10298079719507169 -0.088789477731992944 0.03075665745294015 -0.12556115716372199 -0.10919471968447916 0.029832049568225435 -0.10431749437142002 -0.10254319306655131 0.044045553572271419 -0.10415438505077462 0.027627175886541157 -0.083115462467387602 -0.10517643008545337 -0.10289759999180553 0.060380381021739066 0.018094999746788753 0.031472608678174224 -0.084956380893716738 -0.06956347359900357 -0.091867696862064516 -0.088078455487742624 0.076568741291691042 -0.001307242701649599 -0.11952700011714959 -0.077689217373138511 0.020573445569092724 -0.079152233952489812 0.02851802831614458 0.033657644223435729 0.039223629603559088 -0.1297160708501858 -0.10617841027935392 -0.063739798362681316 -0.11262903325260967 -0.11599912751037245 0.071009717425059377 -0.10675479743014445 -0.0030554676601467772 0.0017035955002892142 0.021478798810019354 -0.10160050532362506 0.0059470604540700607
leaf_weight=4.3410886756464597 101.61666733969469 1.5364300730579987 2670.988840510734 16.370353495789459 9.9843083351152 72.064199486398138 1764.2674672052963 58.563140157086309 8.2505320468917507 6.0845673109288319 4.0351771449786602 1.3166353579144914 2.0405319948913521 31.375928438385017 27.161507505807094 1.9624706273898471 4.3733698381111017 30.041623284982052 1.9885389413684631 2.2723884594161055 8.2586717648664472 6.3664660762296981 16.713251862674959 2.5476528817089257 1.4294180579017846 26.04763708636165 3.1608464035671204 2.5768151172669596 5.0812167176045477 1.1262627835385499 7.8309639876242745 6.0048108766786736 1.2708440548740325 1.054807956679723 1.3749315633904213 92.481910403585061 24.288791565457363 4.0414861792232832 4.8995368449250263 2.1032779414672382 5.9750739592127484 1.4831973016262057 73.189539243932813 0.6768469805829217 1.04881394514814 1.4900060057407243 1.7618676221463827 3.0344796050339937 12.071624164236709 1.7434468693099914 0.50754766468889911 0.69840192561969061 3.3196196589997262 1.1483471884857852 1.5797980478964735 3.0254113217815748 1.5896486807614554 31.545138819259591 565.41192708472954 64.691901166923344 1.9734027560334642 3.8249311419203877
leaf_count=4456 1037 616 1072208 5882 176 30560 35133 1020 62 256 247 65 184 842 653 83 31 10067 25 308 825 918 561 199 102 546 298 449 38 131 275 602 170 124 31 5107 602 1050 582 290 1775 8 6266 64 285 73 237 88 853 55 28 80 3055 45 52 9 52 264 10999 1054 137 175
internal_value=0.000234576 -0.00249579 -0.00239535 -0.00234229 0.00961943 0.00437206 0.00272813 0.00586705 0.0041604 -0.0318093 -0.00388485 0.0318987 0.016695 0.00523866 0.00803506 -0.00701797 -0.00248237 0.00136422 -0.00408228 -0.00130829 -0.014667 -0.0279543 -0.0145502 0.00261573 -0.0362776 0.0151096 -0.0450879 0.00428368 -0.00649283 0.0171567 -0.00359596 -0.0235807 0.00908441 0.0179434 0.00519046 0.0148248 -0.00170082 -0.023427 -0.015327 -0.00502737 -0.041608 -0.0580916 0.00598902 0.0273788 0.0126718 -0.0680484 -0.0511067 -0.0110331 0.0176817 -0.0324533 0.0267826 0.025264 -0.0027825 0.00507246 0.0135813 0.0150671 -0.00141742 -0.00803047 0.00321112 0.0151094 0.0171904 -0.0306556
internal_weight=5821.09 2778.6 2774.26 2772.73 98.4189 82.0485 3042.48 921.571 796.094 19.6869 13.6023 9.56717 125.477 66.9138 64.8733 37.7118 35.7493 2120.91 356.643 326.601 96.3737 54.4846 46.2259 41.8891 10.1846 31.7046 5.14939 230.228 7.6369 6.20748 38.3694 19.903 9.10181 18.4665 227.955 95.0587 132.897 34.7414 30.6999 25.8004 9.88202 8.50709 98.1552 24.9656 2.53201 7.85647 10.8012 4.79635 15.9183 3.84672 26.5552 17.4117 2674.31 776.407 139.357 137.777 36.1602 33.1348 637.051 71.6386 70.4902 5.79833
internal_count=1202465 1116953 1112497 1111881 36618 30736 85512 17267 14454 630 374 127 2813 1793 1609 956 873 68245 33112 23045 5320 3953 3128 1367 470 897 323 17725 271 169 2137 1372 445 765 17417 5556 11861 4929 3879 3297 2099 2068 6932 666 293 991 927 325 1198 345 574 641 1075263 13824 1414 1362 325 316 12410 1411 1366 312
is_linear=0
shrinkage=0.05


end of trees

feature_importances:
popularity=1002
rank_biencoder_stella_top100=693
rank_biencoder_large_top100=676
pmi_sum=643
rank_biencoder_top100=619
turn_number=466
rank_cf_bpr=367
rank_decay_descending=336
rank_metadata_qwen3=311
rank_pmi_leg=309
rank_bm25_norepeat=292
score_biencoder_large_top100=260
score_biencoder_stella_top100=257
n_legs_containing=255
score_biencoder_top100=185
score_bm25_norepeat=101
score_cf_bpr=100
score_metadata_qwen3=88
score_pmi_leg=86
score_decay_descending=69
n_prior_accepts=67
is_in_all_legs=10

parameters:
[boosting: gbdt]
[objective: lambdarank]
[metric: ndcg]
[tree_learner: serial]
[device_type: cpu]
[data_sample_strategy: bagging]
[data: ]
[valid: ]
[num_iterations: 500]
[learning_rate: 0.05]
[num_leaves: 63]
[num_threads: 44]
[seed: 0]
[deterministic: 0]
[force_col_wise: 0]
[force_row_wise: 0]
[histogram_pool_size: -1]
[max_depth: -1]
[min_data_in_leaf: 10]
[min_sum_hessian_in_leaf: 0.001]
[bagging_fraction: 0.8]
[pos_bagging_fraction: 1]
[neg_bagging_fraction: 1]
[bagging_freq: 5]
[bagging_seed: 3]
[bagging_by_query: 0]
[feature_fraction: 0.8]
[feature_fraction_bynode: 1]
[feature_fraction_seed: 2]
[extra_trees: 0]
[extra_seed: 6]
[early_stopping_round: 0]
[early_stopping_min_delta: 0]
[first_metric_only: 0]
[max_delta_step: 0]
[lambda_l1: 0]
[lambda_l2: 0]
[linear_lambda: 0]
[min_gain_to_split: 0]
[drop_rate: 0.1]
[max_drop: 50]
[skip_drop: 0.5]
[xgboost_dart_mode: 0]
[uniform_drop: 0]
[drop_seed: 4]
[top_rate: 0.2]
[other_rate: 0.1]
[min_data_per_group: 100]
[max_cat_threshold: 32]
[cat_l2: 10]
[cat_smooth: 10]
[max_cat_to_onehot: 4]
[top_k: 20]
[monotone_constraints: ]
[monotone_constraints_method: basic]
[monotone_penalty: 0]
[feature_contri: ]
[forcedsplits_filename: ]
[refit_decay_rate: 0.9]
[cegb_tradeoff: 1]
[cegb_penalty_split: 0]
[cegb_penalty_feature_lazy: ]
[cegb_penalty_feature_coupled: ]
[path_smooth: 0]
[interaction_constraints: ]
[verbosity: -1]
[saved_feature_importance_type: 0]
[use_quantized_grad: 0]
[num_grad_quant_bins: 4]
[quant_train_renew_leaf: 0]
[stochastic_rounding: 1]
[linear_tree: 0]
[max_bin: 255]
[max_bin_by_feature: ]
[min_data_in_bin: 3]
[bin_construct_sample_cnt: 200000]
[data_random_seed: 1]
[is_enable_sparse: 1]
[enable_bundle: 1]
[use_missing: 1]
[zero_as_missing: 0]
[feature_pre_filter: 1]
[pre_partition: 0]
[two_round: 0]
[header: 0]
[label_column: ]
[weight_column: ]
[group_column: ]
[ignore_column: ]
[categorical_feature: ]
[forcedbins_filename: ]
[precise_float_parser: 0]
[parser_config_file: ]
[objective_seed: 5]
[num_class: 1]
[is_unbalance: 0]
[scale_pos_weight: 1]
[sigmoid: 1]
[boost_from_average: 1]
[reg_sqrt: 0]
[alpha: 0.9]
[fair_c: 1]
[poisson_max_delta_step: 0.7]
[tweedie_variance_power: 1.5]
[lambdarank_truncation_level: 20]
[lambdarank_norm: 1]
[label_gain: ]
[lambdarank_position_bias_regularization: 0]
[eval_at: ]
[multi_error_top_k: 1]
[auc_mu_weights: ]
[num_machines: 1]
[local_listen_port: 12400]
[time_out: 120]
[machine_list_filename: ]
[machines: ]
[gpu_platform_id: -1]
[gpu_device_id: -1]
[gpu_use_dp: 0]
[num_gpu: 1]

end of parameters

pandas_categorical:null
