tree
version=v4
num_class=1
num_tree_per_iteration=1
label_index=0
max_feature_idx=17
objective=lambdarank
feature_names=rank_attr_v2_top100 score_attr_v2_top100 rank_bm25_v2_top100 score_bm25_v2_top100 rank_cf_v2_top100 score_cf_v2_top100 rank_last_v2_top100 score_last_v2_top100 rank_meta_v2_top100 score_meta_v2_top100 rank_pmi_v2_top100 score_pmi_v2_top100 popularity turn_number n_prior_accepts pmi_sum is_in_all_legs n_legs_containing
feature_infos=[0:101] [0:0.016393441706895828] [0:101] [0:0.016393441706895828] [0:101] [0:0.016393441706895828] [0:101] [0:0.016393441706895828] [0:101] [0:0.016393441706895828] [0:101] [0:0.016393441706895828] [0:93] [1:8] [0:7] [0:64.690086364746094] [0:1] [1:6]
tree_sizes=6981 7012 6935 6962 6937 6939 6956 6886 6980 6909 6943 6935 6922 6978 6968 6988 6972 6965

Tree=0
num_leaves=63
num_cat=0
split_feature=4 15 6 11 8 6 17 0 4 11 4 8 11 12 4 13 2 8 6 8 12 12 0 2 12 2 6 4 8 8 0 12 4 13 0 2 13 2 2 13 9 9 13 4 2 0 5 0 12 2 17 15 8 11 6 0 12 11 12 0 12 12
split_gain=3652.39 620.078 650.721 262.57 258.171 120.153 107.956 73.1609 40.507 38.5234 34.909 35.1872 32.5732 30.619 25.0673 23.0337 20.4702 19.8732 17.6098 16.6506 17.6644 15.7524 14.0707 15.1447 13.594 12.4703 14.8921 20.6943 12.9508 15.727 12.3228 12.184 12.077 12.0088 11.7666 11.3999 12.6125 12.682 10.9356 16.9 12.834 11.6865 10.1091 9.96716 13.1558 16.0572 10.266 10.4735 13.3434 9.60168 11.8359 10.4351 8.97791 11.9663 8.89313 8.87479 8.62695 8.537 8.5189 8.40568 8.94553 8.87103
threshold=40.500000000000007 1.0000000180025095e-35 44.500000000000007 1.0000000180025095e-35 24.500000000000004 14.500000000000002 1.5000000000000002 58.500000000000007 9.5000000000000018 0.012422839645296337 79.500000000000014 18.500000000000004 0.011561079882085325 58.500000000000007 19.500000000000004 5.5000000000000009 91.500000000000014 36.500000000000007 5.5000000000000009 54.500000000000007 73.500000000000014 59.500000000000007 1.5000000000000002 44.500000000000007 71.500000000000014 32.500000000000007 27.500000000000004 87.500000000000014 26.500000000000004 68.500000000000014 92.500000000000014 79.500000000000014 13.500000000000002 1.5000000000000002 10.500000000000002 75.500000000000014 4.5000000000000009 80.500000000000014 41.500000000000007 5.5000000000000009 0.014185110572725536 0.011173533275723459 3.5000000000000004 64.500000000000014 100.00000000000001 16.500000000000004 0.0081634009256958979 51.500000000000007 60.500000000000007 100.00000000000001 2.5000000000000004 7.0401384830474862 9.5000000000000018 0.011561079882085325 33.500000000000007 80.500000000000014 20.500000000000004 0.0069204980973154315 34.500000000000007 41.500000000000007 46.500000000000007 65.500000000000014
decision_type=2 2 2 2 2 2 2 2 2 2 2 2 2 2 2 2 2 2 2 2 2 2 2 2 2 2 2 2 2 2 2 2 2 2 2 2 2 2 2 2 2 2 2 2 2 2 2 2 2 2 2 2 2 2 2 2 2 2 2 2 2 2
left_child=4 2 5 7 8 18 15 17 -1 14 21 -12 13 -3 -8 24 33 -4 -2 30 -21 35 -19 -24 32 34 -27 -28 -29 54 -18 -22 -6 -13 -7 -9 37 -37 39 40 -20 -41 -31 46 45 -45 -25 -48 -49 50 -16 -51 -10 -54 -30 -5 -36 -15 -52 -40 -61 -62
right_child=1 12 3 55 6 25 9 10 52 -11 11 16 -14 57 49 -17 19 22 38 20 31 -23 23 43 -26 26 27 28 29 42 -32 -33 -34 -35 56 36 -38 -39 59 41 -42 -43 -44 44 -46 -47 47 48 -50 51 58 -53 53 -55 -56 -57 -58 -59 -60 60 61 -63
leaf_value=0.087863354944366256 0.078545568093293563 -0.072920642549105602 0.046995102282909207 0.00021698053415167924 -0.0047450342906981795 0.018310181904669289 0.053823859953637532 -0.081597979369970597 0.076331658515743347 0.074949025108957304 0.081217881309491091 -0.030828154163793742 0.05942879527796896 -0.10000000000000001 -0.10000000000000001 0.021735792952021646 0.038292260402786889 0.089893206089174948 -0.01831009855673282 -0.067090870993735063 0.012510531974653885 -0.016309867137318627 -0.061468897465387008 0.061944695387857657 0.030731179397811406 0.020854635060131924 0.016967278499547777 0.025687786017091038 -0.026849697900795496 -0.10000000000000007 -0.042128504363324812 -0.10000000000000001 -0.061129044954947989 -0.087242972115677137 -0.10000000000000001 0.016363942118773164 -0.030503295876380589 -0.066907809281984768 0.089673348431608013 0.095419416473775942 0.060869695469201728 -0.079646070273637168 0.041315278587201222 0.022996318397296236 -0.016551530579613886 -0.057708348917843391 0.0048225427997277241 -0.10000000000000003 0.037628229634866846 0.045378657862095106 -0.0066835517939024328 -0.10000000000000001 0.0506183091609834 0.080191561879398729 -0.079078056155741414 -0.098879572911871008 -0.034212529369364697 0.033956222583654494 0.025432947230429149 0.05856369047067525 -0.099999999999999895 0.050463538734843653
leaf_weight=594.28764996086829 49.590857424540445 8.8492211867705901 8.8085280783561739 2.2704790286370544 12.815293582360026 9.329007716602062 102.55431506464083 24.08476016271743 109.60880112553423 80.185429512785049 3.9799994999193578 10.108546849631237 124.20273608181742 1.2269769321428601 2.2737737060524514 23.069747019559145 6.1438299007713821 2.4293810860253862 7.2650759794632966 320.25428849903983 11.575397840846561 44.58175280992873 34.204556702723494 5.36908446450252 6.4334016883803988 45.509748340002261 31.757351279025897 7.6277478177362346 12.920734669489319 1.5441302874824012 21.199589720286895 3.0377475794521152 36.678085584673681 141.17443401570199 5.8849611050245576 4.950186036352533 75.689602587939589 59.89354134441237 13.33377934229793 1.1407287309411902 17.314251055067871 5.8014331703889184 7.0142022255749907 6.9624799304874605 69.24620423502347 53.695007060217904 22.790851868456233 6.0700570921762829 2.4809443103149533 41.706684434495401 30.00524988133111 1.2719837340991933 133.83992409614439 45.949515236890875 22.076228846533922 460.36928322978201 32.521910366369411 38.811738763586618 66.205294734842028 10.637177299300673 2.0958195971325053 1.8393223260063676
leaf_count=36927 5578 4439 2620 493 6808 3766 23617 21085 11663 7257 426 7613 25396 1311 2033 8128 2069 173 4358 231458 5382 25108 27058 972 3283 17951 12193 3025 7082 1286 13729 4293 27284 119288 4133 2627 41232 42436 877 91 2893 3875 2650 1790 30221 39230 9780 5469 740 9970 13760 496 29992 3151 17783 441637 21481 14268 25797 2328 1233 419
internal_value=0.000508356 -0.0443036 -0.0535529 -0.0675638 0.0652657 0.0152906 0.0321112 -0.05237 0.0803931 0.0448823 -0.0599104 -0.0668784 0.0458207 0.0112484 0.0350022 -0.0203017 -0.0680262 -0.0265306 0.0565472 -0.0615745 -0.0646378 -0.0426746 -0.0297171 -0.0311641 -0.0376421 -0.0102378 -0.00212859 -0.0147396 -0.0344126 -0.0449379 -0.0240587 -0.0108779 -0.0465296 -0.0834734 -0.0320584 -0.0498146 -0.0443676 -0.0605508 0.0381902 0.0180092 0.037466 -0.0508795 0.0158186 -0.0249427 -0.0314438 -0.0484448 -0.00193828 -0.0128819 -0.0600692 0.0213573 0.012752 0.0410761 0.0650527 0.0581765 -0.0597956 -0.0983932 -0.0442929 0.0298512 0.0154168 0.0609857 0.0347363 -0.0296719
internal_weight=3146.55 1859.67 1686.58 1401.37 1286.89 285.204 403.199 938.731 883.686 324.203 726.674 517.474 173.091 48.8879 244.017 78.9965 513.494 212.057 109.018 362.211 334.867 209.2 203.249 200.819 55.9268 176.186 128.45 82.9404 51.183 43.5553 27.3434 14.6131 49.4934 151.283 47.7359 164.618 140.533 64.8437 59.4276 31.5215 24.5793 6.94216 8.55833 166.615 129.904 60.6575 36.7109 31.3419 8.551 141.463 98.4843 42.9787 289.398 179.789 34.997 462.64 38.4069 40.0387 96.2105 27.9061 14.5723 3.93514
internal_count=1445511 1235345 1189931 1076929 210166 113002 128433 634799 81733 82930 516746 384258 45414 20018 75673 45503 383832 118053 21652 256931 241133 132488 115433 115260 37375 91350 61970 44019 31826 28801 15798 9675 34092 126901 29380 107380 86295 45063 16074 11217 7251 3966 3936 88202 71241 41020 16961 15989 6209 52056 41590 10466 44806 33143 24865 442130 25614 15579 39557 4857 3980 1652
is_linear=0
shrinkage=0.05


Tree=1
num_leaves=63
num_cat=0
split_feature=5 6 8 12 10 1 10 14 6 5 2 17 12 1 2 5 8 10 1 12 5 10 8 1 12 14 1 14 5 2 14 14 5 12 10 12 2 1 2 12 6 1 10 8 2 8 8 2 14 14 12 12 14 5 5 2 5 5 10 12 6 2
split_gain=2271.92 564.422 401.497 344.342 290.204 245.269 227.048 117.46 98.0858 101.717 197.694 126.72 96.7988 92.9527 71.4365 68.2044 66.6812 65.649 59.0057 58.5626 58.4794 64.6906 57.4958 55.402 55.2602 52.3101 51.0058 49.5505 43.4937 40.8512 55.9955 39.4042 39.0278 39.0206 37.4065 37.3343 37.3172 36.5243 49.284 36.1774 35.9474 35.4714 35.2976 34.0271 33.3458 43.2516 31.7564 31.9129 31.4563 31.1725 34.8209 30.3979 30.3811 50.3478 33.6012 29.9405 35.1698 29.7898 29.0887 33.1519 28.5946 28.5521
threshold=0.0084389690309762972 44.500000000000007 1.5000000000000002 54.500000000000007 27.500000000000004 0.0069687257055193194 17.500000000000004 2.5000000000000004 5.5000000000000009 0.014185110572725536 31.500000000000004 1.5000000000000002 71.500000000000014 0.013606071937829258 18.500000000000004 0.014389234129339458 46.500000000000007 16.500000000000004 0.010471491608768703 30.500000000000004 1.0000000180025095e-35 10.500000000000002 35.500000000000007 0.013423423748463394 80.500000000000014 3.5000000000000004 0.0064309346489608296 2.5000000000000004 0.015749008394777778 52.500000000000007 3.5000000000000004 6.5000000000000009 0.016261236742138866 48.500000000000007 21.500000000000004 29.500000000000004 13.500000000000002 0.010471491608768703 100.00000000000001 57.500000000000007 6.5000000000000009 0.016261236742138866 100.00000000000001 71.500000000000014 5.5000000000000009 5.5000000000000009 2.5000000000000004 47.500000000000007 2.5000000000000004 1.0000000180025095e-35 70.500000000000014 35.500000000000007 4.5000000000000009 0.015504807699471714 0.015504807699471714 5.5000000000000009 0.015268065501004459 0.0078432578593492525 53.500000000000007 66.500000000000014 9.5000000000000018 10.500000000000002
decision_type=2 2 2 2 2 2 2 2 2 2 2 2 2 2 2 2 2 2 2 2 2 2 2 2 2 2 2 2 2 2 2 2 2 2 2 2 2 2 2 2 2 2 2 2 2 2 2 2 2 2 2 2 2 2 2 2 2 2 2 2 2 2
left_child=1 13 7 5 -5 20 15 41 14 11 23 31 19 17 18 -4 -7 -1 -8 -9 21 27 -23 25 26 36 58 -3 44 46 -31 -10 35 -12 -22 48 61 38 43 -27 -32 -2 -24 -13 45 52 -19 -48 -25 50 -39 -15 53 -20 -54 60 -57 -53 59 -6 -37 -11
right_child=2 3 6 4 24 16 8 12 9 10 33 37 -14 51 -16 -17 -18 29 28 -21 34 22 42 32 -26 39 -28 -29 -30 30 40 -33 -34 -35 -36 55 -38 49 -40 -41 -42 -43 -44 -45 -46 -47 47 -49 -50 -51 -52 57 54 -55 -56 56 -58 -59 -60 -61 -62 -63
leaf_value=0.065370422453216809 0.047538136388149618 -0.093011128821589309 0.04199232481246197 0.027803854683162349 -0.063202742966177158 0.031015609895012869 -0.10273248839308922 0.053394735156946642 -0.031809021379943944 -0.022454239794612231 0.035208633954249259 0.0020688943252522994 -0.0751755544053897 0.048320129740956619 0.053975999314152236 0.018896681806395432 -0.032819071989441582 0.027854380000408071 0.023082312140100585 0.021139298355459687 0.032141676751966067 0.0057253662907367922 -0.088883470476862528 -0.031341026799326557 0.0085467190995660355 -0.081818588166788442 -0.017564793872184098 -0.010534350383390744 0.030211674086409335 -0.014271969483238296 0.080252309037531402 0.040274438469362663 0.033010311749442078 -0.0039410879128656939 -0.052165814745169403 -0.088673852010142745 -0.049707650100164522 -0.0060373548188951617 0.023794152516042943 -0.019943038128125812 0.013686140780692824 0.072307565588584408 -0.068388517016279307 -0.034728921601716013 0.024916454174950278 -0.07750675688337455 -0.026827009258260301 -0.099990370991617922 0.014790416623493192 0.026273583401582118 0.065116766453212405 0.017538881704015644 -0.034249213858290509 -0.035472959811511919 0.020843107212082018 -0.031276062366462 0.0034018076404310708 -0.10077256779381416 -0.060443888235129396 0.0078938658970861657 -0.021721915148600057 0.044968342093212717
leaf_weight=29.777335429447703 277.76387565641198 25.453318985644728 641.44470100104809 245.78296493447851 29.473157671047375 45.195266390568577 10.635001728776841 221.51139487628825 208.86190319061279 36.033613035455346 224.37721731571946 311.11267059843522 21.448527793167159 117.02778029686306 129.673458826961 637.22027810919099 431.46632540272549 24.511183959199116 211.08189079281874 385.81849985499866 13.929432935547082 19.760823244927451 515.15164804528467 52.236309020547196 57.829748390009627 90.20028153504245 139.0379918582039 63.998327905428596 331.45774903800339 217.01434960146435 26.259996236301959 20.851536919362843 40.557106308173388 88.849882764508948 237.23945350875147 34.268219070043415 53.41316581168212 148.54679945332464 230.72821524436586 32.005347006488591 89.084825886180624 301.35501470183954 354.75609089853242 78.719083462026902 188.61546010780148 17.473200339591131 206.34551819937769 16.064942561322823 126.30469974991865 673.54274710686877 19.444815970957279 97.338101906818338 87.974345846101642 44.438956028781831 40.380089110694826 229.61517792614177 107.27278923708946 5.6281643587863064 280.73781673447229 36.955653259297833 29.829952520318329 27.830008670454845
leaf_count=710 2043 14214 12248 25232 16215 6878 470 1338 69560 631 6752 47923 623 3744 1159 5586 151286 540 2860 4065 892 2242 328685 1091 16111 2629 46144 15636 3057 28737 141 3236 427 5086 102012 879 1243 15416 23635 846 13566 1241 178007 20007 2753 700 39936 3415 1324 47416 590 5295 2241 860 402 4402 1575 648 138259 9826 594 232
internal_value=0.000818674 -0.032716 0.0182102 -0.0445852 -0.0172877 -0.057216 0.0121834 0.0441807 0.00622398 0.00141277 -0.00990337 0.00925734 0.0292171 0.00302948 0.0192049 0.0304827 -0.0267665 -0.00703257 0.0143673 0.0329038 -0.0690133 -0.0745345 -0.0786097 -0.0222955 -0.0376591 -0.0427214 -0.0431549 -0.034003 0.0157189 -0.0107544 0.000690309 -0.0252659 -0.0144068 0.0241034 -0.0474903 -0.0177252 -0.0188672 0.0146814 0.00547862 -0.0656135 0.0288409 0.0604274 -0.0805254 -0.00536172 0.00757641 -0.000572619 -0.026159 -0.0321117 0.00129359 0.0214676 0.00219864 0.0308864 0.00292926 0.0128987 -0.0169173 -0.0261934 -0.0202338 0.0110719 -0.0534036 -0.0236503 -0.0575158 0.00692667
internal_weight=9738.71 3325.82 6412.89 2496.77 789.817 1706.95 5205 1207.9 3926.33 2864.6 1172.79 1691.81 628.778 829.052 1061.73 1278.66 476.662 609.058 932.057 607.33 1230.29 979.12 889.669 859.567 544.034 239.482 486.205 89.4516 921.422 579.281 332.359 229.713 620.084 313.227 251.169 579.527 117.277 1462.09 620.56 122.206 115.345 579.119 869.908 389.832 589.964 401.348 246.922 222.41 178.541 841.534 167.992 219.994 383.875 255.521 128.354 400.986 336.888 102.966 347.167 66.4288 64.0982 63.8636
internal_count=1445511 1148371 297140 1051639 251787 799852 287830 9310 269996 255494 27711 227783 6026 96732 14502 17834 158164 87045 13343 5403 641688 538784 508934 15873 226555 5581 210444 29850 12873 86335 42444 72796 10292 11838 102904 9865 2106 154987 91565 3475 13707 3284 506692 67930 9816 7063 43891 43351 2415 63422 16006 9687 6363 3720 2643 7450 5977 5943 164300 26041 1473 863
is_linear=0
shrinkage=0.05


Tree=2
num_leaves=63
num_cat=0
split_feature=8 15 10 4 4 6 6 0 2 8 2 13 0 13 4 15 15 8 0 0 2 6 6 1 2 0 15 10 2 13 4 9 4 6 0 15 10 8 0 0 0 10 13 8 10 10 1 15 8 1 15 5 6 0 13 10 10 2 10 5 10 8
split_gain=2839.29 948.671 653.63 550.275 295.907 145.138 114.686 77.4436 62.2215 55.3481 44.4773 40.4508 44.7705 40.3909 53.7361 49.1062 39.9539 39.359 48.9668 46.8749 37.6014 36.5291 36.5265 35.0401 34.5675 33.0184 32.7055 31.2772 30.5911 29.58 28.6604 28.0563 27.0353 26.5978 32.0496 26.5966 53.1043 40.0097 26.1279 26.7279 27.7014 25.073 26.2298 24.9317 24.8761 55.1103 45.6092 23.9249 23.3081 46.3517 23.2311 22.2994 24.566 22.2873 28.2266 21.6674 20.5537 22.3782 21.7144 25.3261 20.7096 20.3273
threshold=34.500000000000007 1.0000000180025095e-35 100.00000000000001 8.5000000000000018 38.500000000000007 25.500000000000004 13.500000000000002 58.500000000000007 28.500000000000004 95.500000000000014 75.500000000000014 4.5000000000000009 8.5000000000000018 2.5000000000000004 2.5000000000000004 16.520695686340336 9.7623982429504412 12.500000000000002 63.500000000000007 84.500000000000014 71.500000000000014 76.500000000000014 100.00000000000001 0.0066445916891098031 39.500000000000007 28.500000000000004 31.939417839050297 1.5000000000000002 9.5000000000000018 7.5000000000000009 79.500000000000014 0.015504807699471714 3.5000000000000004 51.500000000000007 22.500000000000004 10.569746971130373 18.500000000000004 39.500000000000007 49.500000000000007 68.500000000000014 75.500000000000014 1.5000000000000002 2.5000000000000004 7.5000000000000009 4.5000000000000009 6.5000000000000009 0.012422839645296337 26.563043594360355 1.5000000000000002 0.0071175277698785075 15.771889686584474 0.0067797389347106227 1.0000000180025095e-35 100.00000000000001 2.5000000000000004 11.500000000000002 9.5000000000000018 60.500000000000007 10.500000000000002 0.0088890646584332007 8.5000000000000018 11.500000000000002
decision_type=2 2 2 2 2 2 2 2 2 2 2 2 2 2 2 2 2 2 2 2 2 2 2 2 2 2 2 2 2 2 2 2 2 2 2 2 2 2 2 2 2 2 2 2 2 2 2 2 2 2 2 2 2 2 2 2 2 2 2 2 2 2
left_child=3 2 -2 13 9 -6 11 -7 16 22 -9 12 -5 14 -1 27 23 -10 26 -20 25 -11 32 -8 -17 28 47 31 29 51 -12 43 -4 34 44 36 37 -3 -23 -40 -41 -39 -43 -15 -18 -46 55 -19 49 -14 -21 52 -13 -42 -55 -47 60 -58 59 -59 -44 -25
right_child=1 35 4 6 5 7 8 10 17 21 30 20 48 15 -16 24 33 18 19 50 -22 38 -24 61 -26 -27 -28 -29 -30 -31 -32 -33 -34 -35 -36 -37 -38 41 39 40 53 42 56 -45 45 46 -48 -49 -50 -51 -52 -53 -54 54 -56 -57 57 58 -60 -61 -62 -63
leaf_value=0.060428878695637449 -0.085834537722009219 -0.10320076196265802 0.05293642915758149 0.038013439493150898 0.0394820201413889 -0.026965148739552011 -0.095649294176627847 -0.070925541883194748 0.047344429722203124 0.04252612946001158 -0.03435261142664478 0.059584742145895368 0.026960241406146897 0.051357404631778236 0.033613542183967601 0.058825353837564279 -0.079535587370885619 0.011196322988015286 -0.086735901847307159 -0.015074009145665122 0.05435841126256951 0.0054651331734543555 0.046532090550807405 0.025265982658537578 -0.10198062201862453 -0.036775881303207088 0.061870655274457335 0.034490761077758801 0.02019217242037441 -0.047475417519841273 -0.052011830218824634 -0.10457186020982837 -0.0011121123366023325 0.069285764029704433 -0.1023418192209391 0.026432568031371534 0.02883407512061233 -0.070488314308795846 -0.10013692748251327 0.038484902969050015 -0.086348032211257295 0.033101966767185791 -0.016663232165077341 -0.10417600985559411 0.038194986537317815 -0.10223223025835303 -0.1023053845506614 -0.10226399902068826 0.01780944347896873 -0.1052072575434724 0.044398458705249194 0.0071860670847933156 -0.1034724084962684 -0.062305035522359935 -0.015821781389660197 0.068885460645194796 0.052419198275315299 0.061756971396333793 -0.012126655937335092 -0.10405368197158089 -0.10218856417276888 -0.0091418489857378171
leaf_weight=500.95887796557508 700.44140473147854 9.8983816867694241 25.159236970823258 392.61221906589344 53.359347908059135 473.87113511632197 11.089102949248625 222.90015404636506 59.460538764484227 22.628619269933552 338.41096264135558 3.0864306688308707 15.377584021771328 11.023322760127487 297.94059057196137 264.65683819865808 20.854235991835594 392.31280196877196 21.466058144113049 135.80366410443094 41.528922574594617 61.455043957801536 57.682031185366213 47.60846017615404 3.3847185510676345 43.515961627708748 32.706378484144807 1574.7300461553968 265.98549917642958 34.39192254585214 715.6494977469556 7.4439651365391901 287.82916963356547 5.1181054478511205 21.053269519004971 354.28880834346637 198.01991338701919 12.458408348495139 13.272806300781665 15.008695313706992 17.206094200024381 54.780702630756423 82.958577495301142 3.3625357658602288 25.882457394618541 2.4460388980805892 21.086624725023285 4.7019271850585929 427.23650727351196 11.666508082766084 18.678661435842514 183.03961485577747 9.1811343636363727 42.756801053648815 138.2909942807164 7.5910612191073596 22.350401610368863 19.764176206896085 98.612654867814854 2.6066736490465692 7.7384505034424356 436.29202683770563
leaf_count=3228 442500 418 849 5272 4986 135228 3415 110073 1970 1322 113780 33 203 132 5814 1987 311 27141 4343 21342 475 4400 2796 2188 176 3734 98 24000 7325 2039 316208 206 29515 32 374 8794 27356 1159 2362 838 2652 1200 5280 165 127 35 340 83 15690 372 90 5920 821 12234 33851 47 321 649 6389 141 878 39804
internal_value=0.00101982 -0.0305737 -0.0431729 0.0249093 -0.0311502 -0.0417517 0.00896613 -0.0442275 -0.00200149 -0.00307535 -0.0506334 0.0186779 0.0256474 0.0410218 0.0504284 0.0369915 -0.0136904 0.0085256 0.00471463 -0.0175033 0.00851413 -0.0186434 0.0099706 -0.00777048 0.0567948 0.00498323 0.0138117 0.0336668 0.00864925 -0.00471715 -0.0463423 -0.0257719 0.00323252 -0.0418576 -0.0476085 0.0159125 0.00859275 -0.00428833 -0.0234498 -0.0312939 -0.0270093 -0.00103851 0.00195733 0.0150032 -0.0328087 -0.0157149 -0.0605463 0.00985259 0.01496 -0.0300553 -0.00788311 0.00281221 -0.0624484 -0.0319675 -0.0267994 0.0271841 -0.00533284 0.00645409 -0.00203747 0.0424365 -0.0239604 -0.00575664
internal_weight=9404.67 4049.4 3185.92 5355.27 2485.48 1804.19 2691.77 1750.83 1264.15 681.289 1276.96 1427.62 846.893 2663.5 798.899 1864.6 599.021 665.13 605.669 175.948 580.729 310.619 370.67 494.99 268.042 539.201 429.721 1596.56 495.685 229.699 1054.06 21.8298 312.988 104.032 98.9137 863.477 509.188 311.168 287.99 226.535 213.263 301.27 288.812 14.3859 77.8604 57.0062 31.1237 397.015 454.281 27.0441 154.482 195.307 12.2676 198.254 181.048 10.0371 234.031 143.334 120.984 22.3708 90.697 483.9
internal_count=1445511 1266179 1213594 179332 771094 680275 143624 675289 101740 90819 540061 41884 21537 35708 9042 26666 46673 55067 53097 25775 20347 57659 33160 45407 2163 19872 27322 24503 16138 8813 429988 503 30364 1266 1234 52585 43791 16435 56337 51937 49575 16017 14858 297 860 549 422 27224 16265 575 21432 6774 854 48737 46085 82 13658 7500 7179 790 6158 41992
is_linear=0
shrinkage=0.05


Tree=3
num_leaves=63
num_cat=0
split_feature=8 4 10 4 12 10 6 6 10 10 12 4 13 2 12 12 2 6 13 12 13 8 17 13 17 10 10 2 12 6 4 12 9 8 12 12 10 2 6 8 17 12 10 13 12 13 2 13 12 4 12 10 10 6 12 4 12 12 4 8 6 2
split_gain=2786.07 617.832 289.556 210.991 165.089 112.339 106.669 93.7417 80.9119 76.202 138.919 75.0212 73.0594 61.3034 59.9441 52.0027 43.9811 46.6943 42.5036 36.6554 42.0976 34.2261 33.5567 30.7541 28.6178 37.2715 26.7112 26.5185 41.5671 25.6337 24.7585 24.6272 36.5087 24.0048 44.9706 37.6281 34.41 32.7034 25.6748 33.7022 23.3524 23.0139 22.2979 21.499 22.3486 21.2413 20.999 20.7857 25.5735 22.5887 20.72 33.545 24.0194 21.0452 20.6947 20.6007 20.4956 26.9005 33.0965 26.2984 20.2143 20.2975
threshold=39.500000000000007 57.500000000000007 23.500000000000004 12.500000000000002 49.500000000000007 88.500000000000014 19.500000000000004 2.5000000000000004 7.5000000000000009 100.00000000000001 68.500000000000014 22.500000000000004 2.5000000000000004 1.5000000000000002 44.500000000000007 37.500000000000007 43.500000000000007 16.500000000000004 4.5000000000000009 75.500000000000014 1.5000000000000002 15.500000000000002 2.5000000000000004 7.5000000000000009 1.5000000000000002 3.5000000000000004 37.500000000000007 2.5000000000000004 71.500000000000014 20.500000000000004 97.500000000000014 44.500000000000007 0.015504807699471714 13.500000000000002 32.500000000000007 10.500000000000002 32.500000000000007 33.500000000000007 8.5000000000000018 4.5000000000000009 1.5000000000000002 45.500000000000007 53.500000000000007 7.5000000000000009 69.500000000000014 4.5000000000000009 97.500000000000014 6.5000000000000009 53.500000000000007 31.500000000000004 73.500000000000014 8.5000000000000018 2.5000000000000004 46.500000000000007 70.500000000000014 15.500000000000002 25.500000000000004 34.500000000000007 21.500000000000004 50.500000000000007 65.500000000000014 45.500000000000007
decision_type=2 2 2 2 2 2 2 2 2 2 2 2 2 2 2 2 2 2 2 2 2 2 2 2 2 2 2 2 2 2 2 2 2 2 2 2 2 2 2 2 2 2 2 2 2 2 2 2 2 2 2 2 2 2 2 2 2 2 2 2 2 2
left_child=3 5 4 12 18 15 -4 31 -9 10 -8 56 13 -1 -14 26 33 22 -3 20 -15 -19 -18 42 25 -20 -2 28 -16 -22 -23 -5 -33 34 35 38 37 -35 39 -10 43 -42 -12 44 45 -13 -43 54 49 -49 51 -6 -52 -53 55 -38 -7 58 59 -58 61 -32
right_child=1 2 6 7 50 11 9 8 16 -11 23 40 14 19 27 -17 17 21 24 -21 29 30 -24 -25 -26 -27 -28 -29 -30 -31 60 32 -34 36 -36 -37 47 -39 -40 -41 41 46 -44 -45 -46 -47 -48 48 -50 -51 52 53 -54 -55 -56 -57 57 -59 -60 -61 -62 -63
leaf_value=0.059669124611821479 -0.0802811373473378 -0.078979123271407242 0.037091381042005954 0.049733601209460562 0.0273358695094085 0.027226652504062011 -0.079296225143406507 0.036013647973995047 -0.10548296922025271 -0.04837026046501483 0.0063174444240745187 -0.06801520148824837 0.034326767821284139 0.008703715979158198 0.0098179716567468722 0.026290145691542689 -0.013634292685715374 0.042158952254206995 0.016333804664605673 0.071281780033751116 0.042804536752478917 0.010886026955646068 0.043508509066505115 -0.094236687134367447 0.026115218799796065 -0.066163090913046479 0.068557777007625775 0.023355297565600758 -0.078439036994777028 -0.030392537836424389 0.052481094196918189 -0.10494049910757358 0.025736551255448284 0.041613587677845211 -0.0064646248291000616 0.038676031685190487 -0.057260852087722962 -0.059599902042627967 -0.060993434554663932 0.033455381642729001 -0.028275658760830144 -0.019152077566911237 -0.044431730070629796 0.010849918572063549 0.0027056052112778501 -0.028381193046618215 0.017333938205487606 -0.0038358447860658792 -0.083642330180252467 -0.051374217695384729 -0.10327884916928667 0.065625033478338438 0.034892977265405821 -0.021003820606783616 0.031859545950610815 -0.007708198871556101 0.0082288498044232484 0.0054190944846785761 0.06263724399498341 -0.097521104620851382 0.028582654937411647 -0.034462126763896053
leaf_weight=372.98115981556475 17.487730826716874 72.080935983452946 31.986028477316722 183.1891058110632 80.720852934988216 86.24613024503924 549.52360019972548 219.59644680796191 5.1008272231556466 1416.6173975965939 69.649486132431775 82.768267189851031 1374.866388652008 169.51198103185743 273.94019410619512 329.44989492418244 30.356962422723882 48.612886735703796 19.179763691965491 56.485195998568088 291.5257601973135 139.37430007779039 167.18399220658466 11.962212216109036 19.610820450354367 47.84404336893931 3.6422057014424345 754.38606963469647 14.024059969233347 12.472635603277011 7.2123759498354039 5.8476083006244144 62.170246584690176 52.86612852383405 280.66960594884586 138.34306392958388 22.304499599151313 9.4000730467960221 17.259232472861186 30.243856284068897 185.69405821501277 85.617674702778459 31.403372830478474 19.676406439393759 21.701713293790817 57.14523609704338 73.10945475474 68.771936012315564 19.265646621817723 39.250538182910532 3.2466116761788717 7.5245568179525426 100.79695982974954 102.6822583891917 30.982533490285277 351.70275572035462 8.4285508301109093 219.62432054965757 6.147922600619494 19.43619494093582 18.267241002060473 96.93407582398504
leaf_count=1949 1293 41083 1511 2097 7664 6705 353506 3180 338 584561 11254 33441 17770 6976 3404 9700 2521 1789 3475 316 2857 13709 5104 4616 1048 25404 169 14834 882 655 742 399 1436 1355 17227 4056 2558 533 1657 842 38556 18638 13263 2984 5807 17109 7194 5634 4895 10399 544 87 4508 15852 2207 46850 485 25566 325 4208 2643 23141
internal_value=0.00105592 -0.0318166 -0.0457344 0.0242225 -0.00949449 -0.00246497 -0.0535224 0.0115881 0.00758178 -0.0549165 -0.0689133 -0.012136 0.0320041 0.0441393 0.0274709 0.0214132 0.00361537 0.0157239 -0.0506124 0.0332103 0.0286687 0.0036301 0.0347271 -0.0184274 -0.027011 -0.0425555 -0.0546255 0.018428 0.00551979 0.0398014 -0.00352454 0.0401942 0.014502 -0.00215339 0.00627036 0.0249893 -0.00883545 0.0263338 -0.0110055 0.0134043 -0.0239717 -0.0163262 -0.00945346 -0.0384968 -0.0445047 -0.0518274 -0.00234668 -0.0129496 -0.0305738 -0.0211092 0.0126299 0.00284744 0.0305814 -0.0150891 -0.00741026 -0.0106633 0.00617084 -0.000988925 -0.0423664 -0.0655338 -0.0199317 -0.0284411
internal_weight=9146.1 3781 2564.83 5365.1 453.687 1216.18 2111.14 2044.91 1793.7 2079.16 662.539 865.596 3320.19 902.977 2417.22 350.58 1574.1 507.942 158.716 529.996 473.51 310.401 197.541 113.015 86.6346 67.0238 21.1299 1042.35 287.964 303.998 261.788 251.207 68.0179 1066.16 471.617 190.947 594.544 62.2662 52.6039 35.3447 525.713 344.421 101.053 181.292 161.615 139.914 158.727 532.278 127.288 108.022 294.971 190.928 104.044 110.207 404.99 374.007 339.883 253.637 34.0127 27.8647 122.414 104.146
internal_count=1445511 1240556 1068376 204955 99665 172180 968711 155312 151380 967200 382639 161018 49643 12753 36890 11162 148200 49649 71010 10804 10488 42024 7625 29133 29927 28879 1462 19120 4286 3512 40235 3932 1835 98551 24120 6893 74431 1888 2837 1180 123729 64388 24517 59341 56357 50550 25832 72543 20928 16033 28655 23603 5052 15939 51615 49408 37289 30584 5018 4693 26526 23883
is_linear=0
shrinkage=0.05


Tree=4
num_leaves=63
num_cat=0
split_feature=8 15 4 10 8 0 10 0 13 17 2 0 4 12 2 2 4 4 12 2 4 12 0 17 13 4 12 12 4 13 4 8 12 2 12 13 12 12 12 13 13 2 13 12 4 9 4 0 12 0 12 4 8 2 4 12 8 13 4 4 15 2
split_gain=2576.26 991.581 531.786 243.155 174.577 77.0633 74.7168 61.3582 66.3992 52.4491 50.3538 78.9499 47.046 46.6654 41.185 37.2319 37.3839 35.6887 35.3326 35.0782 28.6804 33.4991 28.4651 28.4517 26.1893 25.8445 25.6682 25.5552 24.8134 24.4895 23.7792 23.7509 26.7894 24.5182 28.0221 23.7165 23.6911 24.627 36.0254 23.1821 21.6864 20.8944 18.7685 25.0175 18.1217 17.8849 17.583 17.4854 23.7467 17.8255 17.4309 17.3266 17.0592 16.9708 25.6412 29.5106 23.0334 16.7284 16.5979 26.5516 21.0344 16.5368
threshold=34.500000000000007 1.0000000180025095e-35 40.500000000000007 100.00000000000001 9.5000000000000018 51.500000000000007 30.500000000000004 1.5000000000000002 2.5000000000000004 1.5000000000000002 36.500000000000007 36.500000000000007 40.500000000000007 23.500000000000004 97.500000000000014 100.00000000000001 9.5000000000000018 18.500000000000004 51.500000000000007 83.500000000000014 93.500000000000014 56.500000000000007 10.500000000000002 2.5000000000000004 2.5000000000000004 35.500000000000007 47.500000000000007 70.500000000000014 7.5000000000000009 2.5000000000000004 51.500000000000007 16.500000000000004 53.500000000000007 12.500000000000002 66.500000000000014 4.5000000000000009 73.500000000000014 2.5000000000000004 20.500000000000004 3.5000000000000004 2.5000000000000004 4.5000000000000009 5.5000000000000009 79.500000000000014 11.500000000000002 0.014815627597272398 28.500000000000004 8.5000000000000018 64.500000000000014 14.500000000000002 66.500000000000014 14.500000000000002 13.500000000000002 9.5000000000000018 17.500000000000004 33.500000000000007 1.5000000000000002 5.5000000000000009 15.500000000000002 17.500000000000004 5.5253660678863534 10.500000000000002
decision_type=2 2 2 2 2 2 2 2 2 2 2 2 2 2 2 2 2 2 2 2 2 2 2 2 2 2 2 2 2 2 2 2 2 2 2 2 2 2 2 2 2 2 2 2 2 2 2 2 2 2 2 2 2 2 2 2 2 2 2 2 2 2
left_child=4 2 9 -4 7 22 29 8 45 40 12 35 31 -9 20 39 -17 27 -19 28 21 -7 26 -16 -20 41 -5 61 -13 -6 50 33 -33 34 52 47 37 -10 -39 -11 -2 -26 -34 -44 -36 -1 -30 -12 49 -49 -21 -42 -8 54 -40 56 -56 -14 -3 -60 -61 -15
right_child=1 58 3 5 6 14 10 13 36 15 11 19 57 17 23 16 -18 18 24 30 -22 -23 -24 -25 25 -27 -28 -29 46 -31 -32 32 42 -35 44 -37 -38 38 53 -41 51 -43 43 -45 -46 -47 -48 48 -50 -51 -52 -53 -54 -55 55 -57 -58 -59 59 60 -62 -63
leaf_value=-0.10653321049420948 -0.061895298050036102 0.038131608012274165 -0.07908303811156854 0.039754874974848142 0.054400782505186276 -0.057517011897707096 -0.0053903293930711825 0.0403305909101358 0.0014422664611486956 0.010824804173692694 0.060858746340844649 -0.10746262671271967 -0.018167715386011158 0.020237047008827079 -0.046020225087437805 0.057753023475919263 0.0087567403557372702 0.016312413078975289 -0.10561946446326215 0.036848374141743391 -0.070934648771941347 -0.0047434624452300572 -0.0277017871242221 -0.01653136552865106 0.017954273288810423 0.0079902590000381912 -0.089683208284821778 0.044714792725777323 0.017914938385565911 0.023747277096912815 -0.0030717021153948772 -0.016159005536860831 0.028022117302118562 0.023503457569535188 0.056089607129234047 0.050121885812945494 -0.0997923403219729 0.063289017542669329 0.031026274881309303 -0.017898964977306135 0.010694148585396343 -0.10458114469643104 -0.077502968447113421 0.056578294737686288 -0.10020822175375382 0.057855761849106582 -0.028628575193712643 -0.10293917559286292 0.066547184619131408 -0.00044062678895434853 -0.10381651760172961 -0.029967932743099002 -0.057780492763305671 0.076830680599811005 0.045555508962402971 -0.077111317178289382 -0.11043825952208242 -0.057772746886970865 -0.06517318528182979 -0.013923568388536199 0.020605790275497835 0.033485716197002059
leaf_weight=1.6613314012065519 36.322600891115144 107.69986706250347 679.17246468295343 27.474592176266018 76.471204567118548 124.8345659438055 106.77363026875537 485.99092881334946 59.35817256802693 115.78137171419803 18.046315454412252 7.9344128980301312 87.845821361755952 932.28369581862353 792.10330511745997 52.013371596112847 154.78642389946617 217.0214973341208 8.8215170146431756 81.889467732864432 290.57279769284651 39.612390627153218 334.84675118909217 91.215188302332535 5.0478967153467265 41.158908076118678 4.4505400366615495 161.62374679464847 28.156625486211851 440.37226334027946 99.170694302767515 221.82821130100638 69.311880456283689 200.14092879975215 24.012576912995431 158.78756928374059 3.4208592767827204 95.791480949148536 442.76466647488996 178.5994442848023 37.041058366419747 11.192962684901429 10.397294690366833 5.2283775289542964 2.0097403554245821 405.57798055978492 72.642042306368239 4.6489073238335541 12.760909307515247 48.433287432650104 2.2632337277755132 89.49944281578064 18.184433951042593 18.443684764206409 16.255766250193126 12.066974928602574 2.7695466256700447 38.28046076069586 9.6863102908246201 47.413446358870715 632.1708145942539 315.14816567231901
leaf_count=68 12289 2531 442211 3354 924 53560 5545 6826 616 11774 220 376 16981 16209 325332 1315 11453 8202 896 2196 148926 10855 100882 27360 269 2773 1989 1974 2044 7583 14811 22646 3908 9235 369 4638 694 253 4547 29133 6238 932 2475 215 348 2134 14402 463 299 3033 298 26923 1553 50 88 650 110 13563 460 9890 39704 3916
internal_value=0.00108603 -0.0297794 -0.042762 -0.0537831 0.0244865 -0.0437058 0.0121691 0.0314725 0.0413505 -0.00318995 0.00585388 0.0176842 -0.00221498 0.0266743 -0.0492703 0.00482046 0.0210801 0.0227525 0.00655745 0.000171347 -0.0614912 -0.0448048 -0.0234008 -0.0429751 -0.0254117 -0.0130849 0.0217105 0.0260079 -0.0223287 0.0282827 0.0135166 0.00314788 -0.00701599 0.0120278 -0.00318443 0.0387606 0.031443 0.0321364 0.0352345 -0.00660177 -0.0278405 -0.0664953 0.0168625 -0.0326391 0.0440185 0.0571851 -0.0156273 0.0172558 0.00530514 -0.00941739 0.0330653 -0.0180653 -0.0130144 0.0297756 0.0279441 -0.0159469 0.0228472 -0.0301882 0.0198774 0.0170251 0.0181967 0.0235842
internal_weight=8917.29 3845.3 3048.33 2384.28 5071.99 1705.11 1835.59 3236.4 1058.11 664.044 1318.75 534.733 784.013 2178.29 1338.34 501.181 206.8 1692.3 283.243 292.056 455.02 164.447 366.772 883.318 66.2213 57.3998 31.9251 1409.06 108.733 516.843 183.323 657.887 306.766 351.121 150.98 242.677 650.871 647.45 588.092 294.381 162.863 16.2409 84.9376 15.6257 26.0223 407.239 100.799 83.8894 65.8431 53.0822 84.1527 126.541 124.958 492.301 473.857 31.0923 19.0253 126.126 796.97 689.271 679.584 1247.43
internal_count=1445511 1266179 1213594 1114469 179332 672258 128125 51207 9210 99125 119618 42780 76838 41997 566033 53675 12768 35171 13072 34127 213341 64415 106225 352692 4870 3974 5343 22099 16822 8507 17305 46294 29244 17050 7815 8653 7008 6314 5698 40907 45450 1201 6598 2690 717 2202 16446 4015 3795 3496 2494 33161 7098 5445 5395 848 198 30544 52585 50054 49594 20125
is_linear=0
shrinkage=0.05


Tree=5
num_leaves=63
num_cat=0
split_feature=9 15 4 6 0 0 4 13 11 4 0 2 15 0 6 11 9 2 6 15 17 2 13 11 6 6 0 0 2 15 4 6 4 15 9 3 1 6 2 4 4 5 13 6 6 6 9 6 2 15 9 2 0 13 6 2 4 3 6 4 6 6
split_gain=2477.38 1025.83 435.704 226.129 157.88 128.301 62.3091 56.3354 42.9262 33.6156 37.9298 46.8234 36.4535 30.301 27.9079 30.24 31.683 26.889 27.0023 25.4702 25.2534 34.0405 30.8416 24.582 24.2862 25.1463 24.2489 24.0942 24.0788 23.8381 23.5584 23.4141 35.5865 23.0798 22.0704 20.5553 22.5016 20.178 29.6863 19.9603 21.7839 19.958 19.273 19.1983 18.2375 17.4704 17.1862 16.9012 16.897 16.4088 16.3753 16.2216 16.185 16.0474 16.0117 26.1725 18.1844 18.1598 15.7973 15.5399 18.2282 26.3427
threshold=0.011173533275723459 2.7479908466339116 66.500000000000014 25.500000000000004 8.5000000000000018 82.500000000000014 25.500000000000004 2.5000000000000004 1.0000000180025095e-35 13.500000000000002 86.500000000000014 63.500000000000007 8.1367983818054217 10.500000000000002 2.5000000000000004 0.015504807699471714 0.015749008394777778 38.500000000000007 55.500000000000007 6.9857230186462411 1.5000000000000002 62.500000000000007 7.5000000000000009 0.015749008394777778 40.500000000000007 31.500000000000004 55.500000000000007 1.0000000180025095e-35 33.500000000000007 17.332752227783207 25.500000000000004 6.5000000000000009 1.0000000180025095e-35 7.0213229656219491 0.010695492848753931 0.01183473411947489 0.01183473411947489 26.500000000000004 8.5000000000000018 27.500000000000004 88.500000000000014 0.012121656909585001 2.5000000000000004 28.500000000000004 21.500000000000004 17.500000000000004 0.012739370577037336 21.500000000000004 91.500000000000014 34.299291610717781 0.0065574476029723891 3.5000000000000004 11.500000000000002 7.5000000000000009 7.5000000000000009 9.5000000000000018 22.500000000000004 0.013423423748463394 38.500000000000007 34.500000000000007 33.500000000000007 11.500000000000002
decision_type=2 2 2 2 2 2 2 2 2 2 2 2 2 2 2 2 2 2 2 2 2 2 2 2 2 2 2 2 2 2 2 2 2 2 2 2 2 2 2 2 2 2 2 2 2 2 2 2 2 2 2 2 2 2 2 2 2 2 2 2 2 2
left_child=1 2 6 -4 7 13 20 27 48 17 11 12 54 42 -9 16 39 -6 52 37 22 24 -1 46 25 35 28 -2 58 -3 33 32 -18 -21 -30 36 -22 38 -12 -16 -41 -34 -5 44 49 -17 53 -28 -7 -14 -26 -42 -19 -13 56 -56 57 -11 -8 -57 61 -61
right_child=4 29 3 5 9 8 26 14 -10 10 19 23 43 -15 15 45 31 18 -20 30 21 -23 -24 -25 50 -27 47 -29 34 -31 -32 -33 41 -35 -36 -37 -38 -39 -40 40 51 -43 -44 -45 -46 -47 -48 -49 -50 -51 -52 -53 -54 -55 55 59 -58 -59 -60 60 -62 -63
leaf_value=-0.035573865687982632 0.056502457524661376 0.014640551753537918 0.033453615501551792 0.042635406157077088 0.016072851030093132 -0.071184189152577654 -0.067626129252403785 0.034183283667736285 -0.076328171880236356 0.004507410863278034 0.037586439365774507 0.00096092091016915541 0.030141042205425319 -0.041084473684618192 0.023848765166287048 0.044031596052095195 0.030748950336549022 -0.10560259543711768 -0.10371312662496573 0.088364721631305307 -0.051079515768467157 0.018145562083862376 0.061957323652724175 -0.11090896190824742 -0.038564408985313853 -0.09694217838202307 0.054233436069719657 0.037766192959632183 -0.012234955876931968 0.034729541503512894 0.052907597820650534 0.029610656361099993 0.012727900887531094 -0.10561670490354268 0.040421145148844012 -0.09748063542729174 0.059182900798066811 0.0065826361844600438 -0.041919252997353204 -0.033855017668511733 -0.10174413426125722 -0.088330803761324822 -0.046593158052638438 0.056978697895434131 -0.024038494183903497 -0.10733552082473895 0.049234968653721581 -0.035185897742808135 -0.054455877456643736 -0.10075974361642591 0.010308457803788432 0.028259160420248942 0.038048235163352061 0.073130769446083696 -0.06101401292708767 0.0055814852215190121 0.026719461070800643 -0.10304261589027362 -0.012743518720681813 0.01576921298597515 0.028464238454815612 -0.03845542315983666
leaf_weight=78.462633485905826 265.9235443728976 682.67033568397164 68.292889544507489 18.216906867921356 741.75283039547503 206.16476832469925 30.629442456178367 954.26633500354365 657.97189355129376 13.29828746430576 13.368496622424571 41.478551684878767 93.098531717201695 513.69930087612011 627.10349208582193 152.70233212783933 13.444111908785997 1.9765231520868827 3.4614329617470494 2.1651895046234158 8.3638292176183366 194.61310345772654 9.0395412854850274 2.7974016922526053 22.218135230243206 15.518818997545166 5.3562314109876743 483.69064427877311 181.25721248192713 188.43177227210253 24.034599880687892 19.233718851581216 6.168138722889128 5.2549282051622868 22.354184835683554 5.8464981098659328 10.356118866708128 48.147842616657726 96.4314440486487 32.986509879818186 2.5541968750767401 23.494283854030073 9.0622857448179257 41.439425599295646 21.661197037901729 1.9303521146066476 115.31957555515692 393.97462968737818 563.68489700718783 2.4572288997005662 74.9785555456765 39.624157001031563 246.63862978387624 9.4590650349855405 19.236696423729882 268.75674610538408 90.646382449194789 5.5683735772036007 22.924960759701207 31.076641554711387 20.063845807686448 80.202049519866705
leaf_count=21774 1230 51124 6688 1818 18777 110840 7383 9536 442010 354 733 3481 1472 195629 12762 871 145 80 220 2 1183 12538 379 122 3559 3171 369 8436 33895 2853 324 295 255 198 1208 1386 372 6323 14476 3559 423 868 2989 475 626 75 2033 125560 257305 41 7266 1774 3099 100 3716 22455 4079 673 5211 2720 2448 18994
internal_value=-2.25998e-05 -0.0289759 -0.042397 -0.0559913 0.0247157 -0.0590939 -0.0166576 0.0328288 -0.0669505 0.0142824 0.00802568 0.012503 0.00670605 -0.0383576 0.0281939 0.0219762 0.0178979 0.0208673 0.0349753 -0.0122226 -0.00160318 0.00469662 -0.0254983 0.0360777 -0.0143688 -0.0471162 -0.026275 0.0444128 -0.0143005 0.0189861 0.0288647 -0.0162631 -0.0367315 -0.0490129 -0.00645392 -0.0156407 0.00991909 -0.020405 -0.0322392 0.0209304 -0.00341766 -0.0673162 0.0129932 0.0277263 0.0173848 0.042142 0.0385509 -0.0339865 -0.0589357 0.0267749 -0.000863362 0.0203865 0.0369062 0.0143628 0.000399906 -0.00404614 0.0174243 -0.0272353 -0.0441326 -0.00130714 -0.0154028 -0.0233122
internal_weight=8647 3984.09 3112.99 2037.09 4662.91 1968.8 1075.89 2623.12 1427.82 2039.79 1045.96 856.56 687.505 540.978 1873.51 919.241 764.609 993.829 252.077 189.403 419.397 331.895 87.5022 169.055 137.282 40.0853 656.497 749.614 257.166 871.102 31.4547 62.3403 43.1065 7.42012 203.611 24.5664 18.7199 157.948 109.8 702.268 75.1649 29.6624 27.2792 158.656 117.217 154.633 166.257 399.331 769.85 95.5558 97.1967 42.1784 248.615 50.9376 528.849 419.336 109.513 18.8667 53.5544 400.099 131.343 111.279
internal_count=1444760 1296510 1242533 1017279 148250 1010591 225254 40229 810155 108021 85845 63789 58053 200436 30563 21027 20081 22176 3399 22056 51628 29475 22153 5736 16937 6112 173626 9666 47697 53977 524 1563 1268 200 35103 2941 1555 21532 15209 18518 5756 1123 4807 2614 2139 946 5614 125929 368145 1513 10825 2197 3179 3581 55439 50333 5106 1027 12594 46617 24162 21714
is_linear=0
shrinkage=0.05


Tree=6
num_leaves=63
num_cat=0
split_feature=9 15 4 6 0 0 4 13 11 12 4 0 12 12 6 0 2 12 0 17 0 13 6 13 9 15 9 2 2 13 6 4 4 4 11 9 0 2 12 12 2 13 12 2 12 12 2 11 15 9 6 12 12 5 6 15 12 11 4 2 11 4
split_gain=2319.06 932.606 421.378 183.236 115.649 96.0855 67.0435 52.0039 39.6618 35.3313 32.2664 32.2272 27.5519 26.5946 25.0286 25.0017 23.3944 28.6972 27.6547 25.7713 22.5435 27.159 22.3021 23.2282 22.2126 21.9167 24.4209 25.9935 20.3247 20.302 18.1164 17.6627 17.1535 20.4531 17.6016 16.7755 15.922 15.8531 15.5677 25.603 15.5415 15.3205 20.7091 15.221 19.8433 16.0716 15.1199 19.3033 18.1165 18.0979 14.9698 14.9506 21.962 25.8592 14.9191 14.6242 54.0687 24.5998 19.7234 16.5092 17.7976 14.5616
threshold=0.011173533275723459 2.7479908466339116 62.500000000000007 25.500000000000004 82.500000000000014 9.5000000000000018 18.500000000000004 5.5000000000000009 1.0000000180025095e-35 29.500000000000004 21.500000000000004 3.5000000000000004 2.5000000000000004 48.500000000000007 15.500000000000002 1.0000000180025095e-35 63.500000000000007 71.500000000000014 23.500000000000004 2.5000000000000004 51.500000000000007 4.5000000000000009 2.5000000000000004 3.5000000000000004 0.0062696540262550124 9.8560352325439471 0.014599318150430919 17.500000000000004 4.5000000000000009 1.5000000000000002 6.5000000000000009 39.500000000000007 32.500000000000007 25.500000000000004 0.013606071937829258 0.013423423748463394 27.500000000000004 91.500000000000014 40.500000000000007 47.500000000000007 95.500000000000014 2.5000000000000004 24.500000000000004 30.500000000000004 86.500000000000014 74.500000000000014 31.500000000000004 0.012579114176332952 40.161079406738288 0.013072453904896976 6.5000000000000009 39.500000000000007 59.500000000000007 0.0068260179832577714 45.500000000000007 9.7217559814453143 60.500000000000007 0.011299795936793091 19.500000000000004 56.500000000000007 0.015268065501004459 59.500000000000007
decision_type=2 2 2 2 2 2 2 2 2 2 2 2 2 2 2 2 2 2 2 2 2 2 2 2 2 2 2 2 2 2 2 2 2 2 2 2 2 2 2 2 2 2 2 2 2 2 2 2 2 2 2 2 2 2 2 2 2 2 2 2 2 2
left_child=1 2 6 30 11 7 24 15 37 12 46 -5 -9 20 55 22 18 19 28 -18 29 50 41 -24 -1 26 27 -20 -12 -8 -4 -28 33 34 -30 -14 -27 -6 -26 -40 -23 -2 -43 44 -41 -45 47 49 -49 -7 -22 -21 53 -53 -15 56 57 58 -11 60 -58 -56
right_child=5 -3 3 4 8 10 13 9 -10 14 16 -13 35 54 -16 -17 17 -19 25 51 21 40 23 -25 38 36 31 -29 32 -31 -32 -33 -34 -35 -36 -37 -38 -39 39 43 -42 42 -44 45 -46 -47 -48 48 -50 -51 -52 52 -54 -55 61 -57 59 -59 -60 -61 -62 -63
leaf_value=-0.012569644688793156 0.056144571875429275 0.017842983460767677 0.065605024500115086 0.050431267447321786 -0.069002182562707667 -0.0064750474677925211 -0.04366348714345672 0.011898995721100352 -0.073705630836502264 0.019166714993905504 -0.10130778462918262 -0.039207028547425027 -0.098219358142688104 0.0085780824829862663 -0.072864679756605474 0.03162428518535073 -0.008308564160323377 -0.098004263480615181 -0.081730626832146533 0.042864852074103149 0.089373254181519174 -0.053166193771835915 0.021163799953881467 -0.10525105468398664 0.028409889234593574 -0.10560845802185824 -0.1026186526572484 -0.0193118545601835 0.011623656767180893 -0.0056147294508904723 0.0085303833073569427 0.021959540320280423 0.00062302313843276167 0.046206501260488711 -0.10653120744153657 0.044378177066718545 0.035920673496046399 -0.052731670377341326 -0.056166979298091169 -0.095807556694295054 -0.015024279177600831 0.05887693875210695 0.024737672449325138 0.028655612010654738 0.082890635966398854 -0.10217735301526294 0.028503838083931615 0.029361499955022519 -0.10037684263742469 0.016072455729871826 -0.059891858187145403 -0.069154416815180975 0.040720220786939536 0.015052437115539111 -0.022050218515758183 0.024849220678135223 -0.061948734994842852 -0.10692843108779931 -0.04651562836278765 0.084021537277748845 0.068435019427991267 0.024843747262741803
leaf_weight=107.50868626171723 246.50959714688361 860.0934937284328 18.396295526064932 10.216362115694208 201.93845989927649 116.80561180878431 49.269438779912889 102.22485888050869 643.44101495295763 310.48744569951668 3.8096105088479808 541.26974580530077 2.0812955009751013 73.582800956675783 8.3454500774387252 1363.6512115814257 55.356647999491543 5.1054482657928011 18.919035844272003 106.92565141082741 1.7044655084609974 36.191021781181917 26.573438045568768 4.2094077819492659 107.23721347912215 2.1253829542547455 3.0384112363681188 140.88236814294942 41.639318841975182 121.55269779684022 56.930313287768513 44.745474407449365 104.63542536483146 67.31900050654076 3.4101529780309638 228.24661419680342 30.56828810274601 578.84746746323071 16.522610124666244 6.0796218800824118 101.91724825161509 70.226813295856118 120.88906006654724 53.566662436118349 2.0867226151749492 2.4548531938344231 399.72303990239743 241.22674184083007 2.7211326933465889 373.80249936063774 115.74780901009217 12.980700868181883 41.762405434623361 30.631798769813031 181.15542967850342 210.79642902966589 36.833964233985171 4.0713870343752196 11.86623946065083 2.3387419246137133 2.8175044441595665 18.219384558498859
leaf_count=18688 1020 53977 181 739 112410 10713 10752 1842 442049 6176 649 206314 333 9577 1282 22894 7185 1073 5492 3562 4 13709 426 320 5686 110 503 24906 2966 20700 6634 2476 12474 2273 141 1901 366 267406 2127 1673 23879 204 1096 3269 10 394 6984 3274 72 14019 42560 2182 1410 1310 49229 1575 2782 260 1973 2 24 4543
internal_value=0.000199072 -0.0281337 -0.0411167 -0.0540686 -0.0569867 0.0242553 -0.0144129 0.0301768 -0.0645143 0.0204784 0.0154371 -0.0375465 0.0335018 -0.0228499 0.0131072 0.0350476 0.00710927 0.0193345 0.000407595 0.0217535 -0.0306512 -0.0400507 0.0450137 0.00387717 0.00555709 -0.011331 -0.0173238 -0.0267017 0.013181 -0.016589 0.0224692 0.014038 0.0151909 0.0287562 0.00267957 0.0430896 0.02672 -0.0569398 0.0159258 -0.000661302 -0.0250193 0.0479072 0.0372824 0.0136264 -0.0501453 0.0229225 0.0206782 0.0164198 0.0279143 0.0107043 -0.0577257 0.0304073 0.0148051 -0.0100107 -0.0106635 0.0143459 0.00833629 0.0152063 0.0167489 -0.04507 -0.0526841 -0.0177649
internal_weight=8506.23 3905.93 3045.84 2051.04 1975.71 4600.3 994.797 2752.17 1424.23 920.11 1848.13 551.486 332.553 699.34 587.557 1832.06 713.855 252.763 461.092 247.657 426.383 255.561 468.408 30.7828 295.456 240.279 207.585 159.801 220.814 170.822 75.3266 47.7839 217.004 112.368 45.0495 230.328 32.6937 780.786 187.948 80.7105 138.108 437.625 191.116 64.1879 8.16634 56.0215 1134.28 734.556 243.948 490.608 117.452 192.301 85.3749 43.6125 272.958 579.212 368.415 326.425 322.354 41.9902 39.6515 199.375
internal_count=1444760 1296510 1242533 1035733 1028918 148250 206800 44110 821865 18150 104140 207053 4076 174953 14074 25960 69078 16722 52356 15649 111604 80152 3066 746 31847 33853 33377 30398 18503 31452 6815 2979 17854 5380 3107 2234 476 379816 13159 7473 37588 2320 1300 5346 1683 3663 35062 28078 3346 24732 42564 8464 4902 3492 63349 12792 11217 8409 8149 2808 2806 53772
is_linear=0
shrinkage=0.05


Tree=7
num_leaves=63
num_cat=0
split_feature=8 15 4 6 6 0 4 0 4 4 15 0 6 8 2 6 8 17 6 0 4 2 15 0 4 2 0 6 0 0 17 15 15 8 2 0 0 8 15 8 15 1 8 10 8 6 2 8 10 2 15 15 6 2 4 10 3 8 1 2 6 0
split_gain=2120.51 830.489 291.167 171.157 108.63 86.7214 78.5016 55.714 54.5503 46.2437 41.1081 39.8298 34.8548 32.2744 29.853 28.978 27.5161 24.997 24.514 26.3178 24.4358 21.995 19.6125 19.3862 18.3874 17.1182 16.9793 16.6198 21.7157 15.9511 22.7525 15.5633 15.0985 16.3917 16.4635 14.6504 14.3537 25.004 14.0103 13.8335 17.9903 15.4529 13.6728 13.35 28.2664 13.3472 13.1194 18.9839 13.7331 24.7102 24.2568 17.2823 13.0327 25.8884 26.5303 24.6911 15.0511 16.0171 17.9416 17.7777 12.3917 14.9183
threshold=43.500000000000007 2.7479908466339116 66.500000000000014 14.500000000000002 41.500000000000007 89.500000000000014 39.500000000000007 39.500000000000007 25.500000000000004 2.5000000000000004 13.139445781707765 7.5000000000000009 70.500000000000014 55.500000000000007 44.500000000000007 31.500000000000004 12.500000000000002 1.5000000000000002 4.5000000000000009 3.5000000000000004 96.500000000000014 1.5000000000000002 18.536624908447269 90.500000000000014 7.5000000000000009 91.500000000000014 1.0000000180025095e-35 38.500000000000007 4.5000000000000009 70.500000000000014 4.5000000000000009 23.439095497131351 6.9857230186462411 16.500000000000004 11.500000000000002 52.500000000000007 65.500000000000014 46.500000000000007 28.53977203369141 39.500000000000007 11.563776016235353 0.0091326101683080214 37.500000000000007 12.500000000000002 29.500000000000004 13.500000000000002 37.500000000000007 24.500000000000004 100.00000000000001 41.500000000000007 8.84729051589966 12.467997074127199 23.500000000000004 40.500000000000007 2.5000000000000004 10.500000000000002 0.011299795936793091 17.500000000000004 0.013986697886139156 10.500000000000002 46.500000000000007 18.500000000000004
decision_type=2 2 2 2 2 2 2 2 2 2 2 2 2 2 2 2 2 2 2 2 2 2 2 2 2 2 2 2 2 2 2 2 2 2 2 2 2 2 2 2 2 2 2 2 2 2 2 2 2 2 2 2 2 2 2 2 2 2 2 2 2 2
left_child=3 2 8 9 13 11 10 14 17 18 12 -6 24 -4 27 -10 -9 -2 31 21 -7 -20 -3 46 52 -13 -23 28 -8 35 42 -1 33 34 -25 39 37 -24 45 40 41 -26 -31 44 -18 -21 47 -11 49 -48 -51 -52 53 54 -5 -54 -56 58 -58 -60 61 -19
right_child=1 22 4 6 5 20 7 16 15 23 -12 25 -14 -15 -16 -17 43 60 19 38 -22 26 36 32 29 -27 -28 -29 -30 30 -32 -33 -34 -35 -36 -37 -38 -39 -40 -41 -42 -43 -44 -45 -46 -47 48 -49 -50 50 51 -53 55 -55 56 -57 57 -59 59 -61 -62 -63
leaf_value=0.037865304587203101 -0.025527640584652081 0.012483620164286332 -0.053450253554638387 -0.10877890650918379 0.033215601489093229 -0.048953748547616305 0.035540677377397911 0.024212004136247661 0.055214333696341489 0.021873014124438196 0.034174239130547478 -0.052733221122269726 0.052622339004970944 0.028187320814681623 0.031134072530258794 -0.031161404305959275 0.045151199863124304 -0.098509501874224234 0.02437260838893919 0.027558986914679579 -0.068021703316984525 0.019215816203803516 0.047686351940353588 0.019990087061634271 -0.097055480534407754 -0.034010508108135933 -0.10851294367286575 0.023325776520233918 -0.02936521274160497 0.0010198660352635667 -0.096765852351753875 0.012091031634733958 0.0345447338683465 0.028974943961352747 -0.041689055643555489 0.032678588703287326 0.039500392846531451 -0.10271970995246943 -0.1067872484749068 0.034604040377165884 -0.11016535821485147 0.00166826253869408 -0.095802626167540261 -0.037738514425512799 -0.10541541141134854 -0.10713593606254466 0.061323776703967062 -0.10008278942199036 0.038784879560341406 -0.10886314780508388 0.026852624782591112 -0.10370969543391345 -0.10739515372709912 0.034811532663356654 -0.10699060683258142 0.037780773740615434 -0.10484488425394317 0.038017595812028855 -0.10437932832667945 0.050115922703097074 0.0012991104011563991 0.039971031966477083
leaf_weight=1077.1123267726507 82.42400287068449 599.1454456129577 16.072399709373713 7.1516455137170842 17.765720879891887 200.84140312974341 15.448398604057727 22.450275765033439 9.9216684370767307 1964.727192867198 196.53605434298515 234.78190280380659 42.776794193312526 49.062926226295531 80.1630798621336 455.42842449666932 12.822086807340385 2.0547710198443374 9.5031837113201636 137.75692520709708 1028.1071021648822 3.5271302545443168 6.1504781385883671 14.86803633905947 3.9979813073296091 254.33658647211269 9.9180520563386363 31.667807003483176 77.718597095925361 35.230298344744369 9.0934199797920865 61.936901861801744 24.229457030072808 19.051352722803131 39.726470470544882 42.418325304519385 114.38098650751635 5.017448125872761 2.0224998425692311 30.684758716262877 3.679882936179637 462.90676480764523 4.0671683840919277 193.75176193052903 4.1183031261898568 1.8640777785331 13.185970503836868 3.1961495024152091 212.12386457086541 6.219050835818055 15.385332816280426 3.0344709339551619 3.0260912617668501 40.46549023129046 3.2002050157170734 91.102476355154067 5.3814561418257645 18.22726686578244 2.5314159756526333 7.0415477505885065 181.58114462648518 36.346807320835069
leaf_count=8751 22153 48429 6077 589 1985 94477 824 1355 992 51605 2440 107363 1153 7552 5788 147941 216 548 165 1884 662248 34 45 776 694 97630 471 4194 18890 2940 1864 351 353 1311 4812 2546 1580 172 25 1934 203 39727 858 57718 331 104 81 758 3726 295 235 133 226 438 206 2584 498 666 216 136 18053 2411
internal_value=0.000211978 -0.0310221 -0.0443583 0.0205131 -0.0553494 -0.0577281 0.00598282 -0.0116909 -0.0185759 0.0263249 0.0136534 -0.0403264 0.00869249 0.00804293 0.0073235 -0.0293198 -0.0284098 -0.00204292 0.0338575 0.0158204 -0.0649055 -0.0338518 0.0162489 0.0220844 0.00625265 -0.0429976 -0.0750053 -0.00796653 -0.0186029 0.00201522 -0.0254934 0.0364638 0.00030719 -0.0109569 -0.0248916 0.00446362 0.0342177 -0.019887 0.0238681 0.00207602 -4.499e-05 0.000822917 -0.00900097 -0.0340169 0.00854762 0.0257607 0.0230454 0.0216749 0.0338358 0.00608121 -0.0234829 0.00534384 0.0203375 0.00602067 -0.0207411 0.0331136 -0.00343542 0.00655195 -0.0318001 0.00926214 0.00675643 0.0325613
internal_weight=8360.47 3293.42 2568.72 5067.05 1800.97 1735.83 1447.66 438.14 767.757 3619.39 1009.52 506.884 812.983 65.1353 204.998 465.35 233.142 302.407 1303.64 164.592 1228.95 22.9484 724.694 2315.75 770.206 489.118 13.4452 124.835 93.167 592.079 48.3909 1139.05 97.8753 73.6459 54.5945 543.688 125.549 11.1679 141.644 501.269 470.585 466.905 39.2975 210.692 16.9404 139.621 2217.87 1967.92 249.949 37.8248 24.6389 18.4198 178.128 83.999 43.5335 94.1286 36.3819 33.1817 14.9544 9.57296 219.983 38.4016
internal_count=1444760 1219656 1169430 225104 977332 963703 149234 89316 192098 75870 59918 206978 57478 13629 29696 148933 59620 43165 11785 2683 756725 670 50226 64085 56325 204993 505 23908 19714 50766 5662 9102 7252 6899 5588 45104 1797 217 2013 42558 40624 40421 3798 58265 547 1988 56833 52363 4470 744 663 368 5559 2749 2311 2810 1722 1516 850 352 21012 2959
is_linear=0
shrinkage=0.05


Tree=8
num_leaves=63
num_cat=0
split_feature=6 15 4 6 1 11 4 17 12 4 12 13 12 2 4 1 15 2 2 1 12 13 2 12 16 11 2 12 1 6 4 6 1 4 12 15 2 15 12 1 1 6 1 15 12 11 12 1 1 15 2 11 4 15 15 12 12 12 12 6 2 3
split_gain=1896.84 731.615 300.165 181.13 116.962 82.9979 71.2248 54.3686 50.96 50.7297 43.7086 40.1703 53.4251 39.139 34.5632 33.5391 30.0241 28.2009 27.1842 27.8076 25.3979 24.3396 23.0028 27.8004 50.1593 23.711 28.7123 24.9203 24.3995 20.7143 20.5863 28.3708 20.2479 19.8032 20.0861 19.7192 21.7073 25.1585 19.3673 18.9938 21.5005 18.9325 24.3948 17.7744 23.5168 26.0501 23.7371 22.1912 21.7453 20.1898 17.7497 17.446 17.1212 16.8947 21.4616 16.7611 16.6812 28.2196 16.3841 19.8279 18.176 16.3093
threshold=46.500000000000007 2.7479908466339116 38.500000000000007 19.500000000000004 0.0069687257055193194 0.010695492848753931 30.500000000000004 1.5000000000000002 26.500000000000004 96.500000000000014 2.5000000000000004 3.5000000000000004 71.500000000000014 7.5000000000000009 41.500000000000007 0.012121656909585001 8.8042221069335955 25.500000000000004 100.00000000000001 0.012579114176332952 26.500000000000004 7.5000000000000009 83.500000000000014 62.500000000000007 1.0000000180025095e-35 0.015268065501004459 9.5000000000000018 67.500000000000014 0.011696306522935631 3.5000000000000004 5.5000000000000009 23.500000000000004 0.014389234129339458 1.5000000000000002 5.5000000000000009 17.899197578430179 35.500000000000007 9.8916802406311053 55.500000000000007 0.014599318150430919 0.0099504948593676108 20.500000000000004 0.016261236742138866 10.154716968536379 65.500000000000014 0.014815627597272398 34.500000000000007 0.0068729333579540261 1.0000000180025095e-35 8.5227465629577654 83.500000000000014 0.015749008394777778 1.5000000000000002 7.9160456657409677 7.8619401454925546 80.500000000000014 59.500000000000007 56.500000000000007 50.500000000000007 13.500000000000002 10.500000000000002 0.0065574476029723891
decision_type=2 2 2 2 2 2 2 2 2 2 2 2 2 2 2 2 2 2 2 2 2 2 2 2 2 2 2 2 2 2 2 2 2 2 2 2 2 2 2 2 2 2 2 2 2 2 2 2 2 2 2 2 2 2 2 2 2 2 2 2 2 2
left_child=3 2 7 8 9 6 20 21 10 55 -1 12 13 -10 35 -6 22 51 19 -9 -5 -2 23 24 32 26 -25 -28 -29 -12 31 -22 -13 34 -31 36 58 -38 -17 40 -8 42 -7 44 46 50 -3 -47 49 -48 -46 -16 -43 54 -50 -4 57 -54 -15 60 -60 -42
right_child=1 43 4 5 15 41 39 18 11 -11 29 16 -14 14 17 38 -18 -19 -20 -21 30 -23 -24 25 -26 -27 27 28 -30 33 -32 -33 -34 -35 -36 -37 37 -39 -40 -41 61 52 -44 -45 45 47 48 -49 53 -51 -52 -53 56 -55 -56 -57 -58 -59 59 -61 -62 -63
leaf_value=0.022092397791950224 -0.040037357647564886 0.037758409929142277 -0.045242568907710619 0.029168278312229762 -0.036581881271557808 -0.10313852081087474 -0.031617541844607099 -0.019956891531001504 0.031662469030403977 -0.064400968471996459 0.050075197468574112 0.0028710322563029488 0.054659824237952653 0.016828331257941465 -0.083464935843524921 0.0078378290599549899 0.025573420837382371 -0.00039545935359040882 0.020820061028941125 0.027468338701062297 -0.10798532872806282 0.031840511654487168 0.038067968552650461 -0.053441478699088635 -0.081531148544901941 0.068089653933187486 -0.069068921488654497 -0.059611040921336504 0.03382809514698841 0.070917758000892436 -0.007132006073855098 0.037350441088074574 0.018476705834221549 0.033570055413508167 -0.10986236955750664 0.069166501552371015 0.040254756508460963 -0.11019474106956456 -0.080941008089818578 -0.097762087063027567 -0.094159931603985933 -0.10798602679446861 0.078906954172307586 0.022634309834762206 0.05690723494937449 -0.079354397948467478 -0.030020899278744625 0.049572004673392706 -0.068134436443729338 0.017605032704579464 0.014864268199145093 0.069932545760679157 0.021574026781794958 -0.10379084674473811 0.06865319627540073 0.014614931615568684 0.040019436052669805 -0.065241597938156287 -0.054230479543811549 -0.07916302410400522 0.013067819764935247 -0.0052163619123155331
leaf_weight=458.68227472528815 118.40889463876374 21.853652759687975 386.14197057276033 103.27732162573375 504.03442579694092 6.1265005534514767 210.78387762513012 127.48703670315444 637.38151183328591 1045.5093148193555 363.84225703915581 305.13841528468765 160.50022026849911 161.55014971434139 17.923462778446268 66.457509613828734 545.10247934772633 71.220437608659267 149.88661124859937 40.801140505354851 3.599735681898891 13.078637975268064 75.201276839943603 41.069010799983516 14.089474288281052 7.9770258981734505 10.300892153987659 8.541818256955592 38.37189468415454 2.2670460864901534 210.22163970768452 49.980370121775195 651.93485333863646 227.20160631579347 4.7681226939894259 18.858500064350665 97.729538857936859 2.8600287642329922 6.7688181870616964 8.1996193123050016 5.3152805333957067 2.3562757070176295 2.6303424835205078 329.92864870838821 28.261212140787393 12.350542222149672 47.461976116755977 4.5735989031381896 8.270295094233008 41.895878282375634 224.72160845110193 2.0673151900991789 130.37987294257618 11.841901244595645 4.3894831398501983 12.060420325957237 133.61176280910149 10.084393105469642 12.810974900145082 9.5536149756517244 46.268629752099514 169.87873163120821
leaf_count=11257 40706 2762 170356 5800 198405 322 66211 23466 9042 685552 1791 21977 1930 6135 2615 13277 5396 5942 10718 2798 443 1154 2105 4023 1035 53 1531 1359 1410 7 22176 1379 13591 6266 152 49 1513 128 3360 1909 1035 149 1 9422 662 1659 9443 112 937 3656 20442 11 3104 1350 51 4028 2381 477 634 1147 1198 32760
internal_value=0.000308208 -0.0297577 -0.0427899 0.0194359 -0.0510107 0.000918985 -0.0076998 -0.00584262 0.0242883 -0.0586167 0.0337039 0.0208999 0.0277462 0.02374 0.0122854 -0.0319882 0.0159046 -0.015125 0.005334 -0.00845874 0.00814863 -0.0328879 0.0113319 0.00946582 0.0121225 -0.0148149 -0.0215438 0.00135263 0.0168152 0.0426091 -8.04839e-05 0.0275862 0.0135012 0.0310118 -0.0516069 0.0194362 0.0166009 0.0359771 -0.000368616 -0.0224587 -0.020859 0.0239252 -0.0484565 0.0140162 0.00700633 0.0155433 -0.00997202 -0.0445132 -0.0191332 -0.00769124 0.019561 -0.0676016 0.0262181 -0.060862 -0.0207065 -0.0434297 0.0273718 0.0153412 0.00813356 -0.0123323 -0.00152532 -0.00791486
internal_weight=8245.84 3206.18 2470.63 5039.66 2020.97 1046.45 761.257 449.662 3993.21 1443.71 1056.76 2936.45 1238.72 1078.22 440.843 577.261 1697.73 91.2112 318.175 168.288 367.079 131.488 1152.62 1077.42 971.163 106.261 98.2836 57.2146 46.9137 598.079 263.802 53.5801 957.073 234.237 7.03517 349.631 330.773 100.59 73.2263 394.178 385.978 285.189 8.75684 735.549 405.62 269.907 135.713 16.9241 113.86 89.3579 252.983 19.9908 276.432 24.5017 12.6598 398.202 274.076 140.464 230.183 68.6332 59.0796 175.194
internal_count=1444760 1204316 1153820 240444 1074978 138147 131713 78842 102297 859936 19473 82824 30344 28414 19372 215042 52480 8568 36982 26264 29798 41860 47084 44979 36603 8376 8323 4300 2769 8216 23998 1822 35568 6425 159 10804 10755 1641 16637 101915 100006 6434 323 50496 41074 22875 18199 1771 15437 13099 21104 2626 6111 2338 988 174384 5962 3581 9114 2979 1832 33795
is_linear=0
shrinkage=0.05


Tree=9
num_leaves=63
num_cat=0
split_feature=8 15 5 8 6 5 0 5 15 6 12 12 0 12 2 0 6 5 13 13 8 6 10 2 12 12 6 6 5 13 2 0 8 0 5 12 0 10 12 11 2 6 12 2 2 12 5 5 2 6 15 10 6 0 12 6 12 6 13 5 12 13
split_gain=1830.1 731.678 239.904 140.633 91.1958 84.9076 68.4416 48.9441 38.7563 37.3913 37.0951 41.544 35.1125 32.2919 29.7208 28.67 26.5902 26.2502 45.8014 25.421 22.0962 21.7086 21.5918 25.9669 21.408 20.0412 19.8649 20.6594 19.4367 18.3949 18.2832 17.5516 17.007 15.6501 15.5998 15.2453 35.5117 14.9303 14.5887 14.2639 14.2287 13.7676 14.6644 13.722 13.7134 13.3249 16.2518 13.7299 13.2113 13.1977 20.6582 13.1393 13.0937 12.8683 12.7856 12.6579 18.7886 16.6305 12.7671 19.2024 15.0104 12.5299
threshold=43.500000000000007 3.3978332281112675 0.0078432578593492525 9.5000000000000018 41.500000000000007 0.011299795936793091 89.500000000000014 0.012739370577037336 7.2927722930908212 5.5000000000000009 25.500000000000004 2.5000000000000004 39.500000000000007 70.500000000000014 33.500000000000007 7.5000000000000009 33.500000000000007 0.015268065501004459 4.5000000000000009 6.5000000000000009 55.500000000000007 64.500000000000014 4.5000000000000009 83.500000000000014 67.500000000000014 79.500000000000014 61.500000000000007 28.500000000000004 0.0063492704648524531 7.5000000000000009 2.5000000000000004 82.500000000000014 41.500000000000007 67.500000000000014 0.015749008394777778 42.500000000000007 47.500000000000007 22.500000000000004 69.500000000000014 0.01183473411947489 37.500000000000007 51.500000000000007 75.500000000000014 91.500000000000014 56.500000000000007 56.500000000000007 0.014185110572725536 0.013245614245533945 44.500000000000007 19.500000000000004 24.872847557067875 2.5000000000000004 30.500000000000004 53.500000000000007 63.500000000000007 48.500000000000007 37.500000000000007 16.500000000000004 5.5000000000000009 0.0086581707000732439 27.500000000000004 2.5000000000000004
decision_type=2 2 2 2 2 2 2 2 2 2 2 2 2 2 2 2 2 2 2 2 2 2 2 2 2 2 2 2 2 2 2 2 2 2 2 2 2 2 2 2 2 2 2 2 2 2 2 2 2 2 2 2 2 2 2 2 2 2 2 2 2 2
left_child=3 2 4 10 20 8 15 16 9 -5 11 29 14 19 30 61 48 18 51 34 -2 45 23 -7 -21 -18 27 -14 -8 33 -11 -13 -25 44 -12 36 -10 -32 -36 -31 -19 49 -43 -17 -1 46 47 53 -4 50 -24 -15 -38 -9 -22 57 -57 58 59 60 -16 -6
right_child=1 -3 7 5 6 22 28 21 35 12 13 31 26 17 55 43 25 40 -20 24 54 -23 41 32 -26 -27 -28 -29 -30 39 37 -33 -34 -35 38 -37 52 -39 -40 -41 -42 42 -44 -45 -46 -47 -48 -49 -50 -51 -52 -53 -54 -55 -56 56 -58 -59 -60 -61 -62 -63
leaf_value=0.0236976501790188 -0.049228248341834112 0.014941433847362379 -0.087893380179539293 0.041117640104459119 0.036883492307324017 0.03758445454791403 -0.064426117524972001 0.036820794734182941 -0.10492884790964507 0.047186369746063522 0.019506037828383439 0.045230183498865102 -0.017331490073519192 -0.10540827712378756 -0.1086576685385796 -0.050588607955254321 -0.030058074274716746 0.053233967617344551 -0.082482092656446016 0.010723838372326176 0.026439041601162606 -0.0088094102561158457 0.018160419373294028 -0.10386965627010865 -0.10402232728176455 0.022690646304803816 0.018291698548553278 -0.047369926328772828 -0.047006662542470525 -0.0024840414969809709 0.072384564620962738 -0.10869273073085861 0.065452493932195974 -0.049246499325910645 0.029970963829175107 0.028557418610359389 -0.10902416520600205 -0.023899122441005418 -0.11493337844164171 -0.1071067494493164 -0.11079461612640354 0.040365705945636626 -0.10591054859715116 -0.033462468984381002 0.058561532664406217 0.055865936589836629 0.032429631578864256 -0.097976576100837182 0.053043880051734452 0.0051937962872080357 -0.10094480061799189 0.037878225016745426 0.071528958742718321 -0.099742099063746995 -0.093438750637998405 0.067189885808887448 -0.052307284564467121 -0.0038036083698637143 0.065392666825663456 -0.10694936100413677 0.038233041051466778 -0.083234422622854021
leaf_weight=287.23597025847994 14.405637247720732 724.31391171831638 1.8802544611971832 34.450415881583467 16.480335650267083 165.30184746719897 961.1664919462055 6.9991886718198639 7.2986643533222368 10.407282825792207 955.38263078196906 478.68820487800986 127.19335583038628 1.6559777380898584 1.8934350232593775 223.40481076855212 507.19214900769293 154.91044258978218 10.406856570392845 403.26792620285414 48.43609597091563 131.94512749928981 579.15662347408943 5.4368314668536177 4.1062035965733221 18.669736388372257 22.572333656949922 104.07885227689985 192.15152311429847 25.868783867452297 4.1380315786227575 1.8592336890287686 2.039236013777554 6.8530358937568954 641.43860313622281 103.64826849428937 1.1681405859999339 149.08914245245978 1.7416887655854214 3.7272112471982828 1.3334836433641601 63.974706628825516 1.7605443969368924 245.47390563134104 31.276708622463048 24.212436240166426 26.447550718439743 5.2533984389156094 14.376027063000947 356.05276674265042 3.6636046376079312 47.274841417558491 7.1522022401914001 2.2892376482486725 2.3313020230270913 19.515806819777939 3.9562553332652888 100.33743021183182 18.019801230169833 3.0614950503222635 21.34695637319237 2.5004608633462331
leaf_count=4128 6077 49348 746 861 896 1877 662947 428 454 586 22925 3535 25067 48 174 107364 162104 1600 1219 9026 6713 20361 23726 324 470 4186 5327 37471 94538 585 66 175 17 470 5628 2238 76 31761 64 77 52 1974 150 97630 162 937 1204 1046 833 24845 113 994 114 370 839 637 983 13988 315 207 595 1089
internal_value=0.000491336 -0.0291989 -0.0422719 0.0194139 -0.0525796 0.00879591 -0.054883 -0.01848 -0.00448432 -0.00950504 0.0260713 0.0350523 -0.0124831 0.0226935 -0.00177369 -0.0391838 -0.0262384 0.0410819 0.0127702 0.0207173 0.00542564 0.00285395 0.0171351 0.0334622 0.00956723 -0.0281853 -0.0264799 -0.0308496 -0.0615239 0.0220798 -0.0169432 0.0446347 -0.0576839 0.0255126 0.0235587 0.021618 -0.0244322 -0.0212989 0.0295786 -0.0156598 0.051834 0.0143271 0.0364481 -0.0416225 0.0271211 0.0264564 0.00908422 -0.0333746 0.0367426 0.0127783 0.0174117 0.0330289 0.0461801 0.00316333 0.0209341 0.0129901 0.0470484 0.00746387 0.0329717 0.0107596 0.0262656 0.0210596
internal_weight=8143.67 3169.93 2445.62 4973.74 1706.35 1916.71 1641.18 739.265 739.328 620.061 3057.03 835.509 585.61 2221.52 331.766 487.86 542.118 215.582 59.3377 2005.94 65.173 197.147 1177.39 172.778 407.374 525.862 253.845 231.272 1153.32 354.962 163.634 480.547 7.47607 325.366 1598.56 119.267 15.619 153.227 643.18 29.596 156.244 1004.61 65.7353 468.879 318.513 65.2018 40.9894 14.5418 16.2563 938.873 582.82 48.9308 8.32034 9.28843 50.7674 168.131 23.4721 144.659 44.3217 26.3019 23.2404 18.9808
internal_count=1444760 1219656 1170308 225104 978093 173946 964464 192215 120920 118038 51158 9132 117177 42026 49312 206979 167869 3913 2261 38113 13629 24346 53026 2218 9496 166290 67865 62538 757485 5422 32413 3710 341 4760 28617 2882 644 31827 5692 662 1652 50808 2124 204994 4290 3985 3048 1844 1579 48684 23839 1042 190 798 7552 16899 1620 15279 1291 976 769 1985
is_linear=0
shrinkage=0.05


Tree=10
num_leaves=63
num_cat=0
split_feature=4 8 15 6 17 11 4 15 4 11 6 0 13 0 6 13 15 3 12 0 15 12 13 12 12 13 13 3 8 3 8 12 3 5 13 0 4 3 3 7 3 8 0 5 12 13 15 8 0 12 4 11 0 12 1 0 3 6 12 0 6 8
split_gain=1653.58 410.896 360.748 148.015 108.71 95.7197 77.5385 66.9439 31.3517 30.9508 28.2448 28.1332 27.9272 37.8007 28.3861 27.0964 25.3453 23.5842 20.477 19.7097 19.5264 20.6765 21.7367 19.3268 19.2518 29.213 18.1854 17.9623 17.4757 21.4023 16.1321 15.908 21.2446 17.4569 15.3878 15.385 19.2664 15.3132 15.2493 15.2032 15.0301 15.452 24.9858 16.418 14.5149 14.1985 14.1051 19.669 16.7666 14.99 14.0379 24.6225 13.9103 13.6359 16.5714 13.5207 14.8922 14.1189 13.2025 13.0735 18.1055 24.5028
threshold=39.500000000000007 26.500000000000004 5.4654297828674325 19.500000000000004 1.5000000000000002 1.0000000180025095e-35 6.5000000000000009 7.4599819183349618 89.500000000000014 0.01197647722437978 10.500000000000002 21.500000000000004 3.5000000000000004 1.5000000000000002 63.500000000000007 5.5000000000000009 1.0000000180025095e-35 0.0081634009256958979 26.500000000000004 51.500000000000007 7.1774418354034433 70.500000000000014 4.5000000000000009 71.500000000000014 45.500000000000007 7.5000000000000009 1.5000000000000002 0.0077822189778089532 39.500000000000007 0.012903762981295587 12.500000000000002 59.500000000000007 0.016261236742138866 0.015504807699471714 1.5000000000000002 12.500000000000002 61.500000000000007 0.0066445916891098031 0.0091326101683080214 0.0094788861460983771 0.014389234129339458 2.5000000000000004 3.5000000000000004 0.013986697886139156 56.500000000000007 5.5000000000000009 4.8148729801177987 1.0000000180025095e-35 5.5000000000000009 63.500000000000007 26.500000000000004 0.016261236742138866 15.500000000000002 63.500000000000007 0.0093025267124176043 21.500000000000004 1.0000000180025095e-35 33.500000000000007 86.500000000000014 56.500000000000007 59.500000000000007 9.5000000000000018
decision_type=2 2 2 2 2 2 2 2 2 2 2 2 2 2 2 2 2 2 2 2 2 2 2 2 2 2 2 2 2 2 2 2 2 2 2 2 2 2 2 2 2 2 2 2 2 2 2 2 2 2 2 2 2 2 2 2 2 2 2 2 2 2
left_child=4 9 3 -3 15 8 12 10 19 11 24 17 13 -6 23 -1 -7 -2 -14 38 21 34 58 26 -8 27 -15 -26 29 -4 45 32 -20 -34 -12 -19 -37 -30 -5 -11 50 -42 -43 -44 -35 -13 48 -48 -28 -50 -9 52 -52 54 -39 -10 57 -57 -23 60 61 -24
right_child=1 2 28 5 6 16 7 40 55 39 20 30 18 14 -16 -17 -18 35 31 -21 -22 22 59 -25 25 -27 46 -29 37 -31 -32 -33 33 44 -36 36 -38 53 -40 -41 41 42 43 -45 -46 -47 47 -49 49 -51 51 -53 -54 -55 -56 56 -58 -59 -60 -61 -62 -63
leaf_value=-0.038746017246848369 0.051503221904522979 0.030890783444875683 -0.10263338706692227 0.0050109291614429501 0.04473026234480304 -0.065845955916900137 0.021714550818867646 0.032635780477422369 -0.022246999882447181 -0.12157481309281307 -0.015044746709420076 0.011267536225087929 0.032095442551073043 0.00094596182650733365 -0.064485901395046605 0.010108391001056484 -0.024996495012105754 0.016610431125494565 0.018279131094491769 -0.035531609335443831 -0.10165481420905256 0.042878728714554587 0.07635674882885185 0.050249631585407344 -0.11132273378885603 -0.098733167975348632 0.04434356203209492 0.0085948431292798312 0.00375627987158221 0.075563774276700996 -0.01884256934795496 0.029246706127914003 -0.11364221745159918 0.0011973290187162087 0.0036085845995424181 -0.091084218649878285 -0.0007887547520254737 0.024543492104732351 -0.029002708114438627 0.0528455590763715 0.037386991040720262 -0.10347051419716446 -0.062917427092130537 0.016460516340726424 -0.11098516206148193 -0.068206343463380961 -0.11023688076125429 0.01294955691100224 0.021599106904073555 -0.11120714540959938 -0.10365107107258975 -0.10543612002923959 0.02054408360522585 0.058338138542729068 -0.099978855015885271 -0.0032380513090186445 -0.05427468769231001 -0.043028245500919833 -0.1007165494259265 -0.070025650671170503 0.064137085266269656 -0.096115365048985532
leaf_weight=98.63480429793708 42.754994855728 63.880946566117927 7.3223127005621773 60.239669750444591 414.30186630692333 567.90112007095013 453.75102633936331 513.27513446798548 59.798020721646026 1.2826538723893453 129.80778771732002 111.29078618017957 384.612351951655 83.271486274432391 8.8395837997086328 39.848517948528752 40.692998382262886 218.20464240619913 633.53159386175685 445.18686396698467 4.4561954615637651 68.819499753648415 3.090724068693822 69.994936969596893 3.1896719643846145 6.9522008625790468 138.30204598419368 148.80515575851314 389.01848886581138 2.188640758395195 119.68876164429821 256.4646233774256 3.6256350972689679 100.46986105688848 745.7009802061948 7.2259364764904594 32.37917253212072 14.175135099794717 72.745007210643962 48.103791581932455 25.431027693208307 6.3064006357453755 7.8774204896762958 37.641894872765988 2.9685812899842849 5.9188619635533533 3.4081947542726985 65.813142881495878 129.6726054304745 2.1601318120956412 2.2926052450202397 4.128184017725288 135.97575104259886 25.675771542359143 3.2923676162026814 23.372209121473134 381.24486259499099 483.27846340602264 1.6388418036513019 7.5023037968203417 7.9984860897529861 6.1707750158384442
leaf_count=36042 483 3712 841 14258 2447 442748 10401 8052 17007 119 17822 7406 3466 3086 1067 7635 8863 9719 11176 191524 551 2582 78 573 211 1219 988 5867 33286 12 26070 5497 158 1117 73329 1963 4690 843 22225 735 209 224 311 421 76 1459 69 936 2222 173 169 180 2918 441 431 5882 210579 235137 237 1684 390 1376
internal_value=0.000220205 -0.0274077 -0.0358198 -0.0441044 0.0189624 -0.0463489 0.0202713 0.0138253 -0.0396619 0.0104353 0.0080559 0.00695454 0.0267829 0.0335542 0.0243207 -0.0246882 -0.0631146 0.0171104 0.0222949 -0.030486 0.00277012 0.00324949 0.0253766 0.0259142 0.0164689 0.00149396 0.0218838 0.00607833 0.0054152 -0.061627 -0.00593071 0.0185144 0.0147978 -0.00580212 0.000842938 0.0114067 -0.0172631 0.00689066 -0.0135951 0.0483156 0.0263245 0.00546543 -0.0101986 0.00272363 -0.0020222 0.00725426 0.0270216 0.00688433 0.0321817 0.019423 0.0287823 0.0148923 0.0184848 0.035153 0.00107286 -0.04526 -0.0468098 -0.0411927 0.0395387 -0.0149204 0.00903193 -0.0385584
internal_weight=7983.59 3226.86 2640.01 2198.34 4756.73 2134.46 4618.25 2320.81 1525.87 586.85 1587.88 537.463 2297.44 915.764 501.462 138.483 608.594 300.565 1381.67 578.172 975.186 970.729 95.2206 492.623 612.698 158.947 422.628 151.995 441.673 9.51095 236.898 997.06 740.596 107.064 875.509 257.81 39.6051 432.162 132.985 49.3864 732.928 77.2567 51.8257 45.5193 103.438 117.21 339.356 69.2213 270.135 131.833 655.672 142.397 138.268 43.1433 17.4675 947.694 887.896 506.651 70.4583 24.7623 17.26 9.2615
internal_count=1445392 1240433 1187789 1151935 204959 1148223 161282 128231 696612 52644 115747 51790 33051 11561 9114 43677 451611 16855 21490 228007 98049 97498 6347 8047 17698 7297 7474 6078 35854 853 34935 18024 12527 1351 91151 16372 6653 35001 36483 854 12484 1165 956 732 1193 8865 4388 1005 3383 2395 11319 3267 3087 1715 1274 468605 451598 241019 2819 3528 1844 1454
is_linear=0
shrinkage=0.05


Tree=11
num_leaves=63
num_cat=0
split_feature=4 8 15 8 6 10 10 8 13 10 0 15 4 0 0 6 4 3 13 4 15 4 15 15 4 3 6 3 4 4 9 6 6 4 8 6 6 8 8 15 8 11 0 3 0 7 6 0 6 6 13 4 4 0 8 0 8 3 3 6 6 0
split_gain=1536.93 355.416 379.106 119.58 97.9213 78.4719 65.9096 62.1707 32.5926 26.8386 27.1167 25.546 25.0689 23.9715 19.8423 20.1719 18.5525 18.4787 20.9544 18.0432 17.9064 17.3818 16.5913 16.1695 16.1691 20.3049 15.2049 15.1517 18.1501 20.1441 17.806 15.0724 23.8655 15.0066 14.6739 14.6163 14.4202 13.744 19.6647 13.3815 13.6571 26.3742 13.2011 12.8352 13.358 13.8001 20.1019 12.5468 11.7708 15.1331 14.0202 11.6752 11.2757 10.6734 10.6306 14.4176 12.6452 13.4812 10.5715 10.5442 10.3715 10.3528
threshold=41.500000000000007 31.500000000000004 5.4654297828674325 2.5000000000000004 19.500000000000004 100.00000000000001 31.500000000000004 13.500000000000002 2.5000000000000004 22.500000000000004 21.500000000000004 1.0000000180025095e-35 9.5000000000000018 88.500000000000014 58.500000000000007 33.500000000000007 88.500000000000014 0.0081634009256958979 6.5000000000000009 40.500000000000007 45.090061187744148 43.500000000000007 21.945818901062015 5.8943471908569345 51.500000000000007 0.015504807699471714 5.5000000000000009 0.0085107926279306429 27.500000000000004 30.500000000000004 0.013606071937829258 40.500000000000007 16.500000000000004 78.500000000000014 43.500000000000007 12.500000000000002 35.500000000000007 31.500000000000004 18.500000000000004 34.299291610717781 32.500000000000007 0.016261236742138866 27.500000000000004 0.011696306522935631 10.500000000000002 0.014815627597272398 9.5000000000000018 43.500000000000007 22.500000000000004 23.500000000000004 2.5000000000000004 38.500000000000007 11.500000000000002 1.5000000000000002 53.500000000000007 46.500000000000007 66.500000000000014 0.0067340831737965354 0.0082988981157541292 31.500000000000004 1.0000000180025095e-35 1.0000000180025095e-35
decision_type=2 2 2 2 2 2 2 2 2 2 2 2 2 2 2 2 2 2 2 2 2 2 2 2 2 2 2 2 2 2 2 2 2 2 2 2 2 2 2 2 2 2 2 2 2 2 2 2 2 2 2 2 2 2 2 2 2 2 2 2 2 2
left_child=3 9 4 8 33 11 19 23 61 24 21 -6 -9 17 53 -16 -17 18 37 39 -10 -11 34 27 25 -2 42 30 -29 -30 -8 32 43 -3 -4 -15 -28 38 -14 -5 -41 -42 -12 -23 -45 46 -46 -35 -37 -50 59 -52 -39 -7 55 -36 58 -58 -56 -51 -31 -1
right_child=1 2 22 6 5 14 7 12 20 10 26 -13 13 35 15 16 -18 -19 -20 -21 -22 31 -24 -25 -26 -27 36 28 29 60 -32 -33 -34 47 54 48 -38 52 -40 40 41 -43 -44 44 45 -47 -48 -49 49 50 51 -53 -54 -55 56 -57 57 -59 -60 -61 -62 -63
leaf_value=0.049295176409588963 -0.10390156653818781 -0.10252872229995842 -0.094220556730399432 0.021768360359912121 -0.064433414717382481 0.041049676493006157 -0.11089991424865464 0.012995508445693841 0.02569028466669598 -0.099632905854187631 -0.11445010808573641 -0.021679697377547939 0.0095902065488905081 0.057592876786070779 -0.0016636035693465964 -0.035845983087061661 -0.049814329098304008 -0.0042473891628769496 0.040805164452897114 -0.10242057551861072 -0.10025694911749805 0.037156932324241332 0.036305031939929441 -0.10169805729179282 0.050223697688489659 0.078084547768886403 -0.019671762360396503 0.016140384320952262 -0.10314300699495618 0.078316930268449561 0.039968864731455549 0.059546970207949523 -0.028412316871520821 0.053649867752930236 -0.10090419791831143 -0.095598347469752529 0.013527046342481858 -0.10167381858981038 -0.10176557010064094 0.048353511564185908 -0.10395595667082372 0.061833206889094675 0.020187297594842554 0.015692150078238674 0.033492167650558728 -0.10394306262184334 -0.084744415639651682 0.0031975306423642686 0.071647410103593601 0.043558669141110694 -0.010601439801394115 -0.059172453443293999 0.013356475848547975 -0.030988397352269732 -0.1016030342842333 0.05241255228863459 0.0021730916038480799 0.046581218637213317 0.022469065293747533 -0.053208756944672066 -0.012852890604414788 0.033892312948075522
leaf_weight=225.82699475716799 3.9888427513651541 2.2585967353079459 3.7548179810401043 1019.7924248832278 545.61309851869009 5.2150129806250325 2.0014867046847931 271.46012285572942 931.0155981881544 3.3397764563560477 1.8850687914527942 37.329864275641739 8.881666322937237 6.3315898166038087 28.127890085568652 379.80665286525618 635.39296475006267 435.77551365073305 54.538778336020187 2.856148329563438 2.8306670971214762 62.053404295118526 44.829321151133627 2.9006718196906141 47.60591783374548 2.4892157055437565 183.10472658020444 1063.6068498708773 5.9579567147884509 3.4833602337166658 85.534395352355205 17.89677691925317 31.987507476937026 25.501029387582093 1.668351612053814 4.9592365396674714 39.822769292164594 2.1871192827820769 7.1613226283807299 81.902187962085009 4.4467732980847341 5.208870267495513 53.248597754864022 161.3781369474018 10.937217895174404 4.5400077039375892 5.3547711526043704 23.845890237716958 4.6397171672433606 3.0397525904700151 180.9458029581001 13.280394008383153 82.132933074026369 366.50048500939738 5.1451056066434822 18.955777679104358 326.87611126853153 18.032877345569432 2.5766143589280546 38.090969030279666 29.861124319490045 211.04149269801565
leaf_count=959 265 406 713 18470 442699 228 107 16929 10082 593 225 8822 283 179 8247 169230 360664 56551 4656 237 37 1286 622 279 749 8 37360 28642 784 15 831 688 7119 552 184 1019 7301 380 932 393 60 21 2180 5508 625 687 1958 1586 123 174 40915 5652 8743 136194 651 445 31719 618 135 12945 2429 2298
internal_value=0.000353811 -0.0270728 -0.0356166 0.0181036 -0.0445008 -0.0462572 0.0131038 0.00828046 0.0305819 0.00646341 0.00329895 -0.0616956 -0.000217481 -0.00447752 -0.0398972 -0.0434312 -0.0445885 0.00102525 0.0158584 0.0230898 0.0253085 0.0137915 0.00754882 0.0162093 0.0401388 -0.0339728 -0.00792671 0.0164966 0.0149074 -0.0184599 0.0365193 0.0150794 0.0121986 0.0235014 0.00412949 -0.0174123 -0.0137413 0.00230199 -0.0401172 0.0234123 0.041723 -0.0145187 0.0155839 0.0175168 0.0108281 -0.0268519 -0.00536925 0.0292698 -0.0193511 -0.0177755 -0.0195383 -0.0139225 0.0103728 -0.0299777 0.00511886 0.0400103 0.00307818 0.00449488 -0.0602022 -0.0460572 -0.00332876 0.0418544
internal_weight=7892.76 3101.06 2471.43 4791.69 2049.59 1997.99 3420.98 2306.77 1370.71 629.633 575.549 582.943 1113.42 841.965 1415.04 1043.33 1015.2 590.677 154.902 1114.21 933.846 297.488 421.839 1193.35 54.084 6.47806 278.061 1190.45 1102.91 39.3024 87.5359 294.148 276.251 51.6055 377.01 251.287 222.927 100.363 16.043 1111.35 91.5578 9.65564 55.1337 244.264 182.21 20.832 16.292 49.3469 244.956 239.997 235.357 194.226 84.3201 371.715 373.255 20.6241 352.631 344.909 7.72172 41.1307 33.3445 436.868
internal_count=1445392 1230267 1163715 215125 1128628 1126084 201749 182568 13376 66552 65530 451521 149481 132552 674563 538141 529894 71545 14994 19181 10119 18464 35087 33087 1022 273 47066 32808 31870 3228 938 17871 17183 2544 34465 61007 44661 10338 1215 18944 474 81 2405 10064 8778 3270 2583 2138 60828 59809 59686 46567 9123 136422 33752 629 33123 32337 786 13119 2444 3257
is_linear=0
shrinkage=0.05


Tree=12
num_leaves=63
num_cat=0
split_feature=4 9 15 17 6 9 10 15 12 12 4 10 0 6 6 15 2 6 4 0 2 3 9 2 2 9 12 4 0 9 15 12 0 15 15 15 12 3 10 5 12 12 9 0 0 17 10 9 2 12 12 12 6 9 12 4 2 10 0 2 10 6
split_gain=1391.14 348.298 357.305 108.611 98.5957 80.0451 74.8147 42.2197 33.9419 45.6107 31.7917 27.2485 28.8527 25.3551 22.5123 18.936 18.8829 18.1613 17.7856 17.9543 17.0857 24.2454 18.7872 22.9018 15.729 20.4095 15.7254 15.6189 15.3108 21.5309 15.149 23.7454 14.933 14.8035 14.0289 13.886 13.2421 13.5305 13.232 14.9479 12.9641 16.2651 13.6407 12.8194 15.645 12.7138 12.4408 12.197 14.2793 11.9285 11.9166 18.7284 18.3177 28.0219 16.1041 18.9995 24.1653 14.0011 11.8977 11.7882 14.8183 13.5468
threshold=42.500000000000007 0.010811126790940763 5.1451749801635751 1.5000000000000002 19.500000000000004 0.015749008394777778 100.00000000000001 10.499359607696535 70.500000000000014 30.500000000000004 13.500000000000002 22.500000000000004 39.500000000000007 10.500000000000002 11.500000000000002 1.0000000180025095e-35 3.5000000000000004 2.5000000000000004 62.500000000000007 93.500000000000014 55.500000000000007 0.0091326101683080214 0.0080972984433174151 100.00000000000001 39.500000000000007 0.014185110572725536 57.500000000000007 31.500000000000004 2.5000000000000004 0.015504807699471714 8.8042221069335955 59.500000000000007 1.5000000000000002 19.60457801818848 6.0399391651153573 34.299291610717781 18.500000000000004 0.011561079882085325 18.500000000000004 0.009569597430527212 28.500000000000004 46.500000000000007 0.010929288342595102 8.5000000000000018 3.5000000000000004 4.5000000000000009 21.500000000000004 0.009569597430527212 87.500000000000014 79.500000000000014 54.500000000000007 35.500000000000007 2.5000000000000004 0.016001024283468727 3.5000000000000004 2.5000000000000004 7.5000000000000009 13.500000000000002 1.5000000000000002 8.5000000000000018 100.00000000000001 3.5000000000000004
decision_type=2 2 2 2 2 2 2 2 2 2 2 2 2 2 2 2 2 2 2 2 2 2 2 2 2 2 2 2 2 2 2 2 2 2 2 2 2 2 2 2 2 2 2 2 2 2 2 2 2 2 2 2 2 2 2 2 2 2 2 2 2 2
left_child=3 2 4 -1 -2 7 15 8 9 13 17 -3 24 59 36 -6 -10 43 26 58 21 -15 23 -22 25 32 -8 -25 29 -9 31 34 -13 -31 -4 -30 37 -14 47 -40 42 -42 -34 44 -11 -33 -17 48 -32 -48 51 54 -53 -54 55 -7 -57 -58 -20 60 -5 -62
right_child=1 11 30 5 6 50 18 28 16 10 -12 12 14 20 -16 46 -18 -19 19 -21 22 -23 -24 27 -26 -27 -28 -29 35 33 38 45 40 -35 -36 -37 -38 -39 39 -41 41 -43 -44 -45 -46 -47 49 -49 -50 -51 -52 52 53 -55 -56 56 57 -59 -60 -61 61 -63
leaf_value=-0.024717933981180766 0.023863022403180976 0.04125183048716842 0.032455359238253309 -0.1048093077588575 -0.063191932557711564 0.027597043808128902 -0.033808464204991548 -0.10593651138244226 -0.067206297910231486 -0.067882604955527726 -0.0046591106853700924 0.048784275203551136 0.05407075043832188 -0.093968365660909756 -0.025879476912029249 0.04251430199883164 0.031483845212883159 0.011471383022996939 0.038951875772043426 -0.048014939744904291 -0.071068735221840859 0.0041781712742232227 0.037544997212217934 0.028162468612991112 0.028233503970500014 0.015171119458790511 -0.0030455993656825168 -0.084717589909059129 0.023023178396238107 0.047691275613466706 0.054138142717461549 0.006473611368488872 0.074872310143501666 -0.10462796421897419 -0.06041724179818965 0.043656134775979086 -0.0036651313972568657 -0.099656947545454136 -0.043451690346313548 0.091998587715193869 0.0079985404716487341 -0.045731667477064593 -0.077367250194809972 -0.11791771862408718 0.020045496497169496 -0.1002239826661088 -0.083387799545985922 -0.096765362557597878 0.015917690385707645 -0.0090491960155921498 0.037053367143305656 0.020237668325503465 -0.10951457580536611 0.017973212997685738 0.036211565663731925 -0.050139888481171881 -0.1074762379838254 0.046173229819170075 -0.036169745585387846 0.036628809518134076 0.036456691388708239 0.011509374878178241
leaf_weight=149.81749213207513 52.598077885340899 53.834343581460416 4.8997992356307831 2.3612190019339314 525.17941651167348 112.57176577392966 179.9234157258179 5.336105938535181 4.9528398769907644 8.7321514384821111 610.25684172799811 8.4199615828692895 19.591097691096369 6.466001519933342 114.07979797862936 6.0114877969026592 226.52283308678307 842.38730982737616 5.3213783148676148 578.996459925198 9.5807501897215825 234.4397450145334 86.205998573917896 29.984207320027053 107.607254127739 179.36992709501646 54.012881593080238 3.4133190233260384 653.55076044145972 8.1995439007878286 28.495077716186643 160.7011226057075 1.6410593767650414 1.9803935494273908 23.900047522271052 93.169251292943954 55.518714363221079 1.5441848319023836 15.151578370947393 2.3532083462923756 39.928428428713232 21.761754509760067 14.229871491668744 3.7040697457268825 12.026395053137092 2.8413105416111639 8.922111435793342 2.2093966393731526 171.6141776482109 13.655474123544989 323.72797517501749 412.02906204108149 6.9980456321500268 11.222205718513576 468.75298616383225 20.41417901404202 1.6450506532564766 15.01956364326179 554.20450090314262 188.81022307486273 88.335128607228398 141.71664568409324
leaf_count=48848 2523 983 1118 93 442681 768 68812 176 569 309 69862 269 543 1258 29637 231 10055 30905 202 331673 2877 20323 2952 1678 4735 6296 17714 983 8168 58 568 16551 162 36 6833 470 4957 260 1570 24 7034 6748 4230 229 198 449 3539 317 9229 3224 3799 4455 452 254 3101 459 29 95 251988 2604 921 3308
internal_value=0.000430135 -0.0262103 -0.0348561 0.0171824 -0.0436774 0.0185368 -0.0455217 0.0142748 0.0111338 0.00927272 0.00408341 0.00726547 0.00401967 0.0189594 -0.0117986 -0.0610347 0.0293722 0.0102381 -0.0392624 -0.0418425 0.00941096 0.00154388 0.0240817 -0.00292312 0.0121093 0.00557042 -0.0267057 0.0166258 0.0245761 -0.024584 0.00749531 -0.00275239 -0.0144581 0.0180593 -0.0446166 0.0255976 0.00915716 0.0428391 0.0164619 -0.0252428 -0.0213237 -0.0109553 -0.0616256 -0.0322313 -0.0169418 0.0046199 -0.0214065 0.0200702 0.0213602 -0.038426 0.0286678 0.0260791 0.0180682 -0.0309924 0.0316526 0.0173723 -0.01367 0.0310057 -0.0354553 0.0273487 0.0198096 0.0210886
internal_weight=7792.85 3008.52 2390.99 4784.33 1978.83 4634.51 1926.23 3262.13 2499.9 2268.42 1477.11 617.526 563.692 791.313 190.734 553.768 231.476 866.85 1372.46 1138.52 370.09 240.906 129.184 42.9783 372.958 265.351 233.936 33.3975 762.236 15.516 412.166 192.342 85.9811 10.1799 28.7998 746.72 76.654 21.1353 219.823 17.5048 77.5611 61.6902 15.8709 24.4626 20.7585 163.542 28.5891 202.319 200.109 22.5776 1372.38 1048.65 430.249 18.2203 618.404 149.651 37.0788 16.6646 559.526 421.223 232.413 230.052
internal_count=1445392 1225100 1159246 220292 1122587 171444 1120064 158032 149124 138500 101503 65854 64871 36997 35397 449675 10624 31641 670389 583863 30071 21581 8490 5538 29474 24739 86526 2661 8908 270 36659 24951 18443 94 7951 8638 5760 803 11708 1594 18174 13782 4392 736 507 17000 6994 10114 9797 6763 13412 9613 5161 706 4452 1351 583 124 252190 6926 4322 4229
is_linear=0
shrinkage=0.05


Tree=13
num_leaves=63
num_cat=0
split_feature=8 15 4 4 10 15 8 6 14 8 17 14 3 1 1 3 1 4 6 4 17 10 8 4 3 3 3 8 6 11 6 8 3 3 6 17 1 14 14 14 3 7 10 4 8 6 4 4 6 3 6 1 15 14 3 15 8 10 8 3 4 14
split_gain=1292.18 458.666 242.562 93.1628 89.7602 71.1311 63.5659 52.6437 28.9098 29.2294 28.4419 23.0146 21.9493 21.3231 20.0545 33.9556 21.7442 18.8671 18.2073 18.3378 17.851 18.3153 17.5195 17.169 16.7895 16.402 22.7495 15.8584 18.6231 18.1321 15.7203 15.59 15.4652 25.0169 19.9644 18.5967 17.139 15.6262 15.3892 15.2722 14.9475 19.2465 14.2499 14.1068 14.2041 20.8492 15.2124 13.5986 24.428 20.0268 17.53 17.2923 14.2668 13.3112 13.3075 12.5259 15.9302 29.0371 23.1438 14.2656 14.1497 12.4113
threshold=40.500000000000007 1.0000000180025095e-35 38.500000000000007 6.5000000000000009 100.00000000000001 6.6260735988616952 13.500000000000002 33.500000000000007 2.5000000000000004 1.5000000000000002 1.5000000000000002 4.5000000000000009 0.0080972984433174151 0.0083683477714657801 0.010695492848753931 0.010811126790940763 0.013245614245533945 49.500000000000007 53.500000000000007 30.500000000000004 1.5000000000000002 10.500000000000002 41.500000000000007 88.500000000000014 0.010582306887954475 0.012121656909585001 0.011561079882085325 26.500000000000004 57.500000000000007 0.016261236742138866 5.5000000000000009 48.500000000000007 0.0085107926279306429 0.0093898782506585139 1.0000000180025095e-35 3.5000000000000004 0.012579114176332952 4.5000000000000009 4.5000000000000009 4.5000000000000009 0.012903762981295587 0.013423423748463394 19.500000000000004 3.5000000000000004 67.500000000000014 70.500000000000014 7.5000000000000009 8.5000000000000018 12.500000000000002 0.015038444194942715 22.500000000000004 0.015038444194942715 24.872847557067875 6.5000000000000009 0.0085838492959737795 30.975459098815922 8.5000000000000018 5.5000000000000009 23.500000000000004 0.013986697886139156 3.5000000000000004 1.5000000000000002
decision_type=2 2 2 2 2 2 2 2 2 2 2 2 2 2 2 2 2 2 2 2 2 2 2 2 2 2 2 2 2 2 2 2 2 2 2 2 2 2 2 2 2 2 2 2 2 2 2 2 2 2 2 2 2 2 2 2 2 2 2 2 2 2
left_child=3 2 10 8 -4 6 32 31 9 -1 11 -2 18 23 17 -16 25 24 19 -12 21 -3 -22 -9 53 26 -17 54 29 -29 38 -6 35 34 -34 61 -35 -38 -19 -14 -39 -42 -23 -20 45 -45 -46 48 49 -7 -50 -51 -52 -8 -10 56 59 58 -58 -56 -59 -5
right_child=1 20 4 5 7 47 14 13 27 -11 12 -13 39 -15 15 16 -18 30 43 -21 22 42 -24 -25 -26 -27 -28 28 -30 -31 -32 -33 33 36 -36 -37 37 40 -40 -41 41 -43 -44 44 46 -47 -48 -49 50 51 52 -53 -54 -55 55 -57 57 60 -60 -61 -62 -63
leaf_value=0.040694211263052303 -0.036917722261971354 0.015214355098456643 -0.062032303036036955 -0.035455189329936382 -0.052894915196230123 -0.046936362089807719 -0.0025416715383844717 -0.034782458651436476 0.043389476914201891 0.022339339817472326 0.043372117909242926 0.0096706444394431684 -0.00070297519828014859 -0.028224266752199991 0.020388666267344126 -0.033619160181101441 0.0077310674537638116 -0.10945686813462251 0.046043810458175329 -0.084050579930947694 -0.10644051733305403 -0.036390606672763635 0.017761219555938193 -0.048476731442208924 -0.035661993906352572 -0.036383738417742326 0.015843902780674015 -0.10618102338052218 0.043402677938712338 0.055354834443564087 -0.030354118845202012 0.020567599125085295 0.059487716787732486 -0.0053832887169260497 -0.1054817149075664 0.040622600913103518 0.018718383482145159 0.03347740985525708 0.06410385520404964 -0.039455026469523799 -0.10001118916049825 0.00010259601055800986 -0.0017826717176541479 -0.030400473865760592 -0.10132694192354802 0.044195564442011878 -0.0069479318978803543 0.027682785197405982 0.047900362812746761 -0.10403583163739781 -0.10542093248420065 0.037618476160472036 0.030219315669042974 0.038211997960176776 0.036126819085332433 0.038556520912219262 -0.11012325387427441 -0.016192571483103237 0.064346312004613535 0.017887024087312572 0.020340037975403923 0.020306506861101886
leaf_weight=434.48154551256448 92.248211307451129 118.6330088544637 502.60717399988789 14.895070882281287 8.4786684862337989 26.595068667083979 113.54359615338035 377.44700230192393 59.849929212126881 433.11547116027214 56.124766752123833 37.198046876816079 74.960053285001777 322.50140172056854 155.77007644460537 41.106112765148282 122.39727145992219 1.522997054271398 18.22598494309932 2.9731148101855061 2.858599789440631 40.520434687845409 420.00264838628937 581.48281204584055 31.783371369587258 80.194849888794124 53.502300971420482 7.8896871567703766 5.5440326430834821 2.2277177218347788 157.15877413778799 48.724188597640023 2.394728600047527 125.77631526999176 7.831803088542074 99.114500615978613 586.00614256272092 34.059805383207276 7.9131670827046037 38.473861868493259 4.9327426436357191 179.34427584963851 111.8419619393535 13.198067220393567 4.4697503007482728 32.268670370569453 95.341770348371938 548.84528807247989 36.360940565820783 2.4656455339863923 3.7260684054344884 17.068823183886707 4.0411437195725739 24.330007916782051 121.75324451457709 78.622792601119727 9.1712812308687699 38.608906450215727 2.397732362151145 896.74656162317842 84.543494187528268 30.235003558918834
leaf_count=2565 34721 8355 442690 1460 3051 551 13280 174738 501 7611 2260 7214 10084 124625 11678 8951 12945 186 487 835 202 5803 16879 350487 6565 13703 6644 912 119 11 50884 5420 21 10698 947 1485 16088 1145 28 9351 836 9119 20035 1977 689 1589 13890 9473 284 64 202 157 26 1893 1223 365 311 1768 19 11525 2317 1450
internal_value=0.000479095 -0.025142 -0.0358634 0.0168785 -0.0440157 0.0103209 0.00540809 -0.0372511 0.0244549 0.0315312 -0.00361652 -0.02353 0.00405445 -0.0393461 -0.00538765 0.00147945 -0.00843133 -0.0146384 0.0131765 0.0369617 0.0105014 0.000483344 0.0169216 -0.0430865 -0.00290204 -0.0197482 -0.00564715 0.0197589 -0.0302523 -0.070613 -0.0265906 0.00967891 0.0132638 0.0109254 -0.0668511 0.0285082 0.0117805 0.0144645 0.0360912 -0.0138467 0.00304715 -0.00257726 -0.0109866 0.00457948 -0.000622458 0.0225419 -0.0111744 0.0247251 0.00673991 -0.0187014 0.0333351 0.0197388 -0.0348497 0.00464997 0.0203653 0.0192466 0.0179302 0.00177221 -0.0739636 0.0200674 0.00888688 0.0019025
internal_weight=7688.45 3000.58 2306.72 4687.87 1841.24 2512.92 1873.81 1338.63 2174.95 867.597 465.482 129.446 336.036 1281.43 789.223 452.971 297.201 336.252 222.602 59.0979 693.857 270.995 422.861 958.93 169.657 174.803 94.6084 1307.36 15.6614 10.1174 166.595 57.2029 1084.59 940.346 10.2265 144.245 930.119 804.343 9.43616 113.434 218.337 184.277 152.362 163.504 145.278 45.4667 99.8115 639.103 90.2577 46.1295 44.1282 19.5345 7.76721 137.874 1291.69 1231.84 1153.22 134.721 11.569 1018.5 123.152 45.1301
internal_count=1445392 1235382 1184108 210010 1101011 180763 170006 658321 29247 10176 83097 41935 41162 649850 126757 53921 42243 72836 21727 3095 51274 34193 17081 525225 21738 29298 15595 19071 1042 923 51098 8471 43249 38854 968 4395 37886 27188 214 19435 11100 9955 25838 18632 18145 3566 14579 10757 1284 772 512 221 228 15173 18029 17528 17163 4415 330 12748 4085 2910
is_linear=0
shrinkage=0.05


Tree=14
num_leaves=63
num_cat=0
split_feature=9 15 4 4 11 6 11 9 13 1 13 17 1 4 12 12 3 12 13 15 15 6 6 12 6 6 15 11 3 12 12 13 9 13 6 6 4 15 3 4 12 1 1 3 9 15 1 3 3 3 15 15 3 15 9 3 4 15 9 1 13 3
split_gain=1214.66 407.223 212.928 118.157 80.4026 57.8026 56.3599 47.8811 31.6645 25.8527 29.4676 25.5375 25.3885 33.1396 26.0391 25.1841 24.9986 23.8869 21.926 21.033 20.7515 19.9242 19.915 22.9424 18.7784 18.4379 18.2845 22.6596 18.1175 17.7343 17.3625 16.4747 15.6926 23.4323 17.4355 17.9668 15.5978 15.3203 15.7378 15.8625 14.8604 14.497 14.7156 26.6546 14.5897 14.1455 14.0544 13.5788 17.432 13.2626 12.3555 12.3377 12.2655 12.2445 31.6678 17.2642 14.6263 14.3998 12.2154 12.1399 12.1364 13.4351
threshold=0.0093025267124176043 1.0000000180025095e-35 38.500000000000007 13.500000000000002 1.0000000180025095e-35 33.500000000000007 0.013423423748463394 0.013423423748463394 4.5000000000000009 0.016261236742138866 2.5000000000000004 1.5000000000000002 0.010695492848753931 50.500000000000007 69.500000000000014 35.500000000000007 0.0080972984433174151 30.500000000000004 5.5000000000000009 12.305566787719728 12.722614765167238 5.5000000000000009 1.0000000180025095e-35 65.500000000000014 53.500000000000007 7.5000000000000009 11.084314346313478 0.014599318150430919 0.010582306887954475 66.500000000000014 30.500000000000004 1.5000000000000002 0.011428944766521456 5.5000000000000009 44.500000000000007 33.500000000000007 89.500000000000014 27.472468376159672 0.010929288342595102 3.5000000000000004 75.500000000000014 0.0074907417874783286 0.009756329935044052 0.0089687905274331587 0.01197647722437978 26.563043594360355 0.013793759513646366 0.0071175277698785075 0.0068729333579540261 0.0098524559289217013 24.347386360168461 6.8015775680542001 0.009569597430527212 21.461415290832523 0.012121656909585001 0.013423423748463394 15.500000000000002 17.587387084960941 0.0078432578593492525 0.0064725596457719812 7.5000000000000009 0.012422839645296337
decision_type=2 2 2 2 2 2 2 2 2 2 2 2 2 2 2 2 2 2 2 2 2 2 2 2 2 2 2 2 2 2 2 2 2 2 2 2 2 2 2 2 2 2 2 2 2 2 2 2 2 2 2 2 2 2 2 2 2 2 2 2 2 2
left_child=1 2 11 9 5 -4 7 12 51 19 -11 18 13 28 29 49 24 20 -1 26 -12 -15 23 -21 -13 -10 32 -28 -5 31 -30 -14 33 34 35 -2 -7 38 39 -3 -34 45 44 -44 -43 -27 -16 48 -35 -9 52 -8 -41 54 -45 57 -55 -56 -26 -38 -17 -62
right_child=3 37 4 6 -6 36 8 15 25 10 17 16 14 21 46 60 -18 -19 -20 22 -22 -23 -24 -25 58 41 27 -29 30 -31 -32 -33 40 47 -36 -37 59 -39 -40 50 -42 42 43 53 -46 -47 -48 -49 -50 -51 -52 -53 -54 56 55 -57 -58 -59 -60 -61 61 -63
leaf_value=-0.036278870627700043 0.0025597909871455417 -0.10824647261726039 0.01512375409614055 0.0046592462033762713 -0.061015580950182016 -0.032023313089939741 -0.096603927004489915 0.038163409786508201 -0.10911557365146243 0.045833499980744201 0.038972231933334253 0.040009956824327501 -0.023067068290089136 0.042693937751262123 0.043762660327110361 0.003161851970241986 -0.018726817007881594 0.0083001379914558436 0.0082980711317632815 -0.10760043307839046 -0.10459826245376269 -0.033903396705350024 0.030674956591702274 0.04025910402150254 -0.0036781960694393604 -0.10591089658301288 0.03141775521535576 -0.064381040301064493 0.010862224859358883 -0.090719356883529612 -0.072359495209787003 0.0037835562849602338 0.017919428202176541 -0.10889811331272287 0.037176527685788767 -0.097745928671765958 -0.050438869807952647 0.037324182308261088 0.056797840490225793 0.0078240200510431169 0.039532833807449493 0.045281091474700573 -0.10671512239152164 -0.1098566433835214 -0.11045318486294463 0.024696840726435576 -0.092974421848331129 -0.095101089459521018 0.06850033946261716 0.015361725278385084 -0.059456794709879114 0.040041958092495625 -0.10468038335659378 -0.099995748450701694 0.032533823488370785 -0.11077918605396038 0.031448970257024027 -0.10488428737201086 0.027488372406863023 -0.037650443722990923 0.027035366887693438 -0.091772941201098024
leaf_weight=90.356121871853247 20.604357350850481 3.0261040031909934 50.938188907690346 171.0711272325716 485.04225379228592 460.74352632137015 1.6675764131359745 84.781240227865055 3.3289035940542808 220.48362484527752 142.41986461170018 50.026769964955747 69.622275489149615 8.8980950834229571 43.126405133865774 296.04375504492782 86.070269787334837 157.28397576790303 39.708131558960304 5.6389705520123226 2.5621428536251178 184.9752462169854 466.70239850855432 4.9059443380683661 114.74671058519743 5.1132130483165366 10.54447254072875 14.88792638061568 10.277473137248309 5.5915944012813261 16.062060006894171 318.3387948134914 1832.8379287204007 2.2346818759106091 28.711023957934231 5.6992317829281083 353.72400497179478 45.647146354429424 15.615480440203099 566.37791322544217 83.136246035341173 38.715315558481961 5.2229350642301133 6.7905434677377334 1.5646805567666877 3.486802804749459 1.9648436931893218 9.7985730171203596 3.6412014877423644 257.35871413513087 7.0076431604102245 175.66871225391515 2.4330326800700268 2.2142723323777309 24.809768245089806 2.694572656415402 47.861053491942585 2.0650478028692296 43.303524487651885 390.3839741947595 3.6087707811966521 6.9855010518804193
leaf_count=34721 1221 246 5985 22103 442634 207639 168 1808 150 1035 668 2159 11350 225 2198 18466 16181 2449 7214 94 40 67071 3715 33 15161 322 105 441 1700 1259 4722 39434 38801 208 754 755 231544 387 214 48602 1626 429 199 545 86 34 596 2115 22 8597 235 2258 308 68 344 134 415 56 2993 188433 266 1651
internal_value=0.000524294 -0.0256265 -0.0359851 0.0157689 -0.0437256 -0.0370474 0.00563336 0.00150974 0.024617 0.0218255 0.0319339 -0.00422074 -0.00644524 -0.0157045 0.00181434 0.0116859 0.0039369 0.0217951 -0.0226697 0.0197027 0.036435 -0.0303879 0.0291397 -0.0388099 0.0133117 0.00718756 0.0174644 -0.0246621 -0.00128435 -0.00230921 -0.0398871 -0.00103497 0.0180037 -0.00513151 0.0102344 -0.0191736 -0.0392531 0.00940954 0.00726604 0.00592982 0.0188573 0.00994242 0.0140423 0.00297271 0.0392316 -0.0529571 0.0378044 -0.0590632 0.00103319 0.0210119 0.00652985 0.038757 0.00734279 0.00960071 -0.0124842 0.00987721 0.0256366 0.0219747 0.004861 -0.0437296 0.00128011 -0.0513028
internal_weight=7617.15 2805.15 2165.04 4812 1740.83 1255.79 1799.91 1478.71 321.203 3012.09 522.75 424.212 829.928 391.284 438.644 648.778 294.147 302.266 130.064 2489.34 144.982 193.873 477.247 10.5449 208.077 143.867 2012.1 25.4324 197.411 393.553 26.3395 387.961 1986.66 70.6891 55.0146 26.3036 1204.85 640.107 594.46 578.845 1915.97 140.538 131.938 91.6582 40.28 8.60002 45.0912 15.6745 5.87588 342.14 575.819 177.336 568.811 86.4353 36.3599 29.5694 50.0753 26.8748 158.05 744.108 306.638 10.5943
internal_count=1445392 1204656 1154664 240736 1076235 633601 186654 181446 5208 54082 4192 78429 150658 95821 54837 30788 36494 3157 41935 49890 708 67296 3842 127 20313 2782 46048 546 28525 52043 6422 50784 45502 5075 2730 1976 627616 49992 49605 49391 40427 2632 2276 1761 515 356 2794 2345 230 10405 49145 2426 48910 1562 1079 534 483 400 18154 419977 20383 1917
is_linear=0
shrinkage=0.05


Tree=15
num_leaves=63
num_cat=0
split_feature=8 15 4 4 11 11 7 0 0 2 7 0 2 8 12 13 13 2 4 2 13 4 4 4 0 4 0 11 2 7 8 15 8 7 11 13 15 12 7 15 4 15 12 3 7 4 12 2 2 2 9 3 12 12 0 12 2 0 4 4 0 7
split_gain=1146.6 425.37 139.491 114.472 72.0109 53.3332 65.2297 30.1038 27.2967 28.5397 25.0169 34.6175 26.1302 25.7188 21.7344 20.9076 22.056 23.1371 20.5883 19.7143 19.6889 30.689 18.9829 17.6911 18.9527 17.687 17.0267 22.1748 16.4393 16.0679 33.741 20.9228 15.8459 15.2203 14.848 14.8476 19.4659 14.5917 14.543 14.1303 14.7475 13.3718 13.1891 14.2952 13.8238 12.9137 12.897 20.7668 12.775 12.7626 12.5476 12.5462 12.3331 12.7964 12.6817 12.3028 14.636 16.0693 12.3008 12.2384 12.8296 12.3168
threshold=46.500000000000007 1.0000000180025095e-35 38.500000000000007 4.5000000000000009 1.0000000180025095e-35 0.013606071937829258 0.014389234129339458 14.500000000000002 88.500000000000014 62.500000000000007 0.0079052620567381399 85.500000000000014 63.500000000000007 27.500000000000004 26.500000000000004 6.5000000000000009 1.5000000000000002 48.500000000000007 13.500000000000002 12.500000000000002 2.5000000000000004 2.5000000000000004 59.500000000000007 8.5000000000000018 34.500000000000007 48.500000000000007 34.500000000000007 0.013072453904896976 10.500000000000002 0.013793759513646366 11.500000000000002 25.818119049072269 6.5000000000000009 0.0093898782506585139 0.012903762981295587 2.5000000000000004 10.89115619659424 80.500000000000014 0.009756329935044052 28.53977203369141 10.500000000000002 23.02842998504639 52.500000000000007 0.0088107436895370501 0.012579114176332952 11.500000000000002 44.500000000000007 4.5000000000000009 20.500000000000004 26.500000000000004 0.014599318150430919 0.007272823480889202 52.500000000000007 16.500000000000004 56.500000000000007 24.500000000000004 44.500000000000007 39.500000000000007 20.500000000000004 52.500000000000007 5.5000000000000009 0.013423423748463394
decision_type=2 2 2 2 2 2 2 2 2 2 2 2 2 2 2 2 2 2 2 2 2 2 2 2 2 2 2 2 2 2 2 2 2 2 2 2 2 2 2 2 2 2 2 2 2 2 2 2 2 2 2 2 2 2 2 2 2 2 2 2 2 2
left_child=3 2 8 20 7 6 10 48 9 23 49 12 15 -14 -8 16 -12 26 -10 29 21 -1 55 -2 58 33 59 -28 32 30 -17 -31 -22 -13 -16 36 -7 38 52 40 -3 -36 43 44 -19 -42 47 -34 -4 -5 -48 -39 53 54 -9 -21 57 -57 -25 -18 -61 -62
right_child=1 39 4 5 -6 35 14 37 18 -11 11 25 13 -15 34 19 17 42 -20 22 28 -23 -24 24 -26 -27 27 -29 -30 31 -32 -33 46 -35 41 -37 -38 51 -40 -41 45 -43 -44 -45 -46 -47 50 -49 -50 -51 -52 -53 -54 -55 -56 56 -58 -59 -60 60 61 -63
leaf_value=0.039022988703143961 -0.095495623037648858 0.034899692134657843 -0.040795326051022672 -0.098273596550517886 -0.059902237549529593 0.042715058491568814 0.025639383813990058 -0.0062079067443547784 -3.7342512204071741e-05 0.017506818229339537 -0.014983044800457857 -0.08983192893536876 0.029394136172108683 -0.012026968061636237 0.010750976163585696 0.039206543749132579 0.016370934449819657 0.016531840812569417 -0.033205983213844423 0.018967537334909482 0.020231973813956798 0.0055906583650590959 -0.050293033204465598 0.02820022275123071 -0.05724751641999587 -0.03587671758760945 -0.025488535747982866 0.057994405770224348 0.032263624672600237 -0.10205559729483793 -0.07767176507255652 0.07367578623250208 -0.10820185393713488 0.003916974362800375 -0.10477723772684402 0.018469261934476362 -0.11177105881522642 -0.018039239186775188 -0.012621792212572289 0.036538665399299362 -0.10804337756987077 0.036744096745378332 -0.093528436643870658 -0.087534453483983171 -0.098852934354287936 0.0059242829802759502 -0.01765238915365849 0.022156499144351728 0.02498442796851998 0.030641246623422758 -0.11258891418600246 0.075426026697156173 -0.03110667245837033 -0.046320070721225536 -0.038420422152680246 -0.01356961492259447 0.022939999668084646 -0.085533728714422441 -0.031376367978226107 0.024911875294335722 -0.0037175372713830201 -0.053689963410741129
leaf_weight=405.46707788202912 7.5955033206846556 45.930505423340946 10.094395693857221 1.9736454875674088 463.88428581599146 98.139485503779724 336.38061074982397 39.632553777191788 69.12603908427991 124.37077061133459 164.71197749814019 4.6688065819907925 129.93283221125603 52.665418187039904 622.77222669962794 12.045563323190438 353.87582903192379 18.875442805467181 144.75695664645173 45.050026982324198 935.20193105540238 82.630522253224626 24.842483329586685 23.360078180092387 17.309402977349237 110.7628592638066 60.807504364522174 9.1514722381252778 280.34690495836549 15.756047783652322 12.669796200469134 1.8978113643825043 3.3207725761458269 59.56166710605612 5.1955715850926927 514.51042591268197 2.0823494531214228 14.709085498470815 50.450721557368524 45.687130874022841 2.4969365224242202 2.4591124802827835 7.2679407531395546 5.81486946879886 3.0096972566097966 546.26417405577376 19.948473081458364 38.193484447430819 27.459181630285457 70.464401749195531 4.2160193785093716 4.7499281195923677 285.90933099051472 659.20098175306339 133.38592860184144 102.94797459035181 25.593378747813404 8.3893207344226521 13.772077081026508 29.629102547420189 60.745723099797033 15.470728293294085
leaf_count=3262 1620 1105 3189 653 441710 1112 5396 14273 10955 10942 24232 1060 4675 9115 21753 530 18318 2460 44298 3384 10032 2063 10950 2041 5297 38363 13624 97 4290 1992 2676 5 272 5944 251 7717 118 7008 12433 319 144 18 1634 1398 418 48507 865 759 4785 7448 244 844 151890 365836 73777 12160 2234 2747 3216 1690 12422 2310
internal_value=-7.98426e-05 -0.0259103 -0.0368355 0.0147372 -0.0431234 0.00877233 0.0053753 -0.0367727 -0.0102967 0.00368933 -0.00148913 -0.00304063 8.37079e-05 0.0174474 0.0153764 -0.00315636 0.00111559 0.00581168 -0.022486 -0.0156599 0.0248177 0.0333632 -0.0092946 -0.0240117 -0.0140385 -0.0237718 0.00841222 -0.014568 0.0215622 -0.0467318 -0.0207086 -0.0831643 0.0185647 -0.00289748 0.00990026 0.0218988 0.0395052 -0.0381659 -0.0388809 0.00974229 0.00768366 -0.0593127 -0.0335802 -0.017851 0.000663848 0.00540571 -0.00517512 0.011729 0.00730284 0.0271288 -0.0342161 0.00477555 -0.0400658 -0.0431437 -0.0310416 -0.00369783 -0.0111547 -0.0189921 0.00610365 0.0119093 -0.0030075 -0.0138611
internal_weight=7489.59 2730.15 2089.77 4759.45 1689.48 2990.12 2375.39 1225.59 400.291 186.408 1408.58 1336.14 1161.15 182.598 966.808 978.553 729.36 564.648 213.883 249.192 1769.33 488.098 206.823 62.0371 54.4416 174.993 529.68 69.959 1281.23 42.3692 24.7154 17.6539 1000.88 64.2305 630.427 614.732 100.222 1188.04 1168.58 640.379 594.692 7.65468 34.968 27.7 21.8851 548.761 65.6787 41.5143 37.5536 72.438 24.1645 19.459 1118.13 832.219 173.018 181.981 136.931 111.337 37.1322 459.721 105.846 76.2165
internal_count=1444880 1204189 1154114 240691 1075745 218904 209957 634035 78369 23116 182539 174438 129071 13790 27418 115281 78603 54371 55253 36678 21787 5325 31475 12174 10554 45367 48461 13721 16462 5203 3206 1997 12172 7004 22022 8947 1230 626061 618209 50075 49756 269 5910 4276 2878 48651 2140 1031 7974 8101 1109 7852 605776 453886 88050 20525 17141 14907 5257 34740 16422 14732
is_linear=0
shrinkage=0.05


Tree=16
num_leaves=63
num_cat=0
split_feature=8 15 4 4 10 10 6 17 8 1 6 12 12 12 4 6 14 4 14 6 3 12 12 1 12 8 8 14 14 15 15 4 8 15 12 10 14 12 8 6 17 3 3 4 14 3 4 7 4 1 1 4 1 15 1 1 12 6 15 6 12 15
split_gain=1066.69 397.469 133.253 96.6802 73.3363 51.6086 64.5936 32.6902 27.8169 27.1453 25.2068 25.4536 24.6387 24.0028 21.7297 21.1488 20.7731 24.102 17.7536 17.329 16.9917 16.2923 14.3987 14.1287 14.0171 13.9221 14.3445 16.4182 13.6906 13.6215 20.0956 13.0674 19.1079 37.8682 13.0481 12.655 18.1806 14.0817 12.427 12.383 12.1549 13.2636 23.6927 14.296 20.5107 12.0555 26.165 16.4785 12.1625 12.071 11.6378 11.589 11.5757 11.5133 11.4163 13.8657 11.3216 11.2689 15.7311 17.1984 13.5528 20.5579
threshold=46.500000000000007 1.0000000180025095e-35 32.500000000000007 4.5000000000000009 100.00000000000001 32.500000000000007 8.5000000000000018 1.5000000000000002 26.500000000000004 0.015038444194942715 29.500000000000004 32.500000000000007 37.500000000000007 6.5000000000000009 19.500000000000004 10.500000000000002 1.5000000000000002 2.5000000000000004 1.5000000000000002 41.500000000000007 0.0080972984433174151 26.500000000000004 52.500000000000007 0.010256679728627207 33.500000000000007 58.500000000000007 74.500000000000014 1.5000000000000002 4.5000000000000009 13.634392261505129 12.306680202484133 23.500000000000004 96.500000000000014 12.306680202484133 85.500000000000014 24.500000000000004 6.5000000000000009 87.500000000000014 14.500000000000002 61.500000000000007 2.5000000000000004 0.0091326101683080214 0.010050504934042694 83.500000000000014 5.5000000000000009 0.01183473411947489 27.500000000000004 0.012579114176332952 24.500000000000004 0.016001024283468727 0.013072453904896976 87.500000000000014 0.016261236742138866 10.89115619659424 0.016001024283468727 0.012579114176332952 16.500000000000004 29.500000000000004 7.7134387493133554 17.500000000000004 28.500000000000004 8.1367983818054217
decision_type=2 2 2 2 2 2 2 2 2 2 2 2 2 2 2 2 2 2 2 2 2 2 2 2 2 2 2 2 2 2 2 2 2 2 2 2 2 2 2 2 2 2 2 2 2 2 2 2 2 2 2 2 2 2 2 2 2 2 2 2 2 2
left_child=3 2 7 16 -4 18 21 28 10 19 11 13 24 15 -10 -8 17 52 53 -6 -9 -7 56 -14 -13 -22 -27 -28 -2 30 -18 32 33 -3 57 37 -37 -33 -15 51 -23 43 -43 -42 50 -25 48 -48 49 -47 -45 -16 -1 -5 55 -17 -21 58 59 -20 -60 -62
right_child=1 31 4 5 9 6 8 20 14 -11 -12 12 23 38 39 54 29 -19 34 22 25 40 -24 45 -26 26 27 -29 -30 -31 -32 35 -34 -35 -36 36 -38 -39 -40 -41 41 42 -44 44 -46 46 47 -49 -50 -51 -52 -53 -54 -55 -56 -57 -58 -59 60 -61 61 -63
leaf_value=0.029426739434828864 -0.044283010184668098 0.018763439380060531 -0.059078714790169545 0.039400257527599042 -0.0088763229230248153 0.023701028796828446 0.028030110319985847 0.010832462624311067 0.010125580758775583 0.029291276342469526 0.024671135075976236 -5.5590010585700666e-07 -0.023066995163048169 0.02820178275597951 -0.014519751469583064 -0.013155322203726259 0.01801730089224891 0.0071312155054679277 -0.10771189852150165 -0.029822758813167666 -0.06501197218116439 -0.07037001636894763 -0.028534062621628775 0.015053973008766854 -0.054704132420876905 0.022618020249157857 0.016504924586764221 -0.059179987130565083 -0.0014859879467761501 0.030435951084369452 -0.10711106580738093 0.010570856703545958 0.036009658656660101 -0.10440048417781203 -0.10699124459831943 -0.00062749921841975288 -0.056066590098016844 -0.10244104195459432 0.0031049986685170714 0.013571351480990857 0.046728226509664676 -0.11245271556858089 0.0090300842472266687 -0.11099888632049371 0.067557930257614376 -0.0056872079687588463 -0.0051508272428225756 -0.079913407877065412 0.044990015102564056 0.058747125859996412 0.01361470536557024 -0.034989977030926302 0.04640507652293642 -0.10653340358116513 0.063464242761427522 -0.06216184369444458 -0.043869166792614683 0.027854603106159465 0.03526865002743515 0.012653796994318015 -0.10636736934571932 0.012052251365478356
leaf_weight=215.36551808472723 66.739893596619368 31.189046622253954 445.88051304384135 117.52192899095826 54.999254998634569 334.52889874763787 24.865640297299251 174.35134021309204 80.254119696561247 15.969707396812735 112.81141328485683 16.420232471544296 76.317747157765552 140.48256682045758 194.56642326759174 39.771762425545603 1018.5276805600151 78.942788009066135 5.5781102874316257 181.38684437226038 13.140423316042869 4.676228050608187 320.81735844118521 101.56806725170463 40.825027181650512 22.61553125269711 11.656065971823411 18.599414928117767 25.953711925074458 260.27010810142383 3.2188353217206886 394.38136630039662 90.177855113055557 7.8021002020686856 2.1252649640664449 96.607906743651256 17.461031867191195 2.7758246953599146 76.015509163960814 26.962998217786662 44.676482562441379 4.0439766598865381 532.94948614574969 4.8586787341628206 4.8616719245910645 150.13280386722181 12.606995577458294 17.743902493501082 14.695998076116664 7.6383565645664921 3.0496015613898635 107.25741754088085 188.05013252049685 1.3672582078725088 3.3755951141938558 22.655556208686903 685.99415454547852 176.72778230113909 67.051314718089998 6.3416818776167929 3.7003442682325831 383.37990733236074
leaf_count=2394 27167 1168 441757 1494 13429 5346 926 15347 6941 1461 9727 1469 15313 4724 41043 5075 14650 2063 653 91239 3495 730 166462 7040 6306 2894 1201 5464 5164 1714 98 24983 1901 355 120 16026 5312 330 8485 7213 583 419 18855 635 10 11738 2609 5129 608 127 51 41409 868 118 39 2688 379034 3910 741 381 365 5884
internal_value=5.12382e-06 -0.0252058 -0.0360024 0.0142852 -0.0416529 0.00876963 0.00488296 -0.00707524 -0.00247066 -0.0354822 0.00264498 -0.000689809 -0.00842922 0.0103448 -0.0132003 -0.0112531 0.0235522 0.032397 0.0199678 -0.0363143 0.00265248 0.0148619 -0.0375844 -0.00383044 -0.039013 -0.0189527 -0.00750529 -0.030022 -0.0323001 0.0202243 0.0176231 0.00915518 0.0233643 -0.00588157 0.0166948 0.00556503 -0.0091138 0.00978099 0.01939 -0.0188939 0.0099264 0.0105581 0.00811522 0.033393 -0.0132611 0.000992683 -0.00604899 -0.0488589 0.00148474 -0.00256767 -0.0629452 -0.0217941 0.0373411 0.037722 -0.0260975 -0.0309403 -0.0409318 0.0171037 0.0130269 -0.0436738 0.0145152 0.0109202
internal_weight=7407.28 2678.5 2038.1 4728.78 1705.05 2964.41 2200.61 333.056 1266.97 1259.17 857.927 745.116 437.949 307.167 409.041 90.6686 1764.38 482.358 763.794 1243.2 240.363 933.645 1188.2 380.704 57.2453 66.0114 52.871 30.2555 92.6936 1282.02 1021.75 640.395 129.169 38.9911 644.904 511.226 114.069 397.157 216.498 328.787 599.116 594.44 536.993 57.4464 12.77 304.386 202.818 30.3509 172.467 157.771 7.90828 301.824 403.416 118.889 65.8029 62.4273 867.381 642.779 466.051 11.9198 454.132 387.08
internal_count=1444880 1204189 1154114 240691 1093382 218904 205238 60732 178609 651625 82003 72276 50339 21937 96606 8728 21787 5325 13666 650164 28401 26629 636735 42564 7775 13054 9559 6665 32331 16462 14748 50075 3424 1523 12054 46651 21338 25313 13209 89665 21283 20553 19274 1279 696 27251 20211 7738 12473 11865 686 82452 3262 1612 7802 7763 470273 11934 8024 1034 6990 6249
is_linear=0
shrinkage=0.05


Tree=17
num_leaves=63
num_cat=0
split_feature=8 15 5 5 10 8 10 17 0 13 5 7 12 7 12 12 2 2 0 0 5 2 0 12 13 12 2 8 0 2 0 12 12 5 13 8 5 0 2 7 0 2 7 8 12 17 1 2 8 2 11 15 15 0 7 8 12 10 15 12 2 5
split_gain=988.158 385.278 133.044 74.188 60.3331 55.5867 53.4973 41.3248 33.0395 32.3572 22.959 22.2851 21.5097 21.1102 18.4903 16.1996 14.9531 28.5149 17.2862 13.8967 13.3683 16.9031 19.7068 16.4447 18.8673 21.3007 13.0256 22.0545 19.3613 18.7043 18.5856 17.1364 16.5964 15.118 14.7563 14.5566 14.2062 13.7497 16.3275 12.5919 13.1179 12.5908 12.3562 15.6403 13.1324 17.8105 11.8939 11.8246 16.5364 24.2641 16.9899 12.518 23.0773 16.0057 12.1927 11.7699 11.681 20.0503 22.291 19.0536 11.577 11.1642
threshold=43.500000000000007 1.0000000180025095e-35 0.0078432578593492525 0.015749008394777778 32.500000000000007 26.500000000000004 100.00000000000001 1.5000000000000002 14.500000000000002 2.5000000000000004 0.010695492848753931 1.0000000180025095e-35 23.500000000000004 0.012121656909585001 53.500000000000007 2.5000000000000004 59.500000000000007 41.500000000000007 29.500000000000004 1.0000000180025095e-35 0.0067340831737965354 52.500000000000007 63.500000000000007 13.500000000000002 4.5000000000000009 53.500000000000007 5.5000000000000009 5.5000000000000009 89.500000000000014 40.500000000000007 8.5000000000000018 65.500000000000014 67.500000000000014 0.015504807699471714 7.5000000000000009 10.500000000000002 1.0000000180025095e-35 2.5000000000000004 1.5000000000000002 0.011561079882085325 50.500000000000007 91.500000000000014 0.0088890646584332007 25.500000000000004 26.500000000000004 4.5000000000000009 0.0073801742400974044 55.500000000000007 6.5000000000000009 12.500000000000002 0.013986697886139156 10.306714534759523 9.9827985763549822 13.500000000000002 0.011173533275723459 15.500000000000002 61.500000000000007 32.500000000000007 8.7624015808105487 65.500000000000014 39.500000000000007 0.011561079882085325
decision_type=2 2 2 2 2 2 2 2 2 2 2 2 2 2 2 2 2 2 2 2 2 2 2 2 2 2 2 2 2 2 2 2 2 2 2 2 2 2 2 2 2 2 2 2 2 2 2 2 2 2 2 2 2 2 2 2 2 2 2 2 2 2
left_child=3 2 6 4 -1 12 -2 -4 -8 19 -9 -7 15 20 60 16 17 18 -6 -5 -13 23 -23 -22 25 -25 27 36 29 30 -28 33 -30 -32 -33 -31 -14 38 -29 41 -41 -10 -11 44 55 -46 -37 48 51 -50 54 52 56 -53 -51 -44 -47 58 -58 -59 -15 -3
right_child=1 61 7 9 5 11 8 10 39 42 -12 13 26 14 -16 -17 -18 -19 -20 -21 21 22 -24 24 -26 -27 28 37 32 35 31 34 -34 -35 -36 46 -38 -39 -40 40 -42 -43 43 -45 45 47 -48 -49 49 50 -52 53 -54 -55 -56 -57 57 59 -60 -61 -62 -63
leaf_value=0.021154158789150494 -0.058324100343891461 0.0056027464999563598 -0.033308313927127908 0.046215905654826549 0.0096203362544026189 0.039922793261115253 0.0099117158821783145 -0.021140188302395391 -0.047980092591757069 0.06050297739191806 0.0023040921778452856 -0.036017345768213478 0.030622417786556624 -0.019207506715318387 -0.088201429277509624 0.026278542516519721 0.029982174518652583 -0.097676515197263086 -0.053080542595826764 0.027439571337556229 0.013332926220651102 0.025846389371060399 -0.03132868374739517 -0.035482175850041764 -0.053062676668500633 0.018122585201240129 0.01732866122194798 -0.10699024903101184 -0.0064308982341229328 0.039887803792287124 -0.0043111121120115205 0.030014309228221538 -0.085684032060154874 0.037401650951957993 -0.086185511871722714 -0.084410304145423221 -0.00054739866835997722 -0.049476749873963638 0.01956512231844908 0.044372563687256644 -0.031592516984791624 -0.035468854673524355 0.029319738852033619 -0.10673343284274239 -0.11391502617716608 0.015531811942607844 0.015717707375108272 0.055420750843048108 -0.065042013018425063 -0.12643962405630804 -0.1204153447882423 0.029822350932004062 -0.11064354375075897 -0.10647541459109287 0.033699931252617492 -0.10561306091177497 0.040346757703236931 -0.0093043698839876364 -0.11599495151535151 -0.11494180115619801 0.043349521934829091 0.020973717226675084
leaf_weight=907.43977581104264 427.60110787453596 506.85554188420065 235.03897803591099 184.16095865424722 193.85184156883042 19.799151819199324 36.087446860736236 176.3882988372352 309.40655736264307 17.563595843035728 255.97608739940915 85.336491432855837 41.542622649110854 9.8087097108364087 3.7477681264281264 275.76380916684866 65.916649247519672 6.8444172691088161 11.653190960874779 211.96604843484238 27.223875306081027 47.500209375983104 22.075123464222997 45.904013613471761 50.95806860877201 31.07945764856413 301.18541940837167 2.9698012913577285 91.964501743786968 87.338220500387251 406.74643085617572 64.298077885177918 7.1169202991295597 22.947266465518624 2.8534053715411565 3.0398054698016486 304.49411535612307 35.486333076842129 17.968364738393575 9.0365226971916854 15.313577567460015 574.4209715819452 239.78952494403347 2.5001559611409894 2.680931660346686 358.47192723862827 121.94145560683683 17.783875330351293 15.841168581508098 1.2538029393181265 2.1789615657180539 160.80371651169844 3.8264168007299295 2.1832037065178147 22.861172551289201 1.6271051303483535 17.709449341986332 10.407812614925207 2.6168039441108695 7.2364621562883249 30.063939469400793 154.03116571460851
leaf_count=14763 441374 46630 96744 866 7838 1965 7246 65287 198692 168 30142 35265 753 1926 1193 6439 2042 810 2409 2385 4276 3826 4700 10108 14432 3371 10276 398 13832 1342 40392 3604 2174 453 864 929 8462 3825 777 468 2038 326845 1518 347 126 3714 6877 102 973 79 118 1030 77 52 448 85 205 248 77 787 1641 4047
internal_value=4.79165e-05 -0.0239917 -0.0347437 0.0140666 0.0101473 0.00605285 -0.0436515 -0.0164336 -0.0370071 0.0242867 -0.00726029 -0.0116983 0.00926207 -0.0145879 0.0179801 0.0176901 0.0091788 0.0027211 0.00606487 0.0361688 -0.0191694 -0.0127721 0.00770567 -0.0219542 -0.0294627 -0.0138411 0.00617365 -0.00153177 0.0089689 0.0110374 0.0075283 0.00158737 -0.0121236 -0.00208349 0.0250767 0.0242266 0.00319462 -0.0305175 0.00161492 -0.0388715 -0.00340125 -0.0398487 0.0189823 0.0181439 0.0185039 0.0146826 0.0132824 0.0152358 0.0140553 -0.0161583 0.0132924 0.0163155 0.011559 0.0279966 0.0253738 0.0284103 0.0127385 -0.0136323 0.0202193 -0.0526295 0.0279604 0.00918522
internal_weight=7330.48 2700.16 2039.27 4630.32 3346.86 2439.42 1371.87 667.403 944.265 1283.46 432.364 373.497 2065.92 353.698 43.6204 554.03 278.266 212.349 205.505 396.127 310.077 224.741 69.5753 155.165 127.942 76.9835 1511.89 402.461 1109.43 1010.35 798.031 496.845 99.0814 429.694 67.1515 212.319 346.037 56.4245 20.9382 908.178 24.3501 883.828 887.336 869.772 867.272 625.856 124.981 623.175 605.391 42.1351 26.2939 563.256 400.269 162.987 24.115 241.417 396.442 37.9705 20.3263 17.6443 39.8726 660.887
internal_count=1444880 1219513 1168836 225367 211962 197199 976663 192173 535289 13405 95429 82703 114496 80738 4760 19538 13099 11057 10247 3251 75978 40713 8526 32187 27911 13479 94958 14215 80743 64737 55589 45313 16006 40845 4468 9148 9215 5000 1175 528043 2506 525537 10154 9986 9639 8036 7806 7910 7808 1618 645 6190 5108 1082 527 1603 5031 1317 282 1035 3567 50677
is_linear=0
shrinkage=0.05


end of trees

feature_importances:
popularity=142
rank_cf_v2_top100=120
rank_last_v2_top100=114
rank_bm25_v2_top100=102
rank_attr_v2_top100=98
pmi_sum=89
rank_meta_v2_top100=85
turn_number=64
rank_pmi_v2_top100=54
score_bm25_v2_top100=47
score_attr_v2_top100=43
score_cf_v2_top100=34
score_meta_v2_top100=31
score_pmi_v2_top100=31
n_legs_containing=24
n_prior_accepts=21
score_last_v2_top100=16
is_in_all_legs=1

parameters:
[boosting: gbdt]
[objective: lambdarank]
[metric: ndcg]
[tree_learner: serial]
[device_type: cpu]
[data_sample_strategy: bagging]
[data: ]
[valid: ]
[num_iterations: 300]
[learning_rate: 0.05]
[num_leaves: 63]
[num_threads: -1]
[seed: 0]
[deterministic: 0]
[force_col_wise: 0]
[force_row_wise: 0]
[histogram_pool_size: -1]
[max_depth: -1]
[min_data_in_leaf: 10]
[min_sum_hessian_in_leaf: 0.001]
[bagging_fraction: 0.8]
[pos_bagging_fraction: 1]
[neg_bagging_fraction: 1]
[bagging_freq: 5]
[bagging_seed: 3]
[bagging_by_query: 0]
[feature_fraction: 0.8]
[feature_fraction_bynode: 1]
[feature_fraction_seed: 2]
[extra_trees: 0]
[extra_seed: 6]
[early_stopping_round: 0]
[early_stopping_min_delta: 0]
[first_metric_only: 0]
[max_delta_step: 0]
[lambda_l1: 0]
[lambda_l2: 0]
[linear_lambda: 0]
[min_gain_to_split: 0]
[drop_rate: 0.1]
[max_drop: 50]
[skip_drop: 0.5]
[xgboost_dart_mode: 0]
[uniform_drop: 0]
[drop_seed: 4]
[top_rate: 0.2]
[other_rate: 0.1]
[min_data_per_group: 100]
[max_cat_threshold: 32]
[cat_l2: 10]
[cat_smooth: 10]
[max_cat_to_onehot: 4]
[top_k: 20]
[monotone_constraints: ]
[monotone_constraints_method: basic]
[monotone_penalty: 0]
[feature_contri: ]
[forcedsplits_filename: ]
[refit_decay_rate: 0.9]
[cegb_tradeoff: 1]
[cegb_penalty_split: 0]
[cegb_penalty_feature_lazy: ]
[cegb_penalty_feature_coupled: ]
[path_smooth: 0]
[interaction_constraints: ]
[verbosity: -1]
[saved_feature_importance_type: 0]
[use_quantized_grad: 0]
[num_grad_quant_bins: 4]
[quant_train_renew_leaf: 0]
[stochastic_rounding: 1]
[linear_tree: 0]
[max_bin: 255]
[max_bin_by_feature: ]
[min_data_in_bin: 3]
[bin_construct_sample_cnt: 200000]
[data_random_seed: 1]
[is_enable_sparse: 1]
[enable_bundle: 1]
[use_missing: 1]
[zero_as_missing: 0]
[feature_pre_filter: 1]
[pre_partition: 0]
[two_round: 0]
[header: 0]
[label_column: ]
[weight_column: ]
[group_column: ]
[ignore_column: ]
[categorical_feature: ]
[forcedbins_filename: ]
[precise_float_parser: 0]
[parser_config_file: ]
[objective_seed: 5]
[num_class: 1]
[is_unbalance: 0]
[scale_pos_weight: 1]
[sigmoid: 1]
[boost_from_average: 1]
[reg_sqrt: 0]
[alpha: 0.9]
[fair_c: 1]
[poisson_max_delta_step: 0.7]
[tweedie_variance_power: 1.5]
[lambdarank_truncation_level: 20]
[lambdarank_norm: 1]
[label_gain: ]
[lambdarank_position_bias_regularization: 0]
[eval_at: ]
[multi_error_top_k: 1]
[auc_mu_weights: ]
[num_machines: 1]
[local_listen_port: 12400]
[time_out: 120]
[machine_list_filename: ]
[machines: ]
[gpu_platform_id: -1]
[gpu_device_id: -1]
[gpu_use_dp: 0]
[num_gpu: 1]

end of parameters

pandas_categorical:null
