tree
version=v4
num_class=1
num_tree_per_iteration=1
label_index=0
max_feature_idx=17
objective=lambdarank
feature_names=rank_biencoder_top100 score_biencoder_top100 rank_bm25_norepeat score_bm25_norepeat rank_cf_bpr score_cf_bpr rank_decay_descending score_decay_descending rank_metadata_qwen3 score_metadata_qwen3 rank_pmi_leg score_pmi_leg popularity turn_number n_prior_accepts pmi_sum is_in_all_legs n_legs_containing
feature_infos=[0:101] [0:0.016393441706895828] [0:101] [0:0.016393441706895828] [0:101] [0:0.016393441706895828] [0:101] [0:0.016393441706895828] [0:101] [0:0.016393441706895828] [0:101] [0:0.016393441706895828] [0:93] [1:8] [0:7] [0:63.063323974609375] [0:1] [1:6]
tree_sizes=6977 6986 6915 6913 6915 6928 6931 6883 6958 6931 6962 6887 6933 6923 6922 6945 6939 6934 6922 6901 6913

Tree=0
num_leaves=63
num_cat=0
split_feature=17 0 0 15 11 12 0 11 4 8 12 0 0 6 13 12 0 2 17 15 12 4 0 0 9 13 0 13 15 13 12 12 13 0 12 15 11 4 13 12 12 6 12 8 8 6 6 0 4 12 12 12 11 0 15 8 0 7 12 13 15 13
split_gain=2574.39 719.945 369.197 319.004 129.351 124.35 114.505 88.7018 87.363 74.7828 50.4789 46.6526 38.2813 33.2289 27.4295 25.2993 20.0767 19.3848 19.3089 18.9001 18.7132 17.9417 13.7041 12.6378 12.5692 12.5464 12.1372 11.9227 11.4762 10.6392 10.4697 16.4601 13.0124 12.2999 10.3087 15.2073 13.1971 10.2773 9.22131 9.07463 9.03549 8.98943 11.1698 10.9909 8.93349 8.52763 8.42581 10.7513 8.42181 9.76877 8.13716 14.9393 8.11404 8.05319 8.00075 7.92529 7.83405 7.78828 7.73369 7.57585 7.40836 7.29337
threshold=1.5000000000000002 29.500000000000004 32.500000000000007 4.1164913177490243 1.0000000180025095e-35 69.500000000000014 5.5000000000000009 0.013606071937829258 4.5000000000000009 10.500000000000002 43.500000000000007 100.00000000000001 68.500000000000014 7.5000000000000009 1.5000000000000002 74.500000000000014 6.5000000000000009 60.000000000000007 2.5000000000000004 12.888638496398928 65.500000000000014 15.500000000000002 61.500000000000007 8.5000000000000018 0.014599318150430919 4.5000000000000009 19.500000000000004 1.5000000000000002 9.1912436485290545 1.5000000000000002 9.5000000000000018 5.5000000000000009 3.5000000000000004 75.500000000000014 66.500000000000014 8.5108652114868182 0.013423423748463394 12.500000000000002 5.5000000000000009 47.500000000000007 38.500000000000007 60.000000000000007 43.500000000000007 9.5000000000000018 60.000000000000007 2.5000000000000004 7.5000000000000009 78.500000000000014 17.500000000000004 59.500000000000007 65.500000000000014 49.500000000000007 0.016261236742138866 1.5000000000000002 7.9144067764282235 11.500000000000002 68.500000000000014 0.013072453904896976 58.500000000000007 1.5000000000000002 10.984781265258791 7.5000000000000009
decision_type=2 2 2 2 2 2 2 2 2 2 2 2 2 2 2 2 2 2 2 2 2 2 2 2 2 2 2 2 2 2 2 2 2 2 2 2 2 2 2 2 2 2 2 2 2 2 2 2 2 2 2 2 2 2 2 2 2 2 2 2 2 2
left_child=1 6 9 4 5 10 53 8 -4 23 22 20 25 29 -7 26 -11 18 -15 34 21 59 -3 -2 -19 -12 61 40 -20 -13 31 32 -24 -34 35 37 -37 -5 -16 -14 -28 45 43 -43 -41 -23 -47 -48 -18 52 51 -29 -50 -1 -36 -31 -22 -40 -53 -10 -38 -8
right_child=2 3 7 19 -6 14 15 -9 11 16 12 13 39 17 38 -17 48 24 28 -21 56 41 30 -25 -26 -27 27 50 -30 55 -32 -33 33 -35 54 36 60 -39 57 44 -42 42 -44 -45 -46 46 47 -49 49 -51 -52 58 -54 -55 -56 -57 -58 -59 -60 -61 -62 -63
leaf_value=0.067399602965915517 0.084733811206766776 -0.057255860294042685 0.046704202361845026 0.065630694857894398 -0.10000000000000001 0.055405835145767371 0.0013081693936234473 0.054868710285772296 -0.055798443545268264 0.066362727300739291 -0.018350878074484663 -0.10000000000000001 -0.077904846623459575 -0.086564818908581476 -9.7066939403703083e-05 0.063850642483180273 0.051746282324537013 -0.022629066078094316 -0.041783330101559026 0.065211380646390774 0.060701833250516313 -0.10000000000000001 -0.087885130359151353 0.069019075176495123 0.076643159444393302 -0.043265311705305454 -0.024675115560407659 -0.024358902800025829 0.083684942685888067 0.026383128047394056 -0.07549482664356004 0.001066267839928695 -0.087992862432180102 -0.040480548605626721 0.051000570290323982 -0.066866111031019845 0.05258975331531468 -0.051608108557593249 -0.052595288900259364 -0.10000000000000001 0.041370692097244435 0.065007906469653015 -0.086803805473935 -0.037917256765928088 -0.050660992982675561 0.037727698947620736 -0.00050753797851175618 -0.10000000000000001 0.02644856795571527 0.057341053737256564 -0.078001770079989152 0.025179527151866839 -0.061466399292855689 0.042623289401296456 -0.0030148023154510572 -0.02142842115803812 -0.042227206506881845 0.068636538905995789 -0.031327649181848001 0.031520740247090201 -0.048515952381553103 0.02440870270861166
leaf_weight=57.679467592271976 417.55751044655335 298.6701970633585 87.143606866971822 2.1492332076886678 170.8134623595397 20.132741778856143 199.62481354834745 107.44569333855179 2.6404518481576806 131.58604716978152 120.99646155186929 2.2483535032952195 47.417308238858823 33.690439804602647 48.701506457815412 15.119251671014352 106.98544441859121 15.840317464520924 42.818204992508981 29.391861657670233 20.926007657049926 2.0748962227371512 38.046402966167079 184.45218624096015 3.9921175199560812 86.76675922627328 7.5539056900888708 108.20063422792009 1.9035372033249576 28.270543557300698 341.21213046251796 10.604194110259412 17.951028997194953 56.480136897676857 26.898608159244759 3.2351413518190411 17.546262017975099 14.350808812072501 15.938017278851477 9.6968091210001131 16.467554725735681 3.3875972719397387 8.2176420610921905 11.068670268636199 170.31354649030254 12.626521430560386 24.153570201830011 3.0592341424198812 81.932815507345367 28.808018383511808 5.332981926854699 27.964981904398883 2.7113826588029033 76.026042390672956 9.200242317398077 12.499653643695636 2.0277685502660452 1.4448954430408765 7.7284734631248275 41.923729941772763 2.0204300335608414 41.224497655202867
leaf_count=5568 9546 90702 11767 151 63613 2771 43924 8914 532 6578 30712 1327 17690 14328 11639 2043 7838 4976 16133 2288 1177 462 14399 9186 473 28471 2765 26606 50 5661 117751 2055 6714 16736 4650 1090 3260 5324 5956 4597 2884 341 2247 2188 57192 1238 3583 947 8466 2014 1803 4610 278 12515 2734 3960 589 153 2219 4647 707 6826
internal_value=-0.000691072 -0.0355641 0.0513711 -0.0530553 -0.0591229 -0.0536865 0.0129078 0.0149939 0.00310982 0.0692142 -0.0578598 -0.010787 -0.044271 -0.0307617 0.00431065 0.000321594 0.0509078 -0.0468085 -0.0579782 0.031201 0.0105722 0.00194257 -0.0656108 0.0799189 -0.00264633 -0.0287557 -0.00199793 -0.0120908 -0.0364429 0.00588542 -0.0709854 -0.058484 -0.0640983 -0.0519394 0.0179435 0.000225097 0.0266825 -0.036337 -0.0112556 -0.0584448 0.0206016 -0.0148959 -0.0402575 -0.0137984 -0.0533188 -0.00117627 0.00397063 -0.0116924 0.0416822 0.0321918 -0.0173534 -0.0151057 0.0236324 0.0533116 0.0372341 0.0117247 0.0516089 -0.0425183 0.0129444 0.026347 0.0421497 0.00526213
internal_weight=3544.89 2122.9 1421.99 1559.98 1455.19 1284.37 562.923 467.959 360.513 954.033 1198.15 273.369 435.191 141.263 86.2172 429.217 352.024 98.2446 78.4122 104.793 132.106 109.152 762.964 602.01 19.8324 207.763 414.098 173.249 44.7217 43.0186 464.294 123.082 112.478 74.4312 75.4007 39.3019 22.8018 16.5 66.0844 227.428 24.0215 64.5881 22.6739 14.4563 180.01 41.9142 39.8393 27.2128 220.438 113.452 149.227 143.894 84.6442 133.706 36.0989 40.7702 22.9538 17.3829 35.6935 44.5642 19.5667 240.849
internal_count=732564 603118 129446 491355 471151 407538 111763 85540 76626 43906 387019 64859 138662 46908 20519 93680 25174 35960 30511 20204 17951 16185 248357 18732 5449 59183 91637 40887 16183 10948 157655 39904 37849 23450 17916 10532 5057 5475 17748 79479 5649 11006 4776 2529 61789 6230 5768 4530 18596 10758 35238 33435 8744 18083 7384 9621 1766 6109 6829 5179 3967 50750
is_linear=0
shrinkage=0.05


Tree=1
num_leaves=63
num_cat=0
split_feature=17 1 12 1 5 12 6 1 8 1 1 14 12 12 12 12 1 10 1 12 8 12 6 1 14 1 14 6 8 1 1 12 12 12 2 6 10 12 14 6 12 14 2 12 12 1 1 1 1 5 12 12 1 1 14 1 6 10 10 6 12 5
split_gain=1653.9 469.375 391.893 347.549 137.745 118.084 109.977 100.045 85.2646 90.6841 79.8301 47.764 62.7914 48.35 47.6232 48.1951 47.4892 43.0396 65.4375 42.4824 40.5879 38.2367 37.3856 35.9139 35.704 35.599 36.9939 35.3284 36.2772 34.9894 34.1303 33.0662 32.6147 32.4658 39.6683 40.9648 32.1951 31.7438 30.0644 30.0418 29.9638 33.4879 29.6555 29.3118 28.8368 35.6661 28.4108 27.891 27.8407 27.6243 26.3801 39.7374 47.731 26.3631 25.951 31.2787 29.0715 30.857 25.4759 82.4448 33.275 28.2577
threshold=1.5000000000000002 0.010695492848753931 45.500000000000007 0.015749008394777778 0.015749008394777778 73.500000000000014 2.5000000000000004 1.0000000180025095e-35 10.500000000000002 0.010582306887954475 0.013245614245533945 4.5000000000000009 50.500000000000007 48.500000000000007 27.500000000000004 39.500000000000007 0.0081634009256958979 6.5000000000000009 0.0077221228275448093 69.500000000000014 5.5000000000000009 35.500000000000007 15.500000000000002 0.0082988981157541292 1.0000000180025095e-35 0.014185110572725536 5.5000000000000009 6.5000000000000009 8.5000000000000018 0.013606071937829258 0.0068729333579540261 43.500000000000007 23.500000000000004 80.500000000000014 15.500000000000002 1.0000000180025095e-35 17.500000000000004 43.500000000000007 2.5000000000000004 3.5000000000000004 73.500000000000014 1.5000000000000002 8.5000000000000018 69.500000000000014 49.500000000000007 0.0099504948593676108 0.016261236742138866 0.01183473411947489 0.012739370577037336 0.013072453904896976 29.500000000000004 36.500000000000007 0.015504807699471714 0.015749008394777778 6.5000000000000009 0.01183473411947489 5.5000000000000009 15.500000000000002 12.500000000000002 18.500000000000004 70.500000000000014 0.015038444194942715
decision_type=2 2 2 2 2 2 2 2 2 2 2 2 2 2 2 2 2 2 2 2 2 2 2 2 2 2 2 2 2 2 2 2 2 2 2 2 2 2 2 2 2 2 2 2 2 2 2 2 2 2 2 2 2 2 2 2 2 2 2 2 2 2
left_child=1 2 16 4 7 17 21 24 9 -9 27 12 13 50 -12 25 38 43 -19 -20 49 -5 30 -21 -2 29 39 28 48 -16 -10 -22 42 34 35 -6 -32 -18 -1 -27 -33 -42 -29 -4 45 -24 -8 -13 -11 -17 -3 -52 -53 -14 55 -37 57 -56 60 -60 61 -26
right_child=3 11 5 6 33 -7 46 8 22 10 14 47 53 -15 15 20 37 18 19 23 31 -23 44 -25 58 26 -28 32 -30 -31 36 40 -34 -35 -36 54 -38 -39 -40 -41 41 -43 -44 -45 -46 -47 -48 -49 -50 -51 51 52 -54 -55 56 -57 -58 -59 59 -61 -62 -63
leaf_value=-0.071951713394399971 -0.06273268712477427 -0.0064444259723372421 0.019812710897208388 0.065752365482686911 0.036695746086471109 0.015601173874883745 0.018776457938288346 0.034717456055032424 -0.099105199276654343 0.0060569723326616282 0.020995248810231543 -0.018862494501185594 0.013661051509405881 -0.08776107851833706 -0.065667295796831268 -0.015321974442296228 -0.045610353041156342 -0.038623237749003815 -0.017770395486136167 -0.098448266090044728 0.022741093216892674 0.040687266701079534 -0.027045302939208867 0.044578714628960882 -0.0010940520310452871 0.0080487921908202077 -0.10220105635419288 -0.068793968520870774 -0.10233153030980656 0.03353353292864842 0.055840053364259713 -0.029823715838782544 -0.048248920389743974 0.068514101526109941 0.048059472680511583 -0.0018836632424523284 0.02410126800424911 -3.3984563135801335e-05 -0.053838948895384042 -0.042096056745757074 0.080939939374336106 -0.10218695475676159 0.023918430060716811 -0.071505324003362944 0.021308376010551688 0.009841560118504511 0.038036385268182843 0.010107478289231069 -0.046513281946790587 0.025023788325950116 -0.051805094710683189 -0.0024906133023147453 -0.051784625557419098 -0.019249698424069803 -0.10208215681007671 0.025061578194822132 -0.1027266763474108 0.010998443734790704 -0.0024340232815985869 -0.055380153594220452 0.044135326710841125 -0.10244897625230708
leaf_weight=377.08926704712212 36.217402453999966 338.47422679059673 78.448365360032767 340.87892266921699 256.5212367256172 239.89204692631029 480.8483060086146 179.05904158391058 5.1168575962074092 157.47483236296102 302.15187762328424 95.907689509447664 284.28258546546567 24.620857939997222 11.287465393543242 51.612835475243628 425.69292700104415 505.88089631241746 304.89698521047831 4.841599791776388 54.039508049376309 274.8223014017567 81.01837876951322 46.951079349499196 76.538527904078364 43.838337284047157 18.07552785705775 11.601830463390796 9.5342084048315865 41.829549740068614 100.90398729499429 141.40318299690261 151.68237588973716 43.980822271667421 151.54129164945334 159.36500194715336 383.85237958806101 41.971815627301112 583.75710025755689 93.729070953093469 12.256227864883838 3.1350226276554158 33.617843374144286 9.8961294665932638 417.15890642872546 342.8293794473866 318.17482660128735 621.28526320715901 29.979461723938584 238.36714209755883 104.83676745998673 189.62803902145242 66.269861129345372 77.421952888835222 6.9653065046295515 332.22896519303322 8.733131939545272 45.060816190671176 247.59099029109348 104.58174342685379 42.374027654761449 7.5556686408817759
leaf_count=89535 7904 24470 3979 737 2438 16814 3421 5059 750 1337 1657 14481 18778 2748 206 457 82826 96373 48980 826 321 905 5655 2463 2185 245 216 188 179 350 1288 1287 2126 366 1711 4765 10544 5431 129549 762 29 73 251 1406 11383 10227 1764 33630 402 1249 10624 17026 1759 1420 153 1989 312 689 24321 18378 749 418
internal_value=-0.000339508 -0.0234152 -0.0369294 0.0171049 0.0102213 -0.0157467 0.0386833 0.00545318 0.0090414 0.00120542 -0.00306362 -0.00377946 -0.0103948 -0.0188955 0.0043713 -0.00270753 -0.0545873 -0.023655 -0.0270593 -0.0106585 0.00570561 0.0545644 0.0183717 0.0312085 -0.0148663 -0.0228906 -0.0349525 -0.0221606 -0.00718962 0.0124532 0.0293519 -0.0109878 -0.0371381 0.0265064 0.0245828 0.0201844 0.0307078 -0.04152 -0.0609474 -0.0261165 -0.0226125 0.0436391 0.000131582 0.00958349 0.0119759 0.00279065 0.0264459 0.00623343 -0.00235056 0.0178427 -0.0164706 -0.0258781 -0.0152563 0.00661659 0.0125163 0.0163265 -0.018311 -0.00414089 -0.0112444 -0.018157 0.00800505 -0.0102006
internal_weight=10271.6 4422.05 2619.32 5849.53 4434.81 1190.81 1414.72 3430.41 2915.56 1584.68 1405.62 1802.73 1085.53 723.83 1011.73 709.574 1428.51 950.915 862.571 356.69 500.814 615.701 1330.88 51.7927 514.858 208.76 155.643 393.891 196.989 53.117 489.873 210.834 196.902 1004.4 960.416 808.874 484.756 467.665 960.846 137.567 156.794 15.3913 45.2197 88.3445 841.007 423.848 799.023 717.193 187.454 289.98 699.209 360.735 255.898 361.705 552.353 491.594 60.7593 52.0261 478.641 352.173 126.468 84.0942
internal_count=732564 603118 478182 129446 122619 170841 6827 110196 56241 16394 11335 124936 76825 56627 6852 5195 307341 154027 148642 52269 3416 1642 39847 3289 53955 1779 1223 4483 1918 556 12582 1710 2565 12423 12057 10346 11832 88257 219084 1007 1389 102 439 5385 27265 15882 5185 48111 1739 1706 53879 29409 18785 20198 7908 6754 1154 842 46051 42699 3352 2603
is_linear=0
shrinkage=0.05


Tree=2
num_leaves=63
num_cat=0
split_feature=0 15 8 6 0 4 8 0 4 0 0 8 15 13 10 2 13 15 8 0 15 2 2 8 10 13 0 8 13 4 13 0 1 4 15 6 8 0 10 5 13 8 0 4 0 2 13 2 15 0 4 8 4 10 6 10 15 0 2 15 2 8
split_gain=1867.03 582.669 445.263 346.446 296.175 84.5404 81.4238 69.2081 61.682 57.9552 52.6052 52.1273 44.398 56.6781 49.5859 44.2726 39.2866 37.2284 35.9776 34.9963 55.7302 34.6317 34.2085 29.1243 28.3028 28.2241 29.8995 24.4501 24.1629 37.8404 23.018 22.8999 25.271 22.8492 20.261 32.6899 20.1481 20.0878 23.3859 22.8113 19.9667 29.1975 25.6713 19.7647 19.2808 18.624 18.5637 17.9557 17.9323 17.4847 17.0029 35.233 19.2853 16.882 16.5014 16.4633 16.1203 24.5707 33.6596 22.321 19.7065 33.1005
threshold=20.500000000000004 1.0000000180025095e-35 15.500000000000002 60.000000000000007 96.500000000000014 60.000000000000007 2.5000000000000004 100.00000000000001 60.000000000000007 63.500000000000007 2.5000000000000004 14.500000000000002 10.499359607696535 2.5000000000000004 17.500000000000004 16.500000000000004 1.5000000000000002 7.0843327045440683 8.5000000000000018 3.5000000000000004 4.6366620063781747 7.5000000000000009 6.5000000000000009 6.5000000000000009 8.5000000000000018 1.5000000000000002 30.500000000000004 1.5000000000000002 3.5000000000000004 1.0000000180025095e-35 3.5000000000000004 5.5000000000000009 0.013245614245533945 1.0000000180025095e-35 26.454439163208011 18.500000000000004 14.500000000000002 22.500000000000004 1.5000000000000002 0.015038444194942715 2.5000000000000004 9.5000000000000018 47.500000000000007 1.5000000000000002 22.500000000000004 9.5000000000000018 6.5000000000000009 60.000000000000007 23.190361022949222 84.500000000000014 3.5000000000000004 13.500000000000002 8.5000000000000018 60.000000000000007 2.5000000000000004 5.5000000000000009 17.247365951538089 1.0000000180025095e-35 60.000000000000007 16.201232910156254 60.000000000000007 9.5000000000000018
decision_type=2 2 2 2 2 2 2 2 2 2 2 2 2 2 2 2 2 2 2 2 2 2 2 2 2 2 2 2 2 2 2 2 2 2 2 2 2 2 2 2 2 2 2 2 2 2 2 2 2 2 2 2 2 2 2 2 2 2 2 2 2 2
left_child=2 3 6 7 5 -5 19 18 36 25 15 16 13 55 17 21 -9 -15 44 20 -1 -4 23 43 -22 -7 47 -26 -21 31 37 -30 -33 -19 48 -36 46 -14 -39 -40 -20 -42 50 -18 54 -31 -6 -27 -12 -44 -43 -52 -53 -10 -2 -3 59 58 -58 60 61 -8
right_child=1 12 10 4 8 9 56 11 53 -11 34 -13 30 14 -16 -17 22 33 40 28 24 -23 -24 -25 27 26 -28 -29 29 45 -32 32 -34 -35 35 -37 -38 38 39 -41 41 42 49 -45 -46 -47 -48 -49 -50 -51 51 52 -54 -55 -56 -57 57 -59 -60 -61 -62 -63
leaf_value=0.056648890607923663 -0.10365393742982898 0.00027271873285889182 0.0059373025052046379 0.0048573212188552511 0.00059655396541487792 -0.012958051138079683 0.027546061876728523 -0.0449799378271349 -0.089064390163183071 -0.044178086995843899 -0.00076583938306847737 -0.038760022099181272 0.069409173445450445 -0.076193018497863862 0.017187260442067944 0.021386248837109947 -0.033472386839916234 -0.10506096923577857 -0.031180509592317204 0.046554941159082305 0.026682612923147164 -0.10365644590459455 0.021857114694935731 -0.081328803669965199 -0.10425037090387375 -0.099601361803066057 -0.036122726232899076 0.025123649905679165 -0.10296198744833969 0.027815911882942242 0.024787653426112378 -0.10408306806249557 0.011056303092495029 -0.011658831994422702 -0.10170436963821926 0.056375491443601468 -0.053668193315996919 -0.10347325731431385 0.014185515031877009 -0.10286221300133387 -0.10204412342642616 0.039459229099875537 0.027076370093289327 0.0072698829920816617 0.022120103518231234 0.071481012258939422 -0.095690071305864752 -0.016375675989375602 -0.10213629792961368 -0.094648862097862482 -0.10087976820203844 -0.10313509275715547 -0.0027316369835727826 -0.069560899004805554 0.0015761829742644076 0.041587398669538547 -0.10287735143786214 0.047945594794784011 0.065884641538591415 -0.1008077585801877 0.036441005994432625 0.005339215635293785
leaf_weight=666.93295445758849 5.544335339684042 32.823990523349494 16.556545928120617 157.19735737214796 34.091921325307339 284.23227476142347 789.40974772186019 54.361273722257465 223.55336656514555 763.22408229345456 1451.6314231615979 202.71443387353793 6.253560588695108 27.375097322510555 126.70804291800596 514.25599997630343 45.775776646565646 6.7495946791023007 62.928369353525341 218.17454280657694 63.397536308504641 12.766976935788987 116.94313469878398 14.644919709535314 8.6670920224860293 6.6140659665688863 756.92454543989152 6.3112668339163056 6.1599425226449958 158.48658460890874 504.27015731763095 5.3186436519026747 45.827976888045669 219.02793878363445 3.6835845913738003 29.155853204196319 144.07099520973861 7.9423507107421747 23.557285640388731 5.0559915071353307 6.6918387673795214 14.208051768830044 92.672686256235465 85.118655034340918 267.65235717687756 28.867962838616222 5.8672805917449287 321.57163928332739 4.3758245129138222 3.0471036643721154 11.618914426770059 5.0673571741208425 85.12526248046197 220.28235650155693 11.356156324502079 90.857788203284144 6.531981997191906 154.32776678050868 5.3948509693145734 3.4553103088401249 361.6226113201119 213.10193201736547
leaf_count=1848 136 875 144 5457 2596 26244 6832 6773 63610 160195 76453 35893 38 2887 7477 10307 1436 178 2565 1213 272 280 7735 1918 86 511 132076 27 86 1331 10471 86 296 13071 65 249 29738 312 405 116 358 146 2896 5023 4773 106 1278 36177 159 780 678 223 2758 55244 204 1658 49 1003 12 110 3521 3120
internal_value=-1.9539e-05 -0.0212014 0.0224015 -0.0298991 -0.0388709 -0.030529 0.0355475 -0.00578358 -0.0692932 -0.0331374 0.00466601 -0.01896 0.0119384 0.00122479 -0.00834716 0.0179788 -0.00629207 -0.0211277 0.00631354 0.0452558 0.0519619 -0.041778 0.00172036 -0.0144598 0.012078 -0.0269838 -0.0306576 -0.0497375 0.034457 0.0236688 0.0217994 -0.0118858 -0.00091683 -0.0144511 -0.000194518 0.0386437 -0.0449553 -0.0134005 -0.0275667 -0.00649692 -0.00636479 0.00078443 0.00403424 -0.00697831 0.0188496 0.0345439 -0.0135414 -0.018053 -0.00107049 0.0232014 -0.0117793 -0.0189298 -0.00837268 -0.0793845 -0.0329454 0.0306229 0.0279007 0.042602 -0.0265414 0.0261135 0.0264349 0.0228256
internal_weight=9828.14 5053.72 4774.41 4003.1 2917.63 2289.76 2741.99 1085.47 627.866 2132.57 2032.43 519.558 1050.62 503.542 379.861 543.58 316.844 253.153 565.912 1208.14 745.309 29.3235 262.482 145.539 78.3759 1369.34 1085.11 14.9784 462.836 244.661 547.079 57.3066 51.1466 225.778 1488.85 32.8394 184.03 42.8092 36.5556 28.6133 281.36 218.431 211.739 130.894 284.553 187.355 39.9592 328.186 1456.01 95.7198 116.02 101.812 90.1926 443.836 16.9005 123.682 1533.84 166.255 11.9268 1367.59 1364.13 1002.51
internal_count=732564 624909 107655 587421 513126 360660 19998 74295 152466 355203 87657 58778 37488 26146 23613 10731 22885 16136 15517 5351 2233 424 16112 8377 385 195008 168764 113 3118 1905 11342 468 382 13249 76926 314 33612 871 833 521 10404 7839 7481 6459 5113 1437 3874 36688 76612 3676 3805 3659 2981 118854 340 2533 14647 1064 61 13583 13473 9952
is_linear=0
shrinkage=0.05


Tree=3
num_leaves=63
num_cat=0
split_feature=17 8 12 13 10 4 12 6 12 2 17 8 10 2 10 12 12 12 13 12 5 12 17 12 2 17 12 2 10 12 12 2 10 10 12 13 6 12 12 8 17 10 2 2 12 13 13 13 2 6 6 12 17 5 4 4 2 6 4 6 13 17
split_gain=1912.91 252.329 231.319 121.94 65.7562 58.5995 50.9051 42.3273 26.2013 25.8166 83.5182 30.4297 27.7784 25.1277 24.1346 37.3423 23.9502 23.028 29.0709 39.6361 36.3808 24.5897 22.3203 21.8392 21.3943 21.1806 23.1429 20.8438 19.2352 19.1561 29.155 19.0856 18.4889 30.8217 27.0064 20.2426 17.7246 17.7127 20.681 17.7105 17.6268 18.3151 17.5245 17.5232 21.5006 17.4536 17.3857 16.7669 19.1094 16.8443 16.5693 15.3531 31.2598 16.4383 15.3065 14.7125 34.6699 16.4139 19.8957 16.4205 17.463 15.3421
threshold=1.5000000000000002 3.5000000000000004 54.500000000000007 4.5000000000000009 60.000000000000007 13.500000000000002 73.500000000000014 1.5000000000000002 29.500000000000004 60.000000000000007 2.5000000000000004 13.500000000000002 7.5000000000000009 60.000000000000007 4.5000000000000009 33.500000000000007 35.500000000000007 26.500000000000004 6.5000000000000009 67.500000000000014 0.015749008394777778 56.500000000000007 3.5000000000000004 10.500000000000002 60.000000000000007 2.5000000000000004 18.500000000000004 2.5000000000000004 4.5000000000000009 36.500000000000007 23.500000000000004 60.000000000000007 60.000000000000007 13.500000000000002 42.500000000000007 5.5000000000000009 6.5000000000000009 76.500000000000014 62.500000000000007 17.500000000000004 2.5000000000000004 10.500000000000002 2.5000000000000004 4.5000000000000009 23.500000000000004 7.5000000000000009 4.5000000000000009 5.5000000000000009 8.5000000000000018 1.5000000000000002 60.000000000000007 1.5000000000000002 4.5000000000000009 0.014599318150430919 13.500000000000002 1.0000000180025095e-35 3.5000000000000004 18.500000000000004 5.5000000000000009 4.5000000000000009 3.5000000000000004 5.5000000000000009
decision_type=2 2 2 2 2 2 2 2 2 2 2 2 2 2 2 2 2 2 2 2 2 2 2 2 2 2 2 2 2 2 2 2 2 2 2 2 2 2 2 2 2 2 2 2 2 2 2 2 2 2 2 2 2 2 2 2 2 2 2 2 2 2
left_child=2 7 3 4 -1 8 39 17 -3 10 46 22 -12 -6 15 -10 23 -2 -19 20 21 -20 45 42 -5 26 -9 -17 -24 30 -15 -8 33 34 -26 -36 -30 38 -13 -4 41 -16 -14 44 51 -11 -7 -18 49 -49 -31 52 -27 -54 -45 61 57 58 -57 60 -60 -42
right_child=1 5 6 24 13 9 31 25 14 11 12 37 16 29 40 27 47 18 19 -21 -22 -23 28 -25 32 43 -28 -29 36 50 -32 -33 -34 -35 35 -37 -38 -39 -40 -41 55 -43 -44 54 -46 -47 -48 48 -50 -51 -52 -53 53 -55 -56 56 -58 -59 59 -61 -62 -63
leaf_value=-0.078578083730215922 0.054166672580768252 0.028535124979993276 -0.086952013166673128 -0.077141016828914943 -0.086320741548833971 -0.033286308428947413 -0.091855878411393865 0.038300511250285163 -0.10361310810282841 0.031940181516998026 0.036757433096267007 0.0027306876963821163 0.058148785561747185 -0.035314099633881602 -0.10329585543933908 -0.10140661808223497 -0.0022539547469781927 0.041951061791525961 -0.10445909969090093 -0.10338270930954326 0.033297513346558803 0.027152930195126265 0.026790630591286963 0.021468280054300168 -0.04773794915093315 -0.10278022820625846 -0.098205758211645566 0.034101688773519503 0.026341503740531336 -0.077630436181698625 -0.055731944348136914 0.012396395412143182 -0.020414905729269361 -0.085713075051135457 -0.096895443939512896 0.022603110155877765 -0.10240574248721618 -0.030481909075979221 0.021697315062005822 -0.011835265957468515 0.040895948868375005 -0.0019083682014088969 -0.02532562232174819 0.042305532248956307 0.016942038245625408 -0.10086980449654777 -0.082808616481010566 0.030909265773240102 -0.016294226056416321 -0.099980145064988535 -0.030718172150565205 0.052075232022888364 -0.10424939713329756 0.0378187649766899 0.014381616739990687 -0.083055091875873316 0.014795861282728796 0.022081698825560703 -0.1043753829413552 -0.10060060195574252 0.034219969400251314 -0.10332299057444083
leaf_weight=117.18738998309709 286.48047654121183 473.60751542076468 7.9230975271202615 17.791463563218713 28.124575485941023 46.781772295944393 4.4520695814862838 5.6059284787625057 5.1617275429889551 220.54984953487292 58.321653537917882 633.38893408933654 7.2125681703910223 402.94246024731547 4.6140814116224638 2.8741403864696613 186.0386032757815 550.27684895507991 8.7908646268770081 6.7481040512211612 91.704432373400778 5.9517407566308966 11.367426859214904 164.7117651712615 56.511864857748151 4.8975000241771331 6.9596433236729354 224.55238860985264 3.8544599972665301 19.426206314004958 308.84413630096242 315.37385744927451 1427.8696786842775 29.028671570587903 4.0156646713148794 30.165767453145236 8.7233083238825184 32.718153521884233 185.91084434883669 815.94262678711675 64.237037755083293 128.63690395816229 49.023990680696443 268.6947774826549 413.84573578299023 2.5018611187115303 28.531514770817012 2.9806205253116813 54.373623263090849 14.018903828226028 605.43788213189691 88.983343259431422 2.1445632036775342 40.26715474948287 60.041401041671634 17.629696993157264 808.99990773224272 12.429828683380036 2.7199726235121551 4.0763472565449801 13.824555052444337 1.8985823495313514
leaf_count=35113 1395 9074 2671 4880 8414 6946 964 197 126 3891 651 20666 97 58407 278 65 8108 4138 369 329 983 99 115 5573 13471 374 1172 2423 45 4992 57114 19047 201550 9575 646 2236 253 1045 3802 101746 709 6011 2447 2334 6539 169 8501 110 3828 1667 82292 605 42 291 1180 841 20901 379 98 266 281 33
internal_value=0.00010175 0.0200111 -0.0251596 -0.0323559 -0.0426354 0.0120841 -0.00598525 0.0349761 0.0184753 0.00549025 -0.00274015 0.0100734 0.00417918 -0.0395492 0.0147867 0.0293709 0.00020724 0.0423196 0.0372042 0.0141279 0.0215774 -0.051326 0.0255258 0.012283 -0.0226241 0.0271506 -0.0373057 0.0323892 -0.0203483 -0.0385651 -0.0441734 0.0109452 -0.0219974 -0.040871 -0.0265182 0.00856432 -0.0629511 0.00559383 0.00703449 -0.0125577 0.0115837 -0.00541911 -0.0146197 0.0280722 0.0226146 0.0304505 -0.0520472 -0.010158 -0.0307603 -0.0770306 -0.0321766 0.0398389 0.0168238 0.030635 0.0372054 0.0140309 0.0122827 -0.0278346 -0.0440553 -0.0107127 0.0114345 0.0367558
internal_weight=9508.7 5317.67 4191.04 3047.35 1481.96 3476.27 1143.69 1841.39 1765.26 1711.01 611.995 1099.01 536.682 1364.78 1291.66 232.588 478.36 949.952 663.472 113.195 106.447 14.7426 246.997 220.948 1565.38 891.44 12.5656 227.427 23.9452 1336.65 711.787 319.826 1547.59 119.722 90.6933 34.1814 12.5778 852.018 819.3 823.866 1059.07 133.251 56.2366 878.874 550.138 223.052 75.3133 257.412 71.3731 16.9995 624.864 136.293 47.3092 42.4117 328.736 925.816 859.68 50.6804 38.2506 20.6209 16.5445 66.1356
internal_count=732564 129446 603118 478690 246332 109399 124428 20047 41485 67914 37928 29986 22481 211219 32411 2614 21830 7313 5918 1780 1451 468 4473 8117 232358 12734 1369 2488 413 202805 115521 20011 227478 25928 16353 2882 298 25513 24468 104417 29797 6289 2544 11365 7851 4060 15447 13713 5605 1777 87284 1312 707 333 3514 23508 22766 1865 1486 645 379 742
is_linear=0
shrinkage=0.05


Tree=4
num_leaves=63
num_cat=0
split_feature=0 17 15 0 0 12 17 8 0 10 12 10 0 12 13 0 2 4 2 17 12 4 2 12 15 10 12 4 0 0 12 12 12 10 10 12 15 15 12 13 12 17 3 12 13 2 17 12 12 13 4 0 10 17 15 10 8 10 1 15 15 12
split_gain=1875.81 612.148 372.29 244.997 180.711 118.76 112.755 78.8911 74.7433 65.8831 52.7539 42.9274 41.3787 35.2617 56.1014 34.3096 29.4249 27.1636 26.6038 43.0184 25.8565 25.8368 26.5354 22.6897 21.5741 41.2331 20.7892 20.2934 20.0213 21.9553 19.6985 19.5765 19.1015 25.0957 20.9788 20.2338 18.941 18.8319 18.8087 18.4656 25.3039 24.6744 20.0319 19.3882 24.9783 18.8356 18.3025 18.0316 21.1034 21.1784 17.4154 17.2797 34.5241 17.3189 16.4951 21.928 16.0203 15.723 23.2745 15.4807 18.5787 15.3239
threshold=17.500000000000004 1.5000000000000002 5.45998239517212 3.5000000000000004 68.500000000000014 54.500000000000007 1.5000000000000002 3.5000000000000004 93.500000000000014 18.500000000000004 50.500000000000007 18.500000000000004 31.500000000000004 52.500000000000007 4.5000000000000009 30.500000000000004 1.0000000180025095e-35 5.5000000000000009 60.000000000000007 2.5000000000000004 36.500000000000007 1.5000000000000002 1.5000000000000002 49.500000000000007 22.077216148376468 5.5000000000000009 83.500000000000014 1.5000000000000002 10.500000000000002 15.500000000000002 48.500000000000007 71.500000000000014 21.500000000000004 4.5000000000000009 2.5000000000000004 34.500000000000007 23.190361022949222 32.506479263305671 70.500000000000014 1.5000000000000002 67.500000000000014 3.5000000000000004 0.013072453904896976 89.500000000000014 2.5000000000000004 12.500000000000002 4.5000000000000009 29.500000000000004 58.500000000000007 2.5000000000000004 18.500000000000004 73.500000000000014 16.500000000000004 3.5000000000000004 10.499359607696535 1.5000000000000002 8.5000000000000018 7.5000000000000009 0.013245614245533945 16.041257858276371 21.734693527221683 35.500000000000007
decision_type=2 2 2 2 2 2 2 2 2 2 2 2 2 2 2 2 2 2 2 2 2 2 2 2 2 2 2 2 2 2 2 2 2 2 2 2 2 2 2 2 2 2 2 2 2 2 2 2 2 2 2 2 2 2 2 2 2 2 2 2 2 2
left_child=3 2 4 7 5 12 26 36 13 -6 -11 -10 -2 14 21 37 -15 38 19 -13 -14 30 -23 -20 25 59 28 -26 -5 -30 -3 -12 34 35 -9 -34 61 46 -8 -21 41 -41 -43 44 -42 56 -16 -19 -49 -50 -25 -27 53 -53 55 -4 -44 -51 -59 -18 -61 -1
right_child=1 8 54 6 9 -7 17 32 11 10 31 18 20 16 15 -17 24 47 23 39 -22 22 -24 50 27 51 -28 -29 29 -31 -32 -33 33 -35 -36 -37 -38 -39 -40 40 43 42 45 -45 -46 -47 -48 48 49 57 -52 52 -54 -55 -56 -57 -58 58 -60 60 -62 -63
leaf_value=0.057485738050965199 -0.024006134072017262 0.023398121121498167 -0.10031784856879128 0.003878968626692127 -0.082377686256781685 -0.0052181431652139985 0.026289685626585332 -0.10697001948465697 0.0082169851850353165 -0.057731853174649288 -0.040802080553047237 -0.066302999008632374 -0.05337666537536967 0.052090616319105387 0.01117295717985761 -0.00088996383490612212 -0.017119636315084501 0.025515291244261818 0.018234179284334708 -0.043902420168679221 -0.034066388924206208 -0.10468312154233171 -0.018010522780769363 -0.012392742608158288 -0.1049088224299025 0.016955685463695868 0.064013472488727935 0.038731084818891502 -0.023851756684088388 0.0044075015127026515 -0.10578715673830739 -0.01308764244083912 -0.10427907115690827 0.02194183009838659 0.042345685865470294 0.052414688294582026 -0.002525415395182304 -0.10270647539076404 0.054653804363190811 -0.030241595538716262 0.031877921756321398 -0.10165960132717039 0.0025115104237748262 0.094517566352859628 -0.099547336223929112 0.049343587569793748 0.040503230319838081 0.0049346679513824964 0.047048369699231207 0.033887375185339262 -0.099422702295827725 0.043012850217189862 -0.078620870184014827 -0.1042106431344102 0.032265609782235263 0.011432340730330776 -0.047104690971895548 -0.1017231423319251 0.0054092236850659808 -0.10347118626113139 0.06175565491657678 0.043546695163899536
leaf_weight=457.83745076367632 373.53827500739135 53.272397908382118 4.5178106273524454 338.8859477750957 185.89791165152565 389.79385279607959 615.56095331604593 2.3733977545052758 180.78252920159139 697.74057431775145 233.86977609526366 55.802410415140912 382.18081171950325 51.434970101341605 95.181898380396888 264.26029386231676 45.442818273091689 321.32375611539464 72.945499437162653 63.956344161182642 317.2586613278836 9.1034735464490932 294.86685664393008 26.376371778547764 2.5289617981761685 369.2041316498071 11.282805637456475 88.78309277119115 194.1537774244789 106.39704398531467 3.1238869451917699 87.578938844613731 2.1053759739734224 653.71289632027037 265.81522047938779 96.062182648107409 16.568406269419938 2.8104087114334098 64.57838552352041 102.96736350143328 4.4609764721244636 4.7288078875280908 153.37067524297163 1.8254892360419024 19.07087852130644 19.303126247599721 120.55745992250741 438.25850133597851 68.804205810651183 49.134370010346174 7.3500546962022772 16.043417937122289 14.477881759405134 2.2816787129268041 129.95428510126658 154.88845048937947 18.199621801730245 5.5021525947377077 64.495976231526583 11.262364928610621 2.0041021816432467 346.31433207727969
leaf_count=1199 47156 489 791 23578 59997 42704 4940 64 5394 170559 52452 16335 81552 318 2791 8453 1167 4259 4030 9238 56515 353 11497 2125 53 8448 151 798 18728 7782 79 10258 75 13494 3666 517 115 59 329 11206 121 535 5945 8 2743 669 1259 9029 599 638 984 324 1121 92 4380 14839 2103 312 1343 359 9 1438
internal_value=0.000152533 -0.0200093 -0.034824 0.0252865 -0.0406666 -0.0288552 0.0143259 0.0388527 0.000107665 -0.0550037 -0.0500108 -0.0129219 -0.0374422 0.00669287 8.88559e-05 0.0112313 0.0159202 0.0213589 -0.0198656 -0.0252558 -0.0446177 -0.0148396 -0.0206062 0.00255422 0.01255 0.00814951 -0.0032659 0.0347529 -0.00445304 -0.0138478 0.0162423 -0.0332513 0.029568 0.0254817 0.0410243 0.0490541 0.0503925 0.0258878 0.0289828 -0.0193506 -0.0145031 -0.0104305 -1.73176e-06 -0.0624556 -0.0746328 0.0025168 0.027563 0.0158864 0.0109455 0.0249623 -0.0313593 0.0138658 -0.0209117 0.0246819 0.019044 0.00826517 -0.00275162 0.0122067 -0.00301184 -0.0309922 -0.0785112 0.0514828
internal_weight=9254.17 5135 2957.22 4119.17 2667.86 1462.77 2278.38 1840.79 2177.78 1205.09 1019.19 731.14 1072.98 1446.64 843.177 482.81 603.463 1627.66 550.358 443.686 699.439 360.367 303.97 106.672 552.028 460.716 650.72 91.3121 639.437 300.551 56.3963 321.449 1020.07 751.88 268.189 98.1676 820.72 218.55 680.139 387.883 323.927 298.57 195.602 25.3573 23.5319 190.873 215.739 947.519 626.195 187.937 33.7264 402.007 32.803 18.3251 289.361 159.406 171.57 119.132 69.9981 58.7093 13.2665 804.152
internal_count=732564 640308 541203 92256 521193 227927 71688 20568 99105 293266 233269 61436 185223 37669 24980 12562 12689 21449 56042 48903 138067 12418 11850 7139 12371 11520 50239 851 50088 26510 568 62710 17816 14086 3730 592 2752 4109 5269 32568 23330 20458 9252 2872 2864 8717 4050 16180 11921 2892 3109 9985 1537 416 20010 15630 8048 2293 1655 1535 368 2637
is_linear=0
shrinkage=0.05


Tree=5
num_leaves=63
num_cat=0
split_feature=17 0 15 0 0 11 0 9 11 0 6 2 13 9 15 0 6 13 9 13 17 13 15 4 13 0 13 9 0 15 4 6 17 0 9 2 0 6 11 2 11 15 15 6 17 4 15 9 15 6 2 13 13 4 13 2 17 6 13 1 6 11
split_gain=1604.4 441.516 316.886 304.186 123.968 106.626 74.3908 72.2082 57.4437 44.8006 29.472 38.4254 28.2123 27.0609 26.9718 24.5779 25.245 23.746 23.6673 24.9552 21.2813 21.2128 20.9703 20.809 20.587 20.2233 18.9297 18.7305 18.7273 17.2623 17.1372 23.5959 16.8682 18.4264 24.7222 16.4605 21.0343 16.3991 16.3535 20.1638 15.4576 24.8232 15.3919 15.1471 14.6188 14.5693 32.6546 17.2138 14.5243 14.5242 14.2944 14.2116 22.2495 12.5276 12.447 14.2251 18.6603 13.118 12.1281 19.1886 12.3707 11.6846
threshold=1.5000000000000002 25.500000000000004 4.1164913177490243 7.5000000000000009 62.500000000000007 1.0000000180025095e-35 38.500000000000007 0.016001024283468727 1.0000000180025095e-35 5.5000000000000009 14.500000000000002 60.000000000000007 1.5000000000000002 0.012739370577037336 6.0646126270294198 3.5000000000000004 2.5000000000000004 1.5000000000000002 0.014815627597272398 2.5000000000000004 2.5000000000000004 4.5000000000000009 23.190361022949222 3.5000000000000004 5.5000000000000009 45.500000000000007 7.5000000000000009 0.012903762981295587 63.500000000000007 23.190361022949222 9.5000000000000018 13.500000000000002 2.5000000000000004 15.500000000000002 0.012579114176332952 1.5000000000000002 43.500000000000007 60.000000000000007 0.016001024283468727 4.5000000000000009 0.016001024283468727 12.893528938293459 4.1164913177490243 1.0000000180025095e-35 4.5000000000000009 8.5000000000000018 20.718653678894047 0.012579114176332952 36.513500213623054 4.5000000000000009 1.0000000180025095e-35 6.5000000000000009 2.5000000000000004 12.500000000000002 5.5000000000000009 8.5000000000000018 3.5000000000000004 7.5000000000000009 6.5000000000000009 0.0064309346489608296 5.5000000000000009 0.015268065501004459
decision_type=2 2 2 2 2 2 2 2 2 2 2 2 2 2 2 2 2 2 2 2 2 2 2 2 2 2 2 2 2 2 2 2 2 2 2 2 2 2 2 2 2 2 2 2 2 2 2 2 2 2 2 2 2 2 2 2 2 2 2 2 2 2
left_child=1 9 4 7 12 6 13 15 -6 21 17 28 -3 32 -15 27 18 50 -17 -20 24 -1 43 26 -7 -13 35 45 -12 40 38 -32 49 34 -34 51 -37 -16 -18 -40 53 -42 -38 -9 -35 47 -47 -2 -24 -5 -8 52 -19 -4 -25 57 -57 58 59 -56 -60 -33
right_child=3 2 29 5 8 20 10 22 -10 -11 11 25 -14 14 37 16 30 23 19 -21 -22 -23 48 54 -26 -27 -28 -29 -30 -31 31 61 33 44 -36 36 42 -39 39 -41 41 -43 -44 -45 -46 46 -48 -49 -50 -51 -52 -53 -54 -55 55 56 -58 -59 60 -61 -62 -63
leaf_value=-0.0015245567933335072 0.047221946124032937 -0.012893558337110282 0.048711086768454689 0.052499286316090091 -0.048666871832329414 -0.00746450012301942 0.0055452223124329561 0.055244933060657933 -0.078877474887638882 -0.00824917097250529 -0.0081273977866221404 -0.061704128982169204 -0.033743467734860963 0.015369935448014417 -0.10318856576573548 -0.10578169421276802 0.03318593163806615 0.043158971691537332 -0.10338093334783334 0.011518340389503336 0.026063550061967325 0.018840801336183096 -0.10382439648400275 0.0011821944759711222 0.020805010040687893 0.0020457176879562023 -0.026300388445912776 0.035306564669689094 -0.05262663612820985 0.046697196868680728 0.029510922183674283 0.00071536895632974388 -0.090188569146654629 -0.0003984926434904537 0.020149009136044366 -0.10760833242833212 0.039026852958053686 0.0103382764018161 0.049864230386540462 -0.10517302764572044 0.0084052969078851816 -0.10556475843198546 -0.10525370685359084 0.040115501232758269 -0.099534030551313851 0.015954100366682256 -0.10477070461361536 -0.10945609694446451 0.022660082119091495 0.00058803753729831285 -0.04873847883309939 0.033021800533051489 -0.054784600103033515 0.0076282530207112233 0.023956751061932614 -0.03021697994360566 0.016859639490973556 -0.094887348774832403 -0.068390021533222503 -0.10636478567342778 -0.0039833544824248125 -0.058631418515306316
leaf_weight=217.78175042779185 51.275164701975882 204.84076336352155 20.16032721940428 14.489142394624649 1092.7819889930543 106.91900289757177 16.937167311320081 323.86762080620974 183.81639129389077 819.50193974853028 30.638148435857147 13.884015748277305 780.21778173651546 834.86481265386101 7.7798148617148399 6.4171685567125669 228.99407157651149 8.2303563780151325 5.4020113591104737 37.746933429036289 715.29638880072162 309.69614451541565 3.7521336651407164 196.02115270681679 161.9520577811636 119.64576709922403 24.439286908134818 722.7866310585523 103.56159796658903 31.349621649831533 96.638311902992427 109.54203293472528 17.690762362442914 54.737587172538042 7.1198655497282735 2.6093291025608769 95.665554228471592 5.3812634125351888 3.7279428718611598 4.7942715287208539 12.730498631019147 7.6478709699586025 1.8849059301428486 338.1746376035735 3.9897731817327431 170.38572495663539 5.791728612035512 1.8151297783479083 5.744521526619792 192.39981775917113 42.705227339407429 16.226268558762968 19.623309854883701 233.18962334981188 17.338112290250141 38.936337836785242 45.822394223883748 8.2751337985973787 21.544550860300657 3.3742728047072879 11.400624417699875 8.9733506143093091
leaf_count=8654 352 22791 477 153 257741 4297 441 853 63491 76592 1686 993 144146 13676 269 175 1998 88 104 331 10210 9310 65 11594 4486 7891 1231 4565 23322 258 1291 2220 866 1716 142 90 2060 121 27 104 1428 394 146 1429 202 2110 121 44 29 6433 6848 414 825 17907 1026 4987 2282 1571 2099 177 651 331
internal_value=-4.85104e-05 -0.0241158 -0.0362816 0.0184671 -0.042734 0.00810809 0.00141446 0.0328976 -0.0530169 -0.000933428 -0.00988454 -0.0235725 -0.0294078 0.00973909 0.0142503 0.0266356 0.0176862 -0.00346695 -0.0161905 -0.00286642 0.0215558 0.0104325 0.0464585 1.50944e-05 0.00956338 -0.0045828 0.0143916 0.0313567 -0.0424673 0.0115526 0.0213957 0.011174 -0.00343346 -0.0223967 -0.0585252 0.0212863 0.0324915 -0.05677 0.0306549 -0.0373538 0.00752761 -0.0343669 0.036239 0.0475167 -0.00713348 0.0189045 0.0119853 0.0418652 -0.027314 0.00422356 -0.0333231 -0.00417471 -0.0258437 0.0108974 -0.00706086 -0.0180759 -0.00476635 -0.0362908 -0.027254 0.00272596 -0.0461022 -0.00377805
internal_weight=9000.93 3913.71 2566.73 5087.21 2261.66 2961.38 1977.22 2125.83 1276.6 1346.98 838.764 267.73 985.059 1138.45 848.026 1454.29 502.236 571.034 49.5661 43.1489 984.167 527.478 671.539 511.392 268.871 133.53 168.679 952.054 134.2 305.078 452.67 215.154 290.427 83.538 24.8106 144.24 100.16 13.1611 237.516 8.52221 273.728 20.3784 97.5505 662.042 58.7274 229.268 176.177 53.0903 9.49666 206.889 59.6424 44.0799 27.8537 253.35 342.713 146.691 84.7587 61.9327 53.6576 20.7124 32.9452 118.515
internal_count=732331 603189 508633 129142 488169 112993 94000 16149 321232 94556 70422 33892 166937 23578 14066 13773 6581 36530 610 435 18993 17964 2376 29241 8783 8884 4854 7192 25008 20464 5971 3842 9512 2926 1008 3623 2296 390 2129 131 20206 1822 2206 2282 1918 2627 2231 396 94 6586 7289 1327 913 18384 24387 12793 7269 5524 3953 1203 2750 2551
is_linear=0
shrinkage=0.05


Tree=6
num_leaves=63
num_cat=0
split_feature=17 0 12 0 15 9 0 12 0 15 15 12 15 15 0 0 9 11 9 4 2 11 15 12 13 12 15 12 4 0 12 12 2 2 6 12 13 2 13 11 11 12 4 13 0 12 0 4 0 0 4 13 12 2 12 0 0 12 0 0 9 12
split_gain=1554.38 360.881 292.153 262.14 120.181 78.0064 69.2277 51.2437 50.4787 43.1571 34.5451 36.6089 32.0072 31.4422 37.6595 29.617 26.7461 24.9407 24.8042 28.1109 23.9138 23.1984 27.7518 23.1816 22.7251 22.2328 21.108 20.6759 36.4741 22.7338 23.0856 18.9286 18.8395 18.782 18.6787 18.6419 18.4072 19.4545 17.9425 27.8264 18.7055 17.7541 19.5422 17.4374 17.4162 17.8206 17.2955 17.1762 32.4095 18.3714 20.026 17.1756 25.7687 17.7011 15.9029 19.7294 15.79 15.7772 20.6286 18.4773 17.7855 15.9669
threshold=1.5000000000000002 25.500000000000004 53.500000000000007 7.5000000000000009 5.45998239517212 0.015749008394777778 93.500000000000014 66.500000000000014 60.500000000000007 10.048480510711672 13.68406391143799 73.500000000000014 7.6321635246276864 7.9788098335266122 74.500000000000014 1.5000000000000002 0.013606071937829258 1.0000000180025095e-35 0.016001024283468727 8.5000000000000018 15.500000000000002 0.014815627597272398 8.7624015808105487 59.500000000000007 3.5000000000000004 63.500000000000007 11.891654014587404 44.500000000000007 11.500000000000002 4.5000000000000009 36.500000000000007 65.500000000000014 3.5000000000000004 60.000000000000007 9.5000000000000018 67.500000000000014 2.5000000000000004 3.5000000000000004 4.5000000000000009 0.015504807699471714 0.012739370577037336 15.500000000000002 5.5000000000000009 2.5000000000000004 10.500000000000002 53.500000000000007 3.5000000000000004 2.5000000000000004 24.500000000000004 35.500000000000007 8.5000000000000018 2.5000000000000004 72.500000000000014 1.0000000180025095e-35 71.500000000000014 92.500000000000014 66.500000000000014 49.500000000000007 11.500000000000002 16.500000000000004 0.012739370577037336 50.500000000000007
decision_type=2 2 2 2 2 2 2 2 2 2 2 2 2 2 2 2 2 2 2 2 2 2 2 2 2 2 2 2 2 2 2 2 2 2 2 2 2 2 2 2 2 2 2 2 2 2 2 2 2 2 2 2 2 2 2 2 2 2 2 2 2 2
left_child=1 15 4 5 8 26 10 13 -3 18 11 16 -13 14 -4 24 31 -10 19 -8 -18 -21 -23 44 -1 -15 27 29 -29 -2 36 34 -30 -9 -5 -20 37 -31 -12 40 -40 42 -36 -44 45 -17 -47 48 -43 57 -51 53 -53 -7 56 -56 -33 58 -49 -60 -61 -59
right_child=3 2 7 6 -6 51 9 33 17 -11 38 12 -14 25 -16 23 20 -19 35 21 -22 22 -24 -25 -26 -27 -28 28 32 30 -32 54 -34 -35 41 -37 -38 -39 39 -41 -42 47 43 -45 -46 46 -48 49 -50 50 -52 52 -54 -55 55 -57 -58 61 59 60 -62 -63
leaf_value=-0.012347608743187515 0.030421559625117542 -0.039112514767816346 -0.015117631099958825 0.014028748518546623 0.017165287729905856 0.064111118909640524 -0.0017646660911290407 -0.083114374346191858 -0.053719306023803509 0.02137202685097804 0.042995030650455304 0.049743875987422824 -0.025647886569828679 0.018737733456093877 -0.049132608811122143 0.00029826614040184525 0.0092303680249276859 -0.075777680527402011 0.015507978928829384 -0.032484538764037688 0.027954502141132698 0.043172481369257533 -0.10570680114237521 0.0091917209790443859 0.021151179501037693 -0.098207571213881781 0.039897703898707067 0.024524248613685094 -0.1118249131495137 0.043726877193475067 -0.031697408648838715 0.03293233278352338 -0.0061217760482074205 0.0033612293731430315 -0.10354900565752911 -0.099377048942575597 0.026274284898953372 -0.058843357139717611 -0.09748764927369917 0.035447193386801988 0.0081613034955789095 -0.10591883236615414 -0.042876668685224793 0.027469404511115167 -0.016602288838190891 -0.10423407451575591 -0.018311788015104091 -0.057223461005436953 0.050532609100507275 -0.1018086214535095 -0.023511273619979286 0.038784658577110998 -0.11309410565545541 0.040597054544024319 -0.10103208421013886 0.087734760834909498 -0.058541997448793404 0.051435158553221033 0.014331444704320127 -0.039061292173169192 0.005713529033747426 0.00031606294009134221
leaf_weight=69.324958891607821 574.26025445805863 642.7442057824228 195.93402129784226 144.90669660782441 69.569310076069087 163.41798327304423 178.39627866004594 6.3791908146813503 809.70198276126757 119.72627094411291 110.99807956418954 91.113477112259716 16.650684033986181 55.305623976979405 139.16899861278944 391.31616936670616 713.83059854537714 152.23856476787478 92.34445366053842 230.57047460228205 224.04538655141369 19.8043119404465 3.7177345287054768 188.76408049324527 187.71505675790831 4.3864900027401736 174.96638399781659 192.31329157808796 4.3594453586265436 6.9019291289150742 28.550940505228937 83.154762155842036 127.52729574544355 400.03262588800862 3.3794094203039995 3.671441452112048 108.29739498952404 14.000536667648701 4.3031691978685549 145.55982110369951 158.82366308197379 3.8608966153115061 10.001381316222249 73.910258761141449 479.61142578732688 7.5598588138818732 25.998410951113328 25.238759767147712 23.207233319059014 8.8002488752827031 113.41179003450088 541.35629104659893 2.8072781772352746 156.8594260266982 5.1526635196059933 1.8926489353179929 5.0013860561884931 18.217801509890705 56.123493142658845 57.973715901374817 35.920937011484057 94.579719211440533
leaf_count=2073 4633 125725 31219 3758 6131 293 13958 1635 208471 2347 1122 1196 566 2697 36806 23415 13035 55876 3706 39866 3849 346 264 11437 3446 733 1408 1730 103 47 721 1375 2414 39340 189 674 1369 379 238 1363 2308 157 539 2404 51888 493 1804 1250 218 746 8145 2376 71 605 302 3 309 247 1453 3170 982 2908
internal_value=1.32257e-05 -0.0239478 -0.0352896 0.0184432 -0.0471721 0.0318956 0.00864885 -0.0104591 -0.0499614 -0.0057337 0.0128296 0.00983328 0.0380951 -0.0232887 -0.0292441 -0.00315528 0.00804449 -0.0572103 -0.0118742 -0.016978 0.0137033 -0.0276591 0.0196416 -0.00674588 0.0121164 0.010144 0.0238123 0.0211477 0.0106359 0.0258033 0.00899144 0.00110447 -0.00961574 0.00200388 -0.00186179 0.011115 0.017983 -0.024975 0.0257545 0.0195551 0.00537436 -0.00625091 0.0143372 0.0190849 -0.010072 -0.00270046 -0.037668 -0.0103603 0.028217 -0.0129055 -0.0291493 0.0434081 0.0380011 0.0525948 0.0219656 -0.0503219 0.0277427 -0.00601373 -0.0154015 -0.0083654 -0.021932 0.00857225
internal_weight=8799.66 3825.75 2475.46 4973.91 1674.25 2095.62 2878.29 801.207 1604.68 648.231 2230.06 1810.37 107.764 394.795 335.103 1350.29 1702.61 961.941 528.505 432.489 937.876 254.093 23.522 1093.25 257.04 59.6921 1231.18 1056.21 324.2 732.011 157.751 764.734 131.887 406.412 669.532 96.0159 129.2 20.9025 419.685 308.687 163.127 524.626 87.291 83.9116 904.486 424.874 33.5583 437.335 27.0681 410.266 122.212 864.441 544.164 320.277 95.2015 7.04531 88.1561 288.054 175.257 150.018 93.8947 112.798
internal_count=732331 603189 508633 129142 396203 16149 112993 112430 390072 61161 51832 46801 1762 71455 68025 94556 45039 264347 58814 54434 16884 40476 610 89037 5519 3430 12804 11396 4247 7149 2516 28155 2517 40975 26166 4380 1795 426 5031 3909 2546 22408 3132 2943 77600 25712 2297 19276 375 18901 8891 3345 2447 898 1989 305 1684 10010 6855 5605 4152 3155
is_linear=0
shrinkage=0.05


Tree=7
num_leaves=63
num_cat=0
split_feature=17 0 15 0 0 8 15 10 0 0 6 15 4 2 15 15 0 2 6 0 15 8 4 4 15 15 15 6 4 15 0 15 2 6 4 6 15 4 4 6 15 10 4 2 5 6 15 4 10 15 15 10 6 15 15 4 4 2 6 2 15 15
split_gain=1470.81 320.899 275.066 230.502 84.713 70.5392 49.5409 43.7596 41.0527 35.1493 25.0926 25.4484 23.3646 21.6822 21.6545 36.8676 25.8419 20.0318 17.4336 17.3987 17.1526 16.857 17.5641 20.8691 24.3044 15.604 26.9156 14.6386 14.3797 15.5017 14.3595 14.1575 13.9361 14.7592 14.2823 13.8298 13.5381 13.4896 13.235 13.0906 13.0189 30.152 12.7502 17.5036 16.8008 18.4107 12.6435 12.47 12.337 29.4967 12.2366 12.1528 14.486 14.2038 12.1676 11.8263 13.1581 26.1766 18.1552 14.9239 12.6785 21.0985
threshold=1.5000000000000002 28.500000000000004 4.1164913177490243 16.500000000000004 62.500000000000007 1.5000000000000002 8.6062846183776873 60.000000000000007 86.500000000000014 5.5000000000000009 14.500000000000002 7.5697588920593271 6.5000000000000009 17.500000000000004 9.3067207336425799 8.9847936630249041 2.5000000000000004 60.000000000000007 2.5000000000000004 7.5000000000000009 13.107516288757326 1.5000000000000002 13.500000000000002 1.5000000000000002 7.5341355800628671 6.984797716140748 8.7624015808105487 1.0000000180025095e-35 16.500000000000004 9.1367959976196307 36.500000000000007 6.0646126270294198 1.0000000180025095e-35 4.5000000000000009 7.5000000000000009 3.5000000000000004 6.2778992652893075 17.500000000000004 1.0000000180025095e-35 3.5000000000000004 10.084323883056642 3.5000000000000004 10.500000000000002 1.5000000000000002 0.016001024283468727 1.0000000180025095e-35 8.3998327255249041 2.5000000000000004 2.5000000000000004 7.8370084762573251 11.207641124725344 11.500000000000002 15.500000000000002 9.5697541236877459 9.695287227630617 12.500000000000002 16.500000000000004 9.5000000000000018 15.500000000000002 11.500000000000002 8.8042244911193865 8.3838934898376483
decision_type=2 2 2 2 2 2 2 2 2 2 2 2 2 2 2 2 2 2 2 2 2 2 2 2 2 2 2 2 2 2 2 2 2 2 2 2 2 2 2 2 2 2 2 2 2 2 2 2 2 2 2 2 2 2 2 2 2 2 2 2 2 2
left_child=1 9 4 5 -3 19 8 -6 12 -1 11 17 -5 38 15 16 18 21 -7 27 31 42 23 24 -23 -20 -27 -2 -8 -30 -31 -4 -14 34 -34 -25 -33 39 -12 48 -29 50 43 -10 45 -45 -35 -19 -21 -50 -42 52 53 -32 -54 60 57 -57 -59 -60 61 -18
right_child=3 2 20 6 7 14 28 -9 10 -11 13 -13 32 -15 -16 -17 55 47 25 37 -22 22 -24 35 -26 26 -28 40 29 30 51 36 33 46 -36 -37 -38 -39 -40 -41 41 -43 -44 44 -46 -47 -48 -49 49 -51 -52 -53 54 -55 -56 56 -58 58 59 -61 -62 -63
leaf_value=0.0053327651465146812 0.050733832632284905 -0.029436772385778649 0.027828292832721192 0.017442096217394891 -0.073824119271343622 0.043222426881216545 0.02328510767873096 -0.046314654041079054 -0.018674904094886754 -0.010893042173871713 0.02624985082843391 -0.10657981441388525 -0.1040098115708209 -0.0098720233478282998 0.031749372334718327 -0.10353350612468681 0.019494888268276833 0.059748937961767994 0.024900099353506695 0.057916494794836938 0.026459314831627497 -0.10535285158835304 -0.039420916120820874 0.022493665265356958 0.086561196339084073 -0.10836154670834873 0.049324606335385324 0.038535970509219981 0.041722898862992547 0.016106402715771538 0.044956513180504809 -0.097024390013728423 -0.10354781668114749 -0.0014165563400544631 0.024159707321695586 -0.013509370353356739 -0.0031016143861402464 -0.050417337828839892 -0.052556607889800933 0.051857630988730807 -0.1164031874985678 -0.10516871508767683 0.043351055173559375 0.066702288742228874 0.061687243800280844 -0.1049839085564678 -0.10097019778006547 0.0097041810898227613 0.015937874840802876 -0.10735876183371128 0.04251557616903795 -0.060681792354533526 -0.10211760619461947 -0.10750178752829956 0.0052528809263356711 -0.10317787412912138 0.01269023318560311 0.022485935047340939 0.059287671670058197 -0.047954712314416899 0.074111301765025533 -0.10492378140286687
leaf_weight=534.08650881913491 326.97861938644201 835.34311502985656 39.962518464308232 311.14686358557083 168.55673034721985 147.25247442070395 370.36619551805779 1015.4247263841098 45.509357924573123 889.88344485452399 5.7523603760637334 5.9201623699627808 3.1692467252723864 81.697724685771391 481.14471073728055 6.0492884470149866 575.95416244049557 17.272152442019433 454.25162972789258 13.817686218768356 99.007475926540792 9.2159623461775464 57.679348203120753 43.672713609412313 2.0094304867088786 5.8697588620707375 5.0211125295609236 310.02040294278413 28.097647981718183 91.693810378201306 2.0462107323110086 3.930111236870288 2.2503698188811532 511.54278767178766 80.664510988630354 68.525921757332981 161.38608371792361 6.0266432985663405 72.166425481904298 34.840063149109483 1.3076142966747344 5.2920732675120226 21.572201489470899 2.6721700988709953 16.466018141247332 3.7567868032492697 3.2092976109124711 44.564852686366066 59.400126493070275 5.2821187777444711 16.444674709811807 11.115400275215505 2.734612231142818 6.0289703784510493 75.168021221179515 6.963097578380256 346.32692300458439 35.345591109595262 3.7930506695993271 22.413399318698794 10.533144365996121 3.4276505410671225
leaf_count=17964 895 154323 1832 5465 63491 576 5597 257741 2333 89356 271 485 200 8703 4798 252 7043 186 3732 45 2199 942 10835 2800 2 169 27 1293 708 2075 35 567 120 21460 1807 8931 15716 124 19088 215 18 89 644 22 151 256 236 3309 517 95 81 789 248 279 2026 276 7305 533 34 876 41 105
internal_value=6.2236e-05 -0.0234973 -0.034951 0.0181493 -0.041629 0.0271924 0.00509518 -0.050231 1.44863e-05 -0.00480725 -0.0115239 -0.0038242 0.0063209 -0.027869 0.0224333 0.0196718 0.0201327 -0.00199693 0.0282287 0.0400418 0.0093658 -0.00785476 -0.0166432 -0.0059986 -0.0709988 0.0234821 -0.0356621 0.0432187 0.0172978 0.00707349 0.00191654 0.00112147 0.000561725 0.00111624 0.0206936 0.000504617 -0.00533447 0.0224751 -0.0467387 0.026351 0.0358408 -0.000417291 0.00983452 -0.000735362 0.0349239 -0.0336232 -0.00203724 0.0236826 0.0150306 0.00586915 0.0308098 -0.0114842 -0.00512386 -0.0688696 0.00148386 0.0151982 0.0087295 -0.011291 -0.000896287 -0.0324327 0.0197472 0.0187588
internal_weight=8629.02 3747.58 2323.61 4881.44 2019.32 2883.76 1997.69 1183.98 1410.44 1423.97 498.454 338.837 911.983 159.617 2104.35 1623.2 1617.15 332.917 612.395 779.41 304.286 271.08 181.103 123.424 11.2254 465.143 10.8909 660.043 587.251 216.885 188.787 205.279 600.836 597.667 82.9149 112.199 165.316 119.367 77.9188 113.34 333.065 23.0444 89.9765 68.4043 22.895 6.42896 514.752 61.837 78.4999 64.6822 17.7523 97.0932 85.9778 8.07518 77.9026 1004.76 414.842 68.5151 61.552 26.2064 589.915 579.382
internal_count=732331 603189 495869 129142 475555 29139 100003 321232 88246 107320 58958 30896 29288 28062 25767 20969 20717 30411 4504 3372 20314 26916 23510 12675 944 3928 196 2376 11757 6160 5452 18115 23823 23623 1927 11731 16283 996 19359 872 1481 188 3406 2762 429 278 21696 3495 657 612 99 3377 2588 314 2274 16213 9024 1719 1443 910 7189 7148
is_linear=0
shrinkage=0.05


Tree=8
num_leaves=63
num_cat=0
split_feature=17 1 12 1 15 6 12 15 1 12 15 1 13 1 13 17 2 1 1 13 12 12 11 4 2 12 12 15 16 1 13 12 1 3 12 12 2 11 12 17 1 12 1 6 11 4 1 11 13 12 12 3 12 15 1 12 13 17 12 12 13 15
split_gain=1387.68 284.136 248.288 196.328 96.4964 63.5424 46.1522 42.0956 38.0138 35.2348 31.0884 51.4198 29.5404 29.1197 24.3257 32.2866 48.201 24.4726 20.6152 19.9691 27.143 20.587 19.1278 18.0415 20.9217 17.5355 17.1926 16.4704 15.0213 14.7281 14.4534 14.4019 17.3766 14.2 13.7546 13.4748 13.3647 32.0124 23.4901 22.6085 19.2496 18.8682 14.9521 14.3909 13.1647 12.9844 18.0654 17.2118 16.1339 15.06 17.0548 19.4626 14.658 44.2579 19.5034 13.3483 13.1203 26.9481 12.7025 12.2428 16.0737 12.1936
threshold=1.5000000000000002 0.011561079882085325 53.500000000000007 0.012903762981295587 5.45998239517212 1.5000000000000002 73.500000000000014 8.6437578201293963 0.0082305916585028189 73.500000000000014 7.2502403259277353 0.0072203108575195083 3.5000000000000004 0.015504807699471714 1.5000000000000002 2.5000000000000004 18.500000000000004 0.0093898782506585139 0.014185110572725536 4.5000000000000009 60.500000000000007 38.500000000000007 1.0000000180025095e-35 5.5000000000000009 7.5000000000000009 40.500000000000007 49.500000000000007 14.384781360626222 1.0000000180025095e-35 0.016261236742138866 7.5000000000000009 77.500000000000014 0.012270400300621988 0.013793759513646366 88.500000000000014 68.500000000000014 15.500000000000002 0.016001024283468727 14.500000000000002 4.5000000000000009 0.015504807699471714 19.500000000000004 0.013793759513646366 11.500000000000002 1.0000000180025095e-35 4.5000000000000009 0.010929288342595102 0.013793759513646366 5.5000000000000009 14.500000000000002 8.5000000000000018 1.0000000180025095e-35 61.500000000000007 7.1103279590606698 0.012422839645296337 64.500000000000014 5.5000000000000009 3.5000000000000004 22.500000000000004 69.500000000000014 3.5000000000000004 12.888638496398928
decision_type=2 2 2 2 2 2 2 2 2 2 2 2 2 2 2 2 2 2 2 2 2 2 2 2 2 2 2 2 2 2 2 2 2 2 2 2 2 2 2 2 2 2 2 2 2 2 2 2 2 2 2 2 2 2 2 2 2 2 2 2 2 2
left_child=1 2 4 7 8 18 10 9 22 14 11 44 -11 26 17 16 -16 -2 30 20 -15 -21 -1 27 -25 -23 -3 -7 45 -27 58 33 -33 -14 -8 -19 37 38 39 -26 42 -38 -41 -42 -4 47 49 52 -48 50 51 -47 -17 54 -54 -50 -51 -58 -5 -12 -61 -6
right_child=3 13 6 5 61 23 34 -9 -10 12 59 -13 31 19 15 28 -18 35 -20 21 -22 25 -24 24 36 29 -28 -29 -30 -31 -32 32 -34 -35 -36 -37 41 -39 -40 40 43 -43 -44 -45 -46 46 48 -49 55 56 -52 -53 53 -55 -56 -57 57 -59 -60 60 -62 -63
leaf_value=-0.051052889669561154 -0.047716453215277947 -0.014246077455624992 -0.039458268432154851 -0.05079601050998668 -0.0057809896808829024 0.024704235634607278 0.0098053973972752027 0.016867557726605791 -0.037967424959116473 0.047417274989893114 0.013556340249775223 -0.010316564238751972 0.036409157331699006 -0.019745464713523196 -0.056718998591689287 0.019025820040282172 -0.004406062376591224 -0.0096845578419177542 0.042030250521899876 0.025893788115345852 0.028922632482456068 -0.10531101140393827 -0.071269182171480941 0.029468695326241096 -0.10786088228512442 -0.017235272546428936 0.00035802222044567804 0.043968313434418003 -0.10477652871043833 0.02578019111379172 -0.10819649581767993 -0.067670978915938526 0.058408797581509346 -0.091095710895801651 -0.096847251116300659 0.065767325861335657 0.032991616293346113 -0.10360932048678213 0.013666642061763712 0.0096572182602664286 0.053394289881078388 0.014300949044176482 -0.10661229388567338 -0.1041894265021379 -0.077778076955542175 -0.10290200354631014 0.00047450192233665562 -0.10753668937451405 0.033896952851915768 -0.0016523926837272579 0.069596695989079194 0.014537203979845975 -0.10673084486801943 0.071870426555152564 0.032581131796565695 -0.10509558646592261 -0.063601752312218943 -0.0074607681762847615 0.024604521972184282 0.056809405325862344 -0.09517431951405117 0.035400652542300279
leaf_weight=757.31784688285552 54.699700641911477 608.155622764898 142.25466115912423 6.2702602623030534 46.100333116948605 641.7445260793902 229.98421798273921 579.57638641563244 606.7596148008015 70.114990494213998 85.172014716081321 269.89292543241754 17.700113801518459 113.95478938193992 51.483597135636955 276.75474591250531 304.26657207682729 44.792757511604577 628.40777744119987 163.36373194865882 38.270494312979281 4.094910003244876 138.38416635198519 332.45287313149311 7.5200836337171522 47.688419273355976 301.40335766738281 134.14946372853592 3.0430078436620525 34.148751819506288 2.4269489897415033 13.396513434592636 3.433210000395774 2.4908989774994543 3.0633111372590056 6.8179709697142235 173.29182242415845 6.5453165583312503 238.74712701467797 4.8707204535603541 11.244839121587573 611.49845982599072 6.3962359754368663 1.6630574073642481 26.604970667278394 3.9080224689096204 94.385596993844956 2.8517808681353918 79.424147795652971 172.02553643495776 12.69430292630568 36.268372533842921 11.148244954179974 7.9136296128854147 3.2431809883564702 1.765769947785883 30.532986115198582 71.266051350161433 51.165367756970227 2.4760831017047149 5.8491479731164873 29.46241652360186
leaf_count=208471 9571 60478 36463 112 5551 5196 17133 11683 125725 1445 5366 42590 699 4835 15412 7034 18484 1036 2492 3138 762 296 55876 3224 311 1989 22451 646 152 607 81 2311 30 558 447 33 1967 141 3636 70 53 10524 167 27 9231 299 2880 213 1503 10387 181 2473 1090 81 33 95 6503 5817 492 106 1094 580
internal_value=0.000136 -0.0230949 -0.0335234 0.0177696 -0.0448576 0.026122 -0.0101526 0.00556375 -0.0476304 0.000804001 -0.0182775 -0.0238558 0.0283395 -0.00445573 -0.00152017 0.000572623 -0.0119767 -0.0244141 0.0393595 0.00675954 -0.00750997 0.0154728 -0.0541763 0.0219237 0.0185228 -0.00433832 -0.00940667 0.0280349 0.00610321 0.000714082 0.0113227 -0.00779265 -0.0419511 0.0206793 0.00840349 0.000282919 0.0150955 0.00565315 0.00829755 -0.032146 -0.00859333 0.0184281 -0.0563488 0.0330912 -0.0454958 0.00652277 0.00159699 0.0147175 0.0145319 -0.00535461 0.0190763 0.0031137 0.0158833 -0.0231086 -0.0753362 0.0308741 -0.0100718 -0.0242994 0.016373 0.00789967 -0.0499715 0.010276
internal_weight=8468.79 3654.4 2343.32 4814.39 1578.02 2858.39 765.297 1956 1502.46 1376.42 532.25 438.753 107.136 1311.08 1269.29 1162.98 355.75 106.31 688.27 401.521 152.225 249.296 895.702 2170.12 1394.23 85.9321 909.559 775.894 807.225 81.8372 59.8626 37.0207 16.8297 20.191 233.048 51.6107 1061.78 276.987 270.442 31.6949 24.1749 784.79 11.267 12.9079 168.86 804.182 502.271 301.912 175.576 326.695 52.8707 40.1764 299.06 22.3051 14.3914 81.1899 273.825 101.799 57.4356 93.4972 8.32523 75.5627
internal_count=732331 603189 508633 129142 396203 29139 112430 100003 390072 88320 94850 88284 5043 94556 83277 72637 33896 10640 3177 11627 5597 6030 264347 25962 20120 2892 82929 5842 38741 2596 685 3598 2341 1257 17580 1069 16896 4405 4264 628 317 12491 237 80 45694 38589 30138 8451 4478 25660 2953 2772 8238 1204 1123 1598 22707 12320 604 6566 1200 6131
is_linear=0
shrinkage=0.05


Tree=9
num_leaves=63
num_cat=0
split_feature=8 0 15 0 12 0 8 5 12 0 12 10 6 0 5 15 0 13 0 6 6 12 13 6 13 10 6 13 15 2 12 15 6 12 0 5 5 12 12 12 2 8 5 6 8 8 13 0 15 0 5 15 12 15 10 6 6 5 8 12 8 12
split_gain=986.998 300.465 342.173 160.376 107.75 66.4769 59.3351 55.2479 50.4475 48.7301 82.9853 31.1715 28.5496 27.9464 27.5764 27.5578 25.0008 24.1291 23.8661 25.4622 23.3468 21.4796 21.3395 26.3464 21.6091 21.0587 20.9304 20.4208 20.4094 19.9373 19.8812 18.6233 17.0975 20.4546 18.3727 17.0359 16.7793 16.5313 16.4342 16.184 15.973 15.7711 15.1593 20.7726 18.5884 25.3543 21.529 15.1483 18.6767 15.0603 14.7185 14.2758 16.3949 40.7106 18.8834 15.3515 14.2562 14.2538 14.2516 14.1056 14.0008 13.3752
threshold=17.500000000000004 34.500000000000007 1.0000000180025095e-35 30.500000000000004 46.500000000000007 91.500000000000014 1.5000000000000002 0.012903762981295587 75.500000000000014 6.5000000000000009 49.500000000000007 2.5000000000000004 60.000000000000007 60.500000000000007 0.012579114176332952 4.943324327468873 3.5000000000000004 2.5000000000000004 18.500000000000004 5.5000000000000009 16.500000000000004 62.500000000000007 1.5000000000000002 17.500000000000004 7.5000000000000009 18.500000000000004 15.500000000000002 4.5000000000000009 32.506479263305671 8.5000000000000018 60.500000000000007 15.858560562133791 14.500000000000002 61.500000000000007 91.500000000000014 0.012739370577037336 0.016001024283468727 39.500000000000007 65.500000000000014 83.500000000000014 60.000000000000007 14.500000000000002 0.015038444194942715 11.500000000000002 4.5000000000000009 12.500000000000002 3.5000000000000004 51.500000000000007 5.7743546962738046 39.500000000000007 0.015038444194942715 5.6636714935302743 61.500000000000007 22.371184349060062 7.5000000000000009 15.500000000000002 2.5000000000000004 0.013606071937829258 1.5000000000000002 21.500000000000004 16.500000000000004 41.500000000000007
decision_type=2 2 2 2 2 2 2 2 2 2 2 2 2 2 2 2 2 2 2 2 2 2 2 2 2 2 2 2 2 2 2 2 2 2 2 2 2 2 2 2 2 2 2 2 2 2 2 2 2 2 2 2 2 2 2 2 2 2 2 2 2 2
left_child=3 9 4 6 12 8 17 11 14 35 18 -5 -3 57 -6 -12 -8 -1 28 37 -7 22 -9 24 42 61 49 -10 -11 -25 -16 38 33 -13 40 59 -15 -20 -4 58 -34 -31 43 44 46 -46 -24 -23 56 -26 -33 -17 54 55 -53 -54 -49 -14 -36 -2 -45 -18
right_child=1 2 31 7 5 20 16 21 27 10 15 32 13 36 30 51 25 -19 19 -21 -22 47 23 29 26 -27 -28 -29 -30 41 -32 50 34 -35 39 -37 -38 -39 -40 -41 -42 -43 -44 60 45 -47 -48 48 -50 -51 -52 52 53 -55 -56 -57 -58 -59 -60 -61 -62 -63
leaf_value=0.048095665966689453 0.015691111627081814 -0.024904521133391581 -0.0082987871921060552 0.046853433160288248 -0.021425114131442727 -0.014553007768410085 0.028497878603247151 -0.026117696921041596 0.039071804400874578 -0.011241583201793194 -0.00021271800005634022 -0.0028836200076924074 -0.039370638220624421 -0.055691704849299299 0.040473368628399044 0.083262195190545354 0.040566078318821606 0.030505245718088082 0.053935861752226866 -0.02926333779105076 -0.053207330359219165 0.044366830079740439 0.017946072919951157 0.0092904041605904892 -0.10807549853161663 0.01235545786629156 0.069037088214251183 -0.046310973915702817 0.063558601182876276 -0.06831282739792495 -0.067690044187490681 0.025805197297353796 -0.054242839192402081 -0.093536767482311212 0.034949145475094777 0.022981856108574523 0.030072837025168827 -0.10474690590656875 0.012924067105573915 0.041221529419493939 0.01344665070917532 0.0038084742482067109 0.02575796516188545 -0.099362410862766037 0.033709842249054857 -0.069717160857019872 -0.076546066301528978 0.020831542756908336 0.025732982228954895 -0.01639980088727996 -0.1092776371148047 0.050090234061876675 -0.10319729875014023 -0.10374149215698168 0.0014315961513838768 0.019906792726234541 -0.052415656848514861 0.026887599406821189 -0.061164809740725058 1.0111651623455174e-06 0.045106406621870494 0.019651882853956654
leaf_weight=312.00188615452498 199.28794120275415 141.3642013410572 170.05872221291065 16.61659235553816 425.37435814691707 50.33756102132611 703.9680014392361 53.312891187146306 58.125186946475878 438.60215669451281 409.18885396292899 93.529419417493045 365.97806951520033 664.7551945077721 29.660258003044873 9.4022754449397308 120.18560727778822 519.6543818032369 14.028494165278969 372.65948722488247 174.41580151044764 61.115763809997588 12.396325246430935 28.397277928888798 4.9212811700999728 838.02143765287474 6.6926434608176342 7.9620822174474588 9.313026409596203 25.29676218284294 4.9586017574183634 148.48841967107728 13.011947553604839 6.6660008435137561 4.0749066728167227 149.59947075019591 5.75228247931227 1.8587698889896263 196.75618199957535 4.5334210675209752 26.393798212520778 10.82321725040674 206.32136816158891 7.5779945203103125 59.003916656132787 6.5869747009128323 11.733801264781503 11.262239501811566 76.080609544645995 49.947437847033143 2.0442846603691569 61.827355129877105 2.6301545202732077 7.9874879904091349 29.429679164662957 68.187462864909321 16.196113215759397 8.3010144494473916 72.070618327241391 509.37476081051864 2.1536544999107701 210.05766789801419
leaf_count=1020 5135 23055 14931 228 80588 9391 4711 7706 2832 36474 31889 7713 81980 206881 919 89 910 3203 119 53644 52083 618 242 1928 208 13905 141 1892 46 2351 394 2449 1183 1342 599 1639 512 84 10423 318 1340 837 4452 824 1721 543 951 960 1463 3069 63 694 110 194 1116 1582 2871 405 22259 18763 53 2286
internal_value=0.00016787 -0.0148169 -0.0269621 0.0199398 -0.0366105 -0.0217882 0.0259912 0.00148724 -0.0120639 -0.00176235 -0.00743081 -0.0191833 -0.0459929 -0.0488463 -0.0179326 0.00695184 0.0210547 0.0371044 -0.0175525 -0.0266205 -0.04455 0.00902284 0.00372708 0.00741147 0.0125872 0.0165696 -0.0144402 0.028785 -0.00968634 -0.0220569 0.0249807 0.00916209 -0.0241647 -0.00891477 -0.0368889 0.00764992 -0.0549559 0.0353704 0.00308496 -0.0505571 -0.00890471 -0.0467019 0.0180286 0.00199343 0.00951925 0.0233232 -0.0280028 0.0246271 0.0129754 -0.0246224 0.0239707 0.0232874 0.0199716 0.00326546 0.0343982 0.0153347 -0.0223728 -0.0379011 -0.0560213 0.00441333 -0.0673909 0.0272632
internal_weight=8328.32 4737.71 2454.33 3590.61 1936.98 750.834 2703.89 886.717 526.08 2283.38 1425.12 236.897 1186.15 1044.79 459.993 588.653 1872.23 831.656 836.462 388.547 224.753 649.82 485.166 431.853 367.335 1168.26 61.5614 66.0873 447.915 64.5173 34.6189 517.348 220.28 100.195 120.085 858.262 670.507 15.8873 366.815 80.6789 39.4057 36.12 305.774 99.4527 89.721 65.5909 24.1301 164.655 103.539 54.8687 150.533 179.464 170.062 78.8051 91.257 70.8176 27.4584 374.279 76.1455 708.663 9.73165 330.243
internal_count=732331 640376 488798 91955 460932 148099 26035 65920 86625 151578 126041 34982 312833 289778 81901 35674 21812 4223 90367 53847 61474 30938 25026 17320 12204 17101 3418 4724 36520 5116 1313 27866 34754 9055 25699 25537 207393 203 25354 23176 2523 3188 8786 4334 3457 2264 1193 5912 5294 3277 2512 3785 3696 1886 1810 1692 3831 82385 22858 23898 877 3196
is_linear=0
shrinkage=0.05


Tree=10
num_leaves=63
num_cat=0
split_feature=17 0 15 0 12 0 8 13 11 0 4 0 11 12 12 8 12 15 15 12 12 13 3 13 15 15 12 6 0 4 11 13 12 12 13 0 4 17 12 12 12 12 12 12 15 13 0 1 6 6 3 5 8 13 3 6 12 12 0 15 13 15
split_gain=1233.07 226.055 191.242 156.572 119.755 76.7575 52.7326 46.7718 40.016 42.7034 42.7983 33.6797 29.9066 29.2344 24.3803 29.4794 23.9064 22.8013 29.649 22.5854 22.0141 21.2788 20.3007 19.6638 20.1252 19.1504 19.0383 18.0574 17.9778 25.0955 20.4635 17.7607 20.6751 17.967 20.7219 17.2504 16.8911 23.1621 18.2281 16.4759 16.2541 16.151 23.0888 15.4716 14.9852 31.4005 24.3001 14.767 14.3475 14.1568 21.5339 17.7627 26.7707 14.8333 14.0329 15.9453 15.1359 13.7073 13.1196 14.4803 16.6519 13.287
threshold=1.5000000000000002 17.500000000000004 4.6366620063781747 9.5000000000000018 69.500000000000014 49.500000000000007 2.5000000000000004 1.5000000000000002 0.012739370577037336 100.00000000000001 8.5000000000000018 1.5000000000000002 1.0000000180025095e-35 75.500000000000014 30.500000000000004 10.500000000000002 47.500000000000007 31.556962966918949 30.348591804504398 28.500000000000004 79.500000000000014 2.5000000000000004 0.016261236742138866 2.5000000000000004 10.084323883056642 10.984781265258791 38.500000000000007 18.500000000000004 1.5000000000000002 7.5000000000000009 0.016261236742138866 4.5000000000000009 71.500000000000014 51.500000000000007 3.5000000000000004 43.500000000000007 18.500000000000004 4.5000000000000009 36.500000000000007 1.5000000000000002 71.500000000000014 65.500000000000014 47.500000000000007 24.500000000000004 8.6062846183776873 4.5000000000000009 92.500000000000014 0.0084389690309762972 10.500000000000002 9.5000000000000018 0.015268065501004459 0.013245614245533945 1.0000000180025095e-35 2.5000000000000004 1.0000000180025095e-35 5.5000000000000009 22.500000000000004 21.500000000000004 45.500000000000007 7.7624042034149179 7.5000000000000009 31.556962966918949
decision_type=2 2 2 2 2 2 2 2 2 2 2 2 2 2 2 2 2 2 2 2 2 2 2 2 2 2 2 2 2 2 2 2 2 2 2 2 2 2 2 2 2 2 2 2 2 2 2 2 2 2 2 2 2 2 2 2 2 2 2 2 2 2
left_child=1 11 4 6 5 26 28 35 9 13 54 -1 16 22 15 27 -7 18 21 -17 31 25 23 36 -25 -10 -3 -12 43 30 -30 33 -33 39 -35 -6 37 -5 -38 -13 -36 42 -8 -2 45 -23 -47 -39 -21 50 -31 52 -52 -53 55 -11 -56 -41 -4 60 -60 -61
right_child=3 2 58 8 7 12 41 -9 17 10 14 20 -14 -15 -16 19 -18 -19 -20 48 -22 44 -24 24 -26 -27 -28 -29 29 49 -32 32 -34 34 40 -37 38 47 -40 57 -42 -43 -44 -45 -46 46 -48 -49 -50 -51 51 53 -54 -55 56 -57 -58 -59 59 61 -62 -63
leaf_value=0.01403562323007719 0.054904067354018732 -0.03486953360980468 0.036882956644707011 0.022993724259042086 -0.0060155523828565446 -0.048947658322844464 0.022098856188088226 -0.018720020125690028 0.036431652729518517 -0.11257825330887661 0.038634921989620236 -0.00091016862386900099 -0.068334323312774711 0.044300471731482237 -0.040555620226493415 -0.069086277675009022 -0.032965958199994018 0.041517372921710233 -0.10465700387556348 0.074802635867228948 0.037853183879381871 -0.061163551496919689 0.029995663595014672 0.0090391813901293718 -0.092543737511704999 -0.11033064310363686 -0.018973813325885779 -0.076131375100058782 0.034423569499538169 -0.10975160269642879 -0.10605874303500856 -8.0769714243492108e-05 -0.10194278179881999 0.0060645567136020746 -0.098126900824557495 0.044291429878532046 -0.003594710237205802 -0.09673917040579455 -0.053259783478737416 -0.068971785546895356 0.026147452005923749 0.03602097383723285 0.0055675080435931288 0.035470545062316762 0.013602682647989174 -0.038637244975202281 0.051402145813825101 -0.0097704281042546859 -0.079287586787748915 0.029931658066582895 -0.1225831552546038 0.026279508012290616 0.044412716306681657 -0.10934051517618254 -0.043090808811463779 0.037490550870027804 0.0040144077412252238 -0.027202996014152249 -0.0082490441428004734 0.012136474264906303 -0.095911694190585969 -0.10330153097606198
leaf_weight=243.19138387497514 173.01781198801473 362.54667525249533 32.288832392077893 70.518879309762269 23.931357044260949 760.47073955531232 946.99323582928628 123.3577803587541 123.5100644226186 1.8517848518677045 32.853726524859667 53.870780687429942 143.05837035225704 53.565000899136066 126.3749787718989 20.270226555177945 337.99630206474103 84.812118588713929 5.2119081709533921 5.4653327479027212 25.988330621505156 21.282181725371629 85.10737368138507 799.755962631898 4.9056307142600408 2.2634728536941102 392.08450271049514 3.826628969050943 397.74499165639281 5.7898359205573788 2.6092511471360913 371.86448585917242 5.0491690787021062 105.41859840415418 8.9506319132633489 59.180858163395897 38.098216410959139 5.1285975547507396 35.868130274349824 22.468280345667154 3.726577282883226 145.78992664883845 271.8475351058878 250.98722574906424 579.48188516823575 12.065314819570633 19.77556507056579 101.08752926345915 2.0877245226874939 21.438565202988684 2.779599508270624 3.0658146869391185 17.567045362200592 5.8889208305627108 19.327443900983781 40.114284645533189 144.93975132447667 156.15760244638659 75.000725543592125 190.47868570615537 5.838952276390045 2.5257468344643703
leaf_count=5515 333 71381 1316 1796 1032 217441 10048 21646 1789 162 1687 3525 61275 753 29631 5601 84117 545 136 252 560 1550 1097 27106 389 97 61274 1384 1845 120 47 28182 676 5132 1267 2211 1525 457 2385 2215 169 1539 4012 993 11602 756 749 2146 699 170 57 14 100 105 2054 1586 12119 14751 6548 11737 1008 47
internal_value=0.000140745 -0.0222875 -0.0302905 0.0169219 -0.0354371 -0.0391866 0.0264491 0.000813602 0.00815244 0.0034764 -0.0107272 -0.00214298 -0.0468306 0.00820023 -0.0277891 -0.00277704 -0.0440301 0.0169222 0.0141904 -0.0415876 -0.00736465 0.0150071 0.0065047 0.00461032 0.00841988 0.0337905 -0.0266106 0.0266621 0.0359858 0.0291047 0.033508 -0.00897995 -0.00144532 -0.0170802 -0.00119852 0.029806 -0.00761701 0.000779059 -0.0276785 -0.0251473 -0.0615954 0.020293 0.0184117 0.0434005 0.0112727 -0.0141437 0.0172839 -0.0139697 0.0322109 -0.00208056 -0.021638 -0.00422715 0.021599 -0.0629086 0.0050644 0.0308687 -0.00152792 -0.0324568 0.00673899 0.00318472 -0.0145808 0.0106258
internal_weight=8190.51 3505.45 2508.76 4685.07 2202.63 1996.16 2245.52 206.47 2439.55 1591.15 397.112 996.686 1241.53 1194.04 190.879 64.5036 1098.47 848.403 763.59 27.8233 753.494 758.378 1140.47 1055.36 804.662 125.774 754.631 36.6804 880.889 456.884 400.354 727.506 376.914 350.592 118.096 83.1122 250.701 176.735 73.9663 232.497 12.6772 1364.63 1218.84 424.005 632.605 53.1231 31.8409 106.216 7.55306 56.5298 35.0912 29.3014 20.3466 8.95474 206.233 41.9661 164.267 178.626 306.133 273.844 80.8397 193.004
internal_count=732461 603025 541033 129436 520377 495488 19383 24889 110053 92829 55175 61992 362833 37654 39254 9623 301558 17224 16679 6552 56477 16543 36901 35804 27495 1886 132655 3071 3784 2458 1892 55917 28858 27059 6568 3243 8309 4399 3910 20491 1436 15599 14060 1326 14657 3055 1505 2603 951 566 396 276 157 119 15921 1748 14173 16966 20656 19340 7556 11784
is_linear=0
shrinkage=0.05


Tree=11
num_leaves=63
num_cat=0
split_feature=8 0 15 0 0 4 4 0 8 10 10 0 13 15 6 13 6 15 0 4 4 4 0 15 6 15 6 9 6 15 4 15 4 13 15 15 15 13 15 15 7 10 3 6 3 15 6 0 6 0 6 13 6 3 3 7 16 4 6 0 15 15
split_gain=790.008 287.28 290.1 128.491 102.356 65.1884 47.3337 54.1334 43.1603 34.4835 30.4674 33.0159 20.0723 19.4768 29.261 25.2537 19.7712 21.7102 18.7979 16.3344 15.0933 15.8257 14.9797 14.8894 14.6338 14.4433 14.1693 13.7663 13.6029 17.7109 14.614 12.9481 12.9256 12.6152 13.4268 17.1743 16.5402 12.9089 22.7197 12.5939 19.5065 15.409 13.2201 14.4266 13.3022 20.5215 11.7156 18.4817 11.6703 11.6333 13.0663 11.7195 12.1322 11.1258 12.0065 22.9019 16.2249 11.1254 14.306 11.1029 20.9633 16.9172
threshold=18.500000000000004 17.500000000000004 4.6366620063781747 7.5000000000000009 69.500000000000014 18.500000000000004 2.5000000000000004 100.00000000000001 2.5000000000000004 60.000000000000007 18.500000000000004 6.5000000000000009 1.5000000000000002 7.3998341560363778 18.500000000000004 1.5000000000000002 60.000000000000007 10.084323883056642 16.500000000000004 3.5000000000000004 7.5000000000000009 4.5000000000000009 63.500000000000007 5.5924804210662851 11.500000000000002 5.7743546962738046 9.5000000000000018 0.013072453904896976 8.5000000000000018 22.937207221984867 16.500000000000004 31.556962966918949 13.500000000000002 2.5000000000000004 8.8916845321655291 9.1103243827819842 6.9609503746032724 6.5000000000000009 10.247822284698488 6.7173867225646982 0.014389234129339458 1.0000000180025095e-35 0.015749008394777778 1.0000000180025095e-35 0.016001024283468727 41.236131668090827 7.5000000000000009 85.500000000000014 3.5000000000000004 30.500000000000004 7.5000000000000009 2.5000000000000004 16.500000000000004 0.014389234129339458 0.015504807699471714 0.015504807699471714 1.0000000180025095e-35 15.500000000000002 6.5000000000000009 36.500000000000007 5.8336966037750253 31.556962966918949
decision_type=2 2 2 2 2 2 2 2 2 2 2 2 2 2 2 2 2 2 2 2 2 2 2 2 2 2 2 2 2 2 2 2 2 2 2 2 2 2 2 2 2 2 2 2 2 2 2 2 2 2 2 2 2 2 2 2 2 2 2 2 2 2
left_child=3 10 4 8 5 22 25 48 39 24 18 -12 -7 14 15 -9 17 -15 26 23 21 -16 -3 -4 -6 27 -2 -5 29 -19 -30 33 -11 -28 36 -36 -35 38 -37 -1 41 -41 -42 -44 -45 -46 47 -34 -8 51 -51 -14 -53 -27 55 56 -55 58 -21 -59 -61 -62
right_child=1 2 19 6 9 12 7 13 -10 32 11 -13 49 16 20 -17 -18 28 -20 57 -22 -23 -24 -25 -26 53 31 -29 30 -31 -32 -33 46 34 35 37 -38 -39 -40 40 42 -43 43 44 45 -47 -48 -49 -50 50 -52 52 -54 54 -56 -57 -58 59 -60 60 61 -63
leaf_value=0.038180092390076859 0.064907508269523517 0.0069745212947291309 0.057891261282584296 -0.10489094151094172 0.075716617800438951 -0.012415454718340248 0.020398687479812848 -0.058514572052114772 0.020043751618958171 -0.021833111812170816 0.0081549700000637711 -0.007959879196297117 -0.041891398385904915 -0.10231578445080242 -0.090228470619175938 -0.00097468831993972351 0.035984637937416457 0.041606397306420344 -0.10287699113875511 -0.10702234134125047 -0.051159480785898749 0.03451982488864893 0.057630257894603965 -0.10459144374221346 -0.067127235908772398 0.047500195137413721 0.049855351561363094 0.016105501933809701 -0.10614944916530969 -0.10144469587645721 0.03778240295275679 0.048188861670209963 0.050116247368948111 0.044228323863109292 0.072453645263319585 -0.10760393597159718 -0.10693931448537658 -0.021693245691073726 0.025380628656171113 0.059937050725141439 0.049276566476808364 -0.1064320717274324 0.031256905297996261 0.010989042312648708 -0.11176540899273538 0.07127629215930141 -0.042576346963407813 -0.0348136709303681 0.0068700166212740423 -0.101888054551302 -0.03101148587015817 0.018631990265189188 -0.019428035097969476 -0.10450007652067213 0.030245247718280216 -0.10793188802545946 0.039258755030744767 0.019090095923087812 0.026224263898945638 -0.071478572462919152 0.0045962876823807154 -0.10280368451406185
leaf_weight=727.38999224780127 19.948882959783077 94.301085369894281 1.8680148273706425 2.3670136677101246 1.8156411033123721 255.12721024872735 199.80752710346133 21.653320263605565 882.90508821676485 97.28842975012958 770.48824214260094 541.02576901880093 53.525535746943206 6.1489600613713256 3.3276907987892619 159.77224390464835 35.880433900048956 17.234434022568173 2.9136932622641316 2.0542005114257327 77.530621116049588 10.772546750493346 17.266567966900766 5.7498269123025239 143.64038333809003 74.62329979473725 19.855639149434865 342.79397892591078 4.9416665774770081 2.4743542196229091 2.7422171337530008 33.103604353964329 8.7774029965512437 2.7414713008329255 10.371001800522206 3.4018460256047538 5.3229820276610553 30.989805548451841 57.473394626751542 1.9083346342667935 34.000962890684605 5.1416224967688313 29.781834899447858 12.049701267853379 6.728935509454459 1.9823769144713876 704.78766592731699 23.70563280954957 788.40372845763341 6.5628356751985839 708.66983077838086 22.749438368249685 263.01229411340319 2.3138117850758144 91.148685733322054 4.7855174890719345 12.934078525286168 119.96936208102852 103.97031556721777 9.5535941207781416 369.22075916221365 3.7033407818526021
leaf_count=2749 95 4022 28 190 7 31880 3345 7446 8223 19451 24298 44463 6869 660 612 16317 773 292 173 86 25283 900 275 439 63539 581 202 7512 235 57 70 162 162 50 79 226 366 863 941 5 140 85 132 90 129 3 201296 5895 19938 496 157700 711 40324 184 1011 166 109 3320 2776 1081 22835 114
internal_value=0.000182812 -0.0137082 -0.0225939 0.0177825 -0.0304469 -0.0218746 0.00870472 0.00366855 0.0277126 -0.0428784 0.00419384 0.00150727 -0.0250001 -0.013462 -0.0194743 -0.00784213 0.0101857 -0.0174121 0.0231248 0.00801367 -0.0425055 0.00507892 0.0148142 -0.0647481 -0.0653442 0.0213262 0.0251287 0.0152757 0.00164661 0.0236469 -0.0547832 0.020268 -0.0389628 0.0131667 0.00656226 0.0114618 -0.0555506 0.00457616 0.0179492 0.0359799 0.0185071 -0.061398 0.0251702 0.00895353 -0.0230408 -0.0701118 -0.0412232 -0.0118643 0.00960539 -0.0280448 -0.0316618 -0.0204199 -0.0163981 0.0325658 0.0225422 -0.0125055 0.0174439 0.00892462 0.0236426 0.00581888 0.00165618 0.00352975
internal_weight=8078.5 4514.96 3017.32 3563.54 2401.23 1421.21 1861.66 1330.69 1701.89 980.015 1497.64 1311.51 1309.65 342.478 273.056 181.426 69.4221 33.5416 186.122 616.089 91.6309 14.1002 111.568 7.61784 145.456 530.966 183.209 345.161 27.3927 19.7088 7.68388 163.26 834.559 130.156 110.301 102.236 8.06445 91.865 60.8752 818.984 91.5938 7.04996 84.5438 50.5428 20.761 8.71131 737.271 32.483 988.211 1054.52 715.233 339.287 285.762 185.805 111.182 20.0334 15.2479 608.472 106.025 502.447 382.478 372.924
internal_count=732461 635224 563306 97237 532627 242277 85681 75928 11556 290350 71918 68761 237980 52645 50558 23763 2087 1314 3157 30679 26795 1512 4297 467 63546 9753 2984 7702 654 349 305 2889 226804 2727 2525 2109 416 2030 1167 3333 584 90 494 354 222 132 207353 6057 23283 206100 158196 47904 41035 2051 1470 459 293 30212 2862 27350 24030 22949
is_linear=0
shrinkage=0.05


Tree=12
num_leaves=63
num_cat=0
split_feature=17 0 12 0 15 0 9 4 12 0 12 0 10 12 9 0 12 12 12 12 12 0 10 12 12 12 15 9 10 10 10 9 2 12 4 12 12 9 4 0 0 15 10 12 2 12 7 0 0 10 15 4 10 12 17 15 9 0 2 17 10 15
split_gain=1051.35 183.923 174.004 122.429 98.684 59.1193 55.5916 45.9516 30.9747 30.3578 32.9538 27.4334 26.1087 21.531 24.77 22.6778 19.9614 19.2467 27.6625 21.9459 19.0822 17.5551 16.3059 20.472 15.7191 14.9638 14.7235 14.1862 16.3132 15.423 16.5502 14.4426 14.1688 13.8005 13.5468 16.3715 16.1035 13.089 13.0596 13.0464 22.1704 18.0986 19.5831 17.5562 12.68 17.5153 22.2472 12.6463 12.4802 16.474 16.4313 12.5304 22.8177 12.6419 14.3463 12.0652 11.7732 11.4775 11.4136 11.3541 12.9661 11.0916
threshold=1.5000000000000002 17.500000000000004 66.500000000000014 3.5000000000000004 7.9977357387542733 45.500000000000007 0.015268065501004459 4.5000000000000009 80.500000000000014 30.500000000000004 62.500000000000007 5.5000000000000009 60.000000000000007 26.500000000000004 0.013986697886139156 58.500000000000007 75.500000000000014 79.500000000000014 65.500000000000014 47.500000000000007 47.500000000000007 32.500000000000007 5.5000000000000009 51.500000000000007 47.500000000000007 62.500000000000007 32.506479263305671 0.014185110572725536 8.5000000000000018 17.500000000000004 13.500000000000002 0.014389234129339458 15.500000000000002 38.500000000000007 14.500000000000002 54.500000000000007 53.500000000000007 0.013245614245533945 3.5000000000000004 64.500000000000014 31.500000000000004 7.2502403259277353 17.500000000000004 73.500000000000014 60.000000000000007 48.500000000000007 0.014389234129339458 38.500000000000007 8.5000000000000018 6.5000000000000009 24.460785865783695 1.0000000180025095e-35 10.500000000000002 6.5000000000000009 4.5000000000000009 5.7267816066741952 0.015038444194942715 26.500000000000004 60.000000000000007 3.5000000000000004 1.0000000180025095e-35 4.6366620063781747
decision_type=2 2 2 2 2 2 2 2 2 2 2 2 2 2 2 2 2 2 2 2 2 2 2 2 2 2 2 2 2 2 2 2 2 2 2 2 2 2 2 2 2 2 2 2 2 2 2 2 2 2 2 2 2 2 2 2 2 2 2 2 2 2
left_child=1 11 4 6 5 33 17 8 48 26 13 -1 -7 14 15 -11 -13 18 19 59 55 -12 23 -21 -8 38 -9 29 -29 30 32 -30 47 -3 -26 36 -36 -34 -24 40 57 42 -41 -44 45 56 -47 -15 -5 -50 51 52 -51 54 -54 -14 -33 -4 -16 60 -2 -31
right_child=3 2 39 7 -6 12 24 9 -10 10 21 16 20 27 58 -17 -18 -19 -20 22 -22 -23 25 -25 34 -27 -28 28 31 61 -32 44 37 -35 35 -37 -38 -39 -40 41 -42 -43 43 -45 -46 46 -48 -49 49 50 -52 -53 53 -55 -56 -57 -58 -59 -60 -61 -62 -63
leaf_value=0.0051062085859816843 -0.1204108600145766 -0.032474398227281168 -0.0051012857947182137 0.025149443112688269 0.0081824532917811402 -0.06422582761273056 0.040639560006437543 0.0098928596989396739 0.054977487337770081 0.017494268509453344 -0.1017642858160053 -0.014314338769537138 -0.045948707085164076 -0.1039106163295388 0.014219586398054854 -0.03684124565556144 0.029481321008095675 -0.10403326681303807 0.047482931513159951 -0.11158859742797184 -0.03101283986347857 0.016067918289757656 -0.11471445192598612 0.04077119014264885 0.026730993189831683 -0.10663574406961095 0.035721888533959349 -0.084254532467467488 -0.086116434636550387 -0.013603859108988771 0.052221937272845992 -0.076161781212065613 -0.0049225041809093139 -0.017587480167472323 -0.12759968249847894 -0.12072286177194434 0.062405096580480483 -0.10514857326782011 -0.0093384544917946462 -0.063696354451725265 0.023500933874106653 0.011679677246560135 -0.03464203821707959 0.004816450977026117 0.020571625259253649 -0.084856119144993983 0.019016375221219042 0.049329415311813132 0.028088677851188799 -0.10554959485676473 -0.1004818478147642 0.0049903331970846173 0.016641253932857678 0.027017740174335138 -0.11752684368089771 0.033144419089590649 -0.026088525932436452 -0.070796802710249726 0.053988309446983421 0.009883594166411918 0.026984190856600639 -0.08999981337030391
leaf_weight=516.06253751600161 1.5018732259050001 305.9528239031788 26.676989898085594 312.17730537708849 126.42567046522163 138.67508918885142 615.78669872554019 1226.0045730799902 56.091216940432787 36.813766006962396 3.2027917443774632 432.81174211541656 772.42482025385834 1.4532655095681573 47.538510914659128 40.142924756975845 27.681704743299633 3.2786935959011307 67.956667721271515 2.4376888554543283 324.08587790140882 241.82483775820583 3.0849805716425172 23.072553589008749 151.9564235736616 4.6994184311479321 57.773942671716213 11.169160704594104 7.9475700610782942 209.88753812713549 17.144425807986408 17.537289044586942 91.207206056453288 316.95247241272591 1.4819251140579561 3.5018287673592567 4.5055853445082903 3.3781467936933032 62.680605149827898 19.183145767310634 119.74967590998858 92.857226086780429 44.004147092811763 78.438495375216007 19.218429219443351 6.1667050614487371 31.415563121903688 18.300845729652792 146.58758407644928 3.4766753935255101 3.3894968619570127 389.83314689807594 5.0690998369827849 158.94019339652732 3.2826785121578723 4.8519463720731428 35.503061534836888 8.8552784351631981 29.076978744007647 207.43864582479 228.21912049688399 4.8611444761045268
leaf_count=18091 41 61977 2393 2113 7933 63743 2225 27028 547 1686 190 43082 230243 46 3616 6676 819 125 457 63 82543 12117 77 157 771 135 319 506 1834 29284 693 3374 3232 51215 33 94 9 238 1022 4292 9849 4588 11295 9227 869 1761 1862 260 1652 112 69 12359 197 2752 122 282 3993 1453 360 1739 1887 734
internal_value=0.000217662 -0.0210809 -0.0285805 0.0156943 -0.0345657 -0.0374668 0.0281545 0.0103751 0.0188005 0.00616218 -0.00102675 -0.00281008 -0.0437797 -0.00708829 0.00918727 -0.0108488 -0.0116816 0.0167806 0.0174396 0.0136101 -0.0412053 0.0145277 -0.00804041 0.0262121 0.0369987 -0.0204408 0.0110552 -0.0123482 -0.0265039 -0.00707583 0.00641067 -0.0210277 -0.000458414 -0.0248995 0.0231116 -0.0348467 0.0153784 -0.00850211 -0.0142815 0.00196853 0.0132096 -0.00547567 -0.0167236 -0.00936437 -0.0163182 -0.0241415 0.00197241 0.0380559 0.0168165 0.0131556 0.00927428 0.00993788 0.0212322 0.023867 -0.0360937 -0.045455 -0.0426448 -0.0214738 0.0293125 0.0183633 0.0260205 -0.0153332
internal_weight=7973.71 3355.69 2379.13 4618.02 1989.37 1862.94 1381.6 3236.42 1078.85 2157.57 873.79 976.556 1240.04 628.763 153.572 76.9567 460.493 604.37 601.092 533.135 1101.36 245.028 95.9752 25.5102 777.232 70.465 1283.78 475.19 128.958 346.233 131.484 117.789 114.339 622.905 161.446 9.48934 5.98751 94.5854 65.7656 389.765 155.282 234.483 141.626 122.443 109.841 90.6226 37.5823 19.7541 1022.76 710.579 563.991 560.602 170.769 167.292 8.35178 777.277 53.0404 35.5323 76.6155 437.16 229.721 214.749
internal_count=732461 603025 541033 129436 497936 490003 8835 120601 19923 100678 73331 61992 376811 61024 12338 8362 43901 5703 5578 5121 313068 12307 1454 220 3132 1234 27347 48686 14199 34487 4469 13693 3776 113192 907 136 42 3470 1099 43097 13695 29402 24814 20522 11859 10990 3623 306 19376 17263 15611 15542 3183 3071 319 230525 7367 3846 3976 3667 1928 30018
is_linear=0
shrinkage=0.05


Tree=13
num_leaves=63
num_cat=0
split_feature=17 1 15 1 1 8 1 4 10 1 3 10 14 6 10 10 8 15 6 8 3 1 8 7 1 8 8 17 15 1 1 6 10 11 1 1 1 5 1 14 3 15 10 14 15 14 15 10 14 15 15 15 3 9 14 4 10 15 3 17 1 6
split_gain=966.643 167.478 170.742 120.66 52.1348 45.1607 37.8025 34.6074 25.3038 49.9309 26.9413 24.6076 21.5531 17.4001 16.4184 15.8505 14.8612 14.1879 18.6546 12.8095 18.8186 11.7912 14.847 17.9354 11.5032 14.587 11.3487 17.1309 17.8514 21.6525 16.2874 19.8842 15.6554 16.5136 13.4499 12.1976 11.7784 27.6409 17.7979 17.1548 11.4569 10.4657 15.0411 20.505 21.5233 10.2455 11.7208 11.4212 10.5985 10.4403 17.9579 10.0183 18.1861 17.0601 15.0146 10.2858 10.003 9.99702 9.74486 9.58982 23.5386 15.5861
threshold=1.5000000000000002 0.011173533275723459 4.6366620063781747 0.015504807699471714 0.0075472774915397176 3.5000000000000004 0.015038444194942715 4.5000000000000009 17.500000000000004 1.0000000180025095e-35 1.0000000180025095e-35 60.000000000000007 1.0000000180025095e-35 12.500000000000002 18.500000000000004 16.500000000000004 11.500000000000002 25.199878692626957 1.5000000000000002 8.5000000000000018 1.0000000180025095e-35 0.0064309346489608296 1.0000000180025095e-35 0.013793759513646366 0.0064725596457719812 1.0000000180025095e-35 8.5000000000000018 2.5000000000000004 19.977256774902347 0.014599318150430919 0.01197647722437978 15.500000000000002 9.5000000000000018 0.014389234129339458 0.011050061322748663 0.01197647722437978 0.014389234129339458 0.014815627597272398 0.014815627597272398 6.5000000000000009 0.012739370577037336 22.077216148376468 3.5000000000000004 4.5000000000000009 10.247822284698488 1.5000000000000002 7.6062848567962655 1.5000000000000002 2.5000000000000004 6.6887481212615976 8.9968690872192401 22.671748161315922 0.014815627597272398 0.016001024283468727 2.5000000000000004 6.5000000000000009 1.5000000000000002 16.913003921508793 0.016001024283468727 3.5000000000000004 0.015268065501004459 10.500000000000002
decision_type=2 2 2 2 2 2 2 2 2 2 2 2 2 2 2 2 2 2 2 2 2 2 2 2 2 2 2 2 2 2 2 2 2 2 2 2 2 2 2 2 2 2 2 2 2 2 2 2 2 2 2 2 2 2 2 2 2 2 2 2 2 2
left_child=1 2 4 7 11 17 -3 24 15 10 16 -1 -6 -12 -11 26 -10 -5 -19 21 59 -16 23 -23 -2 -26 30 28 29 32 34 36 33 -28 51 -30 39 38 -38 40 -32 42 43 44 -4 46 -35 -48 -47 -50 -51 52 53 -9 -54 -53 -7 -17 -22 60 -21 -61
right_child=3 6 41 5 12 56 -8 8 9 14 13 -13 -14 -15 19 57 -18 18 -20 20 58 22 -24 -25 25 -27 27 -29 35 -31 31 -33 -34 45 -36 -37 37 -39 -40 -41 -42 -43 -44 -45 -46 48 47 -49 49 50 -52 55 54 -55 -56 -57 -58 -59 -60 61 -62 -63
leaf_value=-0.064527723214347479 0.0068375163250516185 -0.01333211540960496 -0.071988345486621544 0.037318029520744499 -0.011668611027632877 0.040243226809583046 0.0042181954594418033 -0.10619028704737853 0.033690860164324266 -0.094531396428065517 -0.016333091239157112 -0.040798355893259253 -0.03101760590421529 -0.048874522961570868 0.073228208900156411 0.056511494720011227 -0.015640186437659038 0.02477676424104458 -0.10529450745883805 0.0085258700863547771 -0.009264694767105416 0.027750822540957135 0.014652933817752678 -0.072680808581456965 0.031008994314788835 0.015956783465213065 -0.10117784121062204 0.022767528837362789 0.0046770724514671701 -0.10521011588492071 -0.10331307196531569 -0.065518712670666432 0.018901202794270006 -0.10272349294694182 -0.10269271105432334 0.044121037725434228 -0.10574889540648953 -0.10668127596436237 0.041494314172191543 -0.11271109075213009 0.044654983485176936 0.032567075321931968 0.0078107823459833657 -0.065131600079633603 0.033095524271143421 -0.070535455019675689 -0.10117914184805198 0.052356495943080443 0.074437073127286937 -0.10721986401782398 -0.0069573978546855087 -0.099986145154636802 0.044352565097583285 0.03235833733422494 -0.062593029132932756 0.043422014147515751 0.016471086691622207 -0.095756281755713005 0.045576507044709863 -0.021483087766312362 -0.05940177220564339 0.046062740499823292
leaf_weight=129.39734477666207 217.89420494926162 766.99259138735943 6.6597310123033848 691.3712752899155 181.34600538900122 47.673004299867898 511.40649721678346 10.016877392306926 31.384793623816222 4.0141898537985972 106.207579433918 701.81955748214386 697.44309521489777 66.988588354783133 8.1783081055618805 27.11327839829028 29.728070063982159 8.8626946285366994 4.0009289141744366 425.06368185661267 265.50499406561721 7.5536939240992096 392.33483088528737 10.803026709705589 214.15462080622092 647.9298651162535 5.0194753711111835 323.91791086178273 37.932824408635497 5.1019266238436094 1.3476319080218662 7.4937172569334498 63.324714857153594 1.5932609634473944 5.0824573356658211 40.554420005297288 2.3742884187959197 5.5326858246698967 15.132708136457948 1.9070846419781435 44.693981775082648 32.493724928703159 217.32364733074792 18.056952274404466 18.160134181380272 7.9529325324110678 1.3214975013397641 14.518912932835516 3.5069144880399099 4.8047162694856516 63.35077253356576 1.4411226557567705 9.2514632791280729 2.8551691798493257 5.086270732805132 9.4451754279434663 616.68268566951156 1.1225698878988613 8.3552224589511734 11.17142941476777 13.147909571416674 36.263281163293868
leaf_count=63465 10491 89643 1000 2585 26522 327 18091 658 1406 370 17398 214990 170169 22745 137 485 4559 48 49 16677 11567 98 7874 382 1453 7979 386 5119 703 380 52 234 2409 110 160 376 63 103 110 39 306 322 16300 1877 646 516 106 179 28 460 2486 46 99 40 292 77 5826 54 134 320 390 545
internal_value=0.000272399 -0.0204502 -0.0294755 0.0150919 -0.0355156 0.0275282 -0.00631135 0.00980525 0.00612215 0.00223817 -0.0188482 -0.0444924 -0.0270248 -0.0289194 0.00641676 0.0137348 0.009694 0.03635 -0.0156789 0.00676065 0.00288924 0.0137804 0.0125966 -0.0313537 0.0171017 0.019696 0.0122419 0.0151872 0.00532546 -0.0037583 -0.0016273 0.0119424 -0.000628787 -0.0127455 -0.0262918 0.0250578 0.0201194 -0.00926189 0.0215253 0.0342372 0.040324 0.00581225 0.00247112 -0.0245933 0.00489915 -0.00817165 0.0265455 0.0395477 -0.0157738 -0.00969648 -0.0140255 -0.016099 -0.0323173 -0.0754586 0.00641392 0.0244377 0.0181769 0.0504578 -0.00759154 0.00879944 0.0064878 0.0301549
internal_weight=7869.16 3281.1 2002.7 4588.07 1710.01 1368.59 1278.4 3219.48 2139.5 1416.7 234.309 831.217 878.789 173.196 1182.39 722.797 61.1129 704.235 12.8636 1178.38 759.507 418.87 410.692 18.3567 1079.98 862.084 694.561 572.9 248.982 170.495 121.661 78.4821 165.393 102.068 43.1785 78.4872 70.9884 23.0397 17.507 47.9487 46.0416 292.694 260.2 42.8768 24.8199 97.049 17.4337 15.8404 79.6153 71.6624 68.1555 38.0961 27.2098 12.872 14.3377 10.8863 664.356 28.2358 273.86 485.646 438.212 47.4347
internal_count=732461 603025 495291 129436 475146 8835 107734 120601 100678 84602 46108 278455 196691 40143 38494 16076 5965 2682 97 38124 29633 8491 8354 480 19923 9432 15537 13258 8139 7060 2279 907 6680 4271 1372 1079 673 276 173 397 358 20145 19823 3523 1646 3885 395 285 3490 2974 2946 1212 1089 698 391 123 6153 539 11701 17932 17067 865
is_linear=0
shrinkage=0.05


Tree=14
num_leaves=63
num_cat=0
split_feature=17 1 12 1 15 11 9 1 1 11 12 3 6 13 15 12 1 12 6 6 4 4 4 1 15 13 12 6 3 4 4 3 12 1 13 1 3 12 6 13 12 6 3 1 12 9 15 17 1 11 12 1 13 12 13 12 1 12 1 13 12 12
split_gain=911.127 148.918 179.716 112.467 95.0229 49.3559 48.6211 32.5251 31.8816 27.2153 24.7008 23.7552 32.7883 22.5555 21.7859 19.5138 17.7845 15.5977 15.2357 19.5447 20.2703 15.5586 13.9917 12.9488 14.4692 14.3988 11.7756 13.658 11.2629 11.2567 19.4354 39.0503 17.3281 12.0908 11.7964 16.7005 11.0337 10.9755 10.9722 22.44 14.647 13.6945 12.2947 12.768 10.7659 10.7329 12.382 15.014 12.6837 11.1676 10.702 16.0893 29.3494 14.0853 16.2261 10.6581 13.3755 10.5326 11.8975 10.4445 10.3986 13.3592
threshold=1.5000000000000002 0.011173533275723459 66.500000000000014 0.014185110572725536 8.5108652114868182 1.0000000180025095e-35 0.015749008394777778 0.015038444194942715 1.0000000180025095e-35 1.0000000180025095e-35 75.500000000000014 1.0000000180025095e-35 13.500000000000002 1.5000000000000002 4.6366620063781747 45.500000000000007 0.0093898782506585139 74.500000000000014 8.5000000000000018 11.500000000000002 12.500000000000002 3.5000000000000004 1.0000000180025095e-35 0.013986697886139156 31.556962966918949 2.5000000000000004 21.500000000000004 1.5000000000000002 0.015749008394777778 8.5000000000000018 1.0000000180025095e-35 0.014185110572725536 62.500000000000007 0.00766294775530696 2.5000000000000004 0.01183473411947489 0.014599318150430919 35.500000000000007 18.500000000000004 3.5000000000000004 82.500000000000014 60.000000000000007 1.0000000180025095e-35 0.013423423748463394 40.500000000000007 0.016261236742138866 16.493126869201664 2.5000000000000004 0.0091326101683080214 0.014815627597272398 61.500000000000007 0.015504807699471714 4.5000000000000009 27.500000000000004 7.5000000000000009 80.500000000000014 0.0098524559289217013 62.500000000000007 0.016261236742138866 7.5000000000000009 71.500000000000014 69.500000000000014
decision_type=2 2 2 2 2 2 2 2 2 2 2 2 2 2 2 2 2 2 2 2 2 2 2 2 2 2 2 2 2 2 2 2 2 2 2 2 2 2 2 2 2 2 2 2 2 2 2 2 2 2 2 2 2 2 2 2 2 2 2 2 2 2
left_child=1 2 4 5 9 8 57 17 11 15 18 22 44 55 -15 -1 -16 -3 -10 21 29 -20 -2 24 25 60 -8 -28 -29 30 34 32 33 -32 -21 -36 37 -25 40 45 -27 -41 43 -43 -13 46 47 48 49 -40 51 52 -30 54 -53 56 -4 58 -5 -24 61 -7
right_child=3 7 13 6 -6 23 26 -9 10 -11 -12 12 -14 14 16 -17 -18 -19 19 20 -22 -23 59 36 -26 38 27 28 50 -31 31 -33 -34 -35 35 -37 -38 -39 39 41 -42 42 -44 -45 -46 -47 -48 -49 -50 -51 -52 53 -54 -55 -56 -57 -58 -59 -60 -61 -62 -63
leaf_value=-0.04130381576440853 -0.11709735596570699 -0.015042719869412037 0.023966870869595654 0.01273947360425305 0.0079878759214247214 0.02379362900123571 0.041902231420503276 0.0030755339522268855 0.01090442469647307 -0.060907283304166129 0.038892203741220523 0.0030198865154687556 -0.045980423382616292 -0.018226709092757091 0.0040683510887116713 -0.028604197162879333 0.06015168834008984 0.01599623606684171 -0.11309692943238497 0.069831267673356415 -0.0059071335053110206 -0.018883871036932825 0.019326293970020055 -0.10596302010238363 0.037132441481910687 0.020009796648742958 0.03441783437545725 0.029396291735260888 -0.11009850906591064 0.027066074373269397 -0.09816397951995659 -0.085432215415733925 -0.10353694061690995 0.014728582046699235 -0.12086707952955716 0.035630298442088974 -0.10439008261525805 0.00889672465617539 0.040453058645998241 -0.10301922020877373 -0.10688345297369795 0.0093996895324123739 0.037531360488410548 -0.051707456378243047 -0.019067342458541938 0.072559600575199876 0.026607053853867746 -0.10197778295012178 -0.091401211564177826 -0.097046683288108213 0.042875287036910965 -0.10729976526608231 0.007438515611971102 0.020012788679737197 0.069097908036832204 0.055885101056267421 -0.057752544357157855 0.027859553839381435 0.026015792334605055 -0.055586267032169193 0.050557143989016728 -0.1009531876662752
leaf_weight=903.86454497091472 2.0497353235259643 709.70613906090148 47.712867665104568 933.7815264640376 115.16079021571204 81.957285223528743 231.21378470258787 510.69038887368515 487.60562752839178 131.11914749979042 54.349234405672178 113.18356563267298 75.158881598617882 125.9118913821876 131.61881829169579 454.62490837206133 15.836404394358395 42.92284668108914 4.6678997278213492 15.703597395680847 302.67935849609785 71.591304633067921 81.889918884262443 2.3907067822292509 86.546874991618097 307.2883422235027 386.0054243421182 122.52016926789656 8.4313189182430524 94.631264988565817 2.446171856019645 13.363946851808576 3.4253213834017506 77.94049062510021 2.2171838255599123 7.3755850270390511 3.3751954706385723 15.9947939729318 7.1058023953810423 2.6419690353795877 2.2910606279037884 230.8255532742478 38.633135320153087 8.8770090392790717 107.63820114987902 2.1911796834319821 5.3533680588006964 10.594666233751921 4.4463276169262818 1.864113181363791 17.610562859103084 4.6361244022846213 14.351857651025055 60.794237387366593 1.8136766925454137 23.374291149433702 5.5943482089787713 189.8212331624236 205.97119644051418 4.9331208295188835 43.844638737849891 2.2038716832175842
leaf_count=267991 113 87713 2754 12056 6410 1485 733 18091 10496 64867 684 11152 23205 27968 8042 115907 197 1930 206 50 16324 3228 5494 79 524 5257 1502 724 184 2607 290 667 275 1926 105 55 63 253 318 151 107 7296 602 417 13950 8 73 551 398 216 99 52 127 359 4 571 584 2048 1495 990 349 89
internal_value=0.000325502 -0.0200434 -0.02869 0.0147061 -0.0357705 0.00719667 0.0229203 -0.00666392 0.00179215 -0.0391535 0.0059993 -0.0106482 -0.0174552 0.00377037 -0.00295171 -0.0370538 0.0100916 -0.0132726 0.00434959 -0.00101274 0.00245527 -0.0246507 0.0120216 0.0167843 0.0177747 0.0155412 0.0322803 0.0286696 0.0190291 0.0141139 0.00410607 -0.00605636 0.00660025 0.0112933 0.043145 -0.000541057 -0.0212935 -0.00603874 0.0123989 0.00579015 0.0190707 0.01028 0.0113555 0.00713668 -0.0077464 -0.0341889 -0.0421545 -0.0574853 -0.0223501 0.0118781 0.00722857 0.000255582 -0.0360581 0.0125592 -0.0576969 0.0277344 0.0153908 0.0169548 0.0151387 0.0150699 0.0308129 0.020527
internal_weight=7776.36 3218.14 1954.82 4558.23 1604.77 2381.28 2176.95 1263.32 1522.85 1489.61 1138 384.853 295.981 350.049 273.367 1358.49 147.455 752.629 1083.65 596.042 519.783 76.2592 88.8728 858.426 836.665 750.118 847.377 616.163 230.158 217.104 122.472 97.1759 83.812 80.3867 25.2964 9.59277 21.7607 18.3855 622.113 312.533 309.579 280.978 278.336 239.703 220.822 31.5555 29.3643 24.0109 13.4162 8.96992 107.638 90.0272 22.7832 67.244 6.4498 76.6815 53.3072 1329.57 1139.75 86.823 128.006 84.1612
internal_count=732461 603025 495291 129436 455175 110053 19383 107734 91817 448765 36913 54904 48307 40116 36207 383898 8239 89643 36229 25733 22299 3434 6597 18236 17841 17317 3784 3051 1549 5975 3368 3158 2491 2216 210 160 395 332 15394 10030 5364 8466 8315 7713 25102 1564 1556 1483 932 534 825 726 311 415 56 3909 3338 15599 13551 6484 1923 1574
is_linear=0
shrinkage=0.05


Tree=15
num_leaves=63
num_cat=0
split_feature=8 0 15 0 8 0 12 4 15 12 12 2 0 2 4 4 7 8 7 7 13 4 12 12 11 13 12 2 0 12 2 7 8 8 3 2 2 11 7 4 2 0 12 0 12 7 11 0 1 5 2 7 11 5 7 4 12 0 15 15 13 11
split_gain=625.683 199.209 251.209 84.2548 78.1664 49.9296 49.0188 43.1267 38.9506 30.0857 25.9918 25.1754 24.9419 29.377 35.4111 24.1994 22.3795 19.6508 18.9406 25.1433 18.439 18.3669 19.9197 18.1203 18.0617 17.617 23.6552 17.4724 17.25 15.5917 15.4729 15.3429 16.9219 15.3359 15.2063 15.1687 22.3908 17.1576 15.8589 15.017 15.0166 14.8789 27.3647 14.7524 14.7372 13.7922 13.715 13.6639 15.2162 13.2113 12.9281 12.9208 20.8943 14.5884 12.8315 12.6669 12.5286 13.3402 12.3947 17.4909 16.3776 15.397
threshold=16.500000000000004 16.500000000000004 1.0000000180025095e-35 69.500000000000014 3.5000000000000004 3.5000000000000004 49.500000000000007 14.500000000000002 17.247365951538089 52.500000000000007 70.500000000000014 6.5000000000000009 30.500000000000004 16.500000000000004 60.000000000000007 14.500000000000002 0.014599318150430919 18.500000000000004 0.013793759513646366 0.013245614245533945 1.5000000000000002 13.500000000000002 71.500000000000014 14.500000000000002 0.015749008394777778 5.5000000000000009 69.500000000000014 18.500000000000004 92.500000000000014 81.500000000000014 13.500000000000002 1.0000000180025095e-35 60.000000000000007 17.500000000000004 0.012903762981295587 11.500000000000002 8.5000000000000018 0.016261236742138866 0.015504807699471714 1.0000000180025095e-35 17.500000000000004 29.500000000000004 35.500000000000007 91.500000000000014 44.500000000000007 0.016001024283468727 0.016001024283468727 47.500000000000007 0.0065147271379828462 0.016261236742138866 2.5000000000000004 1.0000000180025095e-35 0.015749008394777778 1.0000000180025095e-35 0.015038444194942715 15.500000000000002 38.500000000000007 35.500000000000007 6.0646126270294198 10.499359607696535 6.5000000000000009 0.015038444194942715
decision_type=2 2 2 2 2 2 2 2 2 2 2 2 2 2 2 2 2 2 2 2 2 2 2 2 2 2 2 2 2 2 2 2 2 2 2 2 2 2 2 2 2 2 2 2 2 2 2 2 2 2 2 2 2 2 2 2 2 2 2 2 2 2
left_child=4 11 3 6 5 -1 7 56 12 16 35 -2 -6 15 46 20 -5 34 19 58 -14 22 -13 -17 -22 26 31 -27 29 -11 -18 32 -23 -24 -9 36 37 -7 -38 -10 -20 -37 54 -16 -21 -19 -15 -12 49 -49 -41 52 53 -52 -43 -34 -3 -58 60 61 -4 -60
right_child=1 2 18 9 8 10 -8 17 39 28 47 21 13 14 43 23 30 45 40 44 24 25 33 -25 -26 27 -28 -29 -30 -31 -32 -33 55 -35 -36 41 38 -39 -40 50 -42 42 -44 -45 -46 -47 -48 48 -50 -51 51 -53 -54 -55 -56 -57 57 -59 59 -61 -62 -63
leaf_value=0.034499276941710968 -0.072192982865918118 0.026395676000647246 0.037537492622069485 -0.04751662667260282 0.0103412178980508 0.010410656496516034 -0.007445549873256456 -0.024664439899890131 -0.11062703728673243 -0.015256649686273514 0.051729091903807201 0.021229623250919018 -0.045596402622679458 0.031985489776184942 0.013160475561264562 0.0098619510693558569 -0.081888044250428157 -0.031737008996350055 0.013786714451986296 -0.10390473378630238 0.0033852275410036457 0.032002038435237412 0.068616261127457404 -0.053030365016814934 -0.11003336349672824 -0.10363747768434338 0.022358404207127019 0.0086424596840764586 -0.036663392102022012 0.053948520428981545 0.010341729530748732 0.0092984503920569353 -0.10895327690116736 -0.10794861220217403 0.070272667498397667 0.043571309858978891 -0.1070205713535571 0.05027895277412147 0.0071197193717998097 -0.099311577528843842 -0.084025578976793705 0.050940661042457272 -0.09934067037433357 -0.028887228642718095 0.061804771573699083 0.055233165869972872 -0.11916236972832368 0.035284807098727188 -0.10900896731319287 -0.10149356357104414 0.047140630548907679 0.035309644206372386 0.028573977459012353 -0.10112273127175984 -0.10989085732838154 -0.012237183633121367 -0.096589639639434899 0.0063094090782350428 0.00024453758457143387 0.012461731433105496 -0.096971061526374969 -0.033476187854302931
leaf_weight=691.06929008895531 11.142557381186633 45.956438264809549 46.317428926704451 622.77262098365463 1062.7792488764971 637.15261804382317 488.75031804083847 8.3534209039062279 1.9250604240223754 95.071112705394626 72.280747691169381 177.01187390531413 24.725435927975923 107.27465845923871 33.842308609979227 14.440226801671086 5.4596213400363913 806.5226242832141 6.4901892826892444 1.4084904440678681 155.25884989253245 21.909808131400496 1.6127585982903836 55.357673692749813 3.5913779456168404 3.4876490295864633 75.226883044233546 530.78497069724835 129.80992349330336 8.9007086376659554 27.218641837593168 113.80320523027331 3.4090583105571559 5.1793863801285616 8.5196734173223359 69.278148387093097 6.8024334670044464 28.179685731418431 5.5068472363054752 1.9274793425574888 9.9240443659946322 11.35049219010398 5.5878138232510528 54.379036628874019 28.299552450887859 4.5845331130549303 1.5221300935372699 17.7324047156144 2.5118169500492504 1.9606305230408896 2.2066068770363945 194.09103778237477 18.931872701272368 6.6870756498537958 1.3922664588317264 488.41443072247785 4.6642510951496652 9.700604457408188 192.14917975501157 307.43065084563568 2.3792790011502793 41.091136083705351
leaf_count=2673 389 1331 1864 228397 15934 13551 65776 576 36 23408 400 2576 5656 3702 1483 1740 1295 179060 239 100 9774 388 8 13651 242 290 2152 25360 39185 533 3998 2103 200 176 177 482 483 180 116 38 596 339 897 12557 353 62 91 887 122 263 33 1354 135 187 54 34813 428 453 15358 8586 491 4271
internal_value=-0.000109542 -0.0125897 -0.0201203 -0.0279105 0.0163312 0.0244925 -0.0201634 -0.0271608 0.00905279 -0.0399077 0.016449 0.00267038 0.00616229 -0.00369863 0.0107826 -0.014959 -0.0454003 -0.0301345 0.00766142 0.00906698 -0.00543087 0.00325747 0.0180053 -0.0400188 0.000820994 0.00106617 -0.00413644 0.00790951 -0.0245082 -0.00933221 -0.00506728 -0.00731255 -0.0109923 -0.0660242 0.0232718 0.0133941 0.010863 0.0120993 -0.0559572 0.0284258 -0.0453506 0.0329721 -0.00708614 -0.0127574 0.0539483 -0.0312454 0.0298708 0.0411904 0.0068851 0.0216672 0.0296216 0.0307415 -0.00112255 -0.0643372 0.0333683 -0.0129076 0.0136558 -0.0271018 0.00680467 0.00462857 0.0309655 -0.00569621
internal_weight=7623.5 4333.76 2901.77 2266.28 3289.75 1550.81 1377.05 888.302 1738.94 889.233 859.736 1431.98 1513.17 450.392 197.018 253.374 655.451 827.98 635.49 619.076 183.576 1420.84 183.804 69.7979 158.85 1237.04 702.763 534.273 233.782 103.972 32.6783 627.537 513.733 6.79214 16.8731 765.25 677.642 665.332 12.3093 225.769 16.4142 87.6087 18.3306 88.2213 29.708 811.107 108.797 94.4856 22.2049 19.693 223.844 221.917 27.8256 8.89368 12.7428 491.823 60.3213 14.3649 589.368 540.671 48.6967 233.24
internal_count=732052 644992 576537 544679 87060 20447 247863 182087 66613 296816 17774 68455 64830 48896 17833 31063 233690 179875 31858 31023 15672 68066 2760 15391 10016 65306 39656 25650 63126 23941 5293 37504 35401 184 753 16102 14330 13731 599 1783 835 1772 1290 14040 453 179122 3793 1672 1272 1150 1747 1709 355 220 393 35013 2212 881 30570 28215 2355 19629
is_linear=0
shrinkage=0.05


Tree=16
num_leaves=63
num_cat=0
split_feature=17 1 15 8 12 1 15 1 12 14 10 1 14 12 1 12 12 3 12 12 3 3 12 14 15 17 17 14 10 12 15 12 16 1 10 12 12 17 4 4 6 6 1 12 14 14 3 15 1 1 14 15 12 14 1 12 1 10 8 10 12 15
split_gain=779.021 156.524 138.373 98.9069 81.2241 44.0172 36.8105 29.4139 25.759 29.4361 26.7567 27.5687 24.9263 26.2337 24.2747 23.8515 23.3667 18.9139 16.5455 20.3406 16.4643 15.9582 24.6024 17.1374 14.2833 13.8627 13.3393 12.9471 18.2859 16.9788 19.0782 12.9005 15.3551 14.0026 16.3127 20.9632 20.2827 13.6565 21.8889 13.1705 16.429 14.9044 13.9811 12.6773 29.8864 18.631 12.7391 31.8791 12.6756 12.5604 12.3944 12.0514 20.6231 20.249 14.996 13.8921 12.4027 12.0081 16.1644 27.3749 15.9247 12.2026
threshold=1.5000000000000002 0.012422839645296337 5.45998239517212 3.5000000000000004 51.500000000000007 0.015504807699471714 17.247365951538089 0.0077221228275448093 64.500000000000014 1.5000000000000002 1.0000000180025095e-35 0.0066890381276607522 4.5000000000000009 67.500000000000014 0.0065147271379828462 71.500000000000014 70.500000000000014 0.013793759513646366 19.500000000000004 47.500000000000007 0.013606071937829258 1.0000000180025095e-35 49.500000000000007 4.5000000000000009 28.710767745971683 2.5000000000000004 2.5000000000000004 2.5000000000000004 12.500000000000002 81.500000000000014 5.8824031352996835 24.500000000000004 1.0000000180025095e-35 0.016001024283468727 4.5000000000000009 50.500000000000007 60.500000000000007 4.5000000000000009 13.500000000000002 1.5000000000000002 11.500000000000002 5.5000000000000009 0.015749008394777778 51.500000000000007 2.5000000000000004 3.5000000000000004 0.015749008394777778 36.513500213623054 0.011173533275723459 0.015504807699471714 3.5000000000000004 4.6366620063781747 71.500000000000014 6.5000000000000009 0.016001024283468727 85.500000000000014 0.0080972984433174151 9.5000000000000018 1.5000000000000002 15.500000000000002 45.500000000000007 9.8827209472656268
decision_type=2 2 2 2 2 2 2 2 2 2 2 2 2 2 2 2 2 2 2 2 2 2 2 2 2 2 2 2 2 2 2 2 2 2 2 2 2 2 2 2 2 2 2 2 2 2 2 2 2 2 2 2 2 2 2 2 2 2 2 2 2 2
left_child=1 2 4 5 7 16 8 -1 10 -10 26 21 13 18 -6 48 20 -8 -3 -20 -2 22 -12 -24 27 -23 -5 -4 -29 30 -30 32 -13 39 -35 -36 37 -37 -39 40 41 -33 -43 -7 -45 -46 -47 -48 -16 -42 -32 52 53 56 -53 -54 -11 -22 59 -59 -60 -61
right_child=3 12 24 6 14 43 17 -9 9 51 11 31 -14 -15 15 -17 -18 -19 19 -21 57 25 23 -25 -26 -27 -28 28 29 -31 50 33 -34 34 35 36 -38 38 -40 -41 49 42 -44 44 45 46 47 -49 -50 -51 -52 54 55 -55 -56 -57 -58 58 60 61 -62 -63
leaf_value=-0.047393413311386585 0.03442608749985563 0.0013428524676501045 0.02424717725119796 -0.016720094728251769 -0.034757698456575191 0.035920300168348566 0.01473990922360615 -0.032056578175282367 0.036657098009340111 -0.038932736131128867 0.018141575051151587 0.014294929263549638 0.005957933976039856 0.0166779876837066 -0.022468517277991845 0.009287026537566313 0.039245587125924956 0.038203308012326395 -0.029916470904686372 -0.0056311441298929378 0.024400517745737677 -0.047566187446306737 -0.0811681587272821 0.0019661740401392459 0.056763975490546903 -0.012640117246650474 -0.10810045458103164 0.0078355328876738347 0.050231962547221287 -0.10290942510817847 -0.092108443470656401 0.013688252690453645 -0.1063679011749197 0.057464892673805092 0.017047001757536869 -0.11648862230282619 0.041902026410884606 -0.11060605981233088 0.065350493824457706 0.00023579165792828274 0.046170986292498627 -0.11033009864505634 0.044430476911076322 0.034959281900279908 -0.12252101609458094 0.020005885483144095 -0.12699600053377511 0.0409806346901272 0.0023082897763939069 -0.11498143835882813 -0.018127191774505589 0.017914121907259644 -0.051163474166274925 -0.10019230881911317 -0.11651513411742161 0.040697168294348163 0.02582710653188813 -0.10416547884925823 0.0051371943082135956 0.013817925153175105 -0.025975386400567596 0.068942377823531062
leaf_weight=573.36731542134658 81.251017274335027 124.72797431866638 56.207797264680266 8.2561444221064431 135.05555905995425 585.28577030077577 275.64386693574488 687.44852554495446 132.35133986570872 8.5578117028344405 81.628292024601251 450.80991014034953 443.59879162511788 79.559076773235574 254.92087827413343 112.84823854151182 96.739760440308601 124.76591554889455 207.52286388771608 147.50777959637344 128.07365099713206 35.438779741758481 12.13971384521574 12.667603874113409 12.838921094778923 143.27176805597264 7.7353707784786812 144.57233970495872 9.5447028069756907 6.0307483975775531 6.3154796171002081 22.592094130814079 2.6521129226312032 21.14428193308413 162.76775941159576 7.3405852736905235 5.8169796820729962 3.4009365746751428 3.6799420937895775 1059.3299976873677 42.574235963169485 5.3619159879162899 2.0050775371491909 70.19746958091855 4.1386816687881973 16.028427850455049 6.0992857264354807 5.2607783768326044 64.726570980623364 1.2444678479805578 54.662281140685081 159.71739125717431 28.623713857261464 3.9142677639611057 2.1018728660419574 4.8069211170077315 54.337046998552978 4.8493422223255029 139.4007164654322 337.93037325609475 58.340598098002374 10.346651503816245
leaf_count=224233 1199 8270 2648 445 42796 2054 3671 169294 2568 1920 4917 8765 27289 2887 58405 10859 1650 840 20683 10757 1252 13534 1649 1245 80 23070 436 9427 358 678 882 309 116 97 1315 288 90 76 23 33919 348 167 8 269 86 91 156 17 7363 32 5867 4449 3053 591 106 203 1052 168 3914 6357 2728 33
internal_value=-3.40236e-05 -0.0191662 -0.0268699 0.013445 -0.0319605 0.0236599 0.00798152 -0.0390311 0.00571565 0.0174363 0.00350577 0.00400209 -0.00289324 -0.00991317 -0.0162531 -0.0104747 0.0161007 0.022051 -0.0143228 -0.0198264 0.0131554 -0.0104376 0.00488948 -0.0387165 0.00520627 -0.0195661 -0.0609223 0.00281945 -0.00262725 -0.0223864 -0.0155005 0.00630141 0.0135892 0.00383012 0.015884 0.0110798 -0.0369114 -0.0687013 -0.0191612 0.00165839 0.0220846 -0.00645039 -0.0682089 0.0330887 0.0167968 -0.0236433 -0.0087019 -0.049207 -0.0174514 0.0415942 -0.0257894 0.00772897 -0.00589437 0.0101485 0.016168 -0.037955 0.0170155 0.0106098 0.00740358 0.0138129 -0.0040421 0.0154556
internal_weight=7552.08 3121.46 2118.54 4430.62 1828.37 1543.94 2886.68 1260.82 2486.27 394.41 2091.86 2075.87 1002.92 559.318 567.551 432.496 856.932 400.41 479.759 355.031 760.192 285.146 106.436 24.8073 290.172 178.711 15.9915 277.333 221.126 76.5532 70.5225 1790.72 453.462 1337.26 204.15 183.006 20.2384 14.4215 7.08088 1133.11 73.7778 29.9591 7.36699 687.01 101.725 31.5272 27.3885 11.3601 319.647 43.8187 60.9778 262.059 100.24 66.8091 161.819 33.4306 62.8949 678.941 550.868 353.126 197.741 348.277
internal_count=732052 602776 532890 129276 512950 19974 109302 393527 104791 13942 90849 89968 69886 42597 119423 76627 17301 4511 39710 31440 15651 44415 7811 2894 19940 36604 881 19860 17212 7785 7107 45553 8881 36672 1889 1792 477 387 99 34783 864 484 175 2673 619 350 264 173 65768 380 6749 11374 6819 3563 4555 3256 2972 14452 13200 6558 6642 6390
is_linear=0
shrinkage=0.05


Tree=17
num_leaves=63
num_cat=0
split_feature=17 0 15 8 12 0 15 0 0 2 15 0 12 13 12 12 12 7 12 17 13 8 17 13 12 0 12 2 12 10 12 2 5 5 17 13 2 12 5 15 15 7 2 10 0 17 12 2 7 8 0 13 0 5 12 0 12 5 5 0 12 2
split_gain=719.418 139.871 134.65 89.7235 72.3287 48.2632 33.9841 31.7616 29.8175 33.3982 23.7373 21.9483 18.2445 15.5819 25.032 15.1881 16.0011 16.7514 14.7068 14.0773 21.8183 13.6887 14.945 13.9646 13.12 14.8777 14.3986 13.0092 12.7044 12.1278 11.6973 11.6233 11.5522 11.5725 11.3629 13.2536 23.0827 16.1417 12.6353 12.3314 28.2655 20.2376 14.0661 12.6822 12.0815 23.5814 13.2573 14.5717 11.3156 12.3546 11.2445 14.4101 11.2227 14.7595 11.0166 10.8868 12.3332 11.1236 22.9807 10.7427 10.7294 10.5829
threshold=1.5000000000000002 17.500000000000004 5.45998239517212 3.5000000000000004 51.500000000000007 7.5000000000000009 1.0000000180025095e-35 68.500000000000014 73.500000000000014 60.000000000000007 8.6713690757751483 92.500000000000014 71.500000000000014 5.5000000000000009 60.500000000000007 30.500000000000004 6.5000000000000009 0.012739370577037336 74.500000000000014 3.5000000000000004 5.5000000000000009 1.0000000180025095e-35 5.5000000000000009 6.5000000000000009 19.500000000000004 1.0000000180025095e-35 51.500000000000007 5.5000000000000009 54.500000000000007 7.5000000000000009 37.500000000000007 8.5000000000000018 0.015038444194942715 0.013793759513646366 2.5000000000000004 2.5000000000000004 2.5000000000000004 58.500000000000007 1.0000000180025095e-35 10.499359607696535 9.9847888946533221 0.015268065501004459 4.5000000000000009 10.500000000000002 35.500000000000007 4.5000000000000009 37.500000000000007 7.5000000000000009 0.015038444194942715 8.5000000000000018 51.500000000000007 2.5000000000000004 1.5000000000000002 0.016261236742138866 44.500000000000007 32.500000000000007 69.500000000000014 0.015038444194942715 0.013793759513646366 28.500000000000004 55.500000000000007 5.5000000000000009
decision_type=2 2 2 2 2 2 2 2 2 2 2 2 2 2 2 2 2 2 2 2 2 2 2 2 2 2 2 2 2 2 2 2 2 2 2 2 2 2 2 2 2 2 2 2 2 2 2 2 2 2 2 2 2 2 2 2 2 2 2 2 2 2
left_child=1 13 4 5 7 21 8 30 52 19 18 12 59 14 24 16 17 -11 -7 -10 27 22 -2 29 -1 28 -27 -21 -26 -24 -3 32 33 -22 -8 37 -37 38 -36 40 41 44 -41 -42 46 54 -38 -48 -29 -50 -20 -52 61 -54 -46 56 57 58 -49 -6 -28 -5
right_child=3 2 -4 6 11 10 34 -9 9 15 -12 -13 -14 -15 -16 -17 -18 -19 50 20 31 -23 23 -25 25 26 60 48 -30 -31 -32 -33 -34 -35 35 36 39 -39 -40 42 43 -43 -44 -45 45 -47 47 55 49 -51 51 -53 53 -55 -56 -57 -58 -59 -60 -61 -62 -63
leaf_value=-0.00046274822715927671 0.040244704453212599 -0.035460943125347623 0.0059168151874022593 -0.011249028957226565 -0.00071107907399863913 0.0037226721955135864 0.0070953271017788026 -0.046359070408915258 -0.038506606692916487 0.038349635374362118 0.027920549410059101 -0.034012349553040888 0.0063500753979997063 0.0046148744743530019 0.012084767438802472 -0.0041346680190443973 0.049146656976105305 -0.099705400232499686 0.057428690193393153 -0.093649214337473599 -0.081155079532578001 0.025131947599223648 0.026546860352534753 -0.11110571694665926 0.018746030834763439 -0.031495825522465465 0.013977494963362359 -0.040981371305839814 -0.11315481576605935 -0.10854918354936922 -0.022295450795055002 0.032315609705037988 -0.064713956567183747 0.027667146023053146 -0.099732272247915088 -0.096942526787821892 0.062090148968112741 0.048322251856814546 0.015015956748598498 0.048769852580973494 -0.093130665328815213 -0.064673558679351331 0.017895347861777235 0.00037335393130443232 -0.099277148133045418 -0.10529252195804371 -0.10177752796113951 0.020329319428877387 0.049117243233449091 -0.10119508548712691 0.039866851482772171 -0.090395277206475833 0.0035804367705779779 0.032668429184720175 0.017108989873525115 0.068867522412512913 -0.10211146484553944 0.051685913561061961 -0.10476155441215279 -0.021807752824943745 -0.028921458693438658 0.019512671093667378
leaf_weight=119.5361441684654 334.50737468944862 437.8668702832656 291.04301939730067 31.755901237018406 79.561872141901404 429.29900172003545 302.16909239883535 552.95294096833095 87.001815209863707 4.6959603638388199 172.14754628157243 130.66581842303276 115.95278900186531 422.35362735483795 116.00176482833922 66.285593264969066 34.735435489565134 4.1295293632429093 22.998859851621091 8.2352208858355862 2.9582794017624172 549.74882163433358 15.521827902179215 2.6511957524344316 31.380391898099333 184.10679979179986 36.022128478623927 25.905401754658669 1.9383405661210407 1.8603652827441699 274.46930207905825 28.629452125634998 7.823734907899051 14.027301864000036 2.6116223735734811 4.5047986190766087 21.647582667414099 71.939192544668913 29.470465415623039 40.591166457161307 10.076724091079084 8.0854884847067279 404.62137716636062 5.6651753187179557 2.1693372698500744 5.1074407882988444 2.5204246500506988 18.339909046888355 7.8252885630354285 1.6563933668658117 5.7558560483157617 3.3639281454961747 1278.2443012596341 45.150151052512228 32.405243136221543 9.7249213373288494 2.317311259917914 14.129649798385797 4.590596253052353 249.80417578015476 24.481272437260486 233.85185970878229
leaf_count=7285 1087 113488 20034 372 8952 13180 10432 224233 26211 301 1662 42796 11076 24193 4787 6653 859 518 105 1732 769 2974 103 38 967 20112 2123 7558 146 32 61960 2285 1121 1067 141 218 176 632 529 292 407 461 5133 105 227 514 137 449 205 249 96 697 35074 419 1423 72 188 128 233 58405 2219 2012
internal_value=-1.79613e-05 -0.0186138 -0.0256862 0.0129095 -0.0306816 0.022658 0.00769598 -0.0373677 0.00374927 -0.0108808 0.0120757 -0.0159938 -0.0107068 -0.00249894 -0.00835042 0.0109372 0.0338717 -0.0262476 0.0061643 -0.0239015 -0.01081 0.0300722 0.0377325 -0.00421538 -0.0143145 -0.0202721 -0.0245416 -0.0370481 0.0110726 0.0120879 -0.0303882 0.0106082 -0.0144417 0.00871422 0.015182 0.0187207 0.0158035 0.035169 0.00567495 0.0166762 0.00354538 0.0117424 0.0207103 -0.0594806 0.0172125 -0.00500781 0.0292466 0.0154739 -0.023876 0.0228586 0.0387992 -0.0081817 0.00645531 0.00457283 0.00980649 0.0214925 0.00979239 0.0167896 -0.00471338 -0.0167116 -0.00338055 0.0158348
internal_weight=7481.59 3068.14 2132.32 4413.45 1841.27 1537.85 2875.6 1265.29 1882.91 293.909 633.565 575.985 445.319 935.82 513.467 109.847 43.5609 8.82549 461.418 184.063 97.0611 904.29 354.541 20.0334 397.465 277.929 244.61 43.6223 33.3187 17.3822 712.336 53.4388 24.8093 16.9856 992.688 690.518 586.497 104.021 32.0821 581.992 136.78 121.038 445.213 15.7419 112.952 39.682 73.2704 51.6228 35.3871 9.48168 32.1186 9.11978 1589 1323.39 34.5746 49.1024 39.3775 37.0602 22.9305 329.366 60.5034 265.608
internal_count=732052 602776 540944 129276 520910 19974 109302 399681 87405 49528 15740 121229 78433 61832 37639 8331 1678 819 14078 41197 14986 4234 1260 173 32852 25567 24454 9744 1113 135 175448 5242 2957 1836 21897 11465 10163 1302 670 9945 4520 4008 5425 512 3547 2164 1383 1207 8012 454 898 793 37877 35493 1650 1070 998 810 682 67357 4342 2384
is_linear=0
shrinkage=0.05


Tree=18
num_leaves=63
num_cat=0
split_feature=17 0 15 0 12 9 10 0 0 0 9 0 12 3 5 9 15 13 0 9 0 3 5 12 9 12 12 3 1 12 6 12 13 12 6 3 12 13 5 15 12 15 0 13 15 12 9 13 12 13 6 1 0 1 1 1 15 6 5 13 9 5
split_gain=675.532 131.051 125.269 87.4227 69.5703 51.4394 41.9051 26.0517 20.5717 19.303 18.305 19.5946 17.751 16.884 17.2801 16.1321 15.6573 15.5091 24.5011 22.1947 17.0643 14.9941 14.5073 14.2401 16.5758 13.7666 27.8961 17.2561 15.6856 16.2996 14.6826 13.5947 14.9964 13.5149 13.0493 12.9267 12.7635 14.5657 12.5434 12.3853 12.3056 12.2043 25.3495 11.8704 11.3015 11.2533 12.3393 11.2059 16.7712 14.6046 12.2178 11.6766 13.3882 11.6143 10.8832 26.7986 10.4204 10.3801 10.3052 13.1431 16.2594 10.0908
threshold=1.5000000000000002 19.500000000000004 5.45998239517212 8.5000000000000018 51.500000000000007 0.016001024283468727 60.000000000000007 68.500000000000014 96.500000000000014 5.5000000000000009 0.014389234129339458 84.500000000000014 71.500000000000014 0.014815627597272398 0.012903762981295587 0.013423423748463394 7.9788098335266122 6.5000000000000009 45.500000000000007 0.015268065501004459 11.500000000000002 1.0000000180025095e-35 0.014599318150430919 40.500000000000007 0.014815627597272398 25.500000000000004 35.500000000000007 0.015749008394777778 0.0098524559289217013 54.500000000000007 1.5000000000000002 12.500000000000002 1.5000000000000002 78.500000000000014 5.5000000000000009 0.015504807699471714 57.500000000000007 7.5000000000000009 0.014599318150430919 8.1912465095520037 2.5000000000000004 29.574955940246586 13.500000000000002 6.5000000000000009 4.6366620063781747 25.500000000000004 0.012903762981295587 3.5000000000000004 27.500000000000004 1.5000000000000002 9.5000000000000018 0.012903762981295587 14.500000000000002 0.010362972505390646 0.013606071937829258 0.011173533275723459 28.710767745971683 2.5000000000000004 0.016001024283468727 3.5000000000000004 0.016261236742138866 0.016261236742138866
decision_type=2 2 2 2 2 2 2 2 2 2 2 2 2 2 2 2 2 2 2 2 2 2 2 2 2 2 2 2 2 2 2 2 2 2 2 2 2 2 2 2 2 2 2 2 2 2 2 2 2 2 2 2 2 2 2 2 2 2 2 2 2 2
left_child=1 9 4 5 7 22 15 -3 12 -1 11 -8 -6 14 -12 41 -17 18 23 -19 -21 -13 -2 24 -15 35 -27 38 29 30 -29 34 33 -33 -20 -22 37 40 -28 -18 -11 42 -5 -16 -25 46 -44 48 50 -50 54 -51 -53 -49 55 -26 -4 -45 -34 60 -60 -7
right_child=3 2 56 6 8 61 10 -9 -10 36 13 21 -14 17 43 16 39 19 31 20 25 -23 -24 44 47 26 27 28 -30 -31 -32 32 58 -35 -36 -37 -38 -39 -40 -41 -42 -43 45 57 -46 -47 -48 53 49 51 -52 52 -54 -55 -56 -57 -58 -59 59 -61 -62 -63
leaf_value=0.0039584895622104587 0.010324536348622144 -0.030562709341081934 0.0029490956701497869 -0.047500851519297449 -0.016990006049912614 0.027290549174167657 0.00018174196597785388 -0.045435772154847232 -0.034803350953780905 0.00042589603679376442 -0.0022943271303320391 -0.00039009472717018849 0.0056416642334272439 -0.10948135790978508 0.016561775041417315 0.045003340219836714 -0.10428487409506651 -0.077473118166478408 0.035947197905781964 -0.11610143126898242 -0.10214042509460411 -0.030784635750401104 0.020744267646670329 0.028130551948417598 0.045639571933609853 -0.10680148814482632 -0.092745109955404414 0.026323218668289627 -0.11500102315536187 -0.10142038088411871 -0.099486382710906915 -0.065768440795158076 0.00065190922015511907 0.055996934713721171 -0.087505181138018306 0.03555182120045873 0.0045873748751513619 0.0056594428332646081 0.037456490056928721 0.018701011359366897 -0.024137951332809496 0.030235563381304082 -0.058482538202554828 -0.10045108990108104 -0.10104087355025193 0.010238742774012363 0.037519030914762608 -0.11521237996745992 -0.11385041999966544 -0.10520757954003451 -0.10360966136074355 -0.055065909698221643 0.057879216600166275 0.024186279193223317 0.05069970452141908 -0.11635961232014558 0.047181513872751733 0.046035045144109707 0.033992999475618985 -0.082025993632592789 -0.12480783452320753 0.040448527475044488
leaf_weight=484.7660670299083 736.39650111505762 656.02970547659788 275.62860532919876 21.587599487509578 322.97081087389961 361.46698166476563 630.79443967249244 534.15321529703215 113.29047007753979 64.14876851066947 85.55652517452836 66.549788319971412 118.4071011049673 3.2393281306140116 140.53496972285211 62.907795898150653 2.0585784981958559 12.861628080252556 20.993742711376402 3.4616321092471471 1.8261466589756334 103.96264367713593 611.40170993469656 130.50679503427818 6.7533584441989714 7.4687585132196537 2.0144537242595133 15.231654505711051 4.6158322272822252 4.2787953875958911 2.7355917256791207 21.944980046246204 66.097940771607682 2.5428516641259185 2.3835963911842546 25.596941843628883 114.95300038077403 73.351036767009646 22.629836793988943 366.59018938872032 248.48090543062426 55.420482750050724 12.048993392148988 1.2345154266804446 1.7155951154418279 342.48644212726504 4.6345898993313304 1.5360381812788535 5.8931816695258048 3.0853082272224119 2.0894432850182048 4.9027608735486847 5.6444759625010192 54.892913124989718 14.399296713061629 4.104362228885293 13.990883950144051 59.290405300213024 7.6205277766566741 9.6786579014733416 2.044315526727587 244.11295532993972
leaf_count=18012 10361 169294 19860 997 69567 1710 25487 224233 38390 6154 5916 6833 11466 148 4157 861 171 1710 646 130 141 29616 4861 1565 56 580 420 384 242 723 375 2799 5291 31 465 449 7833 5906 621 5060 31981 449 900 85 67 10111 77 101 168 145 78 102 24 705 62 130 80 1469 144 756 87 810
internal_value=7.82716e-05 -0.0181175 -0.0253672 0.012614 -0.030422 0.02049 0.00628396 -0.0372377 -0.0157971 -0.00315421 0.00139165 -0.00388337 -0.0109187 0.00694309 0.0165261 0.0150946 0.0219484 0.00115815 0.00590636 -0.0160405 -0.00724761 -0.0189219 0.0150512 0.0154936 0.0018905 -0.00288626 -0.0164962 -0.00340128 -0.0311218 -0.0137177 0.00716816 -0.0112652 -0.0186284 -0.0531241 0.0233598 0.0263827 -0.0100373 -0.0143929 0.0268137 0.0180142 -0.0190977 0.00831335 0.0051225 0.0245347 0.0264545 0.00828538 -0.0318139 0.00538291 -0.0126861 -0.048081 0.0125863 -0.0196497 0.00537798 0.0203917 0.0221989 -0.0155983 0.00508587 0.0430472 -0.00874182 -0.0408408 0.000403318 0.0325946
internal_weight=7404 3020.17 2034.47 4383.83 1744.85 1953.38 2430.45 1190.18 554.668 985.7 1562.71 801.307 441.378 761.407 286.616 867.735 431.557 474.791 372.069 102.721 89.8596 170.512 1347.8 238.763 106.54 86.398 58.9749 51.5062 26.8619 22.246 17.9672 133.307 109.929 24.4878 23.3773 27.4231 500.934 385.981 24.6443 368.649 312.63 436.178 380.758 201.06 132.222 359.17 16.6836 103.301 46.8722 19.5257 27.3465 13.6325 10.5472 56.429 25.257 10.8577 289.619 60.5249 85.4414 19.3435 9.66484 605.58
internal_count=732052 602776 532890 129276 512950 17742 111534 393527 119423 69886 92908 61936 81033 30972 11627 18626 6092 19345 13570 5775 4065 36449 15222 3351 1719 3935 3345 2765 1724 1482 759 10219 9108 2830 1111 590 51874 44041 1041 5231 38135 12534 12085 5711 1632 11088 977 1571 765 439 326 271 126 806 248 186 19940 1554 6278 987 231 2520
is_linear=0
shrinkage=0.05


Tree=19
num_leaves=63
num_cat=0
split_feature=17 0 15 8 10 0 15 0 0 4 0 8 13 4 4 0 4 13 0 8 15 15 6 4 4 0 6 13 0 15 10 15 1 15 15 15 13 4 15 0 2 6 2 4 4 0 0 6 2 13 8 13 2 6 6 2 15 4 15 6 6 4
split_gain=644.458 119.404 117.238 87.7738 40.6756 36.1082 33.8541 27.9297 26.2049 19.0999 13.5823 13.4588 13.3684 13.9946 13.3761 13.8731 13.2516 12.887 15.1614 12.8138 20.222 13.4248 13.04 14.0526 12.2777 17.0151 14.4995 11.3126 12.2773 10.7419 10.8587 27.3846 15.2852 10.6698 11.4523 10.0311 12.0467 11.052 11.856 13.0176 9.78295 9.98374 10.2263 13.6496 9.55255 9.37963 9.06959 12.9324 17.8721 12.0845 9.8582 12.1838 13.5459 14.2973 12.517 12.4063 10.5877 10.2336 14.6367 11.0134 10.0232 9.63899
threshold=1.5000000000000002 17.500000000000004 5.45998239517212 5.5000000000000009 18.500000000000004 3.5000000000000004 7.4565055370330819 84.500000000000014 53.500000000000007 3.5000000000000004 1.5000000000000002 13.500000000000002 3.5000000000000004 1.0000000180025095e-35 14.500000000000002 63.500000000000007 60.000000000000007 1.5000000000000002 29.500000000000004 1.0000000180025095e-35 5.5924804210662851 15.534214019775392 60.000000000000007 1.5000000000000002 1.0000000180025095e-35 6.5000000000000009 14.500000000000002 1.5000000000000002 21.500000000000004 32.506479263305671 10.500000000000002 22.937207221984867 0.011173533275723459 6.6155641078948983 6.5540678501129159 23.190361022949222 4.5000000000000009 10.500000000000002 6.3838932514190683 79.500000000000014 8.5000000000000018 5.5000000000000009 9.5000000000000018 18.500000000000004 2.5000000000000004 30.500000000000004 1.0000000180025095e-35 10.500000000000002 13.500000000000002 6.5000000000000009 8.5000000000000018 3.5000000000000004 12.500000000000002 2.5000000000000004 4.5000000000000009 1.5000000000000002 1.0000000180025095e-35 11.500000000000002 4.1164913177490243 16.500000000000004 5.5000000000000009 3.5000000000000004
decision_type=2 2 2 2 2 2 2 2 2 2 2 2 2 2 2 2 2 2 2 2 2 2 2 2 2 2 2 2 2 2 2 2 2 2 2 2 2 2 2 2 2 2 2 2 2 2 2 2 2 2 2 2 2 2 2 2 2 2 2 2 2 2
left_child=1 10 4 5 -3 19 7 46 27 11 -1 -9 13 -7 24 -16 -8 18 -15 20 -2 -22 -21 -24 25 -14 29 28 -6 30 31 -27 -33 34 40 36 37 -4 -39 -40 -11 42 -42 -44 -13 -29 47 48 49 -5 -48 55 54 -54 -53 -52 -57 58 -55 -59 -56 -62
right_child=3 2 35 6 8 12 16 9 -10 33 -12 44 14 17 15 -17 -18 -19 -20 22 21 -23 23 -25 -26 26 -28 45 -30 -31 -32 32 -34 -35 -36 -37 -38 38 39 -41 41 -43 43 -45 -46 -47 50 -49 -50 -51 51 52 53 57 60 56 -58 59 -60 -61 61 -63
leaf_value=0.0077109823679538825 0.040432296603962012 -0.060164791820876543 -0.10716988282806304 0.023265424034604628 -0.050930009569174539 0.036075930485721719 0.019615475307842162 0.03349749546532086 -0.033168652444593175 -0.043843122030745946 -0.0063368722119223038 -0.066959908541001215 -0.05937651025589688 0.011872810467655827 0.0022808563355441657 -0.050928033394109978 0.0062946047631964042 0.020929821211630544 -0.04004838902338137 0.026744924120051444 -0.1260266490150061 0.0049780893930725977 -0.11235547682886887 0.0053932930034132388 0.015912775417686775 -0.11396610700766541 -0.11336013376106834 -0.016612104774729707 -0.0040139756354439548 0.06475816710660548 0.010798631506290601 -0.11659595888529287 0.058438724269507351 -0.098072426265816026 0.072841776625727231 0.031753066213784417 -0.0065257235427540888 0.045656690387171905 -0.085561027285500524 0.012021061780212111 0.069310773345424001 -0.02044355328572011 -0.088865149278962496 0.01908759445477537 0.022056945132239079 -0.029235220898061343 0.011961569616906356 0.027973430227709668 -0.071469673104812462 -0.11710159587287934 0.047484998361620456 0.017841725765206717 -0.1164149056793926 0.020481689415369382 -0.11087236585656285 -0.0087837909702631663 0.018854478193483279 0.013405746542917159 -0.11081034523151115 -0.0050467458236493051 -0.10902350855077983 -0.0153999029028568
leaf_weight=228.07478836271912 257.10204570600763 100.80416373373009 1.7920604273676861 21.639032123610384 15.466647576075045 119.34570928988978 501.16651820065454 31.202335562091321 910.26155094325077 36.147369070444256 700.65278257383034 6.942431034985928 11.87136032246053 48.166974327526987 47.251033610664308 16.537809802684933 297.54436722584069 286.0080158689525 19.856322173727676 445.8492385763675 2.8094952441751939 6.4340312546119094 2.7010929323732844 40.926923773251474 486.67135416087694 6.4184346068650475 2.5478726774454108 261.81869971676497 141.67866709618829 7.5279188919812432 67.058976488187909 1.5455985693261007 6.4621836957521737 4.3505950032267711 3.3434809837490311 31.265514072962105 162.45037118345499 27.687903265468776 3.614807480480521 62.673064911738038 6.3596559143625226 124.06734003976453 3.7740764217451259 13.063902649329972 5.3258121255785227 336.03896870219614 275.26396867167205 86.88383839186281 8.477231970522551 1.650279183872043 10.982221697922794 23.478090434800833 2.2618502941913894 182.73275824496523 3.2410949580371371 390.92919948894996 38.021319636609405 162.25290087261237 2.1477430118247858 161.20424160303082 2.9034305699169627 51.742148329038173
leaf_count=5553 745 59942 110 185 2305 1090 8398 1187 303776 10693 56279 921 141 511 1081 3598 8924 5223 2449 2306 70 51 55 286 10088 193 146 46173 19431 24 1518 31 26 631 57 248 14650 887 368 3771 253 28088 701 1360 422 89283 4787 684 147 49 129 553 108 3470 188 12437 817 4666 109 7158 184 2338
internal_value=0.000121482 -0.0177662 -0.0244888 0.0124153 -0.0293233 0.0205389 0.00619446 0.00212555 -0.0274564 -0.0138622 -0.00288703 0.0160524 0.0148695 0.021269 0.0102367 -0.011514 0.014653 0.0162775 -0.00328323 0.0289944 0.03782 -0.0348397 0.024192 -0.00189676 0.0125879 -0.0030563 0.00424591 -0.0205694 -0.00863157 0.00761221 0.00233285 -0.0370196 0.0246549 -0.0206668 -0.0188636 0.00500499 0.00176629 0.015832 0.0181775 0.00669972 -0.0205353 -0.0148142 0.0152933 -0.00510901 -0.0283165 -0.0237072 0.00475588 0.0179921 -0.00930772 0.013319 0.00355444 0.00131179 0.00599548 0.00901477 -0.0129519 -0.00499048 -0.00633399 0.00957287 0.0189565 0.00420941 -0.0254413 -0.0203743
internal_weight=7326.47 2984.28 2055.55 4342.19 1766.07 1883.09 2459.1 1660.39 1665.26 234.577 928.728 43.4706 1127.27 473.377 653.893 63.7888 798.711 354.031 68.0233 755.823 266.346 9.24353 489.477 43.628 590.104 103.432 91.561 755.003 157.145 89.0131 81.4852 14.4262 8.00778 191.106 186.756 289.484 258.218 95.7678 93.9758 66.2879 183.412 147.265 23.1976 16.838 12.2682 597.858 1425.81 118.65 31.7665 23.2893 1307.16 1031.9 591.964 510.599 81.3648 439.933 428.951 508.338 184.881 323.457 57.8867 54.6456
internal_count=732052 602776 540944 129276 520910 29632 99644 82322 460968 44313 61832 2530 26119 9273 16846 4679 17322 8183 2960 3513 866 121 2647 341 12167 2079 1938 157192 21736 1792 1768 250 57 41783 41152 20034 19786 5136 5026 4139 41095 30402 2314 2061 1343 135456 38009 1065 381 234 36944 32157 18774 15511 3263 13383 13254 15403 3579 11824 2710 2522
is_linear=0
shrinkage=0.05


Tree=20
num_leaves=63
num_cat=0
split_feature=17 12 0 4 0 15 0 12 15 0 13 13 13 15 0 10 8 12 13 0 2 8 15 4 10 10 12 6 12 12 0 0 13 4 0 6 13 8 10 12 2 8 0 0 12 12 0 6 15 0 17 8 15 6 12 2 0 15 13 0 0 0
split_gain=538.119 96.2884 111.316 82.8458 44.2826 42.7171 38.0616 35.5089 24.0381 39.4527 23.51 21.9767 20.8487 18.843 18.3647 21.2822 17.771 22.1837 16.5434 16.4492 15.4725 14.505 19.5662 14.223 19.9022 16.3863 15.3534 14.1373 18.4324 13.9358 16.7151 13.5444 12.9731 18.1819 13.7493 12.6748 12.1056 15.2688 11.9311 11.4498 11.3648 25.3535 12.833 17.3643 11.2598 23.2586 11.2323 10.8532 10.8134 10.4533 15.6687 16.419 11.1908 10.369 15.232 14.7555 10.2901 21.1345 10.9858 11.6512 10.1974 18.774
threshold=1.5000000000000002 49.500000000000007 8.5000000000000018 2.5000000000000004 16.500000000000004 19.977256774902347 54.500000000000007 74.500000000000014 4.1164913177490243 62.500000000000007 2.5000000000000004 1.5000000000000002 4.5000000000000009 5.8336966037750253 1.0000000180025095e-35 18.500000000000004 18.500000000000004 33.500000000000007 3.5000000000000004 48.500000000000007 1.0000000180025095e-35 4.5000000000000009 17.247365951538089 60.000000000000007 1.0000000180025095e-35 4.5000000000000009 48.500000000000007 12.500000000000002 43.500000000000007 62.500000000000007 1.5000000000000002 86.500000000000014 5.5000000000000009 7.5000000000000009 4.5000000000000009 14.500000000000002 4.5000000000000009 12.500000000000002 60.000000000000007 43.500000000000007 10.500000000000002 7.5000000000000009 14.500000000000002 8.5000000000000018 63.500000000000007 62.500000000000007 1.0000000180025095e-35 7.5000000000000009 9.2192592620849627 35.500000000000007 2.5000000000000004 60.000000000000007 15.662540435791017 18.500000000000004 73.500000000000014 13.500000000000002 90.500000000000014 5.8824031352996835 6.5000000000000009 7.5000000000000009 34.500000000000007 88.500000000000014
decision_type=2 2 2 2 2 2 2 2 2 2 2 2 2 2 2 2 2 2 2 2 2 2 2 2 2 2 2 2 2 2 2 2 2 2 2 2 2 2 2 2 2 2 2 2 2 2 2 2 2 2 2 2 2 2 2 2 2 2 2 2 2 2
left_child=1 2 12 10 14 11 -4 8 9 -3 20 19 -1 38 21 44 40 -18 -19 -6 -2 -5 -23 25 -25 31 -26 -17 -29 30 -30 48 -32 34 -34 -7 -37 -38 -8 -15 41 -12 43 -43 45 -16 -9 -20 -13 50 51 -28 -53 55 -55 -31 58 -58 -48 -60 -27 -62
right_child=3 7 6 4 5 35 13 46 -10 -11 16 23 -14 39 15 27 17 18 47 -21 -22 22 -24 24 26 60 49 28 29 53 32 -33 33 -35 -36 36 37 -39 -40 -41 -42 42 -44 -45 -46 -47 56 -49 -50 -51 -52 52 -54 54 -56 -57 57 -59 59 -61 61 -63
leaf_value=-0.0162085004593173 0.044375288283465195 -0.0057398081508612609 -0.022146586779068743 0.037093201167165656 -0.010874205399754736 0.0384351635009373 -0.059022019477368098 -0.11490922690922599 0.0078717728516300416 -0.030750686447774678 0.018201938767930342 -0.10678612185951737 0.0072323683524207179 0.0091812541588472442 0.016473647919033975 0.01153277883738278 -0.10949687368382666 -0.11057018965316333 -0.10807049663101659 -0.064122816120796816 0.023531779063075815 0.016583123278076026 -0.10559570997736881 -0.10455007414604861 -0.015380637550095567 -0.0090867493978294325 -0.10318785781825027 0.0062060796527636242 -0.11300686381542256 0.019198359918142168 -0.012376973752253724 0.040212541189638712 0.068042292667706172 -0.1039543033269511 -0.10759782828327236 0.052934740447958574 -0.10196838691628228 0.0076671395197250823 -0.038360659362005313 -0.045028068472103285 0.032162162297763787 -0.12072119188923476 -0.10204187564532714 0.038291996395937729 0.033182262223347726 -0.10608291095266031 0.024129058462897306 0.028624794369024049 0.0072585795661680302 -0.0067407763349472188 0.036140805110746937 0.0093119020596363674 -0.10381623148091462 0.031275459971370261 -0.11259869440239234 -0.11162029083240443 -0.041296813740907851 0.013060403380504555 0.042072842677378604 -0.066803961772614551 0.015350077518274994 -0.0063182385225034879
leaf_weight=145.22738687554374 172.18416788661852 512.25393702299334 701.87442010594532 124.12940418533981 36.433793475851417 80.997534041758627 79.901588042499498 1.7425127672031511 161.15161491907202 227.78753237728961 604.96910599432886 2.2134663313627234 273.49482097942382 31.375807312782854 287.97628790792078 633.35154586751014 5.6422929884865907 2.8817590633407262 1.5784230930730796 24.094888597261161 184.37162537546828 138.70551788806915 3.3561162976548067 5.2520687934011212 245.07380543497857 188.52545659278985 3.8432295457459977 329.3153460851172 5.3597064292989662 4.7819846170023084 66.398209578124806 51.315181577578187 3.5044110156595698 9.7866444960236532 1.63364763231948 14.323979732580481 3.3286362867802373 69.130960864014924 556.65397750667762 14.126167182344942 145.32296780170873 2.4141370635479671 6.3231849530711761 5.9439700228977017 117.04006411414593 3.9239923236891618 143.54519301094115 18.141961475834243 34.088610404636711 129.57842941069975 46.15836721425876 47.325628640130162 2.2919148709624997 28.70897211460397 1.9655834352597583 3.9245919454842788 23.743974379263818 72.432513004168868 3.8026902107521874 6.9447072297334671 209.57552666426636 191.13267885125242
leaf_count=9690 869 64156 143544 483 1016 569 51592 62 11734 77793 7268 113 10739 2719 3895 8172 311 239 126 8423 2499 1286 90 479 25535 6007 301 5793 209 62 1751 996 13 637 75 109 114 1120 211641 1559 1420 81 639 52 1253 126 6700 470 644 13718 881 1404 118 417 127 195 5417 3490 112 1600 7350 21620
internal_value=0.000153126 -0.016268 -0.0234863 0.0114463 0.00725154 0.000559038 -0.0303206 -0.00498648 -0.00962759 -0.0134383 0.0229332 -0.00270187 -0.000897738 -0.0387322 0.0125054 0.0103545 0.0181397 -0.0208084 0.00133139 -0.0320711 0.0335973 0.0246069 0.0136967 -0.00116459 -0.00775265 0.0035028 -0.00668071 0.00670155 -1.78346e-05 -0.0162765 -0.0274817 0.0236778 -0.021845 -0.0639673 0.0121975 0.0242102 0.0109336 0.00263072 -0.0409541 -0.00764812 0.0195777 0.0166264 -0.0482969 -0.00763702 0.0200797 0.0148261 0.0115969 0.0176837 0.00030487 0.00262184 0.0148002 -0.00362548 0.00408633 0.00838743 0.0220562 -0.0397697 0.012477 -0.000359263 0.0204784 -0.0282807 0.000502848 0.00501457
internal_weight=7254.38 2956.06 1802.65 4298.32 3148.55 1384.68 1383.93 1153.4 901.193 740.041 1149.77 1216.9 418.722 682.058 1763.86 1497.67 793.218 28.2444 22.6021 60.5287 356.556 266.191 142.062 1156.37 479.523 676.851 474.271 1088.73 455.379 126.064 86.6826 87.6173 81.3229 14.9247 5.13806 167.781 86.7836 72.4596 636.556 45.502 764.973 619.65 14.6813 8.35811 408.94 291.9 252.212 19.7204 36.3021 229.198 99.6191 53.4608 49.6175 39.3811 30.6746 8.70658 250.469 96.1765 154.293 10.7474 589.234 400.708
internal_count=731623 602548 431484 129075 115101 90517 411055 171064 153683 141949 13974 88605 20429 267511 24584 22725 10606 1146 835 9439 3368 1859 1376 79166 42436 36730 41957 17451 9279 3486 2685 1753 2476 725 88 1912 1343 1234 263233 4278 9460 8040 772 133 5274 4021 17381 596 757 16422 2704 1823 1522 801 544 257 17319 8907 8412 1712 34977 28970
is_linear=0
shrinkage=0.05


end of trees

feature_importances:
popularity=223
rank_biencoder_top100=168
pmi_sum=153
turn_number=101
rank_decay_descending=92
rank_cf_bpr=85
score_biencoder_top100=80
rank_bm25_norepeat=70
rank_pmi_leg=65
rank_metadata_qwen3=61
n_legs_containing=50
score_bm25_norepeat=29
score_cf_bpr=29
score_pmi_leg=29
score_metadata_qwen3=28
n_prior_accepts=20
score_decay_descending=16
is_in_all_legs=3

parameters:
[boosting: gbdt]
[objective: lambdarank]
[metric: ndcg]
[tree_learner: serial]
[device_type: cpu]
[data_sample_strategy: bagging]
[data: ]
[valid: ]
[num_iterations: 300]
[learning_rate: 0.05]
[num_leaves: 63]
[num_threads: -1]
[seed: 0]
[deterministic: 0]
[force_col_wise: 0]
[force_row_wise: 0]
[histogram_pool_size: -1]
[max_depth: -1]
[min_data_in_leaf: 10]
[min_sum_hessian_in_leaf: 0.001]
[bagging_fraction: 0.8]
[pos_bagging_fraction: 1]
[neg_bagging_fraction: 1]
[bagging_freq: 5]
[bagging_seed: 3]
[bagging_by_query: 0]
[feature_fraction: 0.8]
[feature_fraction_bynode: 1]
[feature_fraction_seed: 2]
[extra_trees: 0]
[extra_seed: 6]
[early_stopping_round: 0]
[early_stopping_min_delta: 0]
[first_metric_only: 0]
[max_delta_step: 0]
[lambda_l1: 0]
[lambda_l2: 0]
[linear_lambda: 0]
[min_gain_to_split: 0]
[drop_rate: 0.1]
[max_drop: 50]
[skip_drop: 0.5]
[xgboost_dart_mode: 0]
[uniform_drop: 0]
[drop_seed: 4]
[top_rate: 0.2]
[other_rate: 0.1]
[min_data_per_group: 100]
[max_cat_threshold: 32]
[cat_l2: 10]
[cat_smooth: 10]
[max_cat_to_onehot: 4]
[top_k: 20]
[monotone_constraints: ]
[monotone_constraints_method: basic]
[monotone_penalty: 0]
[feature_contri: ]
[forcedsplits_filename: ]
[refit_decay_rate: 0.9]
[cegb_tradeoff: 1]
[cegb_penalty_split: 0]
[cegb_penalty_feature_lazy: ]
[cegb_penalty_feature_coupled: ]
[path_smooth: 0]
[interaction_constraints: ]
[verbosity: -1]
[saved_feature_importance_type: 0]
[use_quantized_grad: 0]
[num_grad_quant_bins: 4]
[quant_train_renew_leaf: 0]
[stochastic_rounding: 1]
[linear_tree: 0]
[max_bin: 255]
[max_bin_by_feature: ]
[min_data_in_bin: 3]
[bin_construct_sample_cnt: 200000]
[data_random_seed: 1]
[is_enable_sparse: 1]
[enable_bundle: 1]
[use_missing: 1]
[zero_as_missing: 0]
[feature_pre_filter: 1]
[pre_partition: 0]
[two_round: 0]
[header: 0]
[label_column: ]
[weight_column: ]
[group_column: ]
[ignore_column: ]
[categorical_feature: ]
[forcedbins_filename: ]
[precise_float_parser: 0]
[parser_config_file: ]
[objective_seed: 5]
[num_class: 1]
[is_unbalance: 0]
[scale_pos_weight: 1]
[sigmoid: 1]
[boost_from_average: 1]
[reg_sqrt: 0]
[alpha: 0.9]
[fair_c: 1]
[poisson_max_delta_step: 0.7]
[tweedie_variance_power: 1.5]
[lambdarank_truncation_level: 20]
[lambdarank_norm: 1]
[label_gain: ]
[lambdarank_position_bias_regularization: 0]
[eval_at: ]
[multi_error_top_k: 1]
[auc_mu_weights: ]
[num_machines: 1]
[local_listen_port: 12400]
[time_out: 120]
[machine_list_filename: ]
[machines: ]
[gpu_platform_id: -1]
[gpu_device_id: -1]
[gpu_use_dp: 0]
[num_gpu: 1]

end of parameters

pandas_categorical:null
