tree
version=v4
num_class=1
num_tree_per_iteration=1
label_index=0
max_feature_idx=28
objective=lambdarank
feature_names=rank_biencoder_current_only_top100 score_biencoder_current_only_top100 rank_biencoder_large_top100 score_biencoder_large_top100 rank_biencoder_last2turns_top100 score_biencoder_last2turns_top100 rank_biencoder_mxbai_top100 score_biencoder_mxbai_top100 rank_biencoder_top100 score_biencoder_top100 rank_bm25_norepeat score_bm25_norepeat rank_cf_bpr score_cf_bpr rank_decay_descending score_decay_descending rank_e5_large_top100 score_e5_large_top100 rank_metadata_qwen3 score_metadata_qwen3 rank_pmi_leg score_pmi_leg popularity turn_number n_prior_accepts pmi_sum is_in_all_legs n_legs_containing biencoder_cosine
feature_infos=[0:101] [0:0.016393441706895828] [0:101] [0:0.016393441706895828] [0:101] [0:0.016393441706895828] [0:101] [0:0.016393441706895828] [0:101] [0:0.016393441706895828] [0:101] [0:0.016393441706895828] [0:101] [0:0.016393441706895828] [0:101] [0:0.016393441706895828] [0:101] [0:0.016393441706895828] [0:101] [0:0.016393441706895828] [0:101] [0:0.016393441706895828] [0:93] [1:8] [0:7] [0:55.551433563232422] [0:1] [1:11] [-0.32900631427764893:0.94198441505432129]
tree_sizes=7021 7010 6991 7020 6980 6947 7001 6970 7017 7047 6990 6959 6983 6999 7009 6972 7013 7027 6964 6990 7003 7002 6964 7044 6997 6990 7011 7022 6944 6978

Tree=0
num_leaves=63
num_cat=0
split_feature=27 25 16 4 27 16 12 4 14 16 27 21 8 4 4 4 2 2 16 23 16 2 21 4 21 12 6 8 14 27 16 0 23 23 8 10 18 16 8 16 6 0 16 2 16 1 8 8 0 18 12 16 6 25 21 6 2 2 16 23 16 16
split_gain=4151.88 452.767 449.747 349.536 284.219 163.297 158.497 83.3379 71.8481 56.4844 52.3994 45.0069 36.8546 36.1659 34.3604 24.629 24.1403 23.367 22.6401 22.5332 18.4628 18.1234 17.3927 15.7256 16.9327 15.0867 14.5179 14.2984 16.3782 14.233 14.0032 13.6351 13.5684 13.5537 12.8288 17.2596 13.1154 11.7355 11.6653 17.5313 11.4923 11.4694 11.2957 10.9808 10.963 10.772 10.1084 12.1452 10.0839 11.1568 9.96261 9.91321 11.8744 9.83501 15.6896 9.7502 9.585 9.16084 8.93474 8.91115 8.94982 10.3306
threshold=4.5000000000000009 3.49730396270752 17.500000000000004 21.500000000000004 1.5000000000000002 42.500000000000007 14.500000000000002 27.500000000000004 18.500000000000004 86.500000000000014 6.5000000000000009 0.013793759513646366 28.500000000000004 5.5000000000000009 6.5000000000000009 35.500000000000007 52.500000000000007 23.500000000000004 90.500000000000014 1.5000000000000002 11.500000000000002 54.500000000000007 1.0000000180025095e-35 10.500000000000002 1.0000000180025095e-35 8.5000000000000018 66.500000000000014 41.500000000000007 60.000000000000007 1.5000000000000002 5.5000000000000009 18.500000000000004 6.5000000000000009 2.5000000000000004 81.500000000000014 18.500000000000004 18.500000000000004 93.500000000000014 37.500000000000007 35.500000000000007 20.500000000000004 3.5000000000000004 85.500000000000014 26.500000000000004 25.500000000000004 0.013606071937829258 97.500000000000014 34.500000000000007 58.500000000000007 14.500000000000002 4.5000000000000009 71.500000000000014 78.500000000000014 10.673779487609865 0.016001024283468727 30.500000000000004 58.500000000000007 57.500000000000007 28.500000000000004 1.5000000000000002 54.500000000000007 65.500000000000014
decision_type=2 2 2 2 2 2 2 2 2 2 2 2 2 2 2 2 2 2 2 2 2 2 2 2 2 2 2 2 2 2 2 2 2 2 2 2 2 2 2 2 2 2 2 2 2 2 2 2 2 2 2 2 2 2 2 2 2 2 2 2 2 2
left_child=1 3 10 13 9 17 50 23 19 20 14 16 -10 56 -2 33 58 -6 21 -7 -5 -14 41 -8 40 -21 -23 38 -29 -15 -12 32 45 -11 -33 -36 -37 -31 39 -18 57 -17 -22 55 -19 -20 47 -46 -27 -50 -4 -41 -53 54 -3 -39 -1 -25 -9 -28 -61 -62
right_child=2 53 6 4 5 8 7 11 12 15 30 -13 18 29 -16 22 27 44 31 25 42 26 -24 24 -26 48 59 28 -30 37 -32 34 -34 -35 35 36 -38 43 -40 51 -42 -43 -44 -45 46 -47 -48 -49 49 -51 -52 52 -54 -55 -56 -57 -58 -59 -60 60 61 -63
leaf_value=0.035611994486863308 0.080467230452825722 0.046384533881274191 0.074534026213350146 0.012068041490527795 0.051334708716075511 -0.052345576756322357 0.053068021511347742 0.026827632005870478 -0.0072976769152796224 0.049203934454235453 0.090817979300965773 0.057978807973152392 -0.0025941071828986303 0.054965493835828841 0.047076218237651929 0.00091167957990298315 -0.10000000000000001 0.016939170171903366 -0.008370327415262873 0.049542115558544805 -0.048915204630241231 -0.0091066354843396743 -0.10000000000000001 0.041700782233937084 0.068726207403709952 0.066715390395531704 -0.01446868130073274 0.019713390764247045 -0.040745847729939964 0.033077789640888221 0.076283802997275274 -0.0702661200137326 0.021743233095196959 -0.052106245909219043 -0.094640893325799627 0.01018044932592993 -0.049641024227220124 0.022787387705941787 0.046632661696112659 0.022207287318184027 0.0087424533201766706 -0.070131527642627228 0.014315552567887278 0.0037900619481693772 0.00084425688941851089 -0.086140688511563229 0.0037203796338584985 -0.07313281727127563 0.019163653208835649 -0.034594010411706629 0.053728856471003533 -0.081829153813269495 0.03405093532847675 0.073738281051230967 -0.10000000000000001 -0.084309764400190029 0.086578504507207707 -0.10000000000000001 0.00034947988867986036 -0.028265655365249994 -0.094924954258293309 -0.052083032176518052
leaf_weight=13.078923982568083 132.71007603246835 81.400151453970466 114.45421546758735 14.179568981824557 32.782838838058524 14.113255411910357 97.55850948477746 40.798152029397897 61.835290143477323 6.4767716851201822 454.56864352911361 30.398812811414246 39.814081144446391 17.73347520706011 183.67669741588179 5.7123403613804831 4.9153342543577301 78.947164990458987 8.8819014075852518 23.415435388727929 211.61604093817004 29.19720710159163 49.756550105987117 52.773858013213612 21.403637661947869 4.9865248105488709 16.502836113213561 12.988823266001416 81.408339821879053 22.658250816646614 260.80740156164393 104.79786069779948 11.817895158630561 6.7336675195838325 21.080511992913671 9.3958621763158572 368.68235629843548 2.9183358815498632 10.970901194610631 19.807690388697669 79.562773772486253 1040.5483089142945 7.3070243415422729 29.722268284094753 10.532384724414444 8.9284710360807349 41.051572125870734 11.724227986269396 18.53288976062322 20.140115591042559 115.71317482102313 6.0928920936421473 3.4696489577181637 38.186306253832299 1.8725710038561363 7.8195211601268966 31.305507079930976 1.1657896116957989 145.42615526016743 25.116862844122807 18.724263368028915 56.620729761081748
leaf_count=4271 7905 22728 7995 6061 7090 7842 13673 6883 28797 1976 10732 2849 14325 4630 25123 2120 1879 27760 4325 5660 125980 10420 62993 7933 1532 659 5421 3094 22523 7122 13624 60761 4071 4515 15379 2696 184835 1207 1385 3198 17402 696939 2469 12315 3470 6188 15618 7242 8057 11282 13220 2767 647 5422 1115 6435 2861 549 32421 10833 10798 26293
internal_value=-0.00100791 -0.0415507 0.055919 -0.0461216 -0.0504059 -0.0307532 0.0287304 0.0153666 -0.0396884 -0.0655974 0.0780257 -0.000206742 -0.0443398 0.0352953 0.0610823 -0.0702993 -0.00563445 0.0132793 -0.047523 0.00507946 -0.0432235 -0.0325003 -0.0711172 0.0373436 0.0274405 0.0171623 -0.0406466 -0.0213491 -0.0324268 0.0153874 0.0855192 -0.052759 -0.0197949 -0.00243622 -0.054697 -0.0506094 -0.0481544 0.00426775 0.00175693 -0.0126027 0.0208214 -0.0697436 -0.0468047 -0.0118663 0.00450945 -0.0473572 -0.0109908 -0.038125 -0.000203656 -0.00883225 0.0640745 0.00202394 -0.0397835 0.0527276 0.0430928 -0.0552029 0.07156 0.0386382 0.00615033 -0.0485198 -0.0541133 -0.0627298
internal_weight=4497.32 2626.65 1870.67 2505.19 2379.95 1037.62 838.909 608.741 862.584 1342.33 1031.76 356.277 781.396 125.236 316.387 1109.23 325.878 175.038 719.561 81.1882 233.103 185.976 1096.02 252.465 154.906 67.075 146.162 139.654 94.3972 80.8519 715.376 533.585 29.6283 13.2104 503.957 399.159 378.078 63.1184 45.2565 34.2856 133.502 1046.26 218.923 40.4601 142.255 17.8104 63.3082 22.2566 43.6595 38.673 230.167 29.3702 9.56254 121.459 83.2727 10.7379 44.3844 53.9396 186.224 116.965 100.462 75.345
internal_count=1648315 1450981 197334 1421716 1382875 479822 139950 118735 418642 903053 57384 77646 385142 38841 33028 768543 74797 61180 356345 33500 134510 78090 762052 41089 27416 25658 63765 35493 25617 31709 24356 278255 14584 6491 263671 202910 187531 27079 9876 8491 25884 699059 128449 19957 54090 10513 26330 10712 19998 19339 21215 6612 3414 29265 23843 7642 7132 8482 39304 53345 47924 37091
is_linear=0
shrinkage=0.05


Tree=1
num_leaves=63
num_cat=0
split_feature=28 9 22 22 25 19 4 19 12 28 28 4 6 16 25 22 16 4 28 4 4 16 28 19 4 0 16 24 24 19 22 4 22 19 0 28 28 6 28 22 9 22 10 25 24 22 6 6 16 24 28 22 28 2 16 24 22 22 22 28 28 2
split_gain=3647.42 869.265 609.441 469.214 373.708 318.763 293.427 272.297 230.66 196.627 168.784 157.143 105.066 103.759 103.381 86.2474 84.6578 80.4021 79.1634 70.8327 68.76 68.4584 67.0961 59.6062 71.0769 59.3933 55.592 55.453 54.0914 51.5528 51.0606 46.9563 49.4236 50.2546 43.568 42.5715 41.8978 41.4616 39.9144 39.8809 49.5748 39.428 44.7123 38.7371 38.4537 38.3809 36.6257 36.5508 33.1194 35.0548 33.708 32.7893 32.7164 32.5081 36.0625 32.4396 32.0907 47.6742 44.4983 31.628 31.2588 31.0834
threshold=0.4880995005369187 0.013986697886139156 73.500000000000014 54.500000000000007 5.0407307147979745 0.015749008394777778 35.500000000000007 0.012579114176332952 5.5000000000000009 0.37839908897876745 0.60683757066726696 8.5000000000000018 3.5000000000000004 56.500000000000007 17.489590644836429 70.500000000000014 3.5000000000000004 17.500000000000004 0.25994506478309637 55.500000000000007 10.500000000000002 7.5000000000000009 0.29913549125194555 0.013245614245533945 31.500000000000004 6.5000000000000009 46.500000000000007 3.5000000000000004 4.5000000000000009 0.016001024283468727 61.500000000000007 1.5000000000000002 52.500000000000007 0.012579114176332952 76.500000000000014 0.4397162944078446 0.5428244173526765 17.500000000000004 0.63561701774597179 44.500000000000007 0.012903762981295587 25.500000000000004 15.500000000000002 16.296486854553226 2.5000000000000004 37.500000000000007 21.500000000000004 48.500000000000007 93.500000000000014 1.0000000180025095e-35 0.58828467130661022 55.500000000000007 0.64639893174171459 43.500000000000007 39.500000000000007 1.0000000180025095e-35 30.500000000000004 45.500000000000007 51.500000000000007 0.56761804223060619 0.59976795315742504 93.500000000000014
decision_type=2 2 2 2 2 2 2 2 2 2 2 2 2 2 2 2 2 2 2 2 2 2 2 2 2 2 2 2 2 2 2 2 2 2 2 2 2 2 2 2 2 2 2 2 2 2 2 2 2 2 2 2 2 2 2 2 2 2 2 2 2 2
left_child=2 3 4 7 6 12 31 10 18 29 20 56 16 61 17 38 45 -9 -8 -4 -2 34 -21 30 -25 -7 44 -17 -13 -10 41 35 33 55 46 -1 -28 -26 -5 40 -15 42 -14 -6 -22 -3 60 -27 50 -50 -23 -20 -51 -52 -55 -33 -12 -58 -59 -47 -19 -11
right_child=1 5 19 15 43 25 8 14 9 13 11 28 23 39 -16 27 -18 21 51 22 26 48 -24 24 37 47 36 -29 -30 -31 -32 32 -34 -35 -36 -37 -38 -39 -40 -41 -42 -43 -44 -45 -46 59 -48 -49 49 52 53 -53 -54 54 -56 -57 57 58 -60 -61 -62 -63
leaf_value=0.038732754337722101 -0.053309035270777384 0.056527564975589396 0.064308513585562693 0.0090135750615043305 -0.0045239819661903862 0.068787429592121238 -0.087290377461675991 0.023907441142445505 -0.080128119163699968 -0.050401334287921408 -0.011928564644296879 -0.0004473900049453584 -0.10302865012007084 -0.066878793560414165 0.060796160686022782 0.052105284120916667 0.01820963984222421 0.013529067802182672 0.022990138448010719 -0.045570227077943316 -0.028237517730528697 0.032836720366680616 0.024989516200008447 0.033644237540674596 0.0064616636642029967 0.045964603692235789 -0.038365413471257263 0.019840984542308267 0.023113250359912421 0.042313859203231628 0.034501402116268176 -0.01912988688356412 0.0062632603118876118 0.027033815236128047 -0.093048299166855031 -0.064885046285910644 -0.016787342584237232 -0.07937502654356382 0.026558363468478841 -0.043794158141870113 0.0070781000125599031 -0.0034300565734608685 0.02450406985721373 0.03821564062713155 0.0045766088493184058 -0.10342056167591095 0.011093160247602702 -0.10329351175107626 -0.1026485749623704 -0.0018955444124029407 0.010818867250747542 -0.054097036319870333 -0.10204113667828994 -0.10196110345235315 -0.0075884789144360608 -0.055098827613370954 -0.060347356053175642 0.0033197983087634806 -0.084999216411795614 0.035160607848402851 -0.10325651871287762 -0.010539289137920002
leaf_weight=56.826946899993345 196.44992209482007 436.85578732984141 86.361965021467768 698.11327187460847 206.23743915103842 565.10294099990278 22.737866287352517 516.38163730711676 1155.9297522482229 67.632552114955615 161.27082745102234 648.48395296616945 7.0797122549265614 692.45666283695027 108.40701357345097 366.90023415209725 387.35136476682965 8.4834740958176571 115.38539021171164 42.549430345301516 132.87529299256857 128.11965139128733 161.84325656085275 623.48963929218007 42.719248153734952 458.66412675194442 490.68103508837521 209.05551961215679 390.1867367438972 8.6611178263556194 165.21160486340523 101.61675803933758 100.13755880959798 29.925594254164025 29.135116064921021 12.007122071809134 415.41367543849628 20.976028116652742 605.19246576505248 346.48733527353033 23.42571997595951 551.88237731368281 234.97291360329837 71.359759204555303 272.12359146913514 4.1761633343994609 39.13528680591844 4.1386850699782363 10.955895428895017 111.43071937107015 170.89570228906814 15.6676539091859 8.7993470383807999 14.382789361057801 34.177849598927423 163.61208152241306 132.69494537520222 74.652541262330487 17.629890627460554 291.6750084196683 17.651522639207542 176.60990314069204
leaf_count=570 8556 1730 2445 85488 15748 1494 5627 5703 461813 10931 2961 66664 176 261641 706 15257 5593 44 4120 11113 15162 2722 22609 4743 568 2287 152870 14813 39286 914 3339 6329 6388 551 425 347 114616 551 22665 121048 5439 17265 5848 1105 31853 92 243 109 579 6025 4133 1218 643 714 1251 22175 3544 1236 554 1554 209 41913
internal_value=-0.000498009 0.0153987 -0.0431096 0.00356866 -0.0491076 0.0341359 -0.0541013 -0.00585514 -0.060581 -0.0642784 -0.0140605 -0.0017221 0.0253019 -0.0509632 0.0142307 0.0242812 0.0371155 0.00959757 -0.00116811 0.0263425 -0.0257227 -0.00329457 0.0103007 0.0172646 0.0285046 0.0579108 -0.0215893 0.0403943 0.00840339 -0.0792175 0.00921176 -0.0174534 -0.0240899 -0.0343879 -0.0422084 0.0206581 -0.0284726 -0.0218059 0.0171605 -0.0577191 -0.0644587 0.00394918 0.0207739 0.00646276 -0.00618931 0.0471102 -0.0195147 0.0446298 0.00437871 -0.0170272 0.0124579 0.0137742 -0.00922496 0.000560726 -0.03554 -0.0413181 -0.0289509 -0.041153 -0.0135529 0.0332044 -0.0653477 -0.0215774
internal_weight=13461.4 9803.98 3657.47 6009.68 3366.72 3794.3 3089.12 4130.42 2624.99 2471.2 2932.46 1424.92 2766.39 1306.61 1197.96 1879.26 1120.06 1089.55 153.791 290.755 1507.54 573.167 204.393 1646.33 687.185 1027.91 1311.09 575.956 1038.67 1164.59 959.147 464.126 395.292 295.154 94.4054 68.8341 906.095 63.6953 1303.31 1062.37 715.882 793.935 242.053 277.597 404.999 732.707 65.2703 462.803 478.762 131.186 347.576 131.053 120.23 219.456 48.5606 265.229 386.248 224.977 92.2824 295.851 26.135 244.242
internal_count=1648315 644271 1004044 598922 967877 45349 951024 460699 914664 903699 437302 114245 41459 440972 23397 138223 8969 22691 10965 36167 323057 16988 33722 32490 5862 3890 314501 30070 105950 462727 26628 36360 35443 29055 921 917 267486 1119 108153 388128 267080 23289 6024 16853 47015 3376 496 2396 16067 7247 8820 5338 6668 6098 1965 28504 8295 5334 1790 1646 253 52844
is_linear=0
shrinkage=0.05


Tree=2
num_leaves=63
num_cat=0
split_feature=27 27 16 22 4 22 16 0 25 19 20 2 27 4 25 4 11 16 22 12 0 4 6 22 25 16 16 14 11 16 19 16 23 22 16 19 22 22 22 23 12 23 4 22 25 12 19 23 0 16 23 12 22 6 22 16 19 6 12 11 4 12
split_gain=3457.88 802.346 477.956 371.787 264.224 195.265 152.664 146.092 128.393 92.9607 89.4594 77.018 73.0649 72.2496 70.5149 61.9987 61.1601 58.9729 58.3052 57.357 56.6709 55.9105 52.0437 44.9349 40.7419 42.5228 40.0804 37.0466 54.5844 52.282 37.6977 36.9463 35.1127 33.4824 48.3123 44.8997 44.7262 33.1167 31.9823 42.172 39.3888 31.873 40.644 37.9956 45.1033 31.1559 32.3229 30.9577 30.821 30.7408 30.5232 30.3103 30.0111 34.638 29.9859 33.9122 29.8004 39.117 29.29 29.1889 28.1133 28.0149
threshold=5.5000000000000009 1.5000000000000002 6.5000000000000009 62.500000000000007 15.500000000000002 63.500000000000007 29.500000000000004 6.5000000000000009 15.813410282135012 0.012579114176332952 6.5000000000000009 19.500000000000004 2.5000000000000004 53.500000000000007 5.2855923175811776 17.500000000000004 0.012739370577037336 41.500000000000007 44.500000000000007 1.0000000180025095e-35 18.500000000000004 1.0000000180025095e-35 5.5000000000000009 30.500000000000004 8.26232957839966 4.5000000000000009 92.500000000000014 13.500000000000002 0.013606071937829258 98.500000000000014 0.016001024283468727 100.00000000000001 4.5000000000000009 52.500000000000007 14.500000000000002 0.014389234129339458 28.500000000000004 77.500000000000014 44.500000000000007 3.5000000000000004 60.000000000000007 5.5000000000000009 7.5000000000000009 80.500000000000014 5.8209004402160653 12.500000000000002 0.014815627597272398 4.5000000000000009 48.500000000000007 18.500000000000004 5.5000000000000009 8.5000000000000018 52.500000000000007 82.500000000000014 37.500000000000007 49.500000000000007 0.016001024283468727 17.500000000000004 7.5000000000000009 0.016001024283468727 54.500000000000007 11.500000000000002
decision_type=2 2 2 2 2 2 2 2 2 2 2 2 2 2 2 2 2 2 2 2 2 2 2 2 2 2 2 2 2 2 2 2 2 2 2 2 2 2 2 2 2 2 2 2 2 2 2 2 2 2 2 2 2 2 2 2 2 2 2 2 2 2
left_child=1 3 7 4 -1 6 24 19 11 13 31 17 20 -9 18 32 41 61 49 -2 50 -13 -19 -21 25 -3 -20 28 -14 -29 -30 -8 -5 35 48 -23 -37 -17 -11 -40 -41 42 -7 44 -44 46 -36 -48 -35 -6 -12 -22 -31 -54 55 -24 59 -58 -46 -10 -53 -4
right_child=2 5 8 15 14 16 10 9 56 38 12 21 27 -15 -16 37 -18 22 26 23 51 33 54 -25 -26 -27 -28 29 30 52 -32 -33 -34 34 45 36 -38 -39 39 40 -42 -43 43 -45 58 -47 47 -49 -50 -51 -52 60 53 -55 -56 -57 57 -59 -60 -61 -62 -63
leaf_value=0.027371901045351501 0.073234136278670842 0.017778696693340836 0.029729393002553041 0.062649491517231995 -0.017473334400901163 0.045208722148680582 -0.066445818076669591 0.013681158558159032 0.044882794466131831 0.043911013539248839 -0.064381179353154364 0.071884969106037921 0.035076673409910546 -0.083561773941220399 -0.010584283409776147 -0.021978034998505078 -0.045049778743109767 0.028961539963096167 -0.021611871506818089 0.058131691324406702 0.023201171502931162 -0.013204497443595892 -0.10084721670972688 0.038936329148156465 0.048533583180127557 -0.0084044436411060807 -0.054198066928924538 -0.012654023843099483 -0.040117576740192805 -0.038916677093378114 0.012949489614650481 0.030140664121800081 -0.10608475846389201 -0.013455830455422608 -0.026348016214581039 0.033557461465327801 -0.0054608000866873474 0.0074920967258671218 0.043578847066199349 0.017954370927530963 -0.049507979057840303 -0.0035217588098943211 -0.0061010863590397549 0.037521377706033116 -0.10360291341048973 0.025988353098627737 0.036115635019961768 -0.01526107562994544 -0.10288524104626105 -0.067304012105700334 0.040421988212531318 -0.020678768001022522 -0.04310216280902536 0.0092067631639021815 -0.046967073880775374 0.012439755356768391 -0.069731659123796849 0.031653621924168533 0.039267756293105402 -0.10406032441778904 -0.048786774371187488 0.015316000792303087
leaf_weight=91.994573279982433 256.66810317197815 210.25187855679542 564.10513636865653 39.901885748840868 31.636335032293573 118.27784612262622 11.016841275850309 375.95303256984334 380.19076107442379 651.47023344854824 8.8533308282494527 27.797000806778669 71.95980130485259 20.123557518702 72.017624443629757 314.94692043261603 48.025850011967123 65.963946521049365 119.54086130671203 538.73587858385872 17.067168421810493 617.54014795739204 7.4524277024902394 702.36181276082061 42.806585497222841 590.79171549610328 448.03710372326896 618.20696591294836 82.47586328687612 488.05496052623494 56.318116536829621 97.753242594306357 3.3413502285256973 39.16702956520021 72.970951037597843 122.8527669692412 182.62519245385192 136.70748262479901 165.90097919758409 162.19929172215052 24.967109344899654 214.15461355424486 265.99659413960762 114.94790847296827 3.7311789700761429 281.0385231586406 73.760967558017001 48.666215719887987 12.777458908502011 1426.7696146617818 32.27118256315589 105.92274575331248 53.207331123529002 78.103337091393769 73.25084345927462 58.160672036814503 13.74790201243013 30.89115799148567 93.056659419555217 3.3181089099962255 555.47866726201028 837.86808414477855
leaf_count=3139 449 7406 6110 281 7933 1126 573 6084 3869 3663 3573 151 5355 732 6722 85131 6542 1155 35074 2313 1796 40358 605 4721 712 49573 181207 95798 12883 117341 2369 2717 191 913 1975 1603 4446 18345 883 1213 346 21335 30447 4162 224 11112 653 879 531 585998 3843 27995 9819 11605 3612 1962 216 193 1946 61 183968 20378
internal_value=-0.000378356 -0.0256012 0.0258322 -0.0467217 -0.0555666 -0.0113489 -0.0171577 0.040863 0.0134352 0.0292547 -0.0238906 0.00987531 -0.0261107 0.00874051 -0.0592033 -0.00758202 0.00977305 0.0174541 -0.0609316 0.0517183 -0.0391331 0.00164272 -0.00760645 0.0472687 0.00100763 -0.00153209 -0.0473349 -0.0196405 -0.000262536 -0.0229405 -0.0185847 0.0203578 0.0496116 0.000297449 0.0103347 -0.00544839 0.010231 -0.013058 0.0373432 0.0252243 0.00895521 0.0130229 0.0189676 0.0124708 0.00453354 0.0153269 -7.23864e-06 0.0156928 -0.0354539 -0.0662231 0.0178598 -0.0425877 -0.0332078 -0.0119889 -0.0249772 -0.000427537 0.0390937 0.000429064 0.0337601 0.0435941 -0.0442853 0.0211154
internal_weight=13076.1 6663.62 6412.53 2684.89 2190 3978.73 3120.54 2898.38 3514.15 1400.61 2276.69 3086 2167.92 396.077 2098 494.898 858.191 1606.8 2025.98 1497.77 719.593 1479.2 204.828 1241.1 843.85 801.044 567.578 1448.33 210.754 1237.57 138.794 108.77 43.2432 1451.4 528.381 923.018 305.478 451.654 1004.54 353.067 187.166 810.165 596.01 477.732 362.784 476.437 195.398 122.427 51.9445 1458.41 41.1245 678.469 619.366 131.311 138.864 65.6131 428.148 44.6391 96.7878 383.509 661.401 1401.97
internal_count=1648315 1527129 121186 924021 820073 603108 537326 20404 100782 12921 479635 96443 476345 6816 816934 103948 65782 33822 810212 7483 221175 62621 7334 7034 57691 56979 216281 255170 20607 234563 15252 3290 472 62470 16063 46407 6049 103476 6105 2442 1559 59240 37905 36779 32617 14619 3507 1532 1444 593931 7416 213759 138765 21424 6179 2567 4339 409 2170 3930 211963 26488
is_linear=0
shrinkage=0.05


Tree=3
num_leaves=63
num_cat=0
split_feature=27 27 28 5 25 9 5 22 22 28 16 2 28 12 5 28 25 14 28 9 18 28 18 28 16 28 23 18 16 22 5 18 2 16 1 22 2 23 22 22 14 1 18 16 12 22 2 1 22 25 6 25 2 22 22 1 2 28 22 1 1 2
split_gain=3353.97 708.723 505.835 394.187 309.643 237.767 169.207 160.614 112.632 105.804 79.4266 76.1853 73.6359 67.7467 66.5623 65.4983 68.247 72.8586 65.0474 64.744 64.3017 58.8936 54.0297 51.7389 51.6258 49.925 48.1772 45.5649 42.5263 39.711 39.6833 33.888 33.4545 32.9241 32.9053 35.1639 52.2553 33.8749 42.7609 32.825 32.1486 30.7473 35.3786 30.4281 30.2713 40.1804 31.0893 35.1429 28.3152 32.3051 28.189 27.7133 27.3753 27.0501 26.7153 26.3709 26.1125 30.1043 26.0892 37.1069 25.5243 25.3278
threshold=3.5000000000000004 6.5000000000000009 0.49219723045825964 0.010471491608768703 5.0407307147979745 0.014599318150430919 0.015504807699471714 73.500000000000014 57.500000000000007 0.3820351511240006 20.500000000000004 77.500000000000014 0.55474111437797557 8.5000000000000018 0.015749008394777778 0.63561701774597179 5.891690969467164 16.500000000000004 0.41983839869499212 0.0091326101683080214 60.000000000000007 0.29624243080616003 13.500000000000002 0.27233926951885229 26.500000000000004 0.55294069647789013 3.5000000000000004 1.5000000000000002 3.5000000000000004 45.500000000000007 0.012739370577037336 9.5000000000000018 62.500000000000007 86.500000000000014 0.0093898782506585139 36.500000000000007 100.00000000000001 3.5000000000000004 54.500000000000007 75.500000000000014 60.000000000000007 0.012121656909585001 8.5000000000000018 17.500000000000004 6.5000000000000009 41.500000000000007 38.500000000000007 0.013072453904896976 73.500000000000014 8.6647939682006854 32.500000000000007 21.631206512451175 42.500000000000007 5.5000000000000009 44.500000000000007 0.015268065501004459 49.500000000000007 0.60942333936691295 79.500000000000014 0.0077221228275448093 0.0064309346489608296 56.500000000000007
decision_type=2 2 2 2 2 2 2 2 2 2 2 2 2 2 2 2 2 2 2 2 2 2 2 2 2 2 2 2 2 2 2 2 2 2 2 2 2 2 2 2 2 2 2 2 2 2 2 2 2 2 2 2 2 2 2 2 2 2 2 2 2 2
left_child=2 6 3 4 7 30 15 9 12 13 14 -5 20 23 -7 16 17 21 -9 25 -4 -2 -11 -1 -24 43 -13 -15 -8 53 44 -32 -23 -14 -30 36 55 -37 -39 41 -6 42 -21 -19 46 51 -3 -48 -17 -50 -42 52 -46 -27 -26 -36 57 -10 -52 -60 -31 -33
right_child=1 5 8 11 40 10 28 18 56 22 -12 26 33 27 -16 48 -18 19 -20 39 -22 32 24 -25 54 29 -28 -29 34 60 31 61 -34 -35 35 37 -38 38 -40 -41 50 -43 -44 -45 45 -47 47 -49 49 -51 58 -53 -54 -55 -56 -57 -58 -59 59 -61 -62 -63
leaf_value=-0.08641074522641963 -0.059701091811043674 0.033084116948339869 0.056306462770694093 -0.068583889078057056 -0.10469240791270842 0.037937727219426495 0.039214157263973537 -0.04022007695830826 -0.05594857180555645 0.033576146898880208 0.006629869468720866 0.033605896810650564 0.01103748345686472 0.031111591948254178 0.055881095568094258 0.00516562337705514 0.015809920897241977 -0.013189167703877933 0.02676786688713308 0.06258679827659118 -0.037167372290763216 0.050505144776786172 -0.015663385619623417 0.037231738402903322 -0.061132846677300318 0.0023308453806795263 -0.011432254035217642 -0.075727403283132114 0.035230394339061312 -0.04611967198123685 0.034294332230351464 0.018081440619120915 0.0085359469362910629 -0.016529984942392977 -0.014357582138066269 0.033976260086134018 0.08515777287738921 0.015409013217109935 -0.079863522817424232 0.034021314072331117 -0.10469105034618292 0.006955557915382664 -0.018822420632579748 -0.050577803318017936 -0.036033051347478071 0.014711344381027848 0.010448120367549184 -0.10509835608988477 0.044054387708906913 -0.10374908267367498 0.013712975680110585 0.047207736017260804 0.0082310318451233565 -0.043000132824054058 -0.044202324481454808 -0.088806406535616153 0.012329075109105886 0.015381287846163209 -0.059262991033868111 0.047873084348219665 0.012884954995593828 -0.10394651308477454
leaf_weight=13.027607806725426 26.524054301669821 280.15800011018291 19.082975096767768 28.671647097915411 7.0892835701815775 1082.8035167839844 327.6190958332736 73.978126786649227 32.006267899298109 18.575496638659388 132.91151742218062 164.41227253468242 168.53250321210362 10.071898373775182 988.83768422040157 1219.8717601317912 267.70977469172794 70.16020655084867 71.037568082334474 13.772719570435582 512.94290776760317 62.214566566748545 88.245229999942239 24.13759768102318 698.39620909199584 44.997713244403712 92.943744486197829 1088.5057460248936 108.23273692210205 21.347620666958392 668.87620826996863 489.04712309292518 200.52105785370804 303.08833199716173 23.128605944802985 84.503035355359316 8.0412073228508216 34.383830562699586 17.913265989045613 47.923060415545478 5.8904804983176282 209.14293156791246 430.19492990616709 242.51338574336842 103.20472961885389 367.35174315830227 154.21405619964935 6.8739056992344549 72.590612771455199 3.8953183661214998 193.75540235452354 16.436295416206121 52.800020128954202 122.50166069320403 349.65493331896141 24.488489005481824 435.39806480007246 27.50236390484497 29.823415884515271 11.086479464545844 129.58683231915347 4.2895457576960316
leaf_count=5829 8257 3160 1450 7930 697 7785 2284 19924 5492 2795 2601 6323 30036 662 3539 67091 8322 4366 8506 247 171218 1741 15257 1958 278102 5271 12946 460729 2571 3605 5781 7609 12655 100728 1164 1283 34 1198 715 1134 719 10810 45703 46765 4693 9248 2847 239 1532 146 14266 128 2702 20117 125447 1147 62882 2744 2134 191 10624 236
internal_value=-0.000294078 0.0187702 -0.0351194 -0.0470712 -0.0530191 0.0325697 0.00303838 -0.0584351 -0.0114375 -0.0616657 0.0440986 0.00872731 -0.0210633 -0.0725018 0.0465025 -0.00163899 -0.00757824 -0.0114399 -0.00740528 -0.0163788 -0.0338146 0.0113057 -0.0510092 -0.00610896 -0.0523919 -0.0279963 0.0173404 -0.0747479 0.0267522 -0.0140611 0.0207111 0.0269619 0.0184741 -0.00667882 0.0131741 0.000770386 -0.0327361 0.0144028 -0.0172246 -0.00592013 0.000247966 -0.0088509 -0.016297 -0.0421882 0.0133059 0.00536498 0.0230202 0.00551755 0.00701596 0.036527 0.0033406 -0.0145456 -0.0210518 -0.0308222 -0.0554844 -0.0526451 0.00808308 -0.0229829 0.00605237 -0.0302294 0.00453955 0.0170204
internal_weight=12629.4 8161.58 4467.86 2969.3 2683.28 4347.8 3813.78 2435.63 1498.55 2290.61 2204.55 286.028 1003.65 1135.74 2071.64 3185.47 1889.11 1621.4 145.016 1332.14 532.026 289.26 1154.87 37.1652 1136.3 631.107 257.356 1098.58 628.31 318.434 2143.25 1162.21 262.736 471.621 300.691 192.458 55.6583 136.8 52.2971 701.034 247.645 653.111 443.968 312.674 981.039 539.793 441.246 161.088 1296.36 76.4859 240.556 172.441 156.005 167.499 1048.05 47.6171 494.907 59.5086 234.665 40.9099 150.934 493.337
internal_count=1648315 309350 1338965 964415 937216 50568 258782 919209 374550 890779 13925 27199 303432 469178 11324 248386 179617 171295 28430 148642 172668 22653 421601 7787 418806 90748 19269 461391 10396 39617 36643 13626 14396 130764 8112 5541 2345 3196 1913 57894 18007 56760 45950 51131 23017 16771 6246 3086 68769 1678 17310 7523 7395 25388 403549 2311 71118 8236 16591 2325 14229 7845
is_linear=0
shrinkage=0.05


Tree=4
num_leaves=63
num_cat=0
split_feature=27 27 22 28 4 16 4 12 16 22 14 28 22 28 9 27 28 20 16 4 18 20 28 4 20 14 14 14 28 2 4 22 20 4 9 22 27 28 22 16 28 4 2 0 2 22 10 23 18 4 16 9 3 0 6 16 12 22 0 4 28 18
split_gain=3128.5 593.139 472.715 350.303 251.498 192.38 166.75 91.7756 74.7652 74.237 74.144 72.4552 65.4066 61.4749 55.7293 50.6515 50.0563 70.3122 47.0051 46.076 41.8157 39.4079 40.0771 61.1778 44.5543 36.8698 33.8309 33.8039 85.3444 33.676 31.6123 31.3836 29.4413 29.4184 28.7193 41.1898 27.4845 26.2092 30.465 26.0654 29.2471 26.0359 25.864 29.2665 25.749 31.7215 39.6294 28.5952 28.796 25.7211 25.3946 29.6164 25.4632 25.7958 24.787 29.4038 44.4145 29.0641 24.3639 23.795 24.2493 23.5191
threshold=3.5000000000000004 6.5000000000000009 63.500000000000007 0.49355836212635046 15.500000000000002 6.5000000000000009 8.5000000000000018 8.5000000000000018 26.500000000000004 76.500000000000014 1.5000000000000002 0.20118281990289691 51.500000000000007 0.56565591692924511 0.011696306522935631 10.500000000000002 0.36108312010765081 3.5000000000000004 1.5000000000000002 9.5000000000000018 60.000000000000007 3.5000000000000004 0.53459408879280101 33.500000000000007 13.500000000000002 2.5000000000000004 18.500000000000004 16.500000000000004 0.53772154450416576 51.500000000000007 21.500000000000004 66.500000000000014 13.500000000000002 19.500000000000004 0.015038444194942715 30.500000000000004 4.5000000000000009 0.27233926951885229 44.500000000000007 35.500000000000007 0.4397162944078446 19.500000000000004 9.5000000000000018 13.500000000000002 69.500000000000014 78.500000000000014 1.0000000180025095e-35 4.5000000000000009 3.5000000000000004 40.500000000000007 17.500000000000004 0.015504807699471714 0.013793759513646366 6.5000000000000009 20.500000000000004 7.5000000000000009 3.5000000000000004 72.500000000000014 3.5000000000000004 92.500000000000014 0.38031293451786047 4.5000000000000009
decision_type=2 2 2 2 2 2 2 2 2 2 2 2 2 2 2 2 2 2 2 2 2 2 2 2 2 2 2 2 2 2 2 2 2 2 2 2 2 2 2 2 2 2 2 2 2 2 2 2 2 2 2 2 2 2 2 2 2 2 2 2 2 2
left_child=2 6 3 4 -1 10 18 37 32 11 -3 -4 14 20 27 54 25 -18 -2 34 -5 -13 23 -23 -25 -10 -16 -8 -29 -11 42 50 -9 -22 35 -12 -32 -6 -39 40 -31 -15 43 -28 58 46 -46 -47 -49 -41 -20 -52 53 -53 55 56 -7 -58 -14 -51 -61 -37
right_child=1 5 9 13 7 15 12 8 16 29 19 21 44 41 26 -17 17 -19 31 -21 33 22 -24 24 -26 -27 30 28 -30 39 36 -33 -34 -35 -36 61 -38 38 -40 49 -42 -43 -44 -45 45 47 -48 48 -50 59 51 52 -54 -55 -56 -57 57 -59 -60 60 -62 -63
leaf_value=0.012733299798857478 0.03890926306698976 0.055268081870460908 -0.085623477587396468 0.028807387411061897 -0.055618194358528487 0.03237857557598222 0.0021114412366326856 0.069211913559428392 0.026163032737153258 -0.073716007408897666 0.047112731166239367 -0.10433935954510956 -0.043465436051939463 0.034264966470091557 0.044644804974193909 0.042593286682682266 0.025886697025365654 -0.055806328323625365 0.017101556875702913 0.020195815756768723 0.015301495011248271 0.036115823840398263 0.014956305561353673 0.020963301439846718 -0.033551200231067245 -0.07059173225527994 0.0089066415308503635 -0.047152586634549069 -0.010966298322792235 -0.10054238738197113 0.012370383357612834 0.036185037404643759 -0.026676333594905389 -0.034240634205371899 0.045128423593495864 0.035783602521508188 -0.021969427398182462 0.039930725847931038 -0.068069658553640208 0.047947890565465487 0.061743222968364792 -0.0085773612326107904 0.021710690570886926 -0.067674896265108878 0.054376785970593033 0.048132923518009227 -0.020908726993157902 0.049697416575148486 -0.10220827715398635 -0.053563132854382557 0.0019433067656236622 0.074519253675962099 -0.10583253914027427 -0.10460227204569852 0.010120821034211056 0.023859904971805679 -0.086507798892930352 0.05102494581026449 0.013797134423081853 -0.019082081189595482 0.020775496265180285 -0.00038468098513547866
leaf_weight=137.65448157093488 267.98333424516022 659.25446951715276 31.974822262302041 29.943476284388453 14.281296110944821 24.912962425965816 222.87354507984128 8.6444731131196004 9.9553187794517708 9.8383405904751253 157.84230079641566 10.382653104839845 19.078809459926561 38.724320350214839 46.756740808021277 220.01486143912189 26.94299504859373 1175.1007323233644 404.06531632016413 382.40355941909365 31.585045482264832 48.30750033329241 156.11980304028839 44.618325887480751 234.29113818315091 897.76745993565419 37.036127866245806 214.43361030315282 678.52365904697217 2.9423798567149779 83.953416828997433 136.97225939622149 108.22727961791679 584.07541675213724 845.46486545540392 70.527138797100633 190.45306448487099 38.858490789541975 7.8485116020310661 46.343742058379576 49.179657218512148 420.98201946145855 194.62036843597889 18.812720039859414 19.164666694356129 42.079219790641218 198.81569905742072 5.444961139932273 7.305683059617877 15.102770535857415 192.52207002812065 5.269265287555756 12.538558641448615 3.2495384057983756 736.52221291535534 1025.8507906098384 20.979634616058323 4.7023632638156405 704.44597543799318 49.908223775215447 162.12418330227956 123.92697849287651
leaf_count=7779 1921 1979 13775 1759 5379 213 16397 44 1038 1683 819 999 1160 3938 1183 1705 922 458911 7917 3771 5220 2230 22979 2544 67073 370183 977 42634 77835 636 7867 1727 24215 198286 3775 376 15791 1938 1481 905 842 116972 8006 1305 496 769 20958 368 887 2592 11459 36 615 235 19040 16683 754 27 38239 11629 13013 1426
internal_value=-0.000278722 0.0183762 -0.0341706 -0.042272 -0.0529044 0.0310737 0.00373959 -0.056854 -0.0585115 -0.00095508 0.0411828 -0.012682 -0.00280685 -0.0189424 -0.00880464 0.0199381 -0.0606679 -0.0539752 0.0209206 0.0353064 -0.0288927 -0.00795812 -0.00588774 -0.0158327 -0.0248303 -0.0695306 0.00389043 -0.0153082 -0.019656 0.0174232 0.000259971 0.0145324 -0.0195839 -0.031699 0.0401306 0.0281366 -0.0114633 0.00365812 0.0217826 0.0201771 0.0525819 -0.00496845 0.0131037 -0.0168899 0.00735143 -0.0057387 -0.0142897 0.0282564 -0.0373394 0.014001 0.00973058 -0.00421438 -0.0605126 0.00619249 0.0171887 0.0220247 -0.0151857 -0.0613256 0.0122872 0.00707467 0.0113938 0.0127333
internal_weight=12370.5 7978.8 4391.72 3530.59 2425.28 4272.4 3706.4 2287.63 2226.64 861.134 2239.42 525.694 2683.8 1105.31 1687.46 2032.98 2109.77 1202.04 1022.6 1580.16 645.604 493.719 483.337 327.217 278.909 907.723 571.632 1115.83 892.957 335.439 524.876 754.617 116.872 615.66 1197.76 352.296 274.406 60.9883 46.707 325.601 52.122 459.706 250.469 55.8488 996.335 272.81 217.98 54.8299 12.7506 273.479 617.645 213.579 21.0574 8.5188 1812.97 1076.45 50.595 25.682 723.525 227.135 212.032 194.454
internal_count=1648315 309350 1338965 1198065 871890 50568 258782 864111 855313 140900 12146 109600 234872 326175 171995 38422 831054 459833 23910 10167 205265 95825 94826 71847 69617 371221 35129 136866 120469 31300 33946 21989 24259 203506 6396 2621 23658 8798 3419 29617 1478 120910 10288 2282 62877 23478 21454 2024 1255 28139 20262 12345 886 271 36717 17677 994 781 39399 27234 24642 1802
is_linear=0
shrinkage=0.05


Tree=5
num_leaves=63
num_cat=0
split_feature=28 4 18 25 14 16 16 16 22 22 28 28 4 12 4 12 25 6 22 16 0 20 2 23 8 2 23 22 25 8 28 11 28 16 20 6 12 8 16 11 8 28 8 12 28 16 22 12 12 6 22 0 2 12 8 8 25 0 8 22 12 25
split_gain=2676.26 781.66 591.319 576.215 196.043 177.634 161.389 147.735 140.575 105.029 86.4382 82.3712 73.0694 63.3731 62.0624 61.622 60.3023 45.0703 39.6574 38.5989 38.3297 36.3696 34.316 32.6771 32.1776 34.5974 31.419 29.8645 29.7989 44.6058 29.4358 29.4015 28.9751 28.5728 34.1995 27.9428 27.4135 47.0873 27.2472 27.1315 38.2491 27.0087 26.9853 46.6785 26.4046 29.8033 28.6086 25.7011 24.8599 39.8549 30.2518 27.1921 24.6489 45.1679 24.6345 24.3726 23.6086 26.4252 24.2226 23.4291 25.3412 23.3374
threshold=0.53138622641563427 36.500000000000007 15.500000000000002 4.7255260944366464 18.500000000000004 26.500000000000004 4.5000000000000009 17.500000000000004 48.500000000000007 73.500000000000014 0.2683039009571076 0.383884146809578 3.5000000000000004 60.000000000000007 1.5000000000000002 13.500000000000002 13.556468963623049 46.500000000000007 67.500000000000014 100.00000000000001 23.500000000000004 13.500000000000002 2.5000000000000004 4.5000000000000009 29.500000000000004 54.500000000000007 6.5000000000000009 79.500000000000014 3.49730396270752 7.5000000000000009 0.59050777554512035 0.015268065501004459 0.48144942522048956 15.500000000000002 18.500000000000004 100.00000000000001 5.5000000000000009 90.500000000000014 6.5000000000000009 1.0000000180025095e-35 3.5000000000000004 0.48669332265853887 83.500000000000014 4.5000000000000009 0.59278005361557018 21.500000000000004 89.500000000000014 7.5000000000000009 12.500000000000002 45.500000000000007 80.500000000000014 7.5000000000000009 6.5000000000000009 16.500000000000004 18.500000000000004 24.500000000000004 13.176548004150392 5.5000000000000009 45.500000000000007 36.500000000000007 2.5000000000000004 5.9758088588714608
decision_type=2 2 2 2 2 2 2 2 2 2 2 2 2 2 2 2 2 2 2 2 2 2 2 2 2 2 2 2 2 2 2 2 2 2 2 2 2 2 2 2 2 2 2 2 2 2 2 2 2 2 2 2 2 2 2 2 2 2 2 2 2 2
left_child=1 12 6 4 10 27 22 14 19 11 -3 -7 -1 -14 17 -13 -5 -4 21 23 -11 -15 -2 -9 -23 -26 33 -6 30 -30 -10 36 -29 -8 44 -19 37 -28 -38 59 -41 -17 55 -44 45 -35 -47 -33 49 -16 56 -52 53 -46 -18 -42 -50 -58 -59 -12 -61 -36
right_child=2 3 7 16 5 9 26 8 28 20 39 15 13 18 48 41 54 35 -20 -21 -22 24 -24 -25 25 -27 31 32 29 -31 -32 47 -34 34 61 -37 38 -39 -40 40 42 -43 43 -45 52 46 -48 -49 50 -51 51 -53 -54 -55 -56 -57 57 58 -60 60 -62 -63
leaf_value=0.039355675160687317 0.051457321060506572 -0.070427855577060924 0.037332973051538494 0.00026259909297092384 -0.016247657692168262 -0.070100948207659775 0.033494247393053858 -0.017854518186349734 -0.0067495148661033781 0.041750603877180055 0.041093533183689704 0.026957372981511202 0.03770829799104744 0.051518748987799304 0.034803661297085849 -0.057609301055354868 -0.10228478674596336 -0.11001243450405457 0.023780151467241925 -0.025852488880115689 -0.027614854933285367 0.010465922177068938 0.036451414668173719 0.0012380733985617254 -0.05073675340008147 -0.011525129520689487 0.046133622196256822 0.06327137627477282 -0.10289932326164926 0.025091340425507959 0.011778361407340884 -0.0055476308437618299 -0.10650610376950587 0.060306361942451869 0.012687965944531414 0.010429803072430719 -0.10634535401428941 -0.10849530263076851 0.0086492371673281103 0.067888822288401721 -0.016304277826376553 -0.042830072531033554 0.015836425131895173 -0.044094436519474818 -0.10573549957673421 -0.10589436820926053 0.084663010508468389 -0.10517527048429712 0.0061004791262036862 -0.10463617676704558 -0.10634329326713952 0.056118230310583696 0.046083304785999341 0.074047928670186211 0.043533920616054898 -0.10439188287832107 -0.10464540344210307 0.047787758734968579 -0.10518351528391404 0.068585351248470178 -0.026727723359875555 -0.071267994547448796
leaf_weight=202.22173607698642 915.9800144394394 53.596603140642401 388.7805236664135 247.67309973982628 196.70090577739757 1009.9208460046211 686.77589414047543 416.42463679012144 332.39760602812748 23.208650541375391 56.278205250389874 24.616642278153449 115.48272522771731 21.69658588944003 154.59523486788385 957.30936855252367 2.9554796391166738 8.2884251773357391 103.21245184959844 425.31864532502368 140.35027414717479 90.279764682869427 652.30713352991734 485.25430215219967 83.242385532706976 173.50877867557574 99.241746899089776 21.018747254973281 6.9492248466704032 333.30976517405361 603.72729453723878 104.6066298855003 2.8543511042371383 7.2604533457197276 440.36387566523626 11.493315182160586 5.3884982261806718 5.1803642800077787 116.96082891803235 13.57241854444146 15.435000147670509 456.55846017564181 76.556010608561337 56.446280501899309 7.5625379821285605 9.7850788282230479 2.4660116955637923 6.9004112002439788 1191.9732356442837 5.3001483087427905 2.7230023965239516 47.587754069827497 178.79967897944152 6.4931495785713178 144.85914626298472 15.984935048269106 3.2192136836238197 66.998879646882415 2.6918323654681435 8.7116345819085819 34.956491340184584 8.4358613234944624
leaf_count=3517 2885 21613 2807 22204 37117 445622 6938 50523 57454 1954 5450 3756 2072 449 1937 386772 142 245 3438 131340 28432 5987 3893 57798 18483 27284 762 461 414 8894 60725 1687 166 53 12350 203 178 236 3304 86 617 154007 2803 11078 183 502 7 350 41979 269 69 372 1540 36 2728 1402 98 646 98 98 8489 384
internal_value=-0.000187191 -0.0315718 0.0174447 -0.0415555 -0.0486677 -0.0529257 0.0336704 0.00567597 -0.00204131 -0.0565643 -0.0122893 -0.0591557 0.0134328 0.00450876 0.016342 -0.0514714 0.0153457 0.033587 -0.0036151 -0.0134362 -0.017772 -0.0112834 0.0452158 -0.00757951 -0.0152099 -0.0242381 0.0229325 -0.00983819 0.00980545 0.0224773 0.00519952 0.00930844 0.0429722 0.0263516 0.0189323 -0.0400347 0.019645 0.0384625 0.00358466 -0.00107821 -0.0127843 -0.0528369 -0.0194435 -0.00959828 0.0354636 -0.0199653 -0.0675372 -0.0117129 0.0115655 0.0301816 0.00930227 0.0473252 0.0410715 -0.0226829 0.0406183 -0.061119 0.00778991 0.0354096 0.0418792 0.0197691 -0.00771311 0.0111099
internal_weight=12090.7 4349.21 7741.54 3559.56 3164.08 2832.54 3254.51 4487.03 2603.38 2611.96 331.538 2448.41 789.644 587.423 1883.65 1438.48 395.488 408.562 471.94 1327 163.559 368.728 1568.29 901.679 347.031 256.751 1686.22 220.574 1276.38 340.259 936.125 338.278 23.8731 1347.94 661.167 19.7817 226.771 104.422 122.349 277.941 177.995 1413.87 164.422 133.002 212.367 19.5115 12.2511 111.507 1475.09 159.895 1315.19 50.3108 192.855 14.0557 147.815 31.4199 1264.88 72.9099 69.6907 99.9463 43.6681 448.8
internal_count=1647386 1196227 451159 1134997 1109923 1058287 35288 415871 367148 1020543 51636 990157 61230 57713 48723 544535 25074 3255 55641 239661 30386 52203 6778 108321 51754 45767 28510 37744 127487 9308 118179 6517 627 21993 15055 448 4480 998 3482 30023 15986 540779 15900 13881 2321 562 509 2037 45468 2206 43262 441 1759 219 2870 2019 42821 842 744 14037 8587 12734
is_linear=0
shrinkage=0.05


Tree=6
num_leaves=63
num_cat=0
split_feature=28 18 12 22 16 16 28 16 22 28 20 23 0 12 0 20 16 8 23 20 28 23 2 6 6 6 23 20 0 12 18 22 8 22 6 28 10 8 10 23 0 28 10 22 2 18 16 2 23 16 22 8 0 16 12 16 28 16 22 20 16 28
split_gain=2413.24 573.31 480.046 342.188 246.094 150.373 142.216 124.768 102.382 94.0123 74.0758 56.3866 54.9751 42.2994 41.18 43.4575 39.5597 38.9931 38.3309 40.2017 59.4817 35.5982 33.764 32.6798 31.5253 29.4611 29.2042 28.6807 28.2391 28.6133 28.136 27.795 27.5118 26.4053 25.9134 25.0406 24.8613 35.2775 24.7803 25.5713 27.2199 23.4394 22.981 22.7401 22.3642 22.2237 21.382 21.3254 30.3213 21.1768 21.4163 21.0714 20.4528 19.9653 19.5737 38.1997 22.0689 19.6771 23.1824 19.2704 28.1129 21.512
threshold=0.53138622641563427 18.500000000000004 60.000000000000007 66.500000000000014 26.500000000000004 26.500000000000004 0.23661765456199649 4.5000000000000009 48.500000000000007 0.46946042776107794 17.500000000000004 1.5000000000000002 11.500000000000002 2.5000000000000004 8.5000000000000018 60.000000000000007 84.500000000000014 18.500000000000004 1.5000000000000002 10.500000000000002 0.19330869615077975 4.5000000000000009 37.500000000000007 97.500000000000014 5.5000000000000009 32.500000000000007 1.5000000000000002 7.5000000000000009 20.500000000000004 5.5000000000000009 18.500000000000004 79.500000000000014 45.500000000000007 28.500000000000004 3.5000000000000004 0.81501296162605297 3.5000000000000004 1.5000000000000002 5.5000000000000009 7.5000000000000009 13.500000000000002 0.3184801191091538 60.000000000000007 49.500000000000007 4.5000000000000009 11.500000000000002 100.00000000000001 9.5000000000000018 2.5000000000000004 1.0000000180025095e-35 73.500000000000014 1.5000000000000002 9.5000000000000018 98.500000000000014 18.500000000000004 34.500000000000007 0.663356512784958 31.500000000000004 58.500000000000007 13.500000000000002 19.500000000000004 0.3858207911252976
decision_type=2 2 2 2 2 2 2 2 2 2 2 2 2 2 2 2 2 2 2 2 2 2 2 2 2 2 2 2 2 2 2 2 2 2 2 2 2 2 2 2 2 2 2 2 2 2 2 2 2 2 2 2 2 2 2 2 2 2 2 2 2 2
left_child=2 7 6 4 17 14 -1 13 21 12 -11 23 43 -2 49 -16 -8 -4 -14 20 -20 25 -15 24 -5 -7 -18 41 -9 42 -19 35 -12 -31 -21 44 -35 -38 -34 -40 -41 -13 45 -6 52 -30 -23 48 -46 50 -3 -26 -17 -28 55 -10 -56 58 -58 60 -32 -61
right_child=1 5 3 11 9 8 16 28 54 10 32 27 18 22 15 31 26 30 19 34 -22 46 -24 -25 51 -27 53 -29 29 33 59 -33 38 36 -36 -37 37 -39 39 40 -42 -43 -44 -45 47 -47 -48 -49 -50 -51 -52 -53 -54 -55 56 -57 57 -59 -60 61 -62 -63
leaf_value=-0.059624235582887319 0.051953138893097273 0.043884369652160388 0.025405032363100578 0.064734880480962195 -0.029377161473379584 -0.0045784565710909365 0.036417177538801151 0.029686046544311357 -0.10237100799376152 0.034065239064596728 -0.015989254476995934 -0.089952221350190847 -0.041181994890515834 0.036371001927494061 0.030981715479725461 -0.10779650548497653 -0.042895375300916139 0.052674992267431137 -0.076527642347148817 0.042922980245077319 0.00029058660707258883 -0.00034914032377436366 -0.057119956849136337 0.029995969207260054 0.067068424982711636 -0.033043091482104929 -0.10341389322069323 -0.018224940156502483 0.023447114086823654 0.027904388428293243 -0.11010439923559119 0.039262344453943124 0.057021579339185252 0.031947463276262272 -0.061563666773011783 0.035316308301545599 -0.10873949988416376 -0.00084058700790729825 -0.046830765543805275 0.062281497942448319 -0.027310496170541317 0.029796701665145871 0.053603063135854771 0.039526542671388797 -0.089334740753659173 -0.049360843739500608 -0.020848267057281721 0.0014844119721241084 -0.012010107633204564 0.019546877227000117 -0.11159107137025936 -0.076067544302120246 0.017248318883254711 0.014037662196521975 -0.0007013219714236147 0.033400329610934414 0.0086462425294310287 0.020776789054104787 -0.10257531248758114 -0.063909173281011811 0.070379457839953419 -0.015480792883239178
leaf_weight=64.474290032172576 634.82792383013293 137.27707033813931 93.437468669493683 7.017707243794578 30.889198889723048 120.90396102692466 202.74971176602412 811.60636128287297 5.4660066585056475 38.371931505156681 126.60273582907394 4.434842307586222 375.15497873420827 993.9549494299572 194.06554352887906 3.3159764811862251 25.486610136693344 15.101731519447638 40.991669080685824 5.9582410012371829 65.411308149108663 364.73157810710836 9.7520191082730872 157.87672666064464 2.969306890852752 366.33664709690493 3.6598096969537428 324.68255609867629 401.78074619965628 134.03658684482798 2.6378340818919233 57.963378336746246 6.3025116242934009 58.673782919067889 1454.2967585318838 59.637370500713587 7.7657608101144424 308.9663603277877 516.70837680867407 9.543261092854662 75.942563908873126 52.014785902807489 64.678879140876234 19.554602508083917 14.362928036483934 10.761640494456513 195.33803694299422 722.78775623673573 108.07525093690492 545.42072091670707 2.2512623951770356 19.177220227895305 236.39460751437582 318.55627419764642 747.33205817546695 99.23193246498704 13.392290149815382 226.80852079670876 7.2060722946189335 26.694414614699781 11.850915741641073 162.64869802910835
leaf_count=25621 1930 776 3790 137 8487 13904 4094 10028 351 1868 25381 1685 116067 5154 3022 140 3968 287 19951 1209 7669 48785 218 10720 22 89183 387 64382 5309 3254 129 628 394 1312 618250 1204 299 11822 183151 799 26528 1636 574 2373 832 443 70284 43754 4415 10245 46 3104 4708 27486 100239 3244 582 14014 460 10126 60 26466
internal_value=-6.56943e-05 0.016704 -0.0302312 -0.037123 -0.0437038 0.00437575 0.0106344 0.0318714 -0.00490909 -0.048455 -0.0336603 -0.00147145 -0.054199 0.0418517 0.0139514 0.00902633 0.0188638 -0.00163607 -0.0555376 -0.0589753 -0.0293036 -0.0160967 0.0354626 0.0210133 -0.0276135 -0.0259799 0.00862821 -0.0125058 0.0227776 0.0170949 -0.0131768 0.00548317 -0.0371955 0.00885385 -0.0611373 0.00377253 0.00205197 -0.00348609 -0.0416077 -0.0426399 -0.0173088 0.0203889 0.0258924 -0.00266655 0.00203862 0.0215478 -0.00749871 -0.00178436 -0.0210809 0.0239936 0.0413758 -0.0568765 0.0155185 0.0127036 0.00574811 0.0263121 0.00358371 0.0165274 -0.0302632 -0.0180557 0.0375204 -0.0223084
internal_weight=11926.3 7665.1 4261.2 3646.27 3078.1 4228.3 614.927 3436.81 2146.75 2765.73 773.471 568.173 1992.26 1638.53 2081.55 1396.6 550.452 312.371 1941.81 1566.66 106.403 1047.31 1003.71 187.041 29.1642 487.241 347.703 381.132 1798.27 986.664 218.934 1202.54 735.099 509.442 1460.25 1144.57 375.406 316.732 608.497 602.194 85.4858 56.4496 477.221 50.4438 1084.94 412.542 560.07 845.226 122.438 684.949 139.528 22.1465 239.711 322.216 1099.44 104.698 994.739 247.407 20.5984 203.832 14.4887 189.343
internal_count=1647386 451159 1196227 1134671 1052985 410816 61556 40343 341046 1012127 238121 81686 774006 7302 69770 58703 35935 40858 763146 647079 27620 222156 5372 13983 3263 103087 31841 67703 33041 23013 37068 55681 236253 16687 619459 55053 13433 12121 210872 210478 27327 3321 6326 10860 53849 5752 119069 49001 5247 11067 822 3126 4848 27873 118890 3595 115295 15056 1042 36781 189 36592
is_linear=0
shrinkage=0.05


Tree=7
num_leaves=63
num_cat=0
split_feature=27 27 25 28 4 4 4 28 23 18 25 2 28 14 12 12 25 4 23 11 0 6 25 8 8 25 0 2 18 14 0 28 28 8 2 5 6 11 11 21 19 8 6 11 14 11 28 8 0 23 18 8 5 28 4 23 27 14 8 6 21 6
split_gain=2531.26 476.579 337.678 333.326 414.231 138.346 119.286 117.505 63.7261 55.3902 55.2179 49.2916 44.2056 45.1864 42.761 39.3729 34.198 33.5976 33.519 35.8251 32.5378 32.4923 32.1253 31.3796 51.9095 50.2578 49.7177 30.6558 29.8836 29.8753 29.1652 28.6038 27.2465 26.7978 28.1395 26.2871 25.8314 25.3263 25.2498 29.7003 24.2572 24.1656 27.0375 24.0061 42.655 29.1503 23.7759 23.5919 22.8886 22.6561 22.3597 21.515 26.1477 21.2592 20.8258 21.0566 20.409 19.096 18.9422 22.1062 28.3384 19.4074
threshold=3.5000000000000004 6.5000000000000009 4.0580132007598886 0.53301513195037853 34.500000000000007 2.5000000000000004 7.5000000000000009 0.3858207911252976 1.5000000000000002 13.500000000000002 5.5015194416046151 29.500000000000004 0.53613659739494335 18.500000000000004 8.5000000000000018 12.500000000000002 8.7831611633300799 25.500000000000004 1.5000000000000002 0.016261236742138866 71.500000000000014 18.500000000000004 16.834739685058597 3.5000000000000004 17.500000000000004 7.3838927745819101 31.500000000000004 100.00000000000001 2.5000000000000004 18.500000000000004 96.500000000000014 0.27233926951885229 0.63561701774597179 2.5000000000000004 2.5000000000000004 0.011428944766521456 48.500000000000007 0.014185110572725536 0.015504807699471714 0.015749008394777778 0.014389234129339458 26.500000000000004 2.5000000000000004 0.013793759513646366 7.5000000000000009 0.014185110572725536 0.6146826744079591 32.500000000000007 35.500000000000007 2.5000000000000004 9.5000000000000018 28.500000000000004 0.015504807699471714 0.35507519543170935 1.0000000180025095e-35 3.5000000000000004 1.5000000000000002 18.500000000000004 56.500000000000007 7.5000000000000009 0.014185110572725536 16.500000000000004
decision_type=2 2 2 2 2 2 2 2 2 2 2 2 2 2 2 2 2 2 2 2 2 2 2 2 2 2 2 2 2 2 2 2 2 2 2 2 2 2 2 2 2 2 2 2 2 2 2 2 2 2 2 2 2 2 2 2 2 2 2 2 2 2
left_child=2 6 3 4 8 28 33 14 20 -9 12 15 13 18 31 41 23 -15 19 -8 -1 49 46 -13 26 43 35 -10 -3 -5 -12 -6 -31 -2 -35 -25 -32 -20 39 50 -39 -7 -43 -26 51 -46 -4 56 -48 -19 -38 52 -45 -33 55 -36 -11 -49 61 -60 -61 -17
right_child=1 5 22 29 7 11 10 9 27 47 30 16 -14 17 -16 58 -18 21 37 -21 -22 -23 -24 24 25 -27 -28 -29 -30 32 36 53 -34 34 54 -37 38 40 -40 -41 -42 42 -44 44 45 -47 48 57 -50 -51 -52 -53 -54 -55 -56 -57 -58 -59 59 60 -62 -63
leaf_value=-0.066961338216064023 0.033814669820937282 0.050825764889686702 0.010768873908482782 0.041901803307260115 -0.075472611885479934 0.033188234667219998 -0.073378170442013474 0.026286583193676077 -0.049406520182978801 -0.062508736546829841 0.034165510079736131 0.039988725429507585 -0.00073197337834136954 -0.0026614831712725175 -0.064442451860237934 0.011913126732925893 0.026107953835551569 -0.054132238245184407 0.034286544804947937 0.045928157538498104 0.038888408079504971 -0.043764637207379678 0.045508983365372804 0.031323825150502964 0.020854990339807863 -0.10355591534072275 -0.10487385048569837 0.0013012717449619844 0.035349581190714394 -0.013961003952697655 0.02040411228589057 0.031161498187549399 0.011394032720738132 -0.0038999902844459111 0.067846465148419396 -0.10643775614507014 -0.10686349928740016 -0.097399432369851671 0.029344513708596465 -0.10969123455394483 0.0018686962633462326 -0.11126041227441524 0.017526469174254412 -0.1083843845219255 -0.0024828573684692215 -0.10241657126463724 0.055652685752131906 -0.0044517970862675933 -0.085888196377776546 0.025281588055191019 -0.0054551951127756251 0.013335387369961638 0.075967582578131437 -0.10189282815867598 0.016106658534472591 0.0073913425901712309 -0.0046051634344048227 -0.044975049603065143 0.038589384701924211 -0.089964144693124026 0.030798828099130884 0.028733450195022249
leaf_weight=7.6392763447947791 235.0604777012486 575.51925103319809 282.27849016943946 28.479919674806297 12.502293492667375 1299.3236564199906 24.531357095576823 29.85223734122701 40.045954604400322 19.550497499876656 141.61385105061345 46.579509341623634 1677.2290356634185 103.35309853940271 1078.9128064982069 448.80793859704863 215.19406175799668 12.491504302481188 72.634291701833718 8.4628487806767208 146.30584378435742 228.04172852169722 68.030027959262952 16.199441825971011 156.35305155930109 10.586953177815301 23.176773048005998 116.56382380588911 681.02572418609634 709.64230376470368 110.50436538411304 25.089247198542584 124.55175864929333 162.498595678946 41.448906486388296 4.404245455749332 6.1453473013825706 6.6884755829814813 22.542686527594924 10.361507802270351 77.019970514113083 4.156530544627457 208.6236023940146 7.7239823155105096 12.56508149020374 17.405778763117269 3.7450399640947554 29.709367919713259 12.035172997508198 31.959254694404081 47.075435743900016 103.861026361119 2.5612456146627665 3.4101842418313018 417.08915823127609 22.073938735062256 68.666326638776809 1354.865012335591 10.572071679867802 14.502282044850292 7.3048237925395361 277.53832038561814
leaf_count=2167 2606 1640 23261 2608 6284 11370 8029 3538 11539 10825 4230 499 143443 10471 488471 7432 3416 2096 4120 397 4320 46632 990 339 5417 602 1471 16773 4176 193558 3449 1722 28159 3925 224 236 636 1624 425 637 5591 127 2917 419 519 1267 58 7548 851 3461 2015 2361 5 565 13721 728 15962 519062 118 849 108 5377
internal_value=-7.2497e-06 0.0171523 -0.0313539 -0.0357769 -0.0438124 0.0285891 0.00344995 -0.0502784 0.0107911 -0.0411415 -0.00196663 0.0225625 -0.00480718 -0.0169007 -0.0625378 0.0259667 0.0100257 -0.0269351 0.00301826 -0.0427767 0.0336358 -0.0361418 0.0145062 0.0014042 -0.00366079 0.00351383 -0.0546359 -0.011665 0.0424379 -0.00845605 0.016865 -0.0124199 -0.0101753 0.0193675 0.014087 0.0018759 0.00440505 0.0126827 -0.0161229 -0.032243 -0.00606303 0.0306303 0.0150107 0.00728639 -0.00743422 -0.06052 0.00742996 -0.0425082 -0.052297 0.0029648 -0.0171647 0.00650428 -0.0624767 0.0152405 0.0201685 0.0468385 -0.0174377 -0.0441055 0.0166722 -0.0207459 -0.0495116 0.0183402
internal_weight=11764.7 7602.81 4161.88 3795.79 2933.11 4143.99 3458.83 2622.56 310.555 1502.64 2580.65 2887.44 2242.41 565.183 1119.91 2270.83 616.611 375.846 189.337 32.9942 153.945 272.492 366.089 401.417 354.838 311.057 43.7805 156.61 1256.54 862.674 338.243 41.0017 834.194 878.171 643.111 20.6037 196.629 156.343 86.125 63.5823 83.7084 1512.1 212.78 300.47 144.117 29.9709 298.059 1472.79 15.7802 44.4508 53.2208 114.146 10.2852 28.4994 480.612 63.5228 88.2168 1384.57 758.725 32.3792 21.8071 726.346
internal_count=1647386 309125 1338261 1313101 1088776 50665 258460 1053977 34799 556935 237256 44849 225864 82421 497042 28298 16551 62660 19761 8426 6487 52189 25160 13135 12636 10590 2046 28312 5816 224325 11392 8571 221717 21204 18598 575 7162 11335 3713 3288 7215 14414 3044 9988 4571 1786 24170 553397 909 5557 2651 2785 424 2287 14673 952 26787 526610 13884 1075 957 12809
is_linear=0
shrinkage=0.05


Tree=8
num_leaves=63
num_cat=0
split_feature=27 27 22 5 28 16 16 28 25 22 5 12 25 16 22 18 5 25 25 28 14 12 20 14 28 5 20 8 2 28 28 14 8 16 28 0 16 5 28 28 23 22 23 8 28 22 22 5 2 16 8 2 18 12 8 12 0 5 22 20 18 22
split_gain=2322.83 457.566 355.378 183.214 205.793 124.212 122.935 106.595 104.222 95.9493 95.5757 66.3402 62.7937 57.252 52.7026 44.6137 39.845 39.4693 37.4712 36.6309 50.5971 60.5975 44.7096 34.2401 34.6148 33.1227 32.8076 29.2689 29.1174 28.2931 28.0703 27.013 25.5679 25.2035 24.7646 23.5602 22.8182 22.5732 24.364 22.5035 22.3884 22.0288 22.0091 21.9472 21.9385 21.9133 34.704 39.7005 24.7794 23.6347 23.7977 21.2565 21.2137 21.025 22.4824 20.9989 25.5141 24.3779 20.8798 20.8358 20.71 20.4012
threshold=3.5000000000000004 6.5000000000000009 53.500000000000007 0.013245614245533945 0.49355836212635046 3.5000000000000004 4.5000000000000009 0.43425968289375311 5.5015194416046151 58.500000000000007 0.0098524559289217013 8.5000000000000018 5.200538396835328 11.500000000000002 80.500000000000014 3.5000000000000004 0.015749008394777778 5.4337022304534921 17.284878730773929 0.62906339764595043 18.500000000000004 15.500000000000002 2.5000000000000004 5.5000000000000009 0.5512676239013673 0.0087337908335030096 11.500000000000002 2.5000000000000004 15.500000000000002 0.33785387873649603 0.52231472730636608 18.500000000000004 7.5000000000000009 78.500000000000014 0.41983839869499212 23.500000000000004 9.5000000000000018 0.015038444194942715 0.58608108758926403 0.27233926951885229 7.5000000000000009 64.500000000000014 3.5000000000000004 4.5000000000000009 0.81501296162605297 22.500000000000004 43.500000000000007 0.014599318150430919 96.500000000000014 6.5000000000000009 27.500000000000004 95.500000000000014 8.5000000000000018 60.000000000000007 30.500000000000004 2.5000000000000004 12.500000000000002 0.0084389690309762972 6.5000000000000009 13.500000000000002 1.0000000180025095e-35 76.500000000000014
decision_type=2 2 2 2 2 2 2 2 2 2 2 2 2 2 2 2 2 2 2 2 2 2 2 2 2 2 2 2 2 2 2 2 2 2 2 2 2 2 2 2 2 2 2 2 2 2 2 2 2 2 2 2 2 2 2 2 2 2 2 2 2 2
left_child=2 5 3 4 8 -2 15 10 11 19 12 39 35 -13 18 -3 17 30 37 20 25 -22 -23 -6 53 -7 31 40 -5 -15 32 -8 -11 -34 41 61 -19 38 43 -1 -28 -12 -26 -9 -42 48 47 -47 -24 50 -48 -40 -21 -25 -55 59 57 -57 -41 -29 -58 -4
right_child=1 6 7 28 23 9 26 14 -10 16 34 13 -14 29 -16 -17 -18 36 -20 52 21 22 45 24 42 -27 27 55 -30 -31 -32 -33 33 -35 -36 -37 -38 -39 51 58 44 -43 -44 -45 -46 46 49 -49 -50 -51 -52 -53 -54 54 -56 56 60 -59 -60 -61 -62 -63
leaf_value=-0.072539126118505548 0.024581511051177996 0.045226284733046969 -0.058530511094415962 -0.091457119108230678 0.054893556113902786 -0.0034413748839586208 0.036579558289448831 0.066367879139849387 0.010107176783223133 0.043693702915567893 -0.024225529284994399 0.0064766662863192581 -0.0024381956873878842 -0.066829410826517902 0.031582112956293103 0.029568686228825691 0.045688802101794934 -0.10476350054167699 0.053799268516686538 0.054945031767926471 0.03860982466778827 0.046716550423347457 -0.016134089509765775 0.038397715761958308 -0.030709755688280223 0.037403715530145501 0.035498059335357109 -0.10594621801478743 0.020049932937855206 -0.05321371145393794 0.0069883144404636905 0.014570384742564033 -0.077860491936622075 -0.013709484590937139 -0.10340551861740477 -0.052144932325841831 0.029624982082642838 0.032565638413090604 -0.013774909043430148 -0.10859625119128008 -0.11146447188771068 0.04378522964639342 -0.0058303578332284346 -0.015181735902855513 0.064395459391776863 -0.034114430768520707 0.052003072871244921 -0.097337606902137067 0.033538837780974655 -0.019780614539308138 -0.10182537272960057 0.0235435922311262 -0.00022883729601669251 0.0079931442438609043 -0.03966248546501381 -0.10361372899727711 -0.07109415868033396 0.02171602324760994 0.027941349199683559 0.025787652556078056 0.0054365562178875469 0.051585245364851207
leaf_weight=8.3140538433799502 558.5612191274995 917.26060717296787 7.0056891643907901 6.1211345535702995 14.028885989915578 206.54310642159544 440.73550012789201 8.4033333694096637 63.626774429343641 11.23170102201402 14.966755973233374 35.148033438716084 97.210495943203568 588.63383087655529 129.17439705855213 902.63182424707338 86.011293186806142 3.2066668821498743 27.641168616246432 17.782877559307963 44.699075282551348 23.664633220992982 221.07916232116986 9.6443225655239058 130.31848832010292 65.335760530084372 227.52728725143243 3.0292465239763251 134.38484733819496 1084.4789264719002 420.62041246029548 203.9166524799075 24.638177087646909 40.442442547646351 3.659359941026195 283.26252659130841 210.77578197722323 36.543202047236264 62.707724540145136 3.0257017556577912 5.1151283546350887 58.225958891911432 279.63506787875667 453.3930050941417 2.7145773111842573 288.49047884601168 20.268869360908869 27.168801011983305 28.323317016009241 263.78940181987127 2.8702414659783235 97.465968303149566 857.6661570428987 26.596772463293746 356.19018325651996 3.9194527096115044 8.9560087532736343 385.09473743091803 37.541199192870408 329.14180104981642 682.0290294806473 10.526392257772384
leaf_count=4404 9509 3030 3546 2246 498 19247 4251 454 5249 357 2200 6686 9993 280413 6625 6171 996 213 252 430 2379 524 29526 1208 37456 1676 2039 105 9175 469999 23175 3598 4007 6439 492 123586 5274 656 12174 428 197 1561 85850 108447 10 50889 333 3070 3008 34243 425 15672 62740 6404 139599 270 384 6185 2158 3803 20622 830
internal_value=7.91971e-05 0.0165163 -0.0303686 -0.0404406 -0.0434047 0.00301228 0.027758 -0.00868421 -0.0527575 -0.00119344 -0.0275163 -0.0550339 -0.0373733 -0.0566773 0.00228381 0.0374604 0.0135463 0.00965753 -0.00323185 -0.00687445 -0.0125772 -0.0181756 -0.0210743 -0.0225459 -0.0238999 0.00637419 0.0200548 0.016313 0.0151921 -0.058004 0.00192661 0.0296176 -0.0259726 -0.0379957 0.0235317 -0.0486636 0.0276111 -0.00562574 -0.00786963 0.00239925 0.0326373 0.0298781 -0.0137392 -0.0136978 -0.0504934 -0.0229572 -0.028116 -0.0395561 -0.010493 -0.0155305 0.0329218 0.00893346 0.000891902 -0.0345143 -0.0363513 0.0135923 0.0102109 0.0204533 0.0177576 0.0245863 0.00444462 0.00758381
internal_weight=11603.1 7535.24 4067.87 2777.69 2637.18 3423.17 4112.07 1290.19 1820.77 2864.61 474.857 1757.14 398.005 1708.26 815.329 1819.89 796.926 710.915 686.154 2067.68 1192.23 920.354 875.655 816.414 802.385 271.879 2292.18 1647.53 140.506 1673.11 496.933 644.652 76.3123 65.0806 76.8521 300.795 213.982 658.513 621.97 48.881 235.357 73.1927 409.954 461.796 7.82971 851.99 602.588 315.659 249.402 286.929 23.1391 160.174 875.449 392.431 382.787 1412.17 1080 389.014 40.5669 332.171 690.985 17.5321
internal_count=1647386 309125 1338261 1051773 1040352 258460 50665 286488 769337 248951 142208 764088 137955 757098 144280 9201 40461 39465 137655 208490 145320 124397 122018 271015 270517 20923 41464 33615 11421 750412 33978 7849 10803 10446 4253 127962 5487 137403 136747 6990 2246 3761 123306 108901 207 121494 88960 53959 32534 35001 758 27846 63170 147211 146003 31369 27461 6455 2586 3908 21006 4376
is_linear=0
shrinkage=0.05


Tree=9
num_leaves=63
num_cat=0
split_feature=27 27 22 5 28 17 5 28 5 12 22 17 19 21 17 28 19 17 21 12 17 19 22 28 28 19 0 28 14 22 22 6 5 23 5 23 10 19 22 10 22 9 21 28 22 28 21 2 19 2 23 28 22 0 0 23 2 14 17 13 27 22
split_gain=2182.5 394.752 329.335 172.293 193.396 106.599 102.77 88.9454 89.4297 78.7037 59.7482 51.8488 44.4822 39.313 41.7995 40.566 43.8167 35.345 33.4633 33.1691 33.166 32.6667 31.6411 30.5563 30.4756 30.2525 26.372 26.0808 25.5222 24.8066 24.2533 23.5152 32.5019 22.5692 28.5557 22.5679 21.8884 22.5621 21.676 21.6271 21.3226 21.162 20.6248 21.1352 20.2518 20.1715 20.5859 20.0515 20.0076 19.98 19.8311 19.404 18.9791 18.9474 21.7255 18.9245 18.89 18.5936 22.136 23.2546 27.8974 22.6269
threshold=3.5000000000000004 6.5000000000000009 53.500000000000007 0.013606071937829258 0.48669332265853887 0.014815627597272398 0.014389234129339458 0.43425968289375311 0.0098524559289217013 10.500000000000002 74.500000000000014 0.012121656909585001 0.015749008394777778 0.012739370577037336 0.011561079882085325 0.52383339405059826 0.013986697886139156 0.0098524559289217013 0.013423423748463394 4.5000000000000009 0.0088107436895370501 1.0000000180025095e-35 72.500000000000014 0.56761804223060619 0.27233926951885229 1.0000000180025095e-35 16.500000000000004 0.3820351511240006 2.5000000000000004 80.500000000000014 45.500000000000007 7.5000000000000009 0.016261236742138866 2.5000000000000004 0.012422839645296337 4.5000000000000009 10.500000000000002 0.015038444194942715 80.500000000000014 17.500000000000004 76.500000000000014 0.013245614245533945 0.015504807699471714 0.19330869615077975 6.5000000000000009 0.3184801191091538 0.013423423748463394 6.5000000000000009 0.013423423748463394 2.5000000000000004 1.5000000000000002 0.25554040074348455 72.500000000000014 100.00000000000001 9.5000000000000018 7.5000000000000009 74.500000000000014 14.500000000000002 0.0063092110212892303 0.013606071937829258 7.5000000000000009 76.500000000000014
decision_type=2 2 2 2 2 2 2 2 2 2 2 2 2 2 2 2 2 2 2 2 2 2 2 2 2 2 2 2 2 2 2 2 2 2 2 2 2 2 2 2 2 2 2 2 2 2 2 2 2 2 2 2 2 2 2 2 2 2 2 2 2 2
left_child=2 6 3 4 9 19 10 8 18 24 13 42 56 14 15 16 28 33 22 36 21 23 -4 -6 -1 30 -21 -18 -2 57 -17 -8 38 34 -9 47 37 55 40 -26 -33 -25 45 -44 -41 -11 48 -12 -47 -14 -36 -24 -16 54 -5 -3 -7 58 59 60 -28 -61
right_child=1 5 7 53 20 12 31 17 -10 11 35 -13 49 -15 52 25 27 -19 -20 26 -22 -23 51 41 39 -27 29 -29 -30 -31 -32 32 -34 -35 50 -37 -38 -39 -40 44 -42 -43 43 -45 -46 46 -48 -49 -50 -51 -52 -53 -54 -55 -56 -57 -58 -59 -60 61 -62 -63
leaf_value=-0.072338311487353243 0.052692794037129023 3.0721337766033336e-05 -0.054079413060466854 0.015825946508253211 -0.037362769098176478 0.028460062725167597 0.026414644667196771 -0.02831958036792924 0.02325765529517583 -0.065295999553901973 -0.10988410184222078 -0.011958083005505887 0.048672635921162444 0.01593695033150077 0.0034680351235941761 -0.017568609492780014 -0.03496782462630596 0.025291899301716759 -0.0073536663062294064 0.021854292803734993 -0.001613886169470698 0.024156875176465264 -0.069066412464606486 -0.018131750989524398 -0.096086766273948007 0.020354283870604867 -0.10333143008931356 0.016482700119876622 -0.041999598265930513 -0.10460359850992368 -0.00047115491526184775 0.0022648240850667032 0.036575369781623478 0.0018561558194285681 0.0469649519345769 -0.003759667646609371 0.040925818681530723 0.025166573739688419 0.049498966573746653 -0.10997319223549239 -0.11255889022386317 0.0596915283477428 -0.069756100976247223 0.0032405414402610572 0.033874810983157394 -0.054452169127920391 0.0052133582366218579 0.03692784955375366 0.012337637032147894 0.033311584854983159 -0.10257002180739849 -0.0090673599139955239 -0.10345429567268266 0.02421897369530519 -0.092890092432241236 -0.11162482328340895 -0.10832210733175598 -0.0014404339962255572 0.018055480150701755 -0.10529985360351493 0.047495690688646196 0.077503085990966655
leaf_weight=11.382758790045044 7.3494551982730618 55.092393402475864 212.30611087451689 10.916860039113091 443.15148086450063 1214.022082801559 424.61366821383126 137.06022774102166 76.794208575447556 473.57661044038832 2.3639910062775007 70.621183457551524 557.75564725860022 219.94765227590688 764.46597381762695 439.60149068466853 37.014335982617922 129.63437630957924 81.737179349991493 524.14586253464222 151.68175781145692 29.487818281864747 16.262326297000982 229.54197983676568 3.8775559838395557 94.480546664679423 4.0134432427585187 73.62263226439245 223.89630998720531 4.9337514964863649 392.71521736984141 366.05018404941075 95.11164568294771 521.95886114891618 21.099783267127354 52.148385129636154 198.72513196058571 453.76582856173627 24.563909184187651 2.5794485132209948 4.0882733082398763 9.0808823346160334 15.13489166239742 28.757499972707592 47.57446824782528 1061.3516124791931 15.011785097885875 143.80618410999887 11.332513527944682 341.17238407349214 2.4775203710887572 78.63299355620984 4.1729395985603324 112.6823557773605 7.9360000642482182 4.075665599666535 2.5294030238874248 306.23318441829178 383.0294024386676 10.951743940357117 12.984402590896932 2.0022588595747939
leaf_count=5902 257 1052 100042 1066 176323 9024 6854 27837 4253 231134 156 15465 1367 6509 45782 68757 7452 11282 11995 9054 33349 2323 7406 80270 795 5340 390 4067 50489 247 38432 15224 1523 104418 355 3385 1986 4922 179 513 166 1314 7802 2250 2278 477224 2258 3520 3210 1653 388 18512 368 5758 2539 124 128 10602 9012 829 263 12
internal_value=0.000134013 0.0161553 -0.029586 -0.0393751 -0.0421952 0.0266245 0.00349455 -0.00863068 -0.0260505 -0.0517876 -0.00183371 -0.0538879 0.0344081 -0.00414548 -0.00631357 -0.0118881 -0.0266088 0.00135784 -0.0357862 0.0182233 -0.0228402 -0.0273668 -0.0433512 -0.0295953 0.0020166 -0.00645787 0.0133121 -0.000730416 -0.0389901 0.00712911 -0.00950145 0.017803 0.0103376 -0.00318756 -0.0195761 0.0244789 0.0268379 0.0213799 0.00401507 0.0176809 0.000996567 -0.0151702 -0.0557326 -0.02193 0.0264766 -0.0566829 -0.0529328 0.0345535 -0.0537466 0.0428426 0.0312517 -0.0193495 0.00288755 0.0164568 -0.0299374 -0.00766043 0.0281757 0.00789559 0.0148184 -0.0265776 0.0118832 -0.0770446
internal_weight=11459.1 7445.45 4013.64 2735.68 2604.14 4075.43 3370.01 1277.96 465.733 1741.2 2455.59 1675.79 2115.48 2257.27 2037.32 1268.68 341.883 812.231 388.939 1959.95 862.944 711.262 307.201 681.774 65.4142 926.797 1248.29 110.637 231.246 724.148 832.317 914.428 489.814 682.596 160.638 198.319 711.659 512.934 394.702 54.0315 370.138 238.623 1605.16 43.8924 50.1539 1561.27 1087.7 146.17 1072.68 898.928 23.5773 94.8953 768.639 131.535 18.8529 59.1681 1216.55 719.214 412.981 29.9518 16.9978 12.954
internal_count=1647386 309125 1338261 1051773 1042410 50665 258460 286488 142208 748831 234514 739343 12172 227453 220944 174794 62265 144280 137955 38493 293579 260230 125960 257907 9488 112529 30409 11519 50746 21355 107189 23946 17092 132998 28580 7061 8084 6098 15569 3586 15390 81584 723878 10052 2791 713826 482692 3676 480434 3020 743 25918 46150 9363 3605 1176 9152 21108 10506 1494 653 841
is_linear=0
shrinkage=0.05


Tree=10
num_leaves=63
num_cat=0
split_feature=4 28 18 22 18 28 12 20 4 28 28 16 8 22 16 14 22 6 4 12 23 1 22 23 20 12 14 16 4 22 14 28 4 16 22 6 8 2 18 1 6 23 2 22 22 1 22 22 22 18 23 22 2 22 6 1 23 28 10 14 8 28
split_gain=1854.45 749.356 348.124 190.633 168.956 99.6268 98.8545 86.7527 84.3332 67.369 60.8145 52.324 48.234 51.4185 43.0662 40.7984 44.1883 39.942 38.5466 39.759 42.2369 33.7172 30.5085 33.6919 29.4274 28.6877 27.6567 27.3529 33.1828 35.406 26.9466 26.2259 24.336 29.7601 25.9354 23.0064 22.6843 28.7364 22.6051 22.3641 22.2535 25.654 34.1826 23.0898 21.4246 20.8351 20.0483 19.9382 19.9217 19.8137 19.7457 19.3693 26.731 23.0361 19.1839 18.1139 17.9809 17.9549 19.146 36.8853 17.7426 17.3849
threshold=21.500000000000004 0.53301513195037853 16.500000000000004 66.500000000000014 7.5000000000000009 0.41693064570426946 60.000000000000007 11.500000000000002 2.5000000000000004 0.19330869615077975 0.62906339764595043 44.500000000000007 19.500000000000004 45.500000000000007 2.5000000000000004 16.500000000000004 70.500000000000014 8.5000000000000018 33.500000000000007 8.5000000000000018 4.5000000000000009 0.012270400300621988 69.500000000000014 2.5000000000000004 10.500000000000002 60.000000000000007 7.5000000000000009 87.500000000000014 100.00000000000001 3.5000000000000004 1.5000000000000002 0.25554040074348455 10.500000000000002 5.5000000000000009 4.5000000000000009 25.500000000000004 57.500000000000007 6.5000000000000009 60.000000000000007 0.0085107926279306429 4.5000000000000009 2.5000000000000004 2.5000000000000004 29.500000000000004 68.500000000000014 0.0066890381276607522 70.500000000000014 69.500000000000014 32.500000000000007 5.5000000000000009 3.5000000000000004 73.500000000000014 38.500000000000007 86.500000000000014 19.500000000000004 0.016001024283468727 5.5000000000000009 0.40793642401695257 16.500000000000004 1.5000000000000002 2.5000000000000004 0.4880995005369187
decision_type=2 2 2 2 2 2 2 2 2 2 2 2 2 2 2 2 2 2 2 2 2 2 2 2 2 2 2 2 2 2 2 2 2 2 2 2 2 2 2 2 2 2 2 2 2 2 2 2 2 2 2 2 2 2 2 2 2 2 2 2 2 2
left_child=4 2 9 5 14 18 -3 54 40 -2 15 26 21 17 30 -8 24 -14 -4 20 -20 32 23 -12 48 56 -9 28 29 -26 -1 -5 34 -34 -10 -18 -19 -38 -27 -30 -6 42 -42 -43 -25 -37 47 -16 -17 -29 55 60 -53 -54 -7 -15 -13 -45 59 -59 -33 -23
right_child=1 6 3 31 8 7 10 11 12 -11 22 25 13 50 46 16 35 36 19 -21 -22 61 -24 44 27 38 -28 49 39 -31 -32 51 33 -35 -36 45 37 -39 -40 -41 41 43 -44 57 -46 -47 -48 -49 -50 -51 -52 52 53 -55 -56 -57 -58 58 -60 -61 -62 -63
leaf_value=0.051777048147900073 -0.054460882024972124 0.015817219744201957 9.8732450579883547e-05 -0.052214255747832228 0.035542848579012652 -0.11057283532114409 0.018751334735460756 0.065813778613544427 -0.045608323684112571 0.014634815483749598 -0.019881441756093229 0.024145334270474363 -0.064702651853133425 0.023657255736077173 0.026402058926137829 -0.11376889640590769 -0.074207505612774477 0.0051991191322446079 -0.083751380264853015 -0.057521563841754234 0.030689561424994329 -0.057617269118588256 0.030468857966561975 0.0077025211369616056 0.012904364398606 0.043634267822002054 -0.02002214701809843 0.07200382476555954 0.0069844964577746478 -0.031556368815035901 0.034482052779521537 0.07044890683444327 -0.073502646375942629 -0.0032066716425740941 0.019505034296948647 -0.0071065589064677444 -0.10026964496241031 -0.014845902658982342 -0.044932596119481485 -0.048433527744984335 -0.0045185020933896187 0.029748769015823563 0.047074303376378697 -0.11523093007076615 -0.10198008523112195 0.029326593348040938 0.052632926954632092 -0.11344644822086834 0.026538500390081605 -0.02999852657287921 0.002417171155362878 -0.096441584166232219 0.0090705534394141651 -0.063401354375628174 0.02615369565300811 -0.10799952340441542 -0.069625041142149305 0.056090090578661704 0.0069075654482443618 -0.11028618969406206 -0.022863083844729959 0.023859280722386151
leaf_weight=452.70827457634732 38.717156558996066 813.04338046791963 31.482618382782675 32.205239329836331 508.16480909404345 2.6724269916303447 102.59203702281229 9.7993762812111509 16.514809367014095 397.09272612608038 143.31877533206716 24.526184144429866 32.819164813961834 246.46685504604829 912.16109693876933 2.6705922239925703 7.7979735634289673 183.66261113714427 11.746707767015321 1193.7147008856409 25.706411731080152 6.6039645040873429 107.23353906953707 636.41745874751359 55.08804417680949 7.2586766002932555 221.55770148045849 4.8119563357904545 208.78627473418601 239.25141719845124 448.18731632689014 5.2800494632683685 17.275694993557408 117.18835795251653 206.71277125622146 68.585191232152283 10.471795925404875 164.47311567747965 965.49707706947811 19.943983402103186 41.975831734016538 98.517580797779374 136.5189114138484 3.3527430710382751 4.4835965526290229 91.717519756639376 76.646902166772634 2.5557941598817697 48.025000625755638 448.35982038639486 252.32191436027642 6.5741995384450993 236.3860376921948 11.498412817483766 64.116853840881959 2.6405486832372835 6.4586175200529388 5.0902468077838412 152.02896551368758 9.6402664314955455 144.77796624251641 759.8075107911136
leaf_count=920 17854 21628 6618 13909 3663 259 4961 154 805 31363 14982 3223 2649 8489 8418 285 832 10581 4261 560049 2719 516 4548 66826 5743 1100 47057 177 38018 35239 1841 131 789 6332 5022 7474 2020 23384 410793 3987 929 1818 1293 212 650 4724 448 69 1579 150411 14158 1296 28357 2264 2606 222 2044 11 4081 279 37063 13747
internal_value=0.000281226 -0.0173211 -0.0332622 -0.039326 0.0235816 -0.0445261 0.000929508 -0.0348208 0.0161466 0.00849638 -0.00459991 -0.0378223 0.0103503 0.00167451 0.0352602 -0.0115073 -0.014105 -0.0119061 -0.054533 -0.05593 -0.00520342 0.0172414 0.00545478 0.00203438 -0.017995 -0.0427631 -0.0163865 -0.0199237 -0.0121336 -0.0232352 0.0431729 -0.00878948 0.00456576 -0.0122382 0.0146878 0.00965903 -0.00707423 -0.0199592 -0.0442717 0.00215236 0.0283845 0.0202489 0.0349414 0.0104862 0.00693521 0.0137387 0.0280696 0.0260113 0.0191472 -0.0289154 0.0122758 -0.00533226 0.0030697 0.00570886 0.0206829 0.0222617 0.0045994 -0.000669355 0.00163394 -0.0527935 -0.0195797 0.0231572
internal_weight=11303.7 6439.2 3437.07 3001.26 4864.51 2564.54 3002.13 1301.89 2972.25 435.81 2189.08 1235.1 2016.96 892.856 1892.26 1297.63 1195.04 391.427 1262.65 1231.17 37.4531 1124.1 891.453 784.22 1026.94 1003.74 231.357 976.241 523.07 294.339 900.896 436.722 357.692 134.464 223.228 168.101 358.608 174.945 972.756 228.73 955.289 447.125 178.495 268.63 640.901 160.303 991.364 914.717 50.6956 453.172 501.429 404.517 254.459 247.884 66.7893 249.107 30.9848 170.112 166.759 14.7305 150.058 766.411
internal_count=1647880 1535184 1173120 1123903 112696 1040883 362064 467236 101000 49217 340436 464371 88714 61503 11696 253430 248469 38634 573647 567029 6980 27211 87006 82458 235439 417160 47211 233575 82987 40982 2761 83020 12948 7121 5827 13030 35985 25404 411893 42005 12286 8623 2222 6401 67476 12198 8935 8487 1864 150588 22869 69111 31917 30621 2865 8711 5267 4583 4371 290 37194 14263
is_linear=0
shrinkage=0.05


Tree=11
num_leaves=63
num_cat=0
split_feature=27 25 28 4 4 12 22 20 18 28 12 23 16 28 14 28 16 0 22 22 6 16 16 16 0 25 16 22 14 22 18 16 10 3 16 20 25 20 12 22 28 28 28 20 8 25 25 8 25 9 28 27 22 12 25 28 8 28 28 23 22 8
split_gain=1908.46 317.683 302.994 324.683 274.961 121.553 104.682 95.0149 81.7735 73.9959 73.5799 55.4403 45.8067 45.2569 71.5985 41.0721 35.5888 34.1164 32.2428 31.409 31.5869 29.3206 28.4011 28.0376 65.908 27.8432 26.8924 25.8519 26.0869 24.9287 26.7157 24.1834 23.856 27.5182 23.8448 21.946 21.8582 28.1796 47.4494 21.8347 21.7678 21.3869 21.2902 21.1767 21.1602 23.1391 21.6172 31.1224 27.8724 34.456 20.9936 20.4101 19.6942 18.9724 18.8787 18.5935 18.2866 33.1713 21.8229 18.006 17.7817 28.4792
threshold=4.5000000000000009 3.49730396270752 0.52987733483314525 34.500000000000007 9.5000000000000018 8.5000000000000018 76.500000000000014 60.000000000000007 1.5000000000000002 0.41837534308433538 13.500000000000002 1.5000000000000002 70.500000000000014 0.63561701774597179 6.5000000000000009 0.25554040074348455 4.5000000000000009 5.5000000000000009 61.500000000000007 78.500000000000014 2.5000000000000004 5.5000000000000009 97.500000000000014 9.5000000000000018 18.500000000000004 17.284878730773929 24.500000000000004 38.500000000000007 15.500000000000002 75.500000000000014 18.500000000000004 11.500000000000002 15.500000000000002 0.009756329935044052 63.500000000000007 10.500000000000002 22.703995704650882 1.5000000000000002 15.500000000000002 63.500000000000007 0.63561701774597179 0.67315113544464122 0.53772154450416576 7.5000000000000009 82.500000000000014 7.4993703365325937 5.4337022304534921 60.500000000000007 13.176548004150392 0.0093025267124176043 0.43425968289375311 6.5000000000000009 75.500000000000014 60.000000000000007 31.1828727722168 0.37839908897876745 59.500000000000007 0.58608108758926403 0.53301513195037853 6.5000000000000009 47.500000000000007 47.500000000000007
decision_type=2 2 2 2 2 2 2 2 2 2 2 2 2 2 2 2 2 2 2 2 2 2 2 2 2 2 2 2 2 2 2 2 2 2 2 2 2 2 2 2 2 2 2 2 2 2 2 2 2 2 2 2 2 2 2 2 2 2 2 2 2 2
left_child=1 2 3 11 8 15 9 34 23 31 26 -1 41 14 -12 -5 -10 -13 40 20 -16 -11 55 -2 -25 29 56 28 -19 30 32 -7 33 -18 39 -31 37 38 -3 54 -14 -4 -21 -27 46 -46 -36 48 49 -48 -22 -26 -15 -23 -6 -8 -9 58 -58 -37 61 -32
right_child=4 36 12 5 7 6 22 10 16 21 13 17 18 52 19 -17 25 27 -20 42 50 53 -24 24 51 43 -28 -29 -30 35 60 -33 -34 -35 44 59 -38 -39 -40 -41 -42 -43 -44 -45 45 -47 47 -49 -50 -51 -52 -53 -54 -55 -56 -57 57 -59 -60 -61 -62 -63
leaf_value=0.026254871573662731 0.046693823458281998 0.043808652036689905 -0.00023675472261674749 -0.064943345780615502 0.016221293569716404 -0.0011070826574340069 -0.078551775073069263 0.02355919335716368 0.029704580888236739 0.013818603142560122 0.033199340813260474 0.039206074607300093 -0.0252560548002779 0.0025551486873700647 0.026131047325741605 0.014487725839431984 0.055927928291721329 0.06569291562674183 0.0029931778703983941 -0.096124489155669193 -0.080996141776781938 0.0079312341535679506 -0.022440232027201645 0.038050876872542612 0.035593466951719457 0.04767565496292802 0.0039040498024442657 -0.0035275068520495127 -0.050766083644419008 -0.10894736120538639 0.0018959927001490221 -0.057696672548891582 0.03528902389032363 0.0070239244120088445 0.084105312608154653 0.057604316403828043 0.051361551641343164 0.016287486803478496 -0.092888538161813874 0.040344204334633871 0.00085381468351285921 0.029412530130902975 0.04219303786074715 -0.052630302760657992 -0.10771374660166509 0.026014455147268696 0.020652839502091899 -0.10593304100349957 0.015322304146957011 -0.10765319743501189 -0.021484311352970589 -0.11376121517044574 0.037144605498463504 -0.041107363463345384 0.046032890934166709 0.034036540297874132 -0.077901932064909502 -0.10986437874819491 0.044192716025669994 -0.11049894177243091 0.015706935647509156 -0.057399584335311095
leaf_weight=179.14868154143915 630.73107753973454 10.704821293242276 420.56981914606877 18.994982567965053 359.51768456352875 19.177829151856713 3.9548513077897942 512.34372360736597 1315.2775368436705 25.76202994491905 76.713885721983388 27.960187620716169 499.62786182528362 822.91805900679901 34.610671773087233 113.62840962072369 32.525500344578177 5.1692731317598364 181.47613516473211 3.0635378302540621 15.206082143937236 20.107434052973986 69.294367093476467 54.043538055382669 2.8726617840584359 99.151849281042814 367.90575599577278 98.311419538920745 68.914242012659088 2.1775386575609437 266.98998499091249 1212.5895484475186 199.25949175050482 248.82682195212692 5.3899310645647338 55.510670493356884 40.388675187248737 373.59587081545033 15.59847514051944 210.39777073427103 95.005149989854544 71.104959042277187 30.278270902577788 5.5568171017803243 3.3432249086908987 99.693078479263932 8.9777318956330436 9.1543708895333094 43.949406144674867 12.542945894179864 582.21555003989488 11.227881047409026 43.318280435865745 1033.3403247160604 62.30981758562848 50.387266118545085 4.8207312354352387 7.2768383882939807 15.197618761565534 1.6400240715593088 245.17306891060434 21.911858867388219
leaf_count=8544 1771 205 61706 9940 6125 4561 1399 6273 9142 2591 2097 1373 166914 50494 1400 8650 281 65 30383 406 3617 4504 16780 370 18 639 11806 14314 19005 76 9642 603664 2111 3559 24 356 402 26512 2211 2415 25878 4825 534 145 298 2046 283 560 758 1097 68172 319 634 432809 385 3079 234 423 173 72 5810 3001
internal_value=0.000351035 -0.0241069 -0.0283288 -0.0371224 0.0178015 -0.0435036 -0.0460429 0.00775204 0.0282861 -0.048441 0.002945 0.00604479 -0.00788976 -0.00347822 -0.01254 0.00311121 0.0240503 -0.0120262 -0.0154544 -0.0178135 -0.0203086 -0.0388825 -0.00121836 0.043402 0.0129337 0.017741 0.014328 -0.0203354 -0.04264 0.0153416 0.0134996 -0.0568156 0.0220521 0.0126774 0.0225861 0.0468444 0.0163062 0.0127657 -0.037256 0.0271873 -0.0210845 0.00405106 0.029484 0.0423525 0.00669462 0.0216754 -0.0125964 -0.0195809 -0.00750673 -0.0541281 -0.0229991 -0.0833336 0.00428488 -0.0401714 0.0206249 0.0258427 0.0214347 -0.0184423 0.0147904 0.0527803 0.0058033 -0.0026013
internal_weight=11178.8 4654.81 4214.52 2946.74 6524.02 2567.24 2434.61 3331.14 3192.88 2310.98 2515.87 379.504 1267.78 1608.32 742.088 132.623 2494 200.355 776.109 665.374 632.032 1079.21 123.636 698.875 68.1441 1178.72 907.545 172.395 74.0835 1074.01 1014.69 1231.77 480.612 281.352 815.276 59.3282 440.288 399.899 26.3033 632.225 594.633 491.675 33.3418 104.709 183.051 103.036 80.0144 74.6245 65.4701 21.5207 597.422 14.1005 866.236 1053.45 421.828 54.3421 539.639 27.2952 20.0183 57.1507 534.075 288.902
internal_count=1647880 1450314 1420984 1131278 197566 1087977 1069387 160254 37312 1048129 146263 43301 289706 127354 76226 18590 34834 34757 223175 74129 73189 439904 21258 2478 707 25692 18909 33384 19070 24908 24404 608225 5951 3840 13991 504 29330 28928 2416 8925 192792 66531 940 784 5066 2344 2722 2698 2138 1380 71789 337 51128 437313 6510 4478 7103 830 407 428 18453 12643
is_linear=0
shrinkage=0.05


Tree=12
num_leaves=63
num_cat=0
split_feature=27 25 28 4 4 22 14 21 28 18 14 28 28 3 22 16 9 16 14 0 18 16 22 0 18 4 22 7 14 22 10 14 28 23 14 10 4 22 9 12 3 28 7 28 4 4 7 13 7 22 18 22 3 25 23 22 16 5 4 4 21 25
split_gain=1823.36 298.797 274.555 279.475 244.569 127.81 130.151 89.4993 85.4622 84.9901 64.5333 51.1782 48.2517 41.9292 38.8812 34.7224 32.3533 32.0411 29.1677 32.4645 33.0047 26.6684 25.4591 22.346 21.7506 27.617 26.5104 28.5065 23.3855 21.7551 30.0246 52.4215 24.9367 21.2428 21.0228 20.466 19.6511 19.6176 18.7943 18.7699 18.2842 19.4044 32.3436 23.7019 19.3721 18.15 18.1455 18.0947 18.0633 20.0636 17.8566 17.7799 17.6018 17.3287 31.3899 18.646 23.2695 33.9656 25.1833 18.637 22.1625 18.4222
threshold=4.5000000000000009 3.49730396270752 0.5512676239013673 16.500000000000004 9.5000000000000018 77.500000000000014 18.500000000000004 1.0000000180025095e-35 0.383884146809578 1.5000000000000002 7.5000000000000009 0.63561701774597179 0.30792514979839331 0.009756329935044052 79.500000000000014 85.500000000000014 0.015504807699471714 70.500000000000014 8.5000000000000018 100.00000000000001 17.500000000000004 48.500000000000007 61.500000000000007 16.500000000000004 10.500000000000002 2.5000000000000004 62.500000000000007 0.0085838492959737795 3.5000000000000004 28.500000000000004 2.5000000000000004 60.000000000000007 0.63561701774597179 6.5000000000000009 60.000000000000007 16.500000000000004 1.5000000000000002 64.500000000000014 0.013986697886139156 4.5000000000000009 0.010050504934042694 0.58608108758926403 0.0066890381276607522 0.60450115799903881 15.500000000000002 33.500000000000007 0.015749008394777778 0.013423423748463394 0.013986697886139156 46.500000000000007 4.5000000000000009 58.500000000000007 0.013986697886139156 21.631206512451175 4.5000000000000009 62.500000000000007 17.500000000000004 1.0000000180025095e-35 84.500000000000014 19.500000000000004 0.015504807699471714 8.4213681221008319
decision_type=2 2 2 2 2 2 2 2 2 2 2 2 2 2 2 2 2 2 2 2 2 2 2 2 2 2 2 2 2 2 2 2 2 2 2 2 2 2 2 2 2 2 2 2 2 2 2 2 2 2 2 2 2 2 2 2 2 2 2 2 2 2
left_child=1 2 3 13 9 6 12 10 45 -2 40 14 -5 36 18 -10 24 -4 -12 38 -21 -22 33 35 29 26 27 -26 -27 -11 31 32 -31 -19 -29 47 -1 50 -20 51 44 -42 -43 46 -6 -8 -44 -13 49 -36 -17 -14 -51 54 55 56 -9 -58 59 -59 -61 -56
right_child=4 -3 17 5 7 -7 8 53 15 16 11 23 39 -15 -16 37 -18 22 19 20 21 -23 -24 -25 25 28 -28 34 -30 30 -32 -33 -34 -35 48 -37 -38 -39 -40 -41 41 42 43 -45 -46 -47 -48 -49 -50 52 -52 -53 -54 -55 61 -57 57 58 -60 60 -62 -63
leaf_value=0.044583335536648477 0.04288514871542734 0.015079340605627857 0.0052345206884178881 -0.043537416474887597 -0.11075918159671796 0.0058045785057944804 -0.017785060098370564 0.035795230043606248 -0.026601973243712579 0.039291544550845464 -0.10323647037654174 -0.063319488733001889 0.033815565310795791 -0.033805984905537233 0.036647461310687766 0.037775263029471873 0.030031553332024313 -0.024603970459712923 -0.023729662137407459 0.024990566207869158 -0.00078861515552668343 -0.057309129712615453 0.0054989535124329745 0.00062565720630861543 -0.055156810465203376 -0.10954161452378391 0.045908665238258158 0.040548544111269277 0.0073950232006533044 0.0027479067609225034 0.023423765560317888 0.057966941262742468 -0.11416404610579081 0.0021500995899729237 0.0041399984704692701 0.021512920403874855 0.012638972103097966 -0.023092854170123717 0.0016467154286922388 -0.005585361308001309 0.039251660952760579 -0.11580744845496294 -0.11359697076498992 0.019672860514740789 0.0056037271655222393 -0.058594568980263786 0.038246021344414322 0.0057596923444114441 0.020021322369868703 -0.00047701493178803339 -0.045535799160079715 -0.10454638733520244 -0.1135981163227938 0.03415502581826161 -0.045048174276037863 0.041854740217322772 -0.11551331909227394 0.026534530974715344 0.067899768619232123 -0.0082317891992549283 -0.10397413825327834 0.0092347985238426817
leaf_weight=69.937346305930987 694.98904700577259 450.7232905109413 431.05205998010933 59.539123069960624 3.6463730800896874 147.64388525800314 28.106679652817547 78.501612340565771 459.40025973378215 203.4884363329038 9.0236902046017331 13.438948350958524 66.177041782066226 38.62540144182276 40.114386807195842 6.4721846645697942 1003.3826513865497 340.99466219125316 434.77570876607206 98.043209112947807 84.81593750056345 27.681473838281818 143.49286399246193 695.68135629442986 13.346393848070873 4.3097361004911354 101.27764016995206 84.072116016410291 538.00474100792781 6.8331098984926966 305.83876884763595 11.516264745034276 13.716789658181368 94.827139885397628 39.795871442183852 281.2839451902546 154.49597780813929 113.16371553833596 87.677815961185843 92.144349696696736 118.31447145459242 4.5996552463620892 5.917685480322687 349.87399039231241 187.3247797486838 889.10543207125738 2.9475236656144261 32.177872477914207 141.62132799241226 5.9968058830127111 1031.5322664687992 2.4062898962292811 8.0618270826525968 225.24863864900544 16.576719362288713 147.71303699910641 6.1849638749845317 22.193957769311965 13.523742631077765 22.98375857016072 8.2011071909219009 273.63410483289044
leaf_count=716 2478 29330 52483 24466 191 21024 6008 815 142820 1215 827 591 1583 6581 906 450 7706 109123 54672 3607 8188 5732 23718 43349 827 173 752 638 16337 87 3017 41 305 34045 1293 9795 10168 33231 5223 20148 1236 273 274 4460 6392 462718 27 520 1918 143 471302 400 382 2186 823 1828 531 377 112 963 474 5882
internal_value=0.000397583 -0.023594 -0.027775 -0.0350318 0.0175329 -0.0395144 -0.0419493 0.0079831 -0.0451614 0.027431 0.00325523 -0.00167142 -0.00508744 0.0143122 -0.011299 -0.0382234 0.0231024 -0.00508778 -0.0138911 -0.0127911 0.00378486 -0.0146962 -0.0127683 0.00569234 0.018398 0.013786 0.0238574 0.0162324 0.00646574 0.0263757 0.0185977 -0.0274316 -0.0752893 -0.0187828 0.0196408 0.0164748 0.0225934 -0.0428612 -0.019471 0.00915577 0.0164739 0.0216647 0.0159379 0.0176271 0.00338191 -0.057344 -0.0631119 -0.0145914 0.0106485 -0.0139991 -0.0450163 0.028961 -0.0653455 0.0223585 0.0178512 0.0292123 0.016893 -0.00340935 0.00695436 -0.0084864 -0.0334105 0.00613418
internal_weight=11088.2 4619.84 4169.12 3158.75 6468.35 2895.69 2748.05 3292.1 2527.78 3176.25 2477.34 1804.71 220.267 263.059 782.132 1610.57 2481.26 1010.37 742.018 732.994 210.541 112.497 579.315 1022.58 1477.88 936.486 394.172 292.894 542.314 541.393 337.905 32.0662 20.5499 435.822 279.548 326.901 224.433 1151.17 522.454 160.728 672.624 481.653 363.339 358.739 190.971 917.212 8.86521 45.6168 195.476 53.8545 1038 68.5833 14.0586 814.762 589.513 299.302 151.589 73.0875 66.9026 53.3788 31.1849 290.211
internal_count=1647880 1450314 1420984 1201615 197566 1184150 1163126 160254 1116529 37312 146263 133410 46597 17465 79155 647803 34834 219369 78249 77422 17527 13920 166886 54255 27128 22463 5953 5201 16510 4665 3450 433 392 143168 4374 10906 10884 504983 59895 22131 12853 6270 5034 4761 6583 468726 301 1111 3736 1818 471752 1983 525 13991 11805 5100 3272 2457 1926 1814 1437 6705
is_linear=0
shrinkage=0.05


Tree=13
num_leaves=63
num_cat=0
split_feature=4 28 25 18 14 4 25 22 28 0 28 8 0 25 16 22 16 22 22 25 8 23 16 16 14 3 28 22 23 22 8 11 16 23 8 3 28 28 23 16 28 16 16 23 0 7 16 18 4 3 22 28 28 25 17 23 28 22 0 14 0 8
split_gain=1521.01 567.486 317.505 246.679 220.612 113.195 100.28 84.9628 65.4393 55.8412 52.8832 52.7905 45.2716 43.3296 34.4913 32.5342 29.4392 29.3036 28.6524 27.7295 26.8187 26.2612 26.6538 30.6289 25.8847 31.434 38.9201 27.2954 32.9739 24.9334 23.6792 23.2191 21.9228 26.747 27.7203 22.4436 21.8502 21.2904 21.2372 41.7525 20.8714 29.2907 24.9423 26.8113 20.2923 19.2319 19.4956 19.1787 21.8261 22.1106 20.6122 20.8142 19.5253 18.9565 18.8572 18.4437 17.7725 22.9011 17.6598 17.633 21.2629 17.5732
threshold=37.500000000000007 0.53301513195037853 4.7255260944366464 16.500000000000004 18.500000000000004 3.5000000000000004 3.49730396270752 77.500000000000014 0.383884146809578 16.500000000000004 0.25554040074348455 3.5000000000000004 1.5000000000000002 28.64339637756348 42.500000000000007 65.500000000000014 1.5000000000000002 84.500000000000014 38.500000000000007 7.7217619419097909 1.0000000180025095e-35 1.5000000000000002 43.500000000000007 58.500000000000007 14.500000000000002 0.012422839645296337 0.60942333936691295 51.500000000000007 4.5000000000000009 68.500000000000014 13.500000000000002 0.013245614245533945 17.500000000000004 7.5000000000000009 21.500000000000004 0.016261236742138866 0.50201240181922924 0.4397162944078446 2.5000000000000004 46.500000000000007 0.64260178804397594 5.5000000000000009 11.500000000000002 1.5000000000000002 80.500000000000014 0.0079682543873786944 22.500000000000004 13.500000000000002 43.500000000000007 1.0000000180025095e-35 53.500000000000007 0.70692062377929699 0.763430416584015 13.176548004150392 0.012422839645296337 7.5000000000000009 0.35507519543170935 56.500000000000007 46.500000000000007 60.000000000000007 8.5000000000000018 1.5000000000000002
decision_type=2 2 2 2 2 2 2 2 2 2 2 2 2 2 2 2 2 2 2 2 2 2 2 2 2 2 2 2 2 2 2 2 2 2 2 2 2 2 2 2 2 2 2 2 2 2 2 2 2 2 2 2 2 2 2 2 2 2 2 2 2 2
left_child=3 2 4 12 10 21 11 8 -6 15 -2 -3 20 18 -10 32 55 24 19 31 -1 -5 -23 -24 25 38 -27 28 -26 -25 -12 40 35 34 45 36 -7 -9 39 54 41 -11 -43 44 -44 -34 -47 48 -40 -50 51 -51 -52 -4 -18 -13 -36 59 -32 -58 -61 -42
right_child=1 6 53 5 7 9 -8 37 14 13 30 16 -14 -15 -16 -17 17 -19 -20 -21 -22 22 23 29 27 26 -28 -29 -30 -31 58 -33 33 -35 56 -37 -38 -39 47 -41 61 42 43 -45 -46 46 -48 -49 49 50 52 -53 -54 -55 -56 -57 57 -59 -60 60 -62 -63
leaf_value=0.054443817621358796 -0.052952611990712599 0.028035316928912181 0.0014957855721947494 0.038905002774922287 -0.057331537688341629 -0.10267833025534012 0.02136037133836426 -0.028256335585461791 -0.020804674832269318 -0.10796849883899283 0.047041183987889867 0.035391447189640449 0.025771034927578991 0.053470480521908774 -0.043041796344746287 0.032931110590492065 0.042588342908688903 0.052910893502643996 -0.00085020743949749435 -0.10271024729423253 0.032405221343982986 0.02208478158270771 -0.10966047073223639 0.0078381011245345529 -0.027873927064614498 0.022955949509686224 -0.079582576299236416 -0.0025825354255906469 -0.0081512049309525741 -0.11545163089083316 -0.065475559588033291 0.035631960997278792 -0.10297871928274199 0.028889562679386561 0.056173458846351158 -0.11858298961121859 0.016651460126262181 0.014903434960589082 -0.10738321958105897 -0.099323389067870554 0.042531458215268075 0.023327147924592635 -0.046611429625385933 -0.039367327081218033 0.022101045512409177 -0.043335292329283931 0.020333208546171527 0.03871103843444642 -0.029069536815298815 0.038141083351881808 -0.081609791625394335 -0.10255956072757669 0.077632643244752733 0.024749476552277275 -0.10527851857947641 -0.11212618341672922 0.025848618387334172 -0.10052844858531718 0.0046307621862606762 -0.012947496407419143 -0.069933955416435697 -0.0097149161146958263
leaf_weight=236.3342273812741 41.822892676573247 113.14659046009183 246.90845889504999 201.02568792877719 856.65932199638337 3.875631693750619 451.69728748546913 48.688882605172694 205.03417809749953 10.685584762599317 33.060724298004061 51.156421116087586 2242.4859242708189 30.562801297288388 1166.2946390018333 148.88152077188715 15.326057313941424 19.217409794218838 737.96797518822132 9.2486422909423691 331.90571856987663 590.82853358681314 6.7988098151981822 73.787086790194735 398.71995675074868 15.948109924793242 22.048081163316965 490.51611198438331 452.34907817095518 4.3421006104908875 9.3282430584076774 21.338438082952052 3.8902479615062466 47.064302193233743 5.4057613520417354 3.1497417972423127 376.80342846736312 69.162299117422663 4.0906223026104263 11.841479405527933 18.213631061371416 25.532682702410966 15.166847628424874 156.48633194190916 36.853326600859873 14.215784823638385 77.961747991386801 74.317234562244266 26.89314685552381 68.722104927524924 7.8522813301533443 2.733031806536018 2.5500900028273463 135.87087422492914 2.5091332863084963 2.2104072333313516 13.049963639583437 12.328446999425067 242.55425386480056 37.670168338925578 28.94756792136468 138.33593470766209
leaf_count=465 20393 3076 22194 2021 461886 502 11916 12662 51289 1130 534 1167 23269 192 529991 3276 351 544 61527 736 1768 7980 628 3767 95466 335 880 80357 110741 281 1064 551 564 2734 390 172 8724 5936 281 1229 298 1436 3524 38428 2408 730 2803 3479 1920 1249 479 166 9 3082 154 193 389 1490 30106 5100 6081 11387
internal_value=0.00044253 -0.0188362 -0.0328399 0.0184547 -0.0389398 0.0080904 0.000317773 -0.0443013 -0.0464898 0.00144926 -0.000449792 -0.00501562 0.0289653 -0.00530084 -0.039717 0.0119282 -0.00725624 -0.00846313 -0.00683629 -0.0170654 0.0415712 0.0230396 0.0183199 -0.00787152 -0.00920194 0.00540642 -0.0365442 -0.0119768 -0.0173912 0.000986162 0.00725637 -0.0151911 0.00691997 -0.00491534 -0.0131389 0.0143368 0.0154366 -0.00292754 0.0127574 -0.0265388 -0.0178937 -0.027014 -0.0233179 -0.0290298 0.00206744 0.00591826 0.0105141 0.0189884 0.00599912 0.010264 0.0231864 0.0327595 -0.0425723 0.00974989 0.0217858 0.0292814 -0.031935 -0.0371123 0.00203444 -0.0272988 -0.03771 -0.00363635
internal_weight=10950.4 5289.23 3055.38 5661.14 2672.61 2850.42 2233.84 2345.84 2227.99 1973.64 326.766 1782.15 2810.73 1200.39 1371.33 773.244 1669 1615.63 1169.83 431.861 568.24 876.782 675.757 84.928 1596.42 254.831 37.9962 1341.59 851.069 78.1292 284.943 422.613 624.363 240.534 193.47 383.829 380.679 117.851 216.835 29.6767 401.274 244.725 234.039 208.507 52.0202 96.0678 92.1775 187.159 112.841 108.751 81.8575 71.4551 10.4024 382.779 17.8352 53.3668 97.4019 91.9961 251.882 79.6677 66.6177 156.55
internal_count=1647880 1453129 1139137 194751 1113861 169249 313992 1061764 1043166 154572 52097 302076 25502 121617 581280 32955 299000 297640 121425 59898 2233 14677 12656 4676 297096 10532 1215 286564 206207 4048 31704 59162 29679 20281 17547 9398 9226 18598 9317 1734 58611 46926 45796 44360 5932 4097 3533 7583 4104 3823 1903 1415 488 25276 505 1360 13450 13060 31170 11570 11181 11685
is_linear=0
shrinkage=0.05


Tree=14
num_leaves=63
num_cat=0
split_feature=27 22 28 27 5 19 25 8 28 5 28 16 19 16 0 25 5 28 22 16 25 0 6 3 22 12 3 22 12 0 6 28 8 19 28 3 6 25 26 22 28 15 12 16 15 19 16 5 22 10 10 22 8 6 28 23 3 23 15 0 3 6
split_gain=1630.32 257.876 225.067 192.322 127.432 117.766 109.267 81.8021 59.5901 56.7601 51.2382 38.7258 34.2664 33.8834 31.8224 30.0788 45.153 60.2683 29.8935 37.7045 28.6039 26.215 25.5994 25.01 38.2511 24.1088 23.9481 23.267 22.6875 28.9466 27.4664 25.713 28.4726 22.6565 22.1165 20.9855 20.7205 20.5378 20.1152 19.6518 29.0047 19.6058 19.4836 19.271 19.217 18.9531 18.7979 18.563 18.351 18.2531 22.1584 22.1547 18.1078 18.1047 18.0743 28.2922 19.7992 17.9735 17.8048 17.6856 17.2589 17.1451
threshold=4.5000000000000009 66.500000000000014 0.5462045967578889 6.5000000000000009 0.013072453904896976 1.0000000180025095e-35 8.8238310813903826 3.5000000000000004 0.383884146809578 0.012270400300621988 0.32352344691753393 11.500000000000002 0.015504807699471714 11.500000000000002 16.500000000000004 4.8974349498748788 0.0079682543873786944 0.41983839869499212 75.500000000000014 4.5000000000000009 19.861593246459964 68.500000000000014 47.500000000000007 1.0000000180025095e-35 36.500000000000007 5.5000000000000009 1.0000000180025095e-35 49.500000000000007 8.5000000000000018 46.500000000000007 24.500000000000004 0.7171914577484132 10.500000000000002 0.013423423748463394 0.53138622641563427 0.016001024283468727 78.500000000000014 20.274143218994144 1.0000000180025095e-35 80.500000000000014 0.59278005361557018 0.013072453904896976 5.5000000000000009 77.500000000000014 0.013793759513646366 0.016001024283468727 15.500000000000002 1.0000000180025095e-35 49.500000000000007 12.500000000000002 1.0000000180025095e-35 52.500000000000007 25.500000000000004 5.5000000000000009 0.50902262330055248 1.5000000000000002 0.011696306522935631 6.5000000000000009 0.015504807699471714 86.500000000000014 0.0088890646584332007 23.500000000000004
decision_type=2 2 2 2 2 2 2 2 2 2 2 2 2 2 2 2 2 2 2 2 2 2 2 2 2 2 2 2 2 2 2 2 2 2 2 2 2 2 2 2 2 2 2 2 2 2 2 2 2 2 2 2 2 2 2 2 2 2 2 2 2 2
left_child=1 2 4 9 5 6 8 12 41 23 45 -10 -5 -4 27 16 17 -3 19 61 -15 -17 -8 -2 42 -16 -6 -9 29 58 31 32 -31 54 -26 37 53 -36 -34 40 -19 -1 -25 -39 -44 -7 -42 -24 -13 50 -12 -51 -38 -18 55 56 -21 -20 -27 -23 -41 -11
right_child=3 15 13 7 26 10 22 14 11 18 49 48 -14 20 25 21 36 39 57 33 -22 59 47 24 34 28 -28 -29 -30 30 -32 -33 38 -35 35 -37 52 43 -40 60 46 -43 44 -45 -46 -47 -48 -49 -50 51 -52 -53 -54 -55 -56 -57 -58 -59 -60 -61 -62 -63
leaf_value=-0.056103012827160494 0.014960760657329725 -0.046315442139481383 0.018361293663741948 0.024629927434471691 0.014637816178463992 -0.049330672020405364 -0.1041764786982825 0.018619467955475609 0.0020623321064388634 0.026606099804530048 0.038324535707194116 -0.04254470218606618 0.04025275295124002 -0.011937568950085402 0.020486179952989545 0.043668668064534004 0.061937026661471932 -0.022902415291066236 0.045841130648696153 0.046807268212875099 0.060022712461691843 -0.10615443162542926 0.024060579437257562 0.047362467826297085 -0.023789459215589351 -0.086586828422069995 -0.027891311622129007 0.032947134306195891 0.010385081497732766 0.032986533996569693 0.027143346424463612 -0.11029366415318523 -0.1127708297470385 0.03812315621535891 0.0032734781263329023 -0.10823663992777555 -0.10938780594997173 0.057905604271967573 0.056097623238875995 0.022733200369067421 -0.10677799838933272 -0.01768274850242826 -0.020710966695693084 -0.10595215050811223 -0.10716893600566833 0.019626780414880807 0.026303557071164069 -0.10478118155706187 -0.028768046082321648 0.037661224187487664 -0.025820034066722793 -0.051076219497807065 0.023014270162696995 -0.077590523126717881 0.0037087547372616999 -0.087745934793310415 -0.058213319065127556 -0.11280901490503328 0.0068511741530533883 0.0095496479163786323 -0.10024078583095226 -0.00023798062554401919
leaf_weight=792.50918715703301 173.38283113518264 101.47232068120502 113.55911060492508 635.57077562517952 141.03994684922509 59.818485885392874 4.4043120937421909 735.73299874074291 59.017506785690784 379.11799468402751 19.330473662470467 1031.8607352754334 783.86453327746131 827.05716352746822 579.74367271922529 69.095971139147878 3.0439377990551284 134.14358275057748 79.228179366793483 11.510812069056557 14.044023261871187 3.3667920383159062 79.68312149727717 10.286969869397579 77.681474834447727 18.611792187672112 43.251485269633122 460.83556583325844 631.2964143527206 15.897673855070027 42.622856194153428 8.188025495503096 7.7805174100212735 46.115951945306733 532.47023017308675 4.0861178366467348 2.6213406147435299 26.573367262724791 2.2803010391071439 83.343210743856616 2.7908419091254464 34.657146439305507 288.04643965919968 1.9243039172142733 6.5738009903579941 11.956224129768087 53.906871344428509 2.897242314182221 315.66731505922507 74.590054131695069 44.359929549857043 7.766182543244212 173.6135999331018 9.8429056429304165 685.77681886707433 14.108349621528758 7.3557147651445112 1.8263713833875943 7.021881769411265 173.32787823397666 2.9543070939835152 70.550834425725043
leaf_count=432637 9490 43257 6333 5063 6617 28487 635 9134 8689 4158 442 477012 2665 211156 7397 1327 90 34037 739 288 102 316 4628 224 11323 1021 7900 4882 18361 203 1016 314 503 572 41862 364 361 229 12 5153 331 12182 39015 85 633 1770 6502 373 121982 6594 6626 2047 10399 1728 33113 2334 699 147 121 10091 510 1599
internal_value=0.000523766 -0.0225294 -0.0281647 0.0168381 -0.035489 -0.0384035 -0.0417029 0.0236642 -0.0438439 0.00573885 -0.00325166 -0.0375812 0.0332574 -0.00727484 0.0182391 0.00294438 -0.00338157 -0.0133474 0.0128667 0.0109047 -0.010736 0.0175562 0.0132761 -0.002499 -0.00569348 0.0128655 0.00465663 0.0241375 0.00684393 -0.0149866 0.000374535 -0.0330392 -0.00867103 0.00414987 0.00122543 0.00466438 0.0165696 0.00548675 -0.0744965 -0.00127645 -0.0102298 -0.0544933 -0.0202783 0.0468411 -0.0226401 -0.0378437 0.0197529 0.0195403 -0.0393174 0.0137486 -0.00635172 0.0292933 0.0210449 -0.0446334 0.00197011 -0.0341885 0.00586166 0.0422663 -0.0609912 0.00734499 0.0185233 0.0223944
internal_weight=10837.1 4490.99 3677.47 6346.06 2722.81 2538.52 2320.7 3929.45 2233.71 2416.62 217.821 1406.55 1419.44 954.66 2510.01 813.524 567.733 378.611 1295.59 1214.54 841.101 245.791 86.9847 1121.03 947.643 1313.44 184.291 1196.57 733.699 102.403 76.7694 34.1465 25.9585 764.868 642.735 565.054 189.122 560.968 10.0608 277.139 190.841 827.166 304.907 28.4977 294.62 71.7747 56.6977 82.5804 1347.53 146.047 63.6904 82.3562 176.235 12.8868 718.752 32.9749 18.8665 81.0546 25.6337 176.695 86.2975 449.669
internal_count=1647880 1450314 1336212 197566 1118621 1104104 1058138 50692 1052502 146874 45966 607683 7728 217591 42964 114102 102368 89790 43649 42763 211258 11734 5636 103225 93735 28948 14517 14016 21551 3190 2048 1032 718 37006 53863 42540 12578 42176 515 46533 40870 444819 39872 314 39648 30257 6833 5001 598994 15709 7068 8641 10760 1818 36434 3321 987 886 1142 10407 5663 5757
is_linear=0
shrinkage=0.05


Tree=15
num_leaves=63
num_cat=0
split_feature=27 27 18 4 22 25 16 22 16 16 4 22 18 25 22 18 2 4 12 3 25 23 25 22 25 25 6 16 0 23 8 2 6 22 6 22 22 0 22 21 22 21 0 8 0 8 14 22 0 2 12 25 5 4 16 1 14 12 0 16 6 23
split_gain=1673.01 233.462 204.305 138.118 113.03 93.2868 79.5935 75.0716 105.451 61.8613 46.5132 41.5601 35.6984 35.0086 33.4957 32.934 31.0094 35.5074 30.5911 30.1075 24.1864 23.7471 25.8006 23.8049 22.7276 22.5809 22.5324 22.5153 22.1212 30.4247 37.9225 22.1201 21.2701 20.6984 20.3734 19.6742 21.7554 19.5378 18.3473 18.3246 18.2363 18.045 16.8595 16.6504 16.3917 16.3764 20.55 18.6461 16.1384 15.7244 18.6577 15.5702 18.8306 15.5201 15.4013 16.2161 14.5951 14.5217 14.2122 14.0629 15.3073 18.9069
threshold=4.5000000000000009 1.5000000000000002 15.500000000000002 17.500000000000004 49.500000000000007 5.8209004402160653 11.500000000000002 59.500000000000007 13.500000000000002 9.5000000000000018 5.5000000000000009 84.500000000000014 1.5000000000000002 5.2855923175811776 39.500000000000007 1.5000000000000002 17.500000000000004 10.500000000000002 17.500000000000004 0.010050504934042694 5.7362022399902353 4.5000000000000009 5.6453444957733163 68.500000000000014 17.680156707763675 8.9144048690795916 73.500000000000014 26.500000000000004 57.500000000000007 5.5000000000000009 68.500000000000014 25.500000000000004 2.5000000000000004 78.500000000000014 94.500000000000014 36.500000000000007 57.500000000000007 1.0000000180025095e-35 66.500000000000014 0.015268065501004459 74.500000000000014 0.013072453904896976 86.500000000000014 78.500000000000014 8.5000000000000018 3.5000000000000004 60.000000000000007 18.500000000000004 1.0000000180025095e-35 29.500000000000004 7.5000000000000009 30.535628318786625 0.0065574476029723891 74.500000000000014 1.5000000000000002 0.0063492704648524531 18.500000000000004 2.5000000000000004 1.5000000000000002 16.500000000000004 21.500000000000004 4.5000000000000009
decision_type=2 2 2 2 2 2 2 2 2 2 2 2 2 2 2 2 2 2 2 2 2 2 2 2 2 2 2 2 2 2 2 2 2 2 2 2 2 2 2 2 2 2 2 2 2 2 2 2 2 2 2 2 2 2 2 2 2 2 2 2 2 2
left_child=1 3 9 33 20 6 -3 8 16 15 43 12 -12 27 42 19 37 54 32 -2 -5 -9 23 31 -11 41 39 40 29 30 -16 -23 -10 -1 -33 -27 -37 -4 -32 -19 -6 45 -14 -8 -28 47 59 -20 -21 -30 -51 52 -39 -48 55 -18 57 -7 -24 -47 -61 -62
right_child=2 5 7 4 13 56 10 21 18 24 11 -13 14 -15 28 -17 17 26 25 48 -22 22 58 -25 -26 35 44 -29 49 -31 38 34 -34 -35 -36 36 -38 51 -40 -41 -42 -43 -44 -45 -46 46 53 -49 -50 50 -52 -53 -54 -55 -56 -57 -58 -59 -60 60 61 -63
leaf_value=0.0067749258464932949 -0.11384299045569929 0.012951647578603263 0.034745949027849742 -0.049217452814235098 -0.030177275496385617 0.037262228901618448 0.038368089615135513 0.027744033847727934 -0.10901839125518059 0.014187351699724829 0.020672394530826671 0.033471511015505863 -0.04277092360536322 0.0015733859336961023 0.028356137469675659 0.025553602281193223 0.035458458448558446 0.011343205543446125 0.010466900171719156 0.052699525241316547 0.0011637302800422461 0.021653092495552025 -0.11439188218968273 -0.039358869214337372 0.032561007434273655 -0.049515644724783252 0.041430249860337956 -0.030489177074890263 0.00028357394300826329 0.016964186389588017 -0.020910984306094591 -0.06645772450377524 0.014342136354331731 0.061339232175084614 0.037604030743376177 0.024013294835927682 -0.10597208608591367 -0.050039930289545412 -0.067003653116022188 -0.11279936803299268 0.04915485506871517 -0.10048326943894346 -0.026707332081138364 -0.0027460471890376897 -0.083109246891833716 -0.071306764325267766 -0.012600071647490028 -0.067812885271707604 0.035429163002972386 0.0069386191875788709 -0.027332739808569081 0.056003409685374983 0.013977328789097682 -0.037764825544199049 -0.10917173606259688 -0.11898042122631883 0.016973517935258375 -0.081444480873858749 0.025760868900832519 0.032834466993484662 -0.041060766498143567 0.020803871942562814
leaf_weight=96.192868542158976 3.21955178445205 206.58114112820476 135.19542115367949 1213.3875960985897 12.880070585757496 3.9211171073839068 39.001328704645857 466.29180031106807 3.5705903400667003 1170.5152352398727 45.910126167582348 33.432787623722106 239.37486910377629 120.69699933077209 32.344940384849906 1230.4480459025363 5.0402078665792969 130.68465604470111 10.599639932392163 175.3721020668745 24.298810586333275 66.964330454007722 1.832758996170013 39.52556686848402 196.57214469462633 11.840418215841053 3.3944388045929363 529.19939074921422 69.389488447690383 97.655550092691556 80.929588731611148 15.863187762442978 163.48125842749141 21.213296989910305 6.6858943151310077 85.27789220912382 3.3452516202814868 11.663292172364889 29.444859615759924 3.0417610611766568 16.554565134458244 5.9906878173351279 514.25731379818171 66.807021815096959 11.920816008467225 5.2065853385720393 665.77998680993915 26.946755304699764 591.53607039805502 42.790758261224255 552.18898308894131 21.649342596065253 760.2910815498326 67.480322790448554 10.993835895322261 2.5645298124291003 262.88263532076962 7.5122952992096526 138.57038948126137 49.105601155199111 22.072986642247997 28.03819783963263
leaf_count=4068 120 14244 1021 670983 4577 123 1210 12267 243 26979 3258 1651 87017 11334 4287 9449 48 6729 593 297 2920 2041 86 2640 1561 944 126 229199 11905 19149 22302 2274 6727 73 469 2136 170 644 5130 163 680 562 167098 4515 1742 340 75105 2389 2222 5762 166114 98 15401 13113 810 93 11367 1142 2790 1504 2140 1431
internal_value=0.000211584 -0.0236406 0.0165882 -0.0360095 -0.0392336 -0.012815 -0.016479 0.00705453 0.0025123 0.025027 -0.0197769 -0.0217367 -0.0228197 -0.0228459 -0.0240237 0.0306289 0.0136038 -0.00618855 -0.0080742 0.0387379 -0.0482283 0.0209156 0.00909854 -0.0070406 0.0168293 -0.0114401 0.00194024 -0.0281218 -0.0175383 -0.00454043 -0.0192549 0.00722987 0.0117054 0.0166338 -0.035603 0.0110191 0.0191067 0.0171761 -0.0332072 0.00851944 0.0144405 -0.0140005 -0.0318096 0.0124088 -0.0555066 -0.0134086 -0.0119606 -0.0457139 0.0393784 -0.022241 -0.024868 0.014183 0.0130101 -0.0149159 -0.0713295 -0.0166226 0.0145683 -0.0407337 0.0239314 0.00879172 0.012995 -0.00644628
internal_weight=10707.4 4358.85 6348.57 2034.42 1917.02 2324.42 2050.11 2980.91 2245.18 3367.66 1843.53 1737.72 1704.29 679.331 1658.38 2000.58 1096.44 167.64 1148.74 770.128 1237.69 735.734 269.442 129.039 1367.09 981.684 149.042 558.634 904.744 240.375 142.719 89.5134 167.052 117.406 22.5491 100.464 88.6231 928.799 110.374 133.726 29.4346 881.221 753.632 105.808 15.3153 875.23 837.684 37.5464 766.908 664.369 594.98 793.604 771.954 733.26 18.5986 7.60474 274.316 11.4334 140.403 104.423 99.2168 50.1112
internal_count=1647575 1450108 197467 923834 919693 526274 513642 156839 134272 40628 499398 493673 492022 245790 488764 12088 26875 9711 107397 2639 673903 22567 10300 7424 28540 100427 8760 234456 234649 50868 31719 4784 6970 4141 2743 3250 2306 17164 27432 6892 5257 97177 254115 5725 1868 96615 93633 2982 2519 183781 171876 16143 16045 88218 951 141 12632 1265 2876 5415 5075 3571
is_linear=0
shrinkage=0.05


Tree=16
num_leaves=63
num_cat=0
split_feature=16 25 4 18 28 18 28 22 18 15 22 6 18 22 0 4 28 0 28 0 22 25 20 25 12 28 12 5 0 28 4 22 24 28 15 2 10 10 18 22 15 22 10 10 17 25 25 4 12 16 15 4 15 28 25 3 6 20 3 28 28 28
split_gain=1296.56 303.662 290.318 197.04 187.367 111.927 92.0862 62.2573 66.4788 56.5512 54.1852 52.5765 44.5054 37.0965 36.3987 33.3809 31.9436 28.8673 28.4172 28.7526 27.8231 27.8198 32.9375 25.3702 24.4683 24.9105 23.5495 24.6824 23.2613 22.475 22.4063 21.8214 21.4653 20.4327 19.8857 19.6413 19.4856 24.5227 18.6914 18.571 18.4788 17.7429 17.559 19.1856 19.3389 17.5536 17.2491 17.171 20.7656 21.9767 19.1751 23.0067 16.8952 26.732 20.1399 19.8725 17.4066 35.7685 19.7413 18.4537 16.8596 16.6967
threshold=43.500000000000007 5.2855923175811776 70.500000000000014 15.500000000000002 0.51922127604484569 11.500000000000002 0.43827845156192785 52.500000000000007 17.500000000000004 1.0000000180025095e-35 65.500000000000014 27.500000000000004 2.5000000000000004 70.500000000000014 1.0000000180025095e-35 14.500000000000002 0.6146826744079591 5.5000000000000009 0.21979774534702304 100.00000000000001 43.500000000000007 12.306680202484133 1.5000000000000002 22.443355560302738 9.5000000000000018 0.37088401615619665 17.500000000000004 0.010582306887954475 49.500000000000007 0.52231472730636608 4.5000000000000009 30.500000000000004 1.5000000000000002 0.59506306052207958 0.015038444194942715 1.5000000000000002 15.500000000000002 9.5000000000000018 4.5000000000000009 62.500000000000007 0.012579114176332952 21.500000000000004 60.000000000000007 18.500000000000004 0.015749008394777778 21.631206512451175 11.486134052276613 9.5000000000000018 13.500000000000002 27.500000000000004 0.015504807699471714 20.500000000000004 1.0000000180025095e-35 0.74537017941474926 30.535628318786625 0.010811126790940763 20.500000000000004 11.500000000000002 0.016261236742138866 0.5734618902206422 0.24179266393184665 0.62603294849395763
decision_type=2 2 2 2 2 2 2 2 2 2 2 2 2 2 2 2 2 2 2 2 2 2 2 2 2 2 2 2 2 2 2 2 2 2 2 2 2 2 2 2 2 2 2 2 2 2 2 2 2 2 2 2 2 2 2 2 2 2 2 2 2 2
left_child=3 2 7 12 5 18 30 8 -2 16 11 17 14 24 -1 35 20 -8 -4 -20 38 29 -23 32 31 -26 27 -17 -15 40 -5 -7 -3 -28 -32 -10 37 -19 -6 -18 -13 -16 43 46 -45 -34 47 -14 -49 50 51 -50 53 54 56 -55 57 58 -38 -59 -9 -61
right_child=1 23 4 6 9 13 10 60 15 -11 -12 21 42 28 41 26 39 36 19 -21 -22 22 -24 -25 25 -27 33 -29 -30 -31 34 -33 45 -35 -36 -37 52 -39 -40 -41 -42 -43 -44 44 -46 -47 -48 48 49 -51 -52 -53 -54 55 -56 -57 -58 59 -60 61 -62 -63
leaf_value=0.051287521503339498 0.013103678257927491 0.033667673941424982 -0.056329998769661771 0.043056912453496507 0.064936423297062368 0.029569657020195081 0.022310486427126148 0.04498209831822763 -0.1080751306047624 0.015913761959216677 0.024582056567305981 -0.029454975441073686 0.020236450582653946 0.017465637553138319 0.040510968621047735 0.044771771981283084 -0.011306760087950174 0.0015718048123754911 -0.10623757671365669 0.0091060048225781141 -0.014308170765449983 -0.10473300446466019 0.042771806701213964 0.033867584007331579 -0.056935436587176792 -0.043973718648155434 -0.036090004297757758 -0.09569235745650953 -0.03214406532513505 -0.0020575269718081171 -0.04636296415779545 -0.042253462715543436 0.0048140086732501221 -0.015042979376777527 0.063571878829182055 -0.0019456151952936601 -0.11133974438024281 -0.084803462509874569 -0.039849342264568821 0.024852329770710703 0.034267567027411287 0.025100818718665114 0.028682601898109159 -0.10870438057071155 0.021205531183928612 -0.10811741662023355 0.030627306177766229 0.012674040630108498 -0.020321832890626557 0.025935777674031379 0.015819343604183977 -0.095827343076265656 0.02264869502317074 -0.08706669909552775 0.057810339809776318 0.02293069177979689 0.014987973122598967 0.014021113953176366 0.058604309337587382 -0.03759814632466451 0.0057500104209110775 -0.0055105820829000028
leaf_weight=223.19893725356087 187.78127951943316 69.150196978356689 21.972385152475908 8.3185387428384256 4.332979187835007 18.672954376554117 456.95206783991307 29.006593203986995 4.446347107179462 136.11087698000483 468.49545319261961 129.63356431166176 570.47048966004513 30.362863735179417 248.97353252279572 19.579313871217895 125.03127249213867 23.068705717101693 5.6193800542969248 140.2817626449978 253.48122397600673 4.0988262705504885 49.364891373552382 106.40721431653947 631.32297081523575 897.84311976493336 344.69524755410384 3.7220289073884478 106.5382518399274 701.79169879551046 105.18959404854104 24.386593044036999 541.99960871879011 173.28593856515363 4.2808889714069656 223.2406167324516 11.753188090398904 12.763930106069891 238.834724926739 49.594006441533566 12.47154452849645 747.86553681734949 456.74341893917881 6.0490273113828135 5.4420409360900521 3.462922523263841 211.92393914447166 283.31956709409133 25.869690004969016 22.302530074492097 15.116282307542859 16.538497763918713 168.85041672829539 4.1940204487182191 14.224570942111312 195.84952093660831 111.05749550182372 99.074964269530028 1.9995720870792872 48.974794642184861 489.70783424685942 235.42953478079289
leaf_count=437 5124 2075 12687 156 95 2816 6484 1091 759 8628 14404 32666 4797 5114 1083 895 37090 552 771 14383 75315 182 708 1140 379775 462052 123950 526 35175 65708 40482 7804 31903 34177 42 21084 823 762 99668 6052 412 5040 5027 300 40 159 1501 4846 753 838 264 1167 3336 446 56 4807 6886 6080 13 4211 51662 10296
internal_value=0.00028643 -0.0186293 -0.0238215 0.0164792 -0.0336144 -0.0422781 0.00723952 -0.00600489 -0.0135674 -0.0134732 0.00909379 0.00591342 0.0258298 -0.0461046 0.0330363 -0.0200804 -0.0194318 0.0120247 -0.00331969 0.00466355 -0.0258994 -0.00351341 0.0314633 0.0113266 -0.0482783 -0.049325 -0.0268369 0.0223348 -0.0211413 -0.0057293 -0.0360525 -0.0111071 0.00742405 -0.0290489 -0.0420639 -0.00401815 0.00695585 -0.0291959 -0.0379822 -0.00103749 -0.0238625 0.0289497 0.0203815 0.0171046 -0.0471805 0.00409705 0.0177495 0.0148263 0.00632749 -0.0161975 -0.0325328 -0.0497677 0.00840907 0.00508149 -0.000869131 0.0206245 -0.00251129 -0.0074037 -0.0866309 -0.00456237 0.00794388 -0.0110361
internal_weight=10582.5 4880.87 4159.85 5701.65 2684.39 1877 2867.84 1475.47 956.751 807.385 2750.05 2281.55 2833.81 1709.13 1220.04 768.969 671.274 1384.19 167.874 145.901 496.649 897.361 53.4637 721.02 1572.23 1529.17 541.283 23.3013 136.901 843.897 117.789 43.0595 614.613 517.981 109.47 227.687 927.241 35.8326 243.168 174.625 142.105 996.839 1613.78 1157.03 11.4911 545.463 1145.54 933.617 363.147 79.827 57.5245 42.4082 891.408 722.558 522.514 200.044 508.29 397.232 13.7528 383.479 518.714 284.404
internal_count=1647575 1421970 1386693 225605 1147425 920577 199512 239268 186515 226848 158832 144428 26093 892736 6560 181391 218220 44752 27841 15154 175078 99676 890 35277 852447 841827 159548 1421 40289 98786 40680 10620 34137 158127 40524 21843 38268 1314 99763 43142 33078 6123 19533 14506 340 32062 14166 12665 7868 3022 2184 1920 36954 33618 28365 5253 28309 21423 836 20587 52753 14507
is_linear=0
shrinkage=0.05


Tree=17
num_leaves=63
num_cat=0
split_feature=27 22 16 27 4 18 25 28 22 28 18 14 10 4 13 22 25 28 4 25 25 28 25 2 8 4 25 1 1 25 6 4 4 14 4 16 4 4 2 28 28 5 7 28 22 1 13 22 22 28 23 28 28 28 28 28 6 22 16 2 18 22
split_gain=1478.81 211.795 160.341 136.376 84.4593 80.7652 76.1678 67.8661 60.123 46.3539 53.9691 40.4624 40.0056 36.7331 36.6766 42.7932 32.6087 31.4841 27.0976 29.3841 26.7979 28.2298 26.4239 32.1196 32.5051 24.3652 31.6707 29.3124 23.6586 23.6529 23.3634 22.8951 22.0602 21.8774 19.9839 21.1796 19.9233 18.8674 18.7118 24.2223 18.6915 18.3612 18.0059 17.7442 17.4732 17.3613 17.3393 17.7795 17.1486 18.2505 17.5643 17.1135 16.885 22.0813 18.3388 16.8619 16.6385 24.2774 16.6327 16.611 16.3569 25.1906
threshold=4.5000000000000009 49.500000000000007 17.500000000000004 1.5000000000000002 7.5000000000000009 1.5000000000000002 3.49730396270752 0.43425968289375311 73.500000000000014 0.5512676239013673 16.500000000000004 60.000000000000007 60.000000000000007 5.5000000000000009 0.013606071937829258 54.500000000000007 11.713183879852297 0.6146826744079591 41.500000000000007 7.4515132904052743 4.5457341670989999 0.67315113544464122 13.769529342651369 1.0000000180025095e-35 2.5000000000000004 23.500000000000004 10.984781265258791 0.0087337908335030096 0.014389234129339458 5.7362022399902353 4.5000000000000009 21.500000000000004 1.0000000180025095e-35 8.5000000000000018 1.5000000000000002 6.5000000000000009 21.500000000000004 1.5000000000000002 3.5000000000000004 0.69100636243820202 0.4255759865045548 0.0063092110212892303 0.0093025267124176043 0.3907433301210404 35.500000000000007 0.016261236742138866 0.015268065501004459 55.500000000000007 80.500000000000014 0.47345545887947088 4.5000000000000009 0.41244775056838995 0.42700950801372534 0.33096265792846685 0.19330869615077975 0.49630205333232885 17.500000000000004 1.0000000180025095e-35 11.500000000000002 4.5000000000000009 8.5000000000000018 65.500000000000014
decision_type=2 2 2 2 2 2 2 2 2 2 2 2 2 2 2 2 2 2 2 2 2 2 2 2 2 2 2 2 2 2 2 2 2 2 2 2 2 2 2 2 2 2 2 2 2 2 2 2 2 2 2 2 2 2 2 2 2 2 2 2 2 2
left_child=1 3 5 4 -1 28 11 8 18 10 12 37 52 -9 15 -13 30 29 51 46 21 33 23 24 -7 -10 27 -27 -2 40 -12 60 -8 -15 44 -36 -22 -4 39 -39 -6 -16 -26 -21 -32 -17 -20 -48 49 -35 -50 -3 53 54 -5 -52 57 59 -44 -40 -25 -62
right_child=2 7 6 9 17 22 32 13 25 -11 16 14 -14 20 41 45 -18 -19 19 43 36 -23 -24 31 42 26 -28 -29 -30 -31 34 -33 -34 48 35 -37 -38 38 56 -41 -42 -43 58 -45 -46 -47 47 -49 50 -51 55 -53 -54 -55 -56 -57 -58 -59 -60 -61 61 -63
leaf_value=0.020113906826262379 0.025593688350607009 0.0074340685804681929 0.037422909153992365 -0.064337994444385441 -0.053631574156751786 0.038220243175961205 -0.11661655561923978 0.031501841190188888 0.041314262140510788 -0.0075036553359608144 0.032195262192158597 -0.017002667584468757 0.040334587550555925 0.037446462567276177 -0.068607451121451224 0.0072385049710588945 0.040460959721824653 0.013967675511037218 -0.048826827071002311 0.0067173956671253135 -0.11018544269100926 0.026064024064047061 0.03193434656880826 0.02300960074632117 -0.11777832436770892 -0.033922808702422126 0.049522335318613643 0.024656007557702544 0.042643876958855673 0.0006650927786774006 0.031436405597802856 0.0039851393103374055 0.020667175705964835 -0.033830914807297371 0.0054824627538721743 -0.039327211044027477 0.012231802395337884 0.0022466043743964641 0.034651656149665262 -0.11413701731818036 -0.040453460839928373 0.025789420583719247 0.013478662239908436 -0.07797763520689012 -0.11616157039512381 -0.10941458480671998 0.037621705482650439 -0.083897477452648306 0.019809321034356481 -0.011539739422062458 0.0048680691805446027 -0.093199775097131565 0.0095298934100318013 -0.088206301842896906 0.0086812428686662332 -0.098292632941114122 0.013336315427072074 -0.00013666333810210019 -0.11627145083785505 -0.1116892776429817 0.010436583954752308 0.031905683364417722
leaf_weight=49.745718797435984 343.96493521844968 49.190531313943211 55.054642015136778 12.925272697466424 698.27905722812284 299.05660145473666 2.9395094551146022 76.044787237420678 31.935000871540979 451.37048028549179 12.834370027994735 623.10706867702538 44.693456629756838 22.583509504562244 5.4203642611391833 296.68833050673129 14.775391143746672 21.215831850655377 265.90795256162528 44.908947088872083 3.3720749951899043 54.802995862672105 313.44681529700756 661.31574436370283 2.7818232118152073 79.584494737675413 20.51783804083243 29.187731595942751 498.06143945129588 24.945979490294121 17.098557028686631 437.76593915955164 648.4386976971291 109.51698860886972 27.5457270340994 617.95540711906506 231.47674174862914 11.76010554097593 2.5287384442053726 7.21253748377785 437.77017214056104 103.81379261356778 121.70448665507138 7.1717605108860871 2.2715629716403773 3.2242071917280546 11.413344240048898 4.0882094836561 68.508533554384485 568.31141607859172 9.5521600290667283 4.6215657663997254 34.26955184538383 14.455852985498494 25.688470349530689 6.7674842712003729 453.82700282230508 152.06341959978454 2.5211023683659723 8.3164064385928196 1050.9624810436508 157.04857961693779
leaf_count=991 2034 4427 422 8006 417244 1252 116 1704 398 100083 2158 81320 2229 1547 525 18607 354 9359 151326 4056 264 5530 2458 5271 205 22637 495 3405 1383 2890 426 18871 14634 42053 2960 242400 9648 235 19 268 246420 2787 1213 1020 237 213 896 1581 3352 144917 1173 1072 2812 3306 5216 1516 15976 4425 150 493 22719 1871
internal_value=0.000319687 -0.0226067 0.0157209 -0.0318416 -0.0437074 0.0219724 0.00548275 -0.00897909 -0.0234524 -0.0203844 -0.0274358 -2.34355e-05 0.00186016 -0.00208124 -0.00629134 -0.00953358 -0.0330215 -0.0463929 -0.0341326 -0.0394453 -0.00445713 -0.00863141 0.0181841 0.0166072 0.0292202 0.00220428 -0.00745599 -0.0182039 0.0356789 -0.0474959 -0.0346236 0.0142779 0.0200476 -0.0110528 -0.0359134 -0.037415 0.0104741 0.00934312 0.0069113 -0.0419972 -0.0485535 0.0211053 0.00802822 -0.00494551 0.0141274 0.00598443 -0.0458302 0.00557357 -0.012489 -0.0151413 0.00870482 -0.00120871 -0.0178281 -0.0354944 -0.0157607 -0.037911 0.00841588 -0.00529137 0.0108454 -0.0775673 0.0166883 0.0132277
internal_weight=10470.3 4207.3 6263.02 2507.84 1231.96 3888.63 2374.39 1699.46 548.527 1275.88 824.514 1723.02 132.033 1150.94 1032.25 923.02 692.481 1182.21 387.302 333.49 1074.89 840.043 3046.6 2733.16 426.064 161.225 129.29 108.772 842.026 1161 677.706 2307.09 651.378 785.24 664.871 645.501 234.849 690.763 635.708 18.9726 1136.05 109.234 127.007 52.0807 19.3701 299.913 281.41 15.5016 762.657 677.828 84.8282 53.8121 87.3391 53.0696 38.6137 16.3196 616.736 162.909 124.226 10.8451 1869.33 1208.01
internal_count=1647575 1450108 197467 1047091 676904 57427 140040 403017 191313 370187 270104 125290 21569 211704 103452 100140 248535 675913 164378 158879 210000 200088 54010 51552 2820 26935 26537 26042 3417 666554 248181 48732 14750 194558 246023 245360 9912 21838 21416 503 663664 3312 1568 5076 663 18820 153803 2477 193011 186970 6041 5499 19340 16528 13222 2689 20913 4937 1363 512 29861 24590
is_linear=0
shrinkage=0.05


Tree=18
num_leaves=63
num_cat=0
split_feature=16 25 5 18 28 18 28 5 12 8 22 18 5 25 2 22 16 28 28 8 8 12 18 10 28 22 28 22 2 22 28 22 22 16 25 0 28 2 23 22 5 23 6 8 5 0 6 28 16 22 28 22 2 28 25 6 25 6 22 9 12 23
split_gain=1123.29 264.955 254.251 167.005 164.037 101.104 77.5924 53.3523 46.9833 46.9251 46.2209 42.5996 41.6619 45.5217 36.2791 35.1146 33.9245 33.362 31.1387 31.1046 28.0215 26.8052 25.8694 30.5817 24.6313 24.1263 23.445 22.8285 29.9571 21.9894 21.4781 20.8951 19.8563 19.8181 19.4624 19.219 18.9734 18.8768 24.3643 19.2866 18.8012 18.3565 17.8576 27.3601 27.3316 17.2834 16.2969 16.2304 17.0037 15.9281 15.8733 15.2033 15.0552 16.6199 15.1958 15 27.1938 21.7969 14.9595 29.2204 26.6008 23.985
threshold=43.500000000000007 5.2855923175811776 0.0076046728063374766 15.500000000000002 0.51922127604484569 11.500000000000002 0.43827845156192785 0.012422839645296337 18.500000000000004 3.5000000000000004 49.500000000000007 60.000000000000007 0.015749008394777778 4.5457341670989999 52.500000000000007 70.500000000000014 23.500000000000004 0.59278005361557018 0.5512676239013673 12.500000000000002 10.500000000000002 9.5000000000000018 3.5000000000000004 1.5000000000000002 0.21979774534702304 69.500000000000014 0.37088401615619665 65.500000000000014 3.5000000000000004 26.500000000000004 0.52529984712600719 43.500000000000007 78.500000000000014 100.00000000000001 22.443355560302738 49.500000000000007 0.46812285482883459 73.500000000000014 5.5000000000000009 42.500000000000007 0.016261236742138866 2.5000000000000004 4.5000000000000009 3.5000000000000004 0.016261236742138866 100.00000000000001 2.5000000000000004 0.61191239953041088 36.500000000000007 30.500000000000004 0.81501296162605297 1.5000000000000002 5.5000000000000009 0.763430416584015 8.1723513603210467 1.0000000180025095e-35 23.163162231445316 61.500000000000007 8.5000000000000018 0.013245614245533945 16.500000000000004 7.5000000000000009
decision_type=2 2 2 2 2 2 2 2 2 2 2 2 2 2 2 2 2 2 2 2 2 2 2 2 2 2 2 2 2 2 2 2 2 2 2 2 2 2 2 2 2 2 2 2 2 2 2 2 2 2 2 2 2 2 2 2 2 2 2 2 2 2
left_child=3 2 4 9 5 24 20 8 19 22 30 -6 13 16 42 21 27 31 -18 -4 -5 49 55 -24 -2 29 -23 36 50 47 -10 -13 -33 -12 41 -17 -8 -31 39 -39 -16 -3 43 -9 -44 -26 -30 48 -11 -7 -29 -21 53 54 -15 -1 -57 -58 59 -14 -61 -62
right_child=1 34 7 6 11 15 12 14 10 25 33 17 58 52 40 35 18 -19 -20 51 -22 26 23 -25 45 -27 -28 28 46 37 -32 32 -34 -35 -36 -37 -38 38 -40 -41 -42 -43 44 -45 -46 -47 -48 -49 -50 -51 -52 -53 -54 -55 -56 56 57 -59 -60 60 61 -63
leaf_value=0.046247344942659384 -0.054190813197381886 0.03075048502253502 -0.10769742350757068 0.038278909160556103 0.013043245075180161 0.027056637471029505 -0.041182090555083851 -0.11386722426155907 -0.04215520426534769 0.044437306322375386 0.011536496859035131 -0.039184746855338466 -0.1181507909743599 -0.11085523362606441 0.012407610301934513 0.013771010242573614 -0.031846940813337048 -0.0045669619431519311 -0.0019924258928183838 -0.052725066508875165 -0.042963657528898337 -0.055244439633016097 -0.12086413350480207 0.022803364637208268 -0.097965373906761327 0.037431987888936528 -0.042265014950583095 -0.11437555389933074 -0.11249691043450599 0.013878197442021557 -0.019639412836145762 -0.012900705365250481 -0.091790713708676308 -0.01483552342414844 0.029876894077134505 -0.030416979013594154 0.0045991677889672348 -0.11294765325064507 -0.1135767480151062 0.019839822114174715 0.045494361369676377 0.0037723935526331959 -0.0092309401797308465 0.030065033931395146 -0.11686329020610418 0.0071139331318600804 0.027606706172558088 0.020191617786349703 -0.11235904066462821 -0.035307024364795971 0.058423863600313646 0.023934787011597014 0.02481914389904567 -0.079260011108504169 0.022597276549995285 0.033311372849782285 -0.11146550888948868 0.077191442848753497 0.023926217302674125 -0.11074172803484493 0.025908893599395855 -0.12414681766868713
leaf_weight=284.43778775352985 20.657567077083513 71.412993700243533 5.0013627286534748 11.898211335530503 130.57673876127228 18.92330705258064 23.10304933716543 3.5418491880409411 180.53216344804969 115.9652957059443 127.80357633513631 193.33853988873307 4.9944413374178103 2.3839833596721354 236.9075633736793 32.480207710759714 114.59657087957021 267.25040638283826 367.23600364360027 6.8588496583979568 98.306978723150678 588.68777874682564 3.7390184598043552 396.78782489709556 4.0255068477708837 154.69142000400461 850.67595049552619 5.8718265276402226 2.0989506989717475 1019.1019401295343 256.26167906553019 192.79235625104047 8.3203875783365202 160.95649674860761 108.90489104716107 101.51815286499914 1108.4006068203598 3.2652043860871407 6.4284666108433148 16.824827150907367 52.439184571616352 538.62262010364793 246.96204865881009 48.70251786801964 6.0425144168548277 140.30961229722016 186.6707689280156 299.96119239763357 1.7552419151179481 22.309226237353869 1.7177843856625257 113.36981474375352 329.89849031856284 7.0699492595158508 20.269139036536217 482.76217695930973 5.703381502069532 2.0928752422332764 483.21366761648096 4.3552743401378384 49.624705689493567 2.8140372633934012
leaf_count=676 12687 2075 386 694 7337 2816 5200 292 79373 948 12903 86319 335 130 15695 5114 29963 70029 38692 490 39986 379775 68 2892 771 1350 462052 353 138 13589 60468 61112 2051 37828 1140 35175 64146 283 587 508 396 32062 25556 1333 735 14383 5704 3163 120 7804 10 3813 7145 223 396 1820 88 1 5833 76 420 68
internal_value=0.000387809 -0.0175486 -0.0225515 0.0155087 -0.0319813 -0.0404068 0.0069355 -0.00577233 -0.0138031 0.0241771 -0.0186846 -0.0130563 0.00860535 0.00550046 0.00571859 -0.0442166 0.00227168 -0.0182066 -0.00909287 0.0144791 -0.0341924 -0.0464348 0.0317799 0.0214622 -0.00312534 0.0186535 -0.0475735 0.00639546 0.0221329 0.0166684 -0.0289455 -0.0274478 -0.0161645 -0.00316342 0.0104065 -0.0197061 0.00366441 0.0127945 -0.0288523 -0.00174194 0.018404 0.00693055 -0.00630599 0.0203073 -0.0118015 0.00418327 0.0260489 0.0263662 0.0420994 -0.00668577 -0.0752652 0.0195615 0.0217484 -0.0123343 0.00855292 0.0371122 0.0318154 -0.0608213 0.020964 -0.00220171 0.0079948 0.0178564
internal_weight=10354.2 4736.19 4017.25 5618.04 2571.87 1779.59 2824.52 1445.38 850.784 2793.52 725.554 792.278 2714.32 2169.32 594.596 1614.59 1809.7 661.702 481.833 125.23 110.205 1480.6 1175.52 400.527 164.993 1617.99 1439.36 1327.86 196.359 1463.3 436.794 394.451 201.113 288.76 718.941 133.998 1131.5 1045.62 26.5185 20.09 289.347 610.036 305.249 52.2444 253.005 144.335 188.77 417.682 117.721 41.2325 7.58961 120.229 359.622 29.7231 22.6531 774.996 490.558 7.79626 545.002 61.7885 56.794 52.4387
internal_count=1647575 1421970 1386693 225605 1147425 920577 199512 239268 195261 26093 190572 226848 158832 152100 44007 892736 144206 219511 68655 4689 40680 852447 5545 2960 27841 20548 841827 75551 6205 19198 139841 149482 63163 50731 35277 40289 69346 14967 1378 791 16091 34137 27916 1625 26291 15154 5842 4231 1068 10620 363 4303 7894 749 526 2585 1909 89 6732 899 564 488
is_linear=0
shrinkage=0.05


Tree=19
num_leaves=63
num_cat=0
split_feature=27 22 16 27 20 28 14 20 12 25 22 28 14 2 28 22 22 14 28 2 25 16 28 23 16 16 6 14 8 10 25 0 10 28 16 2 12 6 6 8 25 28 25 0 8 23 22 7 7 16 28 2 22 14 22 2 8 2 27 6 16 16
split_gain=1256.98 190.851 148.985 121.711 72.7435 56.6583 52.9383 52.8592 51.0728 40.535 39.6223 38.0914 39.687 31.4425 30.1742 26.32 24.5923 24.1913 31.9758 29.1392 22.6797 23.7461 23.1593 21.9434 21.9383 31.4511 23.4994 20.7011 20.3589 19.0921 18.6905 20.6626 25.0206 18.6698 18.4596 19.3638 18.394 18.3701 32.7175 18.1445 18.1385 17.5676 17.4992 32.5583 17.2187 17.1217 16.6761 27.6965 20.2928 16.6706 21.6983 20.4904 16.2615 16.0219 24.6874 25.2615 18.0042 15.9799 20.3892 15.828 17.5501 29.4124
threshold=4.5000000000000009 49.500000000000007 6.5000000000000009 1.5000000000000002 18.500000000000004 0.41837534308433538 1.5000000000000002 2.5000000000000004 12.500000000000002 7.1774418354034433 49.500000000000007 0.5462045967578889 17.500000000000004 1.5000000000000002 0.6146826744079591 85.500000000000014 73.500000000000014 9.5000000000000018 0.62302672863006603 21.500000000000004 16.296486854553226 11.500000000000002 0.59506306052207958 1.5000000000000002 10.500000000000002 18.500000000000004 1.0000000180025095e-35 18.500000000000004 8.5000000000000018 60.000000000000007 12.89238500595093 14.500000000000002 1.0000000180025095e-35 0.47465702891349798 96.500000000000014 53.500000000000007 4.5000000000000009 6.5000000000000009 7.5000000000000009 76.500000000000014 5.7362022399902353 0.383884146809578 11.891654014587404 12.500000000000002 2.5000000000000004 3.5000000000000004 27.500000000000004 0.010152545757591726 0.0083683477714657801 8.5000000000000018 0.58828467130661022 73.500000000000014 78.500000000000014 16.500000000000004 77.500000000000014 8.5000000000000018 5.5000000000000009 100.00000000000001 3.5000000000000004 26.500000000000004 20.500000000000004 34.500000000000007
decision_type=2 2 2 2 2 2 2 2 2 2 2 2 2 2 2 2 2 2 2 2 2 2 2 2 2 2 2 2 2 2 2 2 2 2 2 2 2 2 2 2 2 2 2 2 2 2 2 2 2 2 2 2 2 2 2 2 2 2 2 2 2 2
left_child=1 3 6 14 -4 9 42 -5 -6 16 17 12 29 37 40 20 36 -10 24 -20 21 45 -23 -18 28 26 -26 -27 -19 -9 31 -15 -33 41 35 -13 -3 -8 -39 -21 -1 -12 -2 -44 -35 -7 47 -40 -48 50 51 -47 -32 56 -55 -56 -46 -14 -59 -24 -61 -62
right_child=2 5 4 7 8 15 13 11 10 -11 33 34 57 30 -16 -17 23 18 19 39 -22 22 59 -25 25 27 -28 -29 -30 -31 52 32 -34 44 -36 -37 -38 38 46 -41 -42 -43 43 -45 53 49 48 -49 -50 -51 -52 -53 -54 54 55 -57 -58 58 -60 60 61 -63
leaf_value=-0.043965608054944455 0.038412373700252883 0.014922957170458632 0.020513139679074217 0.048708848494834173 0.013562217281645198 0.035589751483809946 0.031779046578717669 -0.016302300961860045 0.011887833460478808 0.0078532729329829475 0.030937715260064842 0.010239050237171407 -0.041053707125796951 0.018650212151238379 0.014911297066988405 0.034868729950418759 0.020684616447938328 0.039587426357731999 0.0055314376480524972 -0.024865826064515793 0.029816475776540476 -0.012190599927312641 0.038765053213081796 -0.027102619636641678 0.055246143429490684 0.011342740985425375 -0.081197224083035716 -0.026334228347233719 -0.026440494226397118 0.02550094561370278 0.034596526044654519 -0.11727113403924193 0.0060342987280957404 -0.034378625237750669 -0.021330500973893423 -0.017180639734887548 -0.040676806220547299 -0.11556893817806331 0.040478619647798669 0.012717529914202566 -0.0009217410987038447 -0.073887997621306406 0.026191404333063297 -0.10926522814943787 -0.1083422846989623 0.033972235730956798 -0.12095033882650236 -0.087467232488748312 0.028645254660983978 0.029372399108605802 -0.10972419395884465 -0.1017914795765279 -0.10724990450336214 0.0033351697104373589 -0.12098969501679027 0.04060368582103685 0.030347234220805226 -0.029253134829723616 0.012936663679644814 -0.074820131691115732 0.043245619451894035 -0.0049582944134525832
leaf_weight=1112.8603553284775 584.6142001519911 15.760506749618797 882.58032250916585 27.903952960856259 923.95352244959213 57.75667588878423 589.05770675488748 76.437868044595234 149.56822137348354 87.231429129955359 5.8184763628523823 156.80828342726454 305.82522846077336 665.68789755471516 22.931402588495985 45.568375914823264 38.847783997422084 26.263961795251817 385.29408996365964 168.26785874902271 47.851613191887736 736.20584932644852 30.74612408131361 62.948383950744756 3.470939189195632 43.29267567791976 34.74232828716049 230.89766349352431 21.016534690163098 42.499322719522752 135.82408819999546 4.1508939228951922 463.98520558211021 21.442983967252076 193.0417365427129 109.24683005106635 264.88223433669191 5.0072045624256125 7.7129797046072808 39.688560063252226 25.025204085977748 12.766336577013133 20.143482009880248 5.6889491425827137 2.3872006211895487 10.517149053979667 2.3315396821126333 9.3659022618085128 81.848263253457844 16.977561720879748 6.9276618231087914 3.7774240425787857 2.0510310255922368 471.62027699779719 2.5067530106753102 68.719192038988695 118.48005110223312 291.99942971579731 31.750670970068313 7.4652629233896723 37.988271696958691 189.51557593955658
leaf_count=664646 1897 2368 14912 712 19254 1849 2923 15882 4504 7093 372 16741 114651 7506 9368 1787 4268 470 18706 20818 662 182055 2363 18740 54 2338 4451 41069 1745 3986 896 84 10532 1169 63795 26039 141303 115 80 4803 2890 2658 79 80 147 510 173 225 747 847 793 721 55 30343 144 1133 2985 122023 6358 1163 2007 34488
internal_value=0.000409204 -0.021221 0.0145864 -0.0302493 0.00803452 -0.00819558 0.0237699 -0.0193269 0.00400061 -0.0229029 -0.000890465 -0.020899 -0.0278536 0.0197781 -0.0418746 -0.00239719 -0.0299182 -0.00680701 -0.00974127 -0.0026096 -0.00387935 -0.005348 -0.00762367 -0.0088659 -0.021504 -0.0263079 -0.068804 -0.0203853 0.0102375 -0.00136492 0.0151037 0.0129899 0.00494097 0.00837858 -0.00956016 -0.00101995 -0.0375544 0.0283272 0.00919286 -0.017693 -0.043019 -0.0410695 0.0366329 -0.00363954 0.00971986 0.0184132 0.0153623 -0.0296857 0.0245019 -0.00755708 -0.0371003 -0.00190412 0.0324864 0.0111446 0.0074789 0.0349165 0.027608 -0.0328577 -0.0251155 0.00502973 0.000615402 0.00309073
internal_weight=10247.5 4057.3 6190.25 2396.33 3612.78 1660.97 2577.47 1235.51 2730.2 469.67 1806.24 1207.61 748.513 1967.02 1160.82 1191.3 382.439 1102.5 952.935 593.251 1145.73 1097.88 1001.92 101.796 359.684 312.404 38.2133 274.19 47.2805 118.937 1271.7 1133.82 468.136 703.741 459.097 266.055 280.643 695.324 106.266 207.956 1137.89 18.5848 610.447 25.8324 685.156 95.9565 101.259 17.0789 84.1798 38.1998 21.2222 14.2946 137.875 663.713 542.846 71.2259 120.867 629.575 323.75 265.715 234.969 227.504
internal_count=1647575 1450108 197467 1047091 172075 403017 25392 370187 157163 173772 137909 369475 262900 23336 676904 229245 166679 98958 94454 44327 227458 226796 222076 23008 50127 47912 4505 43407 2215 19868 19073 18122 10616 38951 106575 42780 143671 4263 1340 25621 667536 3030 2056 159 35921 4720 1225 305 920 2871 2024 1231 951 34752 31620 1277 3132 243032 128381 40021 37658 36495
is_linear=0
shrinkage=0.05


Tree=20
num_leaves=63
num_cat=0
split_feature=4 12 16 16 21 12 16 0 2 23 18 18 6 4 16 9 23 0 9 0 2 16 21 2 9 4 2 4 16 6 9 0 0 16 23 17 2 14 13 6 4 2 23 14 14 3 23 2 9 21 2 23 1 14 14 10 10 6 16 14 21 16
split_gain=920.846 202.793 155.615 151.952 73.0945 59.5621 49.8892 42.6338 39.024 37.5674 36.1677 35.8028 35.3343 27.624 37.7456 23.8844 23.8513 29.2263 23.6905 28.7055 22.3467 19.9071 24.2254 18.6171 18.4857 17.5931 16.7745 24.4209 16.144 17.9979 15.8447 15.8128 15.7688 15.7164 15.626 15.3429 14.6709 14.6327 18.8724 14.3364 17.1798 17.887 15.7891 14.2295 14.2644 19.7572 16.9191 15.6429 14.5978 30.8379 18.2737 13.7256 22.7567 13.6337 13.6158 13.6038 13.4134 13.5181 16.3649 13.4055 13.1265 19.1546
threshold=42.500000000000007 60.000000000000007 3.5000000000000004 97.500000000000014 0.013793759513646366 4.5000000000000009 28.500000000000004 96.500000000000014 59.500000000000007 1.5000000000000002 5.5000000000000009 5.5000000000000009 25.500000000000004 20.500000000000004 30.500000000000004 0.012270400300621988 3.5000000000000004 10.500000000000002 0.0080972984433174151 35.500000000000007 100.00000000000001 1.5000000000000002 0.014599318150430919 40.500000000000007 0.013986697886139156 1.0000000180025095e-35 6.5000000000000009 54.500000000000007 100.00000000000001 18.500000000000004 0.0077221228275448093 18.500000000000004 16.500000000000004 31.500000000000004 2.5000000000000004 0.011173533275723459 36.500000000000007 18.500000000000004 0.013606071937829258 93.500000000000014 72.500000000000014 10.500000000000002 6.5000000000000009 1.0000000180025095e-35 12.500000000000002 0.0081634009256958979 7.5000000000000009 1.0000000180025095e-35 0.0064725596457719812 0.014815627597272398 25.500000000000004 7.5000000000000009 0.012121656909585001 8.5000000000000018 7.5000000000000009 7.5000000000000009 15.500000000000002 37.500000000000007 92.500000000000014 18.500000000000004 1.0000000180025095e-35 17.500000000000004
decision_type=2 2 2 2 2 2 2 2 2 2 2 2 2 2 2 2 2 2 2 2 2 2 2 2 2 2 2 2 2 2 2 2 2 2 2 2 2 2 2 2 2 2 2 2 2 2 2 2 2 2 2 2 2 2 2 2 2 2 2 2 2 2
left_child=2 9 10 6 8 -4 21 -6 15 12 25 -10 -2 16 -15 31 23 33 19 -8 28 -3 -23 36 51 -1 27 -11 29 -16 -27 -5 -13 35 -17 -18 60 38 -22 56 42 -42 -41 -19 45 -45 48 -47 49 -46 55 -12 -53 -30 -34 -50 -20 -58 -59 -52 61 -7
right_child=1 3 5 4 7 13 18 -9 11 26 24 32 -14 14 20 34 17 43 39 -21 37 22 -24 -25 -26 30 -28 -29 53 -31 -32 -33 54 -35 -36 -37 -38 -39 -40 40 41 -43 -44 44 46 47 -48 -49 50 -51 59 52 -54 -55 -56 -57 57 58 -60 -61 -62 -63
leaf_value=0.043542672907300711 0.025862690092773383 0.026045858697821275 0.020922946825008792 0.019065798385834984 0.040179312639824438 0.014795801068302031 0.010577655466583593 -0.014251166312763009 0.020174028632326195 -0.11757227288951402 0.010372662062539712 -0.0095971664820894906 -0.057032903307947969 0.0093308579979063649 -0.042469683001267633 -0.075505229043769662 -0.10291544421507282 -0.12042254571905749 -0.094779468121751378 -0.024827552150285023 0.065206216329114872 -0.0050551040146444709 0.033808534994098152 0.027156468109789916 0.023186188899641601 -0.12421388211339097 0.0055897966278604556 0.034940668464314158 0.032350377631882227 -0.0047314162300909277 0.028809258895417425 -0.024776917410847445 -0.002197473500558606 0.026035878151637798 0.046776984861750637 0.0073217310381383021 -0.09380088681032836 0.00026373671342414749 -0.11340674992272354 0.049136591268912899 0.079469323918072154 -0.013390354903498698 -0.078462793273081657 -0.11698573628811276 -0.04468166548307044 -0.12694743098151026 0.0086175883798625483 0.014772315229153342 -0.11149019902545521 0.057266440425971447 -0.10539012331751257 0.0042440666839848422 -0.11889263373620051 -0.03579126458314285 -0.038666614781879882 -0.013912991966113206 0.0035791003505948231 -0.028824735260266323 0.048326208556226102 0.017099255494428561 0.028193153037063452 -0.0023060687537981937
leaf_weight=279.55544326454401 18.253028252860531 73.894861164269969 722.81799823488109 23.157695823698305 44.711262347409502 428.15202977391891 62.925490549299866 184.13469884952065 27.66546517907409 2.717484049499034 221.56280622049235 50.191399999079295 43.468690758571029 380.68930672702845 36.736994913779199 2.968684253748509 3.1881224485114208 2.6196889188140622 4.8210659809410563 634.66322371840943 16.678163351025436 467.12090182374232 43.863351804902777 203.08297009998932 693.46223057503812 1.696390320546924 743.12706141354283 76.915833075996488 7.8159657064825288 225.65782362851314 604.61489016399719 183.78382146859076 26.022849577013403 145.59721977636218 21.775963748223148 317.26956703350879 3.3775125138927242 88.718582277651876 1.6228085663169611 31.863038955954835 5.7210378022864452 55.439088074141182 2.6240276279859236 2.9945175596512845 65.18601028888952 1.9746677195653308 117.81734807044268 139.63136646756902 3.6345310406759372 8.3700889586471003 2.3055378408171228 11.411085650324823 5.5902426457032552 120.6775031107245 1551.6192587605328 207.42403440305497 91.166253639850765 92.136215374921449 7.4274715573992571 71.691536392900161 93.718301647342741 265.10905014211312
leaf_count=630 311 2751 7063 4440 1042 8196 9914 44032 4958 91 4316 19111 9763 21425 3784 841 320 114 605 232495 304 68171 679 6637 5803 61 63167 720 299 24661 2426 67881 7600 6403 2532 7029 513 23793 140 2393 139 15377 779 288 13333 67 8469 2438 160 110 187 347 246 34125 839176 12189 10751 15592 656 6113 1111 17560
internal_value=0.000179737 -0.0163981 0.0139609 -0.0215526 -0.0303029 0.00805464 -0.00978652 -0.0036167 -0.033539 0.00510451 0.0259317 -0.0362287 -0.0325181 0.00491411 -0.00252129 -0.0143194 0.0080501 0.00294173 -0.0166335 -0.0216339 -0.0115832 0.00178886 -0.00171901 0.0136535 0.019056 0.0331657 0.00792688 0.0297362 -0.0171257 -0.010015 0.0283811 -0.0198707 -0.0371873 0.012414 0.0321064 0.00622502 0.0101839 0.00866085 0.049368 -0.00465475 0.0112084 -0.00470408 0.0394279 -0.00413693 -0.0036464 0.0101084 -0.00782111 0.0127961 -0.0132218 -0.0330808 -0.00809741 0.00705046 -0.0362448 -0.0316464 -0.0380651 -0.0155933 -0.0124137 -0.0103317 -0.0230693 0.0132828 0.0106301 0.0082559
internal_weight=10076.6 4574.18 5502.45 3689.7 2116.03 3684.56 1573.67 228.846 1887.19 884.482 1817.89 1655.5 61.7217 2961.74 878.597 231.686 2083.14 1089.7 988.787 697.589 497.908 584.879 510.984 993.44 932.026 885.867 822.76 79.6333 390.888 262.395 606.311 206.942 1627.83 466.055 24.7446 320.458 790.357 107.02 18.301 291.198 95.6472 61.1601 34.4871 623.649 621.03 144.601 476.429 141.606 358.612 73.5561 285.056 238.564 17.0013 128.493 1577.64 211.059 195.551 190.73 99.5637 73.9971 786.979 693.261
internal_count=1646627 1425967 220660 1351915 991613 206831 360302 45074 946539 74052 13829 870845 10074 199768 108531 75694 91237 57220 288701 242409 87106 71601 68850 34017 10712 3117 63978 811 62869 28445 2487 72321 865887 13752 3373 7349 27380 24237 444 46292 18688 15516 3172 43468 43354 2793 40561 2505 32092 13443 18649 4909 593 34424 846776 12349 27604 26999 16248 6300 26867 25756
is_linear=0
shrinkage=0.05


Tree=21
num_leaves=63
num_cat=0
split_feature=27 16 4 25 25 28 4 18 28 12 12 28 15 2 16 28 18 4 28 2 8 23 0 16 28 28 2 4 28 12 4 3 10 4 6 9 0 16 6 18 18 4 16 9 15 15 28 2 5 28 10 16 28 8 15 6 2 16 8 28 18 28
split_gain=933.282 246.814 132.722 140.883 120.873 115.183 85.3111 49.7314 37.8186 37.4656 35.284 48.9406 33.1275 32.0808 26.407 26.2895 23.7117 21.6982 20.8521 26.96 31.8659 26.8566 29.2669 22.6644 30.5137 20.4026 19.4553 19.0606 18.5246 23.5461 18.5356 18.1635 17.2205 17.0499 16.8011 27.3943 16.6053 16.17 16.1484 16.1113 19.9622 20.06 15.7627 16.3288 15.6443 22.0563 15.6104 15.5281 14.4063 14.3459 14.2051 14.0743 13.9083 23.2864 13.8384 17.5351 13.6599 13.5958 13.5368 13.497 21.5574 18.4746
threshold=2.5000000000000004 4.5000000000000009 34.500000000000007 3.49730396270752 3.49730396270752 0.39224551618099218 30.500000000000004 5.5000000000000009 0.52987733483314525 13.500000000000002 5.5000000000000009 0.53138622641563427 0.015504807699471714 100.00000000000001 50.500000000000007 0.19330869615077975 13.500000000000002 100.00000000000001 0.55653977394104015 39.500000000000007 31.500000000000004 1.5000000000000002 6.5000000000000009 8.5000000000000018 0.50477883219718944 0.59278005361557018 46.500000000000007 1.0000000180025095e-35 0.62906339764595043 18.500000000000004 91.500000000000014 0.0082988981157541292 3.5000000000000004 92.500000000000014 6.5000000000000009 0.0078432578593492525 45.500000000000007 47.500000000000007 61.500000000000007 17.500000000000004 12.500000000000002 1.0000000180025095e-35 52.500000000000007 0.011173533275723459 0.013986697886139156 1.0000000180025095e-35 0.56007468700408947 2.5000000000000004 0.013606071937829258 0.6146826744079591 12.500000000000002 25.500000000000004 0.81501296162605297 15.500000000000002 0.015268065501004459 4.5000000000000009 3.5000000000000004 93.500000000000014 77.500000000000014 0.65884390473365795 6.5000000000000009 0.64639893174171459
decision_type=2 2 2 2 2 2 2 2 2 2 2 2 2 2 2 2 2 2 2 2 2 2 2 2 2 2 2 2 2 2 2 2 2 2 2 2 2 2 2 2 2 2 2 2 2 2 2 2 2 2 2 2 2 2 2 2 2 2 2 2 2 2
left_child=2 7 13 5 6 -4 16 27 9 -7 54 12 14 -1 26 -5 25 28 19 20 23 -21 -23 -18 36 47 -12 -2 29 -13 32 -27 -31 -17 35 -9 -25 -22 -28 40 41 -36 43 -24 45 -34 -20 -3 -26 -35 -41 -47 -48 -54 55 -8 -30 -11 -39 60 61 -6
right_child=1 4 3 15 59 8 10 34 -10 57 11 17 -14 -15 -16 33 18 -19 46 21 37 22 42 24 48 31 38 -29 56 30 -32 -33 44 49 39 -37 -38 58 -40 50 -42 -43 -44 -45 -46 51 52 -49 -50 -51 -52 -53 53 -55 -56 -57 -58 -59 -60 -61 -62 -63
leaf_value=-0.052042950678237526 0.042043597813818355 -0.11342941502797062 -0.049123740987347592 -0.092150837520802331 -0.0036012379181659853 0.039141393204685869 -0.12402099134515239 -0.12268755799116954 -0.012737779251091867 -0.021814482116746924 -0.043748744481534187 0.015700319687144731 0.021459034989368391 0.014708390118733511 -0.038079225163564379 -0.099430701855379666 0.036874380674845768 0.0050115608522174329 0.03964664236284092 0.038741270289557261 -0.08296236075447512 0.037527551557268599 0.015581122079054561 0.026148611458131868 -0.03008527264334937 -0.11358565266999301 -0.030358107931744066 0.026862253961092854 -0.10344600216779272 0.054510847145002705 -0.071617354409633419 0.0089360033142058364 -0.02376404324340238 0.013045496471034888 -0.11903736000468586 0.021989858572921323 -0.08873230134261427 -0.085225696813419016 0.012449327936404112 -0.1123381646771166 0.041694842745158389 0.0113761004085291 -0.054855830095250996 -0.093899420677838255 -0.10150427117527057 -0.10223304555498643 0.0022670097453720349 0.029245316276741401 -0.10650230353608654 -0.10020039302657698 0.0040907526982850752 0.04491586703800058 0.038298031362122405 -0.032182439950747078 -0.0034695451809693572 0.020772208608582105 -0.0019060059257288407 -0.036015198164481614 -0.019592137266789256 0.022409527923743889 0.016427188792929162 -0.11130623266284929
leaf_weight=19.576234139502048 283.16432166751474 1.9281535809859622 762.3756130982656 6.4859113125130525 113.98543363064528 18.793696914683096 2.1237782612442961 3.2878680466674259 439.69745317311026 229.99950031971093 35.025220977026038 44.775137280113995 34.545837656245567 223.509609434288 288.03529256529873 3.509711480466648 24.934123051119968 309.31943417224102 31.365650453604758 43.279288239777088 23.038039074628614 22.661071315407753 21.895905227283951 27.530419632385023 15.441779580316508 3.0405111215077332 31.744856598204933 766.2084419594612 3.3418030994944266 7.5568727273493996 18.442212492227554 589.79683136881795 289.64998301106971 223.05708481068723 3.0387795534916213 673.163387787994 3.5512653937330461 9.7529318956658226 71.995132336509414 2.6395442788489154 73.208761261310428 99.439214852172881 29.571456027799286 4.0331546696834257 6.0484812106005839 1.7903447912540311 980.93398541386705 174.30887670279481 10.269116667332126 2.8320658835582426 349.72345135977957 17.594707523938268 60.377782624447718 14.542014219099654 148.65029947657604 135.41825947724283 373.69315338111483 630.84024509624578 40.392430014384445 593.57231306633912 491.30748777429108 4.1255684988573185
leaf_count=7631 674 49 502256 2383 2701 2744 142 198 165750 101201 7342 1963 3005 20303 103656 664 395 40817 1283 1940 4098 906 2188 1155 1687 215 7011 3465 480 118 5674 8861 61548 17399 61 5907 711 2278 12428 144 569 958 8426 782 699 183 61985 2262 1145 462 10616 846 949 879 6714 5668 42281 364257 8725 8801 15867 122
internal_value=0.000206568 0.00919989 -0.0258154 -0.029502 0.00316594 -0.0336517 -0.00105788 0.0230016 -0.0247112 -0.0306964 -0.00901023 -0.0120179 -0.0256349 0.00933276 -0.0294468 0.00711984 0.00572774 -0.00615886 0.00176827 -0.0104958 -0.0243233 0.00714252 -0.0103542 -0.00286386 -0.0203105 0.0127479 -0.0115283 0.0309588 -0.010688 -0.0183897 -0.0228649 0.00830762 -0.0200781 0.00992657 0.0160692 0.0212867 0.0130228 -0.0482878 -0.000649921 0.00938556 0.0217542 0.00750895 -0.0299045 -0.00144811 -0.0218671 -0.0203084 0.00488557 0.0276844 -0.0606068 0.0116257 0.00321859 0.0313256 0.00385294 0.0246177 0.00710639 0.0185365 -0.00280599 -0.032221 -0.0323574 0.0170432 0.0118164 -0.00736333
internal_weight=9969.94 7409.26 2560.68 2317.59 5155.39 2081.71 3952.4 2253.87 1319.33 879.633 1819.75 1533.56 461.346 243.086 426.801 235.885 2132.64 1072.21 1363.57 276.351 154.91 121.441 78.1616 81.7267 56.7926 769.074 138.765 1049.37 762.893 385.858 341.083 592.837 322.64 229.399 1204.5 676.451 31.0817 73.1834 103.74 528.05 175.687 102.478 55.5005 25.9291 315.084 309.035 1087.22 176.237 25.7109 225.889 352.363 19.3851 1055.85 74.9198 286.192 137.542 377.035 860.84 50.1454 1202.99 609.418 118.111
internal_count=1646627 461577 1185050 1157116 438985 1136208 411494 22592 633952 468202 300575 288051 133442 27934 130437 20908 110919 154609 99532 34436 20194 14242 12302 5093 4698 11387 26781 4139 113792 71031 69068 9076 63394 18525 18453 6105 1866 15101 19439 12348 1588 1019 11396 2970 63276 62577 65096 2311 2832 17861 10760 1029 63813 1828 12524 5810 42761 465458 11003 27491 18690 2823
is_linear=0
shrinkage=0.05


Tree=22
num_leaves=63
num_cat=0
split_feature=5 22 15 16 16 22 18 12 6 23 15 22 23 0 5 22 20 18 8 23 16 23 22 2 20 2 6 6 20 8 8 8 12 22 16 0 2 16 23 22 2 6 8 20 22 5 18 0 5 12 5 22 0 16 5 16 12 5 6 15 12 10
split_gain=789.822 182.408 199.638 137.664 92.1338 61.8181 59.7399 56.8075 44.3792 37.4053 36.058 34.9487 33.5157 30.3748 38.4466 26.357 25.2645 25.0817 24.9947 24.3048 22.77 23.8331 22.507 22.486 21.4703 22.7318 20.9775 20.3703 19.858 19.7626 18.8899 24.3018 22.2943 23.125 18.9505 19.4144 18.1761 17.9836 23.1968 17.6524 17.6386 16.7525 16.7221 17.3282 16.3774 18.5263 16.1706 16.1284 16.0647 15.932 15.8941 19.1342 15.7205 18.6465 15.6494 20.3423 25.8959 24.831 21.1528 16.8956 15.4328 15.8886
threshold=0.0096620614640414732 57.500000000000007 0.012579114176332952 3.5000000000000004 86.500000000000014 73.500000000000014 18.500000000000004 17.500000000000004 5.5000000000000009 3.5000000000000004 0.016001024283468727 47.500000000000007 1.5000000000000002 58.500000000000007 0.0092167854309082049 48.500000000000007 12.500000000000002 5.5000000000000009 25.500000000000004 3.5000000000000004 94.500000000000014 5.5000000000000009 85.500000000000014 42.500000000000007 14.500000000000002 37.500000000000007 10.500000000000002 18.500000000000004 12.500000000000002 87.500000000000014 29.500000000000004 41.500000000000007 16.500000000000004 42.500000000000007 1.5000000000000002 3.5000000000000004 12.500000000000002 4.5000000000000009 5.5000000000000009 45.500000000000007 47.500000000000007 9.5000000000000018 6.5000000000000009 10.500000000000002 46.500000000000007 0.016261236742138866 7.5000000000000009 1.0000000180025095e-35 0.010256679728627207 14.500000000000002 0.014599318150430919 42.500000000000007 29.500000000000004 1.5000000000000002 0.015038444194942715 1.5000000000000002 12.500000000000002 0.010471491608768703 50.500000000000007 0.013793759513646366 2.5000000000000004 15.500000000000002
decision_type=2 2 2 2 2 2 2 2 2 2 2 2 2 2 2 2 2 2 2 2 2 2 2 2 2 2 2 2 2 2 2 2 2 2 2 2 2 2 2 2 2 2 2 2 2 2 2 2 2 2 2 2 2 2 2 2 2 2 2 2 2 2
left_child=1 2 4 10 9 6 60 -6 15 -1 30 18 41 14 29 -4 -15 -9 -8 -7 21 -18 -22 -20 40 52 -21 -28 -25 -3 54 32 33 -32 44 -36 -29 38 -13 -19 -11 -10 -41 -44 -33 -46 -12 -48 -38 -30 -51 -52 53 -26 55 58 -57 -58 -2 -59 61 -5
right_child=3 13 8 5 7 19 11 17 12 24 46 37 -14 16 -16 -17 20 39 23 26 22 -23 -24 28 25 -27 27 36 49 -31 31 34 -34 -35 35 -37 48 -39 -40 42 -42 -43 43 -45 45 -47 47 -49 -50 50 51 -53 -54 -55 -56 56 57 59 -60 -61 -62 -63
leaf_value=-0.029674371889612403 0.025390611964002514 0.029531043696595212 0.043865517694797906 0.016794461752075478 0.0019795883502688456 0.03938965675733859 0.0014447850845768584 0.035357344623452837 0.041994192340489615 -0.015963277379660409 0.037646940255397755 -0.11556754872066931 0.0018990813953583489 0.0095207642382417468 -0.062095344994723412 -0.068683699154001451 0.0099289657527027245 -0.041600440777589988 -0.023128298036414231 -0.056679421291442947 -0.019701589190141686 -0.021739642134693902 0.032071976127619625 0.055597251747207636 0.046003780826631313 -0.018095026152003778 0.052365082382920917 -0.1092283445910554 0.057178442969941901 0.004920749434547309 0.047207025947845885 0.0042642277192584737 -0.11468597042581007 -0.11213010104870968 -0.1145712293660842 0.036018504375480674 -0.10024401120287191 0.0083077777063494222 0.0086086665764190211 0.059620966155967972 0.040505726420780368 -0.059519871687786566 0.005254021572585559 -0.033610632026351804 -0.12512253281044511 0.025977169800796243 0.044972931008258277 -0.12505509735462131 0.014109817914190803 -0.017952619764988294 0.017258775062416909 -0.10735377980804373 0.0084989179804922949 -0.078256323744156836 0.025442762842214073 0.017678001808069135 0.045285306812890516 -0.027654509620593511 -0.11599267582004875 -0.11324609642577999 0.0097647271608750728 0.042747126333328445
leaf_weight=326.7034944066545 194.11026279628277 159.055589646101 82.360393774230033 360.592979150475 95.114954238000792 198.24358759471215 516.42209559731418 11.59812120720744 4.6333221010863772 21.882123730611056 446.71065458515659 6.7638355083763591 480.61637277493719 248.50906542630401 16.161195566295646 5.552459590137004 219.6220537526533 1106.4684897568077 298.10093104734551 10.778108592145143 378.76766930421581 81.441211127850693 22.22300203377381 13.822768290992824 4.1382495532743624 415.67505120032001 28.187797216465697 3.5213428912684313 9.521289892960338 167.45614474645117 7.0754641480743903 20.448629282414917 8.0857820794917625 3.3577761435881257 2.237632803618907 49.202754828613251 3.2523115561343721 814.01764775259653 8.4710322641767544 5.2581125253345808 37.574793551699258 33.082617265754379 31.44129755278118 326.60061462386511 6.2328070024959725 3.0074861198663712 2.5598476547747842 3.0643429066985846 55.158178617828526 150.17635816161055 64.151255926582962 3.2359239347279063 153.24876740085892 11.163364867330527 891.71423758007586 82.528403828851879 10.757160436362026 49.155973563436419 2.6820818246342233 6.5318421102128914 1025.7964081995888 70.505339249037206
leaf_count=94857 1880 6801 785 3326 22849 2776 28284 2377 40 677 1181 378 46130 15207 1731 242 31070 668080 48642 470 136225 16741 2618 244 65 145601 292 328 292 26980 38 570 486 71 151 939 475 53900 213 1136 835 8040 3093 177092 374 24 5 76 2059 42687 2835 436 14535 2160 5406 621 133 1490 207 177 18801 393
internal_value=0.000233121 -0.0153925 -0.0218783 0.0130277 -0.0280165 0.00744637 0.00549699 -0.0354776 0.00390873 -0.0158952 0.0243832 -0.000380903 -0.00166258 0.000420709 0.0131833 0.0367571 -0.00418013 -0.0378826 -0.00641615 0.0292221 -0.00902989 0.00136223 -0.0168323 -0.0139477 -0.00890151 -0.0118147 0.00924477 0.0171292 -0.00258753 0.0169093 0.0202551 -0.000687635 -0.052369 -0.00407315 0.0111094 0.0294679 0.00109179 0.00730046 -0.0465219 -0.0384606 0.0197233 -0.0470491 -0.0288978 -0.0301977 -0.0206993 -0.0759433 0.0365862 -0.0476669 0.00774257 -0.00612927 -0.00889982 0.0112749 0.0036738 -0.0446508 0.0219415 0.0129118 -0.00102711 -0.0242599 0.0234637 -0.0376939 0.0131008 0.021039
internal_weight=9876.53 4446.35 3153.11 5430.18 2546.87 3640.72 3341.58 1576.48 606.245 970.386 1789.46 1884.68 518.332 1293.24 342.673 87.9129 950.563 1481.37 1055.43 299.141 702.054 301.063 400.991 539.009 643.682 584.225 100.898 90.1196 240.908 326.512 1337.13 99.6483 18.519 10.4332 81.1293 51.4404 61.9318 829.253 15.2349 1469.77 59.4569 37.7159 363.3 358.042 29.6889 9.24029 452.335 5.62419 58.4105 227.085 217.564 67.3872 168.55 15.3016 1237.48 345.766 148.973 66.445 196.792 55.6878 1456.89 431.098
internal_count=1646627 1425967 1188594 220660 1133357 206831 200431 874627 55237 258730 13829 177911 54210 237373 35512 1027 201861 851778 123420 6400 186654 47811 138843 95136 163873 162361 3624 3154 46494 33781 12567 2653 595 109 2058 1090 2862 54491 591 849401 1512 8080 181321 180185 968 398 1262 81 2534 46250 45958 3271 16760 2225 9914 4508 2421 1800 2087 1667 22520 3719
is_linear=0
shrinkage=0.05


Tree=23
num_leaves=63
num_cat=0
split_feature=27 16 22 21 5 28 5 12 14 21 28 2 5 28 22 25 6 28 22 2 28 22 22 14 28 18 28 10 28 6 18 22 5 28 22 28 28 2 16 23 22 5 22 25 28 9 12 5 18 28 16 28 9 12 28 18 17 10 22 6 10 1
split_gain=837.139 238.785 166.244 104.742 63.5743 61.2778 56.314 50.113 42.2111 38.2603 38.2232 46.4217 35.7293 31.8324 31.7144 31.4593 25.0225 23.9333 23.803 22.0916 20.3556 19.6762 19.6228 28.8176 20.344 19.4366 28.3364 22.5159 19.4342 19.2683 18.1848 17.9006 17.6664 17.39 16.7566 17.0179 15.9861 17.9552 17.7865 15.8072 15.7514 17.0671 15.7776 20.677 15.4235 15.4125 18.794 15.5926 14.9646 22.4743 15.358 14.9016 14.831 16.556 14.7299 20.8311 21.0456 17.7462 16.6746 20.2161 22.6026 20.3867
threshold=2.5000000000000004 4.5000000000000009 62.500000000000007 1.0000000180025095e-35 0.011428944766521456 0.43293851613998419 0.010471491608768703 8.5000000000000018 1.5000000000000002 0.012739370577037336 0.53138622641563427 95.500000000000014 0.011561079882085325 0.33326639235019689 73.500000000000014 16.434396743774418 1.5000000000000002 0.51922127604484569 57.500000000000007 1.5000000000000002 0.27233926951885229 71.500000000000014 52.500000000000007 12.500000000000002 0.74537017941474926 13.500000000000002 0.81501296162605297 16.500000000000004 0.21979774534702304 1.5000000000000002 14.500000000000002 64.500000000000014 0.013245614245533945 0.3021401315927506 3.5000000000000004 0.68439403176307689 0.67315113544464122 69.500000000000014 6.5000000000000009 3.5000000000000004 79.500000000000014 0.0090499590151011961 59.500000000000007 8.6280279159545916 0.63916248083114635 0.0069204980973154315 2.5000000000000004 0.0077822189778089532 13.500000000000002 0.33785387873649603 11.500000000000002 0.39224551618099218 0.013606071937829258 12.500000000000002 0.61191239953041088 1.5000000000000002 0.0067797389347106227 13.500000000000002 68.500000000000014 16.500000000000004 1.5000000000000002 0.0085107926279306429
decision_type=2 2 2 2 2 2 2 2 2 2 2 2 2 2 2 2 2 2 2 2 2 2 2 2 2 2 2 2 2 2 2 2 2 2 2 2 2 2 2 2 2 2 2 2 2 2 2 2 2 2 2 2 2 2 2 2 2 2 2 2 2 2
left_child=2 8 5 4 10 6 7 20 -2 32 11 16 13 -4 25 48 -3 -14 -18 -10 -1 -15 23 24 -12 27 29 54 -13 44 -31 -29 39 -17 -25 -36 38 -38 -24 -7 41 -40 -43 -44 -27 47 -47 -37 49 -9 -50 -8 53 -28 57 -56 -57 -6 59 60 -58 -61
right_child=1 3 12 -5 14 9 51 15 19 -11 22 28 17 21 -16 33 18 -19 -20 -21 -22 -23 36 34 -26 26 52 31 -30 30 -32 -33 -34 -35 35 45 37 -39 40 -41 -42 42 43 -45 -46 46 -48 -49 50 -51 -52 -53 -54 -55 55 56 58 -59 -60 61 -62 -63
leaf_value=-0.062894598390933323 0.034974696021268646 0.051352237733061606 -0.03321558945830768 0.016802492487008082 0.02104545059866909 -0.035163097390632198 0.005299432801061787 -0.052582903235467854 0.026146827644499795 0.025439505034154181 0.012599366265599449 -0.053388879055789956 0.037337072418598891 -0.013122966258574606 0.028943013566695326 0.056693666325049012 -0.042628658313471138 -0.10392455105745853 -0.0097582504149424255 0.014303307413414769 0.034419066765070054 0.0092424196514247197 -0.10658074090361974 0.005015623291872111 -0.048954697712457598 0.040861653779148813 0.050049020189478433 0.026888549077609215 -0.0014961583073084255 -0.065722225452855387 -0.0034614255755716461 -0.11312661114088148 0.0095384271966638783 -0.10088945602290006 -0.020533540636377724 -0.04874968785682831 0.024645491558103014 -0.057637926425749747 0.0039855381428019398 -0.020886676649400138 0.027948560407430462 0.00036345407999320583 -0.055289403159803178 0.071218725075519629 -0.00092044117288247193 0.059082775432391849 -0.014811385599833964 0.057514662606420665 0.0058392950023399212 0.054319697890760403 -0.049558984869755192 -0.04622289055464418 0.041306200883497707 -0.045491136143067441 0.015953418524668476 -0.11741831287046987 -0.11181673012354194 -0.12148236614401134 0.046954666952435095 -0.11236425460279559 0.0011391900675738933 -0.024091404851610963
leaf_weight=6.6879504105309016 521.92887158319354 8.809187696548177 87.666966025077272 1067.4350531930104 139.10203651618212 306.68892068846617 78.613419764325954 11.009660807671027 626.46152192028239 39.866020352696069 209.12630321085453 19.143219619290903 70.878862441400997 167.47465766302776 134.0322891632095 10.76986612472683 214.60084378521424 3.1308815455995491 74.090765643632039 1059.8841921009589 27.346460222499445 238.2195940358215 3.8675740733742705 117.67301739519462 14.344127982854841 44.569340521469712 7.308933415217326 185.15999792446382 313.75162771984469 11.866990718990563 1000.5996739725815 2.3112394534982732 36.207557852147147 2.0905727297067633 424.39781051594764 4.2428103366401073 126.42844545235857 6.996800576336681 229.22753718518652 527.17344101052731 47.742829208727926 37.729153761640191 37.572031148243695 3.5336902854032806 43.787047386169434 9.5008725053630751 91.230351822916418 18.523100190097466 12.702755438862367 8.8833162989467365 827.65368116350146 17.083780981251039 59.081761260982603 11.945113132707775 133.24768756702542 4.3559084404259911 4.5424496503546825 2.2188004357740274 13.753706329967825 7.6127014220692208 176.92946735641453 46.45365477190353
leaf_count=4278 1634 378 40231 21061 1748 141902 8047 8140 3921 2424 7152 11275 1368 56797 2640 84 69486 564 11736 17037 1877 35753 455 19127 619 977 97 2380 55788 547 80124 127 3448 172 88917 1088 5627 1110 24734 301131 1469 3994 5228 33 1202 61 10136 1642 4156 1359 569816 3503 798 852 1161 259 168 150 111 418 2991 1119
internal_value=0.000301286 0.00881041 -0.024803 0.00287202 -0.000807353 -0.0318532 -0.0403779 -0.0442263 0.0225489 -0.0224582 -0.00710388 -0.017307 -0.00103445 -0.00589416 0.00543844 -0.0465465 -0.0316596 0.0313612 -0.0341927 0.0187031 0.0152964 9.76394e-06 -0.00245023 -0.00688714 0.00864833 0.00377584 -0.000169359 0.0102759 -0.00448027 -0.00223701 -0.00419118 0.0251624 -0.0246528 0.0310772 -0.0121033 -0.01578 0.00554937 0.0203306 6.60936e-05 -0.0261374 0.00122534 -0.00291617 -0.0229842 -0.044414 0.0201556 0.000555512 -0.00784176 0.0377105 -0.047707 -0.00484497 -0.0487216 -0.00389829 0.0288866 -0.00922361 0.0049925 -5.37651e-05 -0.00846275 0.0188077 -0.00655895 -0.00968375 -0.00168823 -0.0365205
internal_weight=9797.27 7317.12 2480.15 5108.85 4041.41 1912.78 1002.84 907.144 2208.27 909.936 2012.53 630.396 567.371 493.361 2028.88 873.11 297.501 74.0097 288.692 1686.35 34.0344 405.694 1382.14 889.038 223.47 1894.85 1179.16 715.688 332.895 1100.82 1012.47 187.471 870.07 12.8604 665.568 547.895 493.098 133.425 359.673 833.862 355.805 308.062 78.8349 41.1057 88.3564 123.497 100.731 22.7659 860.249 19.893 840.356 95.6972 78.3358 19.254 528.216 386.896 253.648 141.321 249.292 235.538 181.472 54.0664
internal_count=1646627 461577 1185050 438985 417924 1050337 601432 589882 22592 448905 320055 148663 134713 132781 97869 583727 81600 1932 81222 20958 6155 92550 171392 128742 7771 95229 84597 10632 67063 82850 80671 2507 446481 256 120971 101844 42650 6737 35913 443033 35458 33989 9255 5261 2179 12927 10197 2730 583471 9499 573972 11550 1747 949 8125 6227 5066 1898 4807 4696 3159 1537
is_linear=0
shrinkage=0.05


Tree=24
num_leaves=63
num_cat=0
split_feature=27 16 22 20 27 28 4 12 22 14 22 4 20 14 23 28 7 28 22 28 2 0 4 2 28 16 4 4 7 7 2 22 28 4 0 12 23 4 2 4 14 22 12 10 28 16 7 8 22 2 4 2 28 16 0 16 23 8 12 22 16 0
split_gain=773.821 211.618 158.507 84.9759 58.9786 55.8888 51.7464 47.6948 44.2431 41.7671 38.3871 35.2195 34.8868 30.7506 36.774 34.5637 30.6349 28.8797 26.5901 26.4195 23.7766 30.4847 34.7558 21.4352 20.0915 20.016 18.9207 18.4933 24.5598 20.455 19.7115 18.3922 17.3716 15.1415 15.1215 15.026 14.3283 14.1644 14.1853 13.6774 13.3781 13.7857 17.8247 16.5206 14.7317 17.5311 17.4376 14.0838 18.2665 15.6005 13.6167 13.3697 13.3489 17.8768 13.2662 13.2636 15.3489 13.2447 13.1348 20.2536 16.8138 13.2399
threshold=2.5000000000000004 4.5000000000000009 62.500000000000007 60.000000000000007 5.5000000000000009 0.43293851613998419 34.500000000000007 8.5000000000000018 51.500000000000007 1.5000000000000002 75.500000000000014 25.500000000000004 17.500000000000004 18.500000000000004 1.5000000000000002 0.68439403176307689 0.014389234129339458 0.2257320433855057 1.5000000000000002 0.55474111437797557 36.500000000000007 36.500000000000007 5.5000000000000009 1.5000000000000002 0.53613659739494335 48.500000000000007 26.500000000000004 1.5000000000000002 0.011299795936793091 0.016001024283468727 7.5000000000000009 84.500000000000014 0.27233926951885229 14.500000000000002 4.5000000000000009 14.500000000000002 3.5000000000000004 100.00000000000001 14.500000000000002 1.0000000180025095e-35 6.5000000000000009 48.500000000000007 5.5000000000000009 7.5000000000000009 0.663356512784958 22.500000000000004 0.014599318150430919 43.500000000000007 53.500000000000007 59.500000000000007 51.500000000000007 100.00000000000001 0.81501296162605297 28.500000000000004 10.500000000000002 20.500000000000004 5.5000000000000009 28.500000000000004 4.5000000000000009 58.500000000000007 45.500000000000007 52.500000000000007
decision_type=2 2 2 2 2 2 2 2 2 2 2 2 2 2 2 2 2 2 2 2 2 2 2 2 2 2 2 2 2 2 2 2 2 2 2 2 2 2 2 2 2 2 2 2 2 2 2 2 2 2 2 2 2 2 2 2 2 2 2 2 2 2
left_child=2 9 5 -3 8 6 -1 32 13 39 26 -4 -7 14 -5 18 -17 -13 -15 20 25 34 -23 -11 -19 -10 52 28 -20 30 -29 58 -8 51 -22 -25 -35 -32 -39 -2 -28 42 -42 -43 45 -45 -46 57 49 50 -49 -14 -6 -54 -27 56 -9 -47 59 -24 -60 -61
right_child=1 3 11 4 10 12 7 55 19 23 -12 17 33 15 -16 16 -18 24 27 -21 21 22 31 35 -26 54 40 29 -30 -31 37 -33 -34 36 -36 -37 -38 38 -40 -41 41 43 -44 44 46 47 -48 48 -50 -51 -52 -53 53 -55 -56 -57 -58 -59 60 61 -62 -63
leaf_value=-0.0045236164407545226 0.04521804667308843 0.015356880086102701 0.031287489518254399 -0.066106404210515751 0.0050851115935605824 0.022086084321464972 -0.060729839343939933 -0.048356839664734655 -0.095844330240392572 0.02493620179058097 0.035075733476311662 -0.050820674594352966 -0.083819743834290361 -0.00245412571154097 0.011603490163113545 0.020209082792762512 -0.079882101456367927 -0.0091965038209456309 0.036224798447969664 0.0099375437723538129 -0.1045755524506846 0.050076305241546486 0.037359231588409203 0.019964783488924394 0.013857908363583816 0.015788966170886872 0.0073140921882843173 -0.074879804423835267 -0.110978022330013 0.032270389760220085 -0.031715011872999105 0.040992999103777232 0.031809765860791442 -0.034486133482588645 0.032389184118329688 0.0079559498791971477 -0.020723401080075296 0.037550801096043106 -0.01843038245333331 0.028037250250885194 0.014672595272795602 -0.078368033400303683 -0.020246247118953894 -0.059110131071738507 0.024043502245449155 -0.014538698188327717 -0.10023405860517985 -0.080208639748225855 -0.054346772538194282 -0.08279651700496686 0.06764354951093228 0.016960965526944937 0.024382935436133152 -0.055437908069911536 -0.048673456582049197 -0.046710475566441118 0.029955108999009075 0.041451872421725225 -0.0052066206619832949 0.064710494672353736 -0.046229793042252665 -0.095907533439389139
leaf_weight=95.610281090368517 175.17170015256852 1072.4526129363803 73.85049549525138 16.715487051405944 1281.4777916844469 42.500017074402422 6.2076901672407976 12.695466100238265 12.77548735833261 626.62824572040699 100.9703846864868 33.139341238420457 3.6521368476096532 154.34026722685667 170.61731578491163 84.651281892089173 8.403714338783173 324.63184180576354 21.455740770557899 440.89610749226995 2.0885024357121429 18.8566999216564 16.783416042570028 466.78344086627476 133.31013237452134 13.572876983555032 204.11989660188556 22.285889385500923 3.2647132258862248 14.060070302104576 417.28256710775895 10.806949954712762 27.704233790980652 297.8203476119088 57.412016449728981 589.3895934629254 518.11970693618059 12.307476465590296 140.47801982657984 342.00608821259812 43.076338427374139 6.1085559250786892 241.07715141272638 14.504098722012712 85.059802701696754 17.419788690749556 2.9194237994961432 1.8439215703401703 19.960463331080973 3.010275895940139 10.016443076543508 33.265068789711222 148.06368282600306 7.3633393836207679 19.373665640014224 815.78370498697041 12.337393598281777 26.82979490282014 36.068399743759073 1.6371620120480646 81.227630245732144 5.9314683882985264
leaf_count=11550 354 21061 1932 6578 40657 2424 4278 6257 2252 3921 1544 20031 1497 36083 15119 9737 1072 90661 888 38291 422 197 740 3494 22089 806 5494 4924 376 1041 121751 454 1877 141902 4629 13543 301131 1151 42415 1280 956 552 29096 1657 3435 1739 287 338 2434 629 246 1951 2031 493 4283 574211 3259 1392 4865 14 25214 1642
internal_value=0.000313366 0.00847931 -0.0241094 0.00285957 -0.000493548 -0.0311355 -0.0394483 -0.0432657 -0.00726067 0.0214293 0.00495755 -0.000905676 -0.0221265 -0.013722 0.00466953 -0.0176437 0.0111699 -0.005747 -0.0210572 0.00233868 -0.00977666 -0.00325131 -0.0139603 0.01761 -0.0024852 -0.0427177 0.00351824 -0.0256065 0.0167844 -0.0273346 -0.0287494 -0.0218808 0.0148701 -0.0243297 0.0275816 0.0132633 -0.0257468 -0.026946 -0.0139209 0.0338565 -0.00338038 -0.00800699 -0.0149527 0.00250949 0.00523054 -0.00857867 0.0199196 0.00068925 -0.0230937 0.0188565 0.0446571 0.00699095 0.00676348 0.0206014 -0.0221171 -0.0456104 -0.00976096 0.01941 -0.0266777 0.00673802 -0.0336152 -0.0611644
internal_weight=9700.17 7269.55 2430.63 5069.57 3997.11 1865.7 970.339 874.728 1783.29 2199.98 2213.82 564.932 895.357 1065.86 187.333 878.53 93.055 491.081 785.475 717.43 276.534 230.812 171.312 1682.8 457.942 45.722 2112.85 631.134 24.7205 606.414 592.354 152.455 33.9119 852.857 59.5005 1056.17 815.94 570.068 152.785 517.178 675.946 471.826 284.153 187.673 181.564 93.5848 87.9792 79.0807 34.8311 14.8706 11.8604 36.9172 1436.9 155.427 32.9465 840.817 25.0329 44.2496 141.648 24.352 117.296 7.56863
internal_count=1646627 461577 1185050 438985 417924 1050337 601432 589882 324944 22592 92980 134713 448905 241135 21697 219438 10809 132781 208629 83809 45518 38177 33126 20958 112750 7341 91436 172546 1264 171282 170241 32929 6155 446481 5051 17037 443033 165317 43566 1634 48255 42761 30052 12709 12157 8435 3722 6778 3647 1213 584 3448 43181 2524 5089 583727 9516 3131 32475 2396 30079 1656
is_linear=0
shrinkage=0.05


Tree=25
num_leaves=63
num_cat=0
split_feature=27 17 22 25 4 28 25 4 14 14 2 28 28 4 28 25 0 18 17 28 22 18 22 28 6 17 28 2 17 25 25 0 13 14 17 10 28 23 8 28 23 14 17 10 22 25 3 25 28 22 22 25 8 28 28 4 0 23 27 23 27 17
split_gain=822.247 251.919 139.116 74.848 66.6396 64.3189 63.2854 59.5703 59.2111 56.4 39.96 35.9396 29.9812 22.6448 33.2447 22.4712 23.6217 22.3225 21.2565 20.9551 19.0543 23.8142 17.708 22.7307 17.6841 16.7696 20.1819 16.567 16.2601 15.9197 19.334 23.1065 15.7555 15.4965 14.7553 14.5815 19.8362 14.3029 14.1524 20.5609 13.6949 13.6907 13.5279 13.3814 13.1809 33.7955 13.0378 13.0338 16.0662 12.8684 20.7153 14.972 12.7416 13.3159 17.0418 14.556 12.6001 12.6018 12.8812 12.0514 14.3707 14.3761
threshold=2.5000000000000004 0.012739370577037336 71.500000000000014 3.49730396270752 16.500000000000004 0.54779842495918285 5.2855923175811776 2.5000000000000004 1.5000000000000002 18.500000000000004 1.5000000000000002 0.62026208639144909 0.3820351511240006 48.500000000000007 0.33326639235019689 12.89238500595093 16.500000000000004 11.500000000000002 0.016261236742138866 0.19330869615077975 52.500000000000007 16.500000000000004 71.500000000000014 0.49764241278171545 2.5000000000000004 1.0000000180025095e-35 0.6021532714366914 100.00000000000001 0.012270400300621988 17.011113166809086 35.265251159667976 6.5000000000000009 0.016261236742138866 14.500000000000002 0.0072203108575195083 2.5000000000000004 0.50201240181922924 4.5000000000000009 46.500000000000007 0.58828467130661022 3.5000000000000004 18.500000000000004 1.0000000180025095e-35 1.0000000180025095e-35 63.500000000000007 7.3473675251007089 0.015749008394777778 7.4322555065155038 0.59050777554512035 23.500000000000004 47.500000000000007 11.486134052276613 1.0000000180025095e-35 0.55833470821380626 0.59050777554512035 100.00000000000001 16.500000000000004 7.5000000000000009 7.5000000000000009 2.5000000000000004 3.5000000000000004 0.0079682543873786944
decision_type=2 2 2 2 2 2 2 2 2 2 2 2 2 2 2 2 2 2 2 2 2 2 2 2 2 2 2 2 2 2 2 2 2 2 2 2 2 2 2 2 2 2 2 2 2 2 2 2 2 2 2 2 2 2 2 2 2 2 2 2 2 2
left_child=2 3 4 7 27 6 12 -2 18 19 52 17 -6 40 -15 16 49 -11 29 -9 24 -22 23 -19 -13 -24 37 -1 -23 -3 31 -31 59 -7 -35 36 -17 -27 39 56 -4 -14 47 46 45 -5 -18 48 -16 -12 51 -51 -10 -54 55 -55 -25 -58 -59 60 -26 -62
right_child=1 8 13 44 5 33 -8 9 10 11 15 20 41 14 42 35 43 22 -20 -21 21 28 25 38 32 26 -28 -29 -30 30 -32 -33 -34 34 -36 -37 -38 -39 -40 -41 -42 -43 -44 -45 -46 -47 -48 -49 -50 50 -52 -53 53 54 -56 -57 57 58 -60 -61 61 -63
leaf_value=-0.079616337960342509 0.022226242819974252 0.026732082223014875 0.045770525466038381 -0.067403639027588599 -0.04763026707819952 0.073004889131940351 0.0010423855112768471 -0.061353319515214388 0.033667171896382818 0.01381236531529529 0.023742835594739567 -0.095148758518069004 0.0089054271275717176 -0.044400027364061817 -0.019830542539143528 0.072601798686120392 -0.11099106030351774 -0.036195977328444262 0.043341716947154191 0.0051325067401994965 -0.101795266123408 0.010822570875074789 -0.035394178931472606 0.023583811137286761 0.035992633707819965 0.029830686678632725 -0.10585465796801311 0.0079974012350534814 -0.064472062283218431 0.018248106809132102 0.041003166120843891 -0.10562120534312321 0.063865351617282601 -0.019619148256436909 0.0052141099807846893 0.02716773379798236 -0.10627753446907129 -0.045307422992954781 -0.023712063784363486 -0.034683533945256063 -0.0098254448782694043 -0.034122600353637504 0.023278916100619856 0.0045930198142737104 0.01882492234484941 0.0086273045702863604 0.044009879678462933 0.020390907848927914 0.033538318556283857 0.0046357931716335789 0.01989796246524449 -0.11408239802482847 0.048681198695442442 -0.11926494769184302 0.018888408646730998 0.03639439454134389 -0.0023510711080101474 -0.074523058967017705 0.076874418984428747 -0.0057383477980524865 -0.070699670878391574 -0.02147101002673097
leaf_weight=5.6344813103787592 179.50658640125766 462.12194650666788 46.532906526932493 15.11322353617288 604.29553184483666 5.304350968450307 105.478968645446 12.05332299065776 245.29016521247104 49.5955838363152 288.11694376135711 6.1027366048656395 18.885534186032601 38.19059734523762 93.218294836056884 2.3326151371002188 4.7389842069242141 230.93301362893544 220.71123687550426 707.59277565288357 4.9711283985525361 252.34583614417352 23.28813156450633 43.81770508212503 8.4230758808553201 52.926601511891931 3.3167404292616984 127.26828728616238 7.3799572247080496 6.8829480428248671 9.6464300262741727 8.3105919519439322 7.2079547010362139 230.73296529927757 80.750742450123653 251.01641865866259 4.6181637346744537 7.1944255200214675 379.44552685809322 54.972470570588484 14.537210756447164 875.65078816306777 75.743246465339325 1026.1511371537345 368.0729317786172 443.93580956733786 1.9008588101714847 44.223372660577297 16.61549636698328 426.1834666102659 382.75669466680847 2.6723977201618245 37.604942176025361 4.129541616421192 505.79361212253571 2.3602715902961791 119.05004768195795 10.924847199465146 1.6122799431905139 292.41876976750791 19.089909635484219 66.460577882127836
leaf_count=2363 5144 2542 683 1903 454073 606 12537 7714 1063 4544 4238 946 6529 16866 23373 1 152 83846 504 38814 466 18868 3954 2859 1622 2330 412 6538 701 39 41 140 47 102968 21011 2167 104 1385 100443 10213 1191 526976 7877 42865 7943 12568 11 1702 1903 8566 6341 74 288 188 4651 36 20958 3394 6 45939 3826 6311
internal_value=0.000361815 0.00872566 -0.0251225 -0.00128795 -0.0299578 -0.0323266 -0.036392 -0.00554103 0.0173875 -0.00765206 0.0144812 -0.0127688 -0.0390264 0.00505985 -0.00120154 0.0112515 0.0095654 -0.0188696 0.0304701 0.00401894 -0.0037968 0.00660828 -0.0206172 -0.0228362 -0.0106874 0.000893842 0.0142152 0.00428297 0.00868312 0.0246361 -0.0143575 -0.0495062 -0.00937784 -0.0117381 -0.0131812 0.0251896 -0.0462473 0.0208392 -0.017777 -0.00800146 0.0325364 -0.0332142 0.00597763 0.00413521 0.011776 0.00612415 -0.0666173 -0.00252866 -0.011757 0.0146651 0.0114425 0.00389601 0.0241907 0.0199635 0.0178554 -0.0626534 0.000360785 -0.00737234 -0.0550533 -0.0107442 -0.0263208 -0.032456
internal_weight=9644.15 7261.09 2383.06 3367.75 2054 1921.1 1604.31 2540.63 3893.34 2361.12 3185.67 1641.48 1498.83 329.061 267.991 2390.49 2132.52 977.077 707.673 719.646 664.4 264.697 927.482 840.756 399.703 86.7259 63.4378 132.903 259.726 486.962 24.84 15.1935 393.6 316.788 311.484 257.967 6.95078 60.121 609.823 230.377 61.0701 894.536 229.8 1032.79 827.122 459.049 6.63984 154.057 109.834 1099.73 811.613 428.856 795.179 549.888 512.283 6.48981 175.405 131.587 12.5371 386.392 93.9736 85.5505
internal_count=1648363 461167 1187196 387156 1133601 1124700 1000115 364742 74011 359598 70745 313070 987578 53595 51721 64519 62247 234344 3266 46528 78726 20035 229800 221719 58691 8081 4127 8901 19569 2762 220 179 57745 124585 123979 2272 105 3715 137873 37430 1874 533505 34855 43028 22414 14471 163 26978 25276 19219 14981 8640 6226 5163 4875 224 27217 24358 3400 57698 11759 10137
is_linear=0
shrinkage=0.05


Tree=26
num_leaves=63
num_cat=0
split_feature=4 28 13 17 14 25 22 22 28 18 4 22 25 28 14 14 28 28 18 22 2 28 17 25 17 4 25 17 2 25 28 4 9 4 25 22 18 28 8 2 22 2 3 0 20 2 0 4 18 13 8 25 25 28 17 20 8 17 4 10 2 13
split_gain=717.173 283.712 122.007 90.0013 76.8255 71.5694 56.7521 48.6502 39.0545 35.7059 34.6316 31.596 32.8526 28.4121 25.5064 24.9525 24.0891 22.9478 21.4906 21.3594 23.2611 19.8837 19.5385 19.3788 19.3098 30.1243 19.0959 18.8731 18.233 19.4444 18.9172 18.4083 22.7128 18.4079 17.5975 19.6987 18.5243 19.3229 17.8333 19.8819 17.3375 26.8961 17.2423 17.1816 16.591 17.5918 16.3157 15.8516 15.2474 15.1295 20.7254 15.0269 26.5763 22.8958 18.8462 14.7357 14.5874 14.4514 30.6238 14.422 14.496 13.3896
threshold=21.500000000000004 0.49219723045825964 0.013245614245533945 0.015504807699471714 18.500000000000004 5.0407307147979745 48.500000000000007 71.500000000000014 0.57140517234802257 4.5000000000000009 50.500000000000007 75.500000000000014 13.176548004150392 0.23661765456199649 15.500000000000002 60.000000000000007 0.35906118154525762 0.37661252915859228 1.5000000000000002 75.500000000000014 17.500000000000004 0.69844830036163341 0.010695492848753931 8.84729051589966 0.012579114176332952 3.5000000000000004 9.5655446052551287 0.012422839645296337 20.500000000000004 8.2772140502929705 0.59506306052207958 33.500000000000007 0.012121656909585001 24.500000000000004 10.721748352050783 70.500000000000014 13.500000000000002 0.46550007164478308 2.5000000000000004 52.500000000000007 74.500000000000014 77.500000000000014 0.0062696540262550124 4.5000000000000009 2.5000000000000004 49.500000000000007 1.5000000000000002 1.0000000180025095e-35 11.500000000000002 0.012903762981295587 83.500000000000014 14.107091903686525 9.5697560310363787 0.36912107467651373 0.0073261056095361718 4.5000000000000009 9.5000000000000018 0.0064725596457719812 40.500000000000007 1.0000000180025095e-35 60.500000000000007 0.016261236742138866
decision_type=2 2 2 2 2 2 2 2 2 2 2 2 2 2 2 2 2 2 2 2 2 2 2 2 2 2 2 2 2 2 2 2 2 2 2 2 2 2 2 2 2 2 2 2 2 2 2 2 2 2 2 2 2 2 2 2 2 2 2 2 2 2
left_child=3 2 5 11 -3 7 8 10 49 47 14 12 24 23 -2 -7 -9 18 -12 20 43 -21 44 -4 25 26 27 -1 -22 30 -30 32 -31 -32 36 -36 37 -27 39 -39 41 -15 -24 -8 45 -10 -38 -5 -45 -6 -51 52 54 55 -17 -54 -35 58 -18 -26 -61 -46
right_child=1 4 13 9 6 15 19 16 22 -11 17 -13 -14 40 -16 51 57 -19 -20 21 28 -23 42 -25 59 34 -28 -29 29 31 33 -33 -34 56 35 -37 46 38 -40 -41 -42 -43 -44 48 61 -47 -48 -49 -50 50 -52 -53 53 -55 -56 -57 -58 -59 -60 60 -62 -63
leaf_value=0.017982920192272128 0.054523329651009117 0.010484708874480407 -0.060075497492533395 0.042903482356884612 -0.028059640028554322 -0.11313318763257137 -0.097363802545440956 -0.044316126108648768 -0.10786084974407653 0.01784704559479491 0.043305701004584196 0.030871167818215875 0.025313300814251823 -0.07552237769924984 -0.020688022551878731 0.0076809943972901114 0.047822499168310537 -0.034794163122730412 -0.049415522602503481 0.016213238921822214 -0.059321168832854869 -0.10851563671267464 -0.067993087880696357 0.033444762350291292 0.030617990400322027 -0.11412205839050699 -0.11818458997786185 -0.11177308823993835 -0.016863621173403624 -0.1060378813620603 -0.076593994734457563 0.015965427698428635 0.020432668421172147 0.042167550861998145 -0.11577421504442582 0.039807268027297352 0.03252250506042547 -0.11678770785271531 0.015175676537970403 0.06752067313044724 0.037080109148091449 0.0063094987727261688 0.0043594332249733041 -0.1129383849412503 -0.017869501245545934 0.064350902661596668 -0.010198647309951023 0.027490668167047139 0.021881801625851571 0.038744115391063635 -0.088994818503579931 0.023700541943322134 -0.10303731575330939 -0.11083989813984796 -0.095388619823611118 0.023198633418657969 -0.00090283933009546703 0.021566445063430476 -0.034533687777015272 0.0081497420331041338 0.043656181761247692 0.053579103039575728
leaf_weight=266.03053197800182 12.464277285500428 816.34119873028249 26.691070668806788 246.90155425528064 455.96659563085996 4.894174996064975 3.217191176954656 35.166304560552817 1.7123635148163874 918.88606071402319 6.322796289343386 165.18019971600734 254.44529045140371 10.530823916196821 117.90021723159589 94.431129719712771 15.052816332317887 736.17497794725932 537.50322207325371 218.42253828118555 15.681499553145839 3.2426712457090607 8.4799373641144467 6.9899582536891094 83.001489059533924 3.0835770478006443 2.6531374473124734 2.8322291341610244 341.08586836431641 7.1969881693366897 7.6211229420732698 146.45672879437916 7.0057034203782678 21.120526524726301 7.0018602027557773 2.8678256459534168 23.413483005715534 5.1971805053763083 179.37933028000407 2.036589777097106 43.167218932881951 215.95777451869799 284.26427100109868 2.1327499472536138 377.45207158429548 11.068739702459423 491.62468736310257 514.32987175160088 125.59795501199551 17.240003420971338 3.8923001638613632 52.489563647657633 3.1326702544465652 10.590549022657795 4.653663679258897 8.8221281224396098 284.07025791867636 54.742030986119062 45.128473788616247 1137.1298246844672 29.491184909828007 6.673156061442568
leaf_count=8212 268 27307 17739 562 198021 914 443 17172 149 9141 662 2351 2532 678 43295 11699 501 436860 427928 12336 1944 246 2966 150 472 206 128 152 95449 386 1040 3858 112 1254 366 18 1156 202 3264 16 1874 18868 21994 114 111861 152 55538 2034 6544 657 1154 1436 897 1597 820 864 44132 5041 14286 25513 789 43
internal_value=0.000401641 -0.0121028 -0.0266299 0.0154247 -0.00272923 -0.0317327 -0.00732026 -0.0351678 -0.0151445 0.0244814 -0.0380478 0.00969436 0.00828965 0.00263145 -0.013497 -0.0017888 -0.00810471 -0.0405482 -0.0483375 0.000397434 -0.00282916 0.0143886 -0.00753584 -0.0406669 0.00635222 0.00112137 0.0152988 0.0166161 -0.00591824 -0.00489015 -0.00871932 0.0106949 -0.0436543 0.000161115 -0.0042654 -0.070567 -0.00333686 0.0100204 0.0120718 -0.0648977 0.00803957 0.00250464 0.00226359 0.0167563 -0.0147636 0.0412786 -0.00825656 0.0324897 0.0196307 -0.0261428 0.0152162 0.00134088 -0.00830845 -0.0573057 0.00284018 -0.0098806 0.00207782 0.00297591 -0.0139344 0.0104801 0.00904731 -0.0166283
internal_weight=9544.23 5208.75 2042.81 4335.49 3165.94 1739.47 2349.6 1560.46 1166.75 1680.12 1410.37 2655.37 2490.19 303.337 130.364 179.014 150.09 1280 543.826 1182.85 961.187 221.665 689.651 33.681 2235.74 986.12 271.516 268.863 830.239 814.557 653.898 160.659 14.2027 312.812 714.605 9.86969 704.735 189.697 186.613 7.23377 269.656 226.489 292.744 130.948 396.906 12.7811 515.038 761.231 127.731 477.099 21.1323 174.12 121.63 22.5453 99.0848 11.9548 305.191 114.923 60.1813 1249.62 1166.62 384.125
internal_count=1648363 1535711 1003549 112652 532162 964240 504855 946013 336997 11737 909013 100915 98564 39309 43563 18227 37000 865450 428590 167858 155276 12582 137165 17889 96032 69258 8492 8364 148175 146231 141875 4356 498 46426 60766 384 60382 3688 3482 218 21420 19546 24960 7101 112205 301 56694 2596 6658 199832 1811 17313 15877 3358 12519 1761 45386 19828 14787 26774 26302 111904
is_linear=0
shrinkage=0.05


Tree=27
num_leaves=63
num_cat=0
split_feature=4 28 25 14 17 25 17 22 14 18 22 28 14 28 23 2 28 28 28 17 25 7 22 12 18 4 17 21 22 8 18 3 17 28 4 28 14 4 2 25 25 7 22 14 12 22 22 12 12 28 2 4 17 28 28 7 0 23 28 25 21 8
split_gain=656.511 239.726 116.314 92.3187 88.9704 63.1557 52.9323 49.9529 39.9292 37.1275 36.5534 35.616 31.1174 29.6229 27.4579 27.8008 28.3484 26.0182 23.5708 21.8429 21.0504 20.8538 23.2657 20.5671 19.7807 19.1352 33.1281 30.7774 18.3312 17.5224 17.2378 16.9268 16.9754 15.9859 15.1965 24.3627 18.677 15.6373 19.9761 15.6271 19.9517 17.2818 15.1791 15.1744 15.1396 15.0931 14.5846 16.8453 14.4569 13.7423 13.4064 15.5215 25.1788 15.5669 14.778 14.7357 13.8772 13.3762 24.6876 20.2046 19.2289 27.5633
threshold=26.500000000000004 0.49219723045825964 4.7255260944366464 15.500000000000002 0.015504807699471714 3.49730396270752 0.011561079882085325 71.500000000000014 60.000000000000007 4.5000000000000009 63.500000000000007 0.61755821108818065 9.5000000000000018 0.21979774534702304 4.5000000000000009 57.500000000000007 0.29313088953495031 0.39224551618099218 0.3820351511240006 0.016261236742138866 5.6453444957733163 0.014815627597272398 38.500000000000007 9.5000000000000018 3.5000000000000004 13.500000000000002 0.016261236742138866 0.015749008394777778 57.500000000000007 38.500000000000007 16.500000000000004 0.011561079882085325 0.0064725596457719812 0.4880995005369187 2.5000000000000004 0.50902262330055248 12.500000000000002 15.500000000000002 24.500000000000004 8.6062831878662127 6.076305866241456 0.015268065501004459 57.500000000000007 10.500000000000002 1.5000000000000002 43.500000000000007 37.500000000000007 8.5000000000000018 5.5000000000000009 0.52685365080833446 26.500000000000004 72.500000000000014 0.015268065501004459 0.663356512784958 0.62603294849395763 0.0077822189778089532 53.500000000000007 5.5000000000000009 0.62026208639144909 19.861593246459964 0.014599318150430919 1.5000000000000002
decision_type=2 2 2 2 2 2 2 2 2 2 2 2 2 2 2 2 2 2 2 2 2 2 2 2 2 2 2 2 2 2 2 2 2 2 2 2 2 2 2 2 2 2 2 2 2 2 2 2 2 2 2 2 2 2 2 2 2 2 2 2 2 2
left_child=4 2 3 13 10 6 8 18 -3 25 12 29 -1 -2 -12 20 -17 -9 30 57 24 22 -8 -14 -16 -6 27 -27 44 -10 48 -26 -33 -4 36 37 -25 38 -36 40 43 -41 -40 -37 -13 -31 -15 -48 -5 -22 -24 52 54 -53 56 -56 -52 -7 -59 60 -60 -62
right_child=1 5 33 7 9 19 21 17 11 -11 14 28 23 46 15 16 -18 -19 -20 -21 49 -23 50 34 31 26 -28 -29 -30 45 -32 32 -34 -35 35 39 -38 -39 42 41 -42 -43 -44 -45 -46 -47 47 -49 -50 -51 51 53 -54 -55 55 -57 -58 58 59 -61 61 -63
leaf_value=0.014518725340200725 -0.059172967944585465 0.0044170357684248009 0.0053687818280948553 0.033400698655686539 0.03301370186157844 0.01859239149517251 -0.014110225951350655 -0.038167163204942497 -0.0045569284532593225 0.01639643640809841 0.027580081689060305 0.055396252043578981 0.015554139016073446 0.018735832099417603 -0.13186082450808118 0.046113083674577816 -0.079960217450822033 0.0068772084402322093 -0.032515707915905044 -0.11670913631585085 -0.11983905619133826 0.021855571025567587 0.019686720316527781 -0.072136187110734495 -0.080021097053160031 -0.12235189751113805 0.033999790856604345 0.044541005359373602 0.011437968027387857 -0.031244580642190226 -0.048147726200212258 -0.10867529333942692 0.011623947334358821 -0.10428238861362456 -0.065639300543902421 -0.072449938966540381 0.012051375416552537 -0.045036179966302436 0.0016814053585449203 0.021763641339466018 -0.069989411956013825 -0.065328084016461049 -0.1011376597928445 -0.00073679713771228198 -0.01302238583461565 -0.017206278436713584 0.0072363921173286523 -0.039603419752226983 -0.035210743743067457 0.030089735420843679 -0.0090841585102609448 0.016088513913776161 -0.10629105667510802 -0.071371052892405903 -0.070070920481436302 0.02022352800061511 -0.087077728987544539 0.015245090243347449 -0.017058018558106115 0.0058440516383235965 0.039425785655323065 -0.11734316551171067
leaf_weight=730.7408340544207 19.00759194442071 303.51710384245962 275.28272677073255 11.768372803693635 723.04307444090955 325.74039818625897 180.98022189328913 47.199362676183227 133.28214142587967 929.0423250303138 386.78415018739179 8.3371521693188679 242.20243854890577 105.04841969173867 3.1587345628067842 6.0241188358049866 17.160229069879279 99.932166168931872 760.89777730300557 3.332052227575331 1.5556821082718659 143.16405976098031 143.27477157209069 6.7476316890679291 6.5127159084659061 8.6671433593146485 20.045509012416005 4.0548567362129679 136.55889864312485 381.57386384555139 536.14874619757757 3.1014081779867402 53.839174783555791 3.3645545039325944 14.370375870843416 7.4439019896090022 278.43258610554039 47.668451820441987 90.991770446067676 110.55728295189328 10.736233769915996 6.0054713706485918 3.7369585435371837 815.47222513891757 267.83484119386412 384.29353645199444 54.751360008260235 29.557411953690462 22.08627790142782 87.075463317800313 14.291352345608177 98.16262861690484 7.3524657888337961 5.3658692608587435 5.1512470925226799 36.782305288128555 9.4908042654860747 178.42590765655041 36.386043320409954 56.350451344624162 3.6047388762235668 12.619421832030637
leaf_count=9269 13596 17949 21558 937 2408 8650 19514 21745 32988 9713 6912 66 3669 10132 125 129 1889 15791 443692 98 128 3191 5694 158 923 166 72 12 15506 188717 437627 511 1598 365 3143 382 7568 14296 7827 2204 783 274 572 62563 64383 129754 3669 11459 16353 898 1465 10013 720 784 847 1726 1978 5875 1768 792 25 744
internal_value=0.000442799 -0.0124209 -0.0258814 -0.0308262 0.0139357 -0.00322347 -0.00709378 -0.0352186 -0.0119259 0.023091 0.00867161 -0.0157071 0.00594165 0.000331446 0.020095 0.00386942 -0.0472019 -0.00757289 -0.0382749 0.0109618 0.0114965 0.00502681 0.000216457 0.00210676 -0.00974134 0.0313201 -0.00605145 -0.0691585 -0.00354722 -0.0212887 -0.0459628 -0.00366218 0.00507155 0.00404479 -0.00023276 -0.00288422 0.0100594 -0.0211461 -0.0107078 0.000128637 -0.00226902 0.0172766 -0.00237471 -0.0013855 -0.0109569 -0.0242005 0.00630447 -0.00918496 -0.0113604 0.0274581 0.00832236 -0.00089767 -0.0185423 0.0115555 -0.00872466 0.00913148 -0.0402092 0.0116556 0.00379307 -0.0149599 -0.0372429 -0.0825117
internal_weight=9456.09 4840.92 1965.04 1686.4 4615.17 2875.87 2259.41 1478.03 1615.4 1684.85 2930.32 1311.88 2365.11 208.365 565.212 178.428 23.1843 147.132 1330.9 616.459 155.243 644.016 500.852 1634.37 66.612 755.811 32.7675 12.722 412.731 899.15 570.003 63.4533 56.9406 278.647 1392.16 1106.98 285.18 156.768 109.099 950.215 833.652 116.563 94.7287 822.916 276.172 765.867 189.357 84.3088 33.8547 88.6311 319.871 176.597 73.0682 103.528 65.7157 41.9336 23.7822 613.127 287.387 108.961 52.6102 16.2242
internal_count=1648363 1510171 996924 975001 138192 513247 495295 936145 449363 12371 125821 431414 112708 38856 13113 6201 2018 37536 898609 17952 4183 45932 42741 103439 3157 2658 250 178 79955 351459 454917 3032 2109 21923 99770 92044 7726 25838 11542 66206 63728 2478 8399 62945 64449 318471 25260 15128 17290 1026 23227 17533 6736 10797 6016 2573 3443 17854 9204 3329 2537 769
is_linear=0
shrinkage=0.05


Tree=28
num_leaves=63
num_cat=0
split_feature=4 28 25 16 13 25 16 18 16 14 14 28 13 4 28 18 8 6 28 14 19 0 4 4 2 0 23 25 8 4 8 6 0 17 23 10 8 0 9 6 8 2 16 10 10 3 13 6 0 23 28 4 5 10 16 1 8 4 18 16 6 3
split_gain=612.752 216.317 121.189 110.756 80.7027 61.695 44.6757 42.082 39.2019 35.3534 31.8185 39.545 29.6148 36.1065 24.726 22.5651 19.8367 21.2094 18.0786 17.9534 17.5529 16.7121 16.6974 15.8981 35.5421 16.1674 15.818 18.8709 25.5795 18.252 21.7944 19.2482 17.5068 14.9409 14.8052 15.838 14.5844 14.3914 21.8616 16.6684 14.0156 13.9281 14.9801 17.3976 17.5883 14.4654 21.1362 13.9693 18.155 15.2652 22.964 18.955 17.6862 13.7625 13.6142 14.0518 13.0829 13.0574 16.924 15.7409 13.7513 16.1311
threshold=42.500000000000007 0.4880995005369187 4.7255260944366464 3.5000000000000004 0.015038444194942715 3.49730396270752 98.500000000000014 4.5000000000000009 23.500000000000004 18.500000000000004 18.500000000000004 0.61755821108818065 0.013793759513646366 21.500000000000004 0.35906118154525762 5.5000000000000009 16.500000000000004 11.500000000000002 0.25554040074348455 12.500000000000002 0.014185110572725536 37.500000000000007 1.0000000180025095e-35 62.500000000000007 42.500000000000007 61.500000000000007 2.5000000000000004 12.306680202484133 29.500000000000004 2.5000000000000004 8.5000000000000018 8.5000000000000018 5.5000000000000009 0.012422839645296337 1.5000000000000002 3.5000000000000004 37.500000000000007 100.00000000000001 0.0068729333579540261 9.5000000000000018 13.500000000000002 1.5000000000000002 1.5000000000000002 5.5000000000000009 1.0000000180025095e-35 0.011050061322748663 0.015038444194942715 11.500000000000002 1.5000000000000002 4.5000000000000009 0.54100096225738536 1.5000000000000002 0.010582306887954475 60.000000000000007 7.5000000000000009 0.016261236742138866 8.5000000000000018 15.500000000000002 4.5000000000000009 20.500000000000004 41.500000000000007 0.010152545757591726
decision_type=2 2 2 2 2 2 2 2 2 2 2 2 2 2 2 2 2 2 2 2 2 2 2 2 2 2 2 2 2 2 2 2 2 2 2 2 2 2 2 2 2 2 2 2 2 2 2 2 2 2 2 2 2 2 2 2 2 2 2 2 2 2
left_child=3 2 4 7 6 8 14 22 -3 -5 16 -12 13 26 -2 -8 17 -10 -6 20 -16 -15 -1 24 25 -18 29 28 57 30 34 32 40 -34 -11 -36 -30 38 -25 -39 -31 -9 43 44 -43 46 -45 -44 -49 50 -50 -52 -53 -13 55 -29 -55 58 -28 -60 -61 -62
right_child=1 5 -4 9 18 -7 15 41 10 12 11 53 -14 21 19 -17 23 -19 -20 -21 -22 -23 -24 37 -26 -27 27 54 36 31 -32 -33 33 -35 35 -37 -38 39 -40 -41 -42 42 47 45 -46 -47 -48 48 49 -51 51 52 -54 56 -56 -57 -58 -59 59 60 61 -63
leaf_value=0.041811015264105092 -0.045674742148978882 0.0049489543607285219 0.0040209905859103891 0.012986351848112582 -0.061308657482975031 0.01182968744014235 0.0028143077916954113 0.022076272982914834 0.0036744633025503019 0.010852211080209652 -0.021670783255692112 -0.082686734738726675 0.018876374900084755 -0.00073922011151707331 0.049516851866349257 -0.042978489464419081 0.049230558589849961 -0.10990181220976142 0.01333134899441594 -0.018484149953854914 -0.099860040874985276 -0.018133415696455903 0.025867141706038346 -0.065228251874559273 -0.083684797558704227 -0.1025911910819679 -0.11925812442281447 -0.10533358701979988 -0.046368648693059171 0.022620519422997809 0.034979670887523538 0.010286829227151167 -0.019489971398984243 -0.098238206617549145 0.047446891824488038 -0.11640178466873843 -0.0092172673488882199 -0.12043861921109399 0.012334185451480694 0.021909614537225092 -0.105223774279759 0.052746579703604336 0.024320897995328557 -0.12340749473354951 -0.12010704920298612 0.0053598557474126597 0.051215588021769981 -0.11619771892004505 0.035995087156749435 0.024303418678783918 0.03894572540428725 0.030725149930030834 -0.079968771467956848 0.041189995660885714 0.030156493633077871 0.0565544626953891 -0.0022635215742646641 0.022001692764155593 0.0088071667427578725 -0.0062895477320555164 0.00093462643366435056 -0.099708659455032489
leaf_weight=239.2032716521062 86.338688068150077 431.87514873407781 264.51216650486458 1358.5885089422809 8.784733555337878 487.45364805450663 27.675007377925795 419.72849448490888 8.9143321025185305 14.812319821678104 816.6772233012598 5.0842484941240391 250.58723532035947 255.44249160517938 16.615829573827799 963.03095356345875 12.49508231203072 7.6276864740066221 106.03911333018914 297.90405659290263 2.2306407236028454 300.58389526850078 523.78507895325311 13.555573492078109 14.007627563085405 2.0397848836146286 2.8786285594105712 3.8406654307618728 29.170442382106557 19.387262390227992 124.43735461262986 321.22653280803934 14.139531898777934 10.493345703580415 1.9822925403714187 5.7618086319416744 279.82910273090238 2.0843377392739049 27.546358846593648 153.98609595524613 2.4103560554794958 2.0052419574931264 216.33312715007924 5.1095596116501829 5.530565394088625 227.03021944919601 2.6221253201365471 3.1638700151816002 14.547747215488924 50.858270714525133 6.0380269023589817 4.4028132101520923 20.001548724249005 18.37441651779227 72.35334213799797 2.0590396923944354 302.36759325070307 98.359795341442805 266.54098448273726 84.139385483460501 6.9733452659565982 9.2794405927415919
leaf_count=562 60339 33144 21087 22349 6134 15033 6325 2710 274 219 343395 1066 4432 31186 567 723233 299 769 5823 130858 289 65589 2214 1468 1452 207 108 140 3193 328 1659 16852 920 635 5 247 36105 266 1082 9268 194 9 2183 466 132 3141 9 130 243 1087 40 94 805 1486 1037 7 64252 5378 7900 5635 689 1615
internal_value=0.00048966 -0.0140681 -0.0271966 0.0117405 -0.03267 -0.00396506 -0.0359893 0.0220659 -0.00820323 0.00665745 -0.0123051 -0.0157951 0.00270724 0.000603628 -0.0219554 -0.0416993 0.00415429 -0.0486967 0.00762093 -0.0154901 0.0318368 -0.0101424 0.0308657 0.00802759 -0.0268494 0.0279243 0.00496476 0.000797613 -0.00155889 0.0118912 0.0267827 0.00593732 -0.0241545 -0.0530359 -0.0184375 -0.0744607 -0.0127245 0.0130764 -0.0132462 0.0200085 0.00848364 0.0151964 0.010018 0.00066899 -0.0741115 0.00306943 -0.0641858 0.0172014 0.00164602 0.00553593 -0.0156794 -0.0403735 -0.0599984 -0.00106797 0.0242012 -0.0488335 0.000225809 0.00581054 0.00150414 0.00245153 -0.0144227 -0.0565271
internal_weight=9352.86 4077.22 1773.13 5275.64 1508.62 2304.09 1393.8 1740.36 1816.64 3535.28 1384.76 1142.5 2176.69 1926.1 403.089 990.706 242.257 16.542 114.824 316.751 18.8465 556.026 762.988 225.715 28.5425 14.5349 1370.07 855.424 777.171 514.651 146.994 367.657 46.4305 24.6329 22.5564 7.7441 309 197.172 41.1019 156.07 21.7976 977.372 557.643 242.298 7.53581 234.762 7.73168 315.345 99.0123 95.8484 44.9901 30.4424 24.4044 325.826 78.253 5.89971 320.742 468.172 369.812 366.933 100.392 16.2528
internal_count=1648363 1428116 954655 220247 933568 473461 921611 13825 458428 206422 425284 410199 184073 179641 192053 729558 15085 1043 11957 131714 856 96775 2776 14042 1958 506 82866 61807 60623 21059 2130 18929 2077 1555 471 252 39298 12084 2550 9534 522 11049 8339 3757 141 3616 475 4582 2399 2269 1182 939 899 66804 1184 147 65738 21325 15947 15839 7939 2304
is_linear=0
shrinkage=0.05


Tree=29
num_leaves=63
num_cat=0
split_feature=27 27 8 4 28 25 25 0 18 4 14 28 12 28 10 14 14 14 18 12 21 6 28 28 8 14 6 6 12 25 25 14 6 21 28 8 2 28 8 25 23 12 7 2 25 18 8 12 25 4 4 27 4 14 28 28 18 25 25 28 23 28
split_gain=628.83 119.221 113.45 73.0454 58.0396 56.4081 49.2509 44.4785 35.4452 33.3286 37.1066 50.1123 30.7878 29.1703 27.881 22.0231 28.1141 19.0569 18.7594 21.0031 18.5512 33.2599 18.9419 17.8173 17.6177 17.4436 17.1086 18.2997 20.1401 18.3378 19.0957 18.1991 16.9959 16.6288 16.6194 22.8134 16.3358 17.0764 15.703 15.3356 15.2997 15.2454 17.8852 15.0903 20.7205 15.9056 18.9235 14.8525 14.7286 39.0483 19.9863 15.886 14.5364 14.4021 14.3833 15.22 14.2259 14.132 13.9334 13.7454 13.6571 13.6234
threshold=4.5000000000000009 1.5000000000000002 3.5000000000000004 35.500000000000007 0.41837534308433538 4.5457341670989999 5.5015194416046151 16.500000000000004 3.5000000000000004 3.5000000000000004 18.500000000000004 0.57140517234802257 17.500000000000004 0.60942333936691295 12.500000000000002 13.500000000000002 15.500000000000002 1.5000000000000002 16.500000000000004 60.000000000000007 0.015749008394777778 4.5000000000000009 0.7171914577484132 0.62906339764595043 7.5000000000000009 18.500000000000004 1.0000000180025095e-35 14.500000000000002 5.5000000000000009 16.572401046752933 33.069564819335945 60.000000000000007 9.5000000000000018 0.015504807699471714 0.81501296162605297 7.5000000000000009 41.500000000000007 0.56007468700408947 5.5000000000000009 4.0580132007598886 1.5000000000000002 1.0000000180025095e-35 0.0093025267124176043 1.0000000180025095e-35 8.7624015808105487 4.5000000000000009 1.5000000000000002 2.5000000000000004 12.887917518615724 12.500000000000002 100.00000000000001 5.5000000000000009 100.00000000000001 18.500000000000004 0.30792514979839331 0.60942333936691295 17.500000000000004 14.585822582244875 6.8472936153411874 0.81501296162605297 7.5000000000000009 0.74537017941474926
decision_type=2 2 2 2 2 2 2 2 2 2 2 2 2 2 2 2 2 2 2 2 2 2 2 2 2 2 2 2 2 2 2 2 2 2 2 2 2 2 2 2 2 2 2 2 2 2 2 2 2 2 2 2 2 2 2 2 2 2 2 2 2 2
left_child=1 3 8 -1 6 9 -5 41 -2 -3 14 -12 26 25 17 18 52 60 19 -14 21 -21 -23 53 32 -6 31 28 -28 40 -31 -9 -25 36 48 -36 -20 -38 -13 -27 -30 42 -4 -10 45 46 -45 -19 50 57 51 -29 -17 -18 -16 -56 -55 -50 -47 -34 -11 -40
right_child=2 5 7 4 13 -7 -8 12 43 10 11 38 15 -15 54 16 23 47 33 20 -22 22 -24 24 -26 39 27 34 29 30 -32 -33 59 -35 35 -37 37 -39 61 -41 -42 -43 -44 44 -46 58 -48 -49 49 -51 -52 -53 -54 56 55 -57 -58 -59 -60 -61 -62 -63
leaf_value=0.008134512213006059 0.030874581110715168 0.017963015669358474 -0.12852016355041831 -0.044942237088706517 0.04039971004485992 0.012624171707526326 -0.00040749372113141547 -0.12076494948722394 0.02576504437827272 0.022232948564574653 -0.022851792388538874 0.028645866827755717 -0.1130100327662454 0.01571721922671734 -0.031779409268747859 -0.10159093720832538 0.027392482605368723 0.0089089292577329404 0.03909308050593796 -0.13097547837255466 0.061393243795147205 0.010065716596431865 -0.066625823198250764 -0.0063199409473438098 0.0030715301057268199 -0.026388222034826426 0.025162767660495522 0.038715589835914999 -0.093030928795591605 -0.10641295960589081 0.021120368014775563 0.015077856020894951 -0.088910149899910987 -0.11284056602725248 0.022877459728635682 -0.097336588081178788 0.028717177409882274 -0.059809517677264112 -0.0071537902128226919 0.0010508930750189043 0.010296625311585567 0.011438700770828571 0.032925869676395478 -0.0063138807777615991 0.030798202946402883 0.0099942392666505005 -0.11171424131361184 -0.048692275395303061 0.063510377961120495 0.025376324151668607 -0.015348754281966484 0.0037018460503310869 0.014070549914005463 -0.064817354175637804 0.031112888199016826 -0.092809968094774209 -0.012531551863748398 -0.10923190136808447 -0.06623253172479622 0.028496709630203062 -0.1088782544491215 0.046987802873684141
leaf_weight=137.27408280875534 677.16400090046227 91.31231728172861 1.7422885331325222 614.57029849634273 10.715201752260326 282.68844167888165 69.056327751255594 5.2712221427354962 262.35049079125747 33.32774493272882 930.47076205303892 35.46075865929015 4.2197124350350341 53.095890127820894 11.027031906123737 11.355195419862865 21.947922411374748 15.557855413062496 84.403162736096419 5.0908097019419065 11.202304597012697 67.952962094452232 9.13353628432378 31.164410233963281 582.75631289824378 570.43549523275578 271.47606015391648 35.502146383980289 3.6788048818707457 7.4403752097859961 4.8473470686003566 4.6322529618628305 14.16534603550099 2.1058595592621705 6.8603375456295934 9.2920249165035766 12.76864465326071 9.5004808455705625 472.62692655739374 55.912633547559381 136.88665967481211 1582.6424725715769 111.37521691061556 15.767082725651564 113.71985594183207 486.24414561432786 5.8342907917685798 39.873233942780644 1.4035395178943852 140.56004512892105 136.55673653935082 370.14181397831999 3.5708392111118874 13.406722116516901 104.86580330436118 2.5376819302327922 438.74985070800176 7.5687484908849001 6.0697345407679668 3.0253560864366582 2.1120437617646521 11.911673505557699
leaf_count=12071 2733 3764 76 522777 2954 13588 9625 205 1542 2498 362806 1808 375 18312 5606 1028 989 1355 1772 281 61 2447 398 1039 42264 354059 2752 982 225 293 34 76 1454 78 57 416 595 910 109385 4581 3433 40480 606 151 999 9634 159 14251 10 1603 6461 10516 223 1657 9579 701 57994 172 228 80 421 734
internal_value=0.000548924 -0.0160044 0.0107868 -0.0266424 -0.0301174 -0.00810057 -0.0404436 0.00647145 0.022254 -0.0114463 -0.0130642 -0.0159041 0.00218871 -0.019889 0.00661643 -0.00299248 -0.00575782 -0.0142168 0.0120167 -0.00389787 0.00103278 -0.00719548 0.000978977 -0.00483727 0.000665122 -0.0228566 0.00820643 0.00877876 0.016989 0.002472 -0.0561027 -0.0572258 -0.0283359 0.0262958 0.00385726 -0.0462785 0.0290426 -0.00905019 -0.00347225 -0.0239388 0.00759239 0.0127061 0.0304392 0.0156948 0.0114854 0.00721189 -0.0347813 -0.0325253 0.00502796 0.0189209 0.00119646 0.00676627 -0.0739206 -0.0121619 0.0226016 0.0281849 -0.0140819 -0.0822097 0.00905444 -0.068248 0.0144193 -0.0058228
internal_weight=9276.38 3544.83 5731.55 1511.06 1373.79 2033.77 683.627 4164.4 1567.15 1751.08 1659.77 1450.47 2468.64 690.159 209.301 1326.52 1120.14 90.8709 206.377 97.5993 93.3796 82.1773 77.0865 1105.22 631.111 637.063 1142.12 1132.21 424.329 152.853 12.2877 9.90348 48.3551 108.778 707.885 16.1524 106.672 22.2691 519.999 626.348 140.565 1695.76 113.118 889.986 627.635 513.915 21.6014 55.4311 691.733 149.532 542.201 405.644 14.926 474.104 118.431 107.403 452.157 8.97229 492.314 17.1907 35.4398 484.539
internal_count=1648363 1450875 197488 924379 912308 526496 532402 182042 15446 512908 509144 474733 140880 379906 34411 113645 106728 18525 6917 3562 3187 3126 2845 105477 44837 361594 27235 26954 6737 3985 327 281 2573 3355 20217 473 3277 1505 111927 358640 3658 41162 682 12713 11171 10172 310 15606 19744 1785 17959 11498 1251 60640 15886 10280 59651 182 9862 1534 2919 110119
is_linear=0
shrinkage=0.05


end of trees

feature_importances:
biencoder_cosine=242
popularity=209
rank_e5_large_top100=155
rank_biencoder_last2turns_top100=121
pmi_sum=114
rank_biencoder_large_top100=95
rank_biencoder_top100=85
turn_number=83
rank_biencoder_current_only_top100=82
rank_cf_bpr=82
rank_biencoder_mxbai_top100=77
rank_metadata_qwen3=77
rank_decay_descending=76
score_biencoder_last2turns_top100=46
n_legs_containing=43
rank_bm25_norepeat=39
rank_pmi_leg=33
score_e5_large_top100=30
score_pmi_leg=24
score_biencoder_large_top100=23
score_biencoder_top100=23
score_metadata_qwen3=22
score_biencoder_current_only_top100=18
score_biencoder_mxbai_top100=16
score_decay_descending=15
score_cf_bpr=12
score_bm25_norepeat=11
n_prior_accepts=6
is_in_all_legs=1

parameters:
[boosting: gbdt]
[objective: lambdarank]
[metric: ndcg]
[tree_learner: serial]
[device_type: cpu]
[data_sample_strategy: bagging]
[data: ]
[valid: ]
[num_iterations: 500]
[learning_rate: 0.05]
[num_leaves: 63]
[num_threads: 25]
[seed: 0]
[deterministic: 0]
[force_col_wise: 0]
[force_row_wise: 0]
[histogram_pool_size: -1]
[max_depth: -1]
[min_data_in_leaf: 10]
[min_sum_hessian_in_leaf: 0.001]
[bagging_fraction: 0.8]
[pos_bagging_fraction: 1]
[neg_bagging_fraction: 1]
[bagging_freq: 5]
[bagging_seed: 3]
[bagging_by_query: 0]
[feature_fraction: 0.8]
[feature_fraction_bynode: 1]
[feature_fraction_seed: 2]
[extra_trees: 0]
[extra_seed: 6]
[early_stopping_round: 0]
[early_stopping_min_delta: 0]
[first_metric_only: 0]
[max_delta_step: 0]
[lambda_l1: 0]
[lambda_l2: 0]
[linear_lambda: 0]
[min_gain_to_split: 0]
[drop_rate: 0.1]
[max_drop: 50]
[skip_drop: 0.5]
[xgboost_dart_mode: 0]
[uniform_drop: 0]
[drop_seed: 4]
[top_rate: 0.2]
[other_rate: 0.1]
[min_data_per_group: 100]
[max_cat_threshold: 32]
[cat_l2: 10]
[cat_smooth: 10]
[max_cat_to_onehot: 4]
[top_k: 20]
[monotone_constraints: ]
[monotone_constraints_method: basic]
[monotone_penalty: 0]
[feature_contri: ]
[forcedsplits_filename: ]
[refit_decay_rate: 0.9]
[cegb_tradeoff: 1]
[cegb_penalty_split: 0]
[cegb_penalty_feature_lazy: ]
[cegb_penalty_feature_coupled: ]
[path_smooth: 0]
[interaction_constraints: ]
[verbosity: -1]
[saved_feature_importance_type: 0]
[use_quantized_grad: 0]
[num_grad_quant_bins: 4]
[quant_train_renew_leaf: 0]
[stochastic_rounding: 1]
[linear_tree: 0]
[max_bin: 255]
[max_bin_by_feature: ]
[min_data_in_bin: 3]
[bin_construct_sample_cnt: 200000]
[data_random_seed: 1]
[is_enable_sparse: 1]
[enable_bundle: 1]
[use_missing: 1]
[zero_as_missing: 0]
[feature_pre_filter: 1]
[pre_partition: 0]
[two_round: 0]
[header: 0]
[label_column: ]
[weight_column: ]
[group_column: ]
[ignore_column: ]
[categorical_feature: ]
[forcedbins_filename: ]
[precise_float_parser: 0]
[parser_config_file: ]
[objective_seed: 5]
[num_class: 1]
[is_unbalance: 0]
[scale_pos_weight: 1]
[sigmoid: 1]
[boost_from_average: 1]
[reg_sqrt: 0]
[alpha: 0.9]
[fair_c: 1]
[poisson_max_delta_step: 0.7]
[tweedie_variance_power: 1.5]
[lambdarank_truncation_level: 20]
[lambdarank_norm: 1]
[label_gain: ]
[lambdarank_position_bias_regularization: 0]
[eval_at: ]
[multi_error_top_k: 1]
[auc_mu_weights: ]
[num_machines: 1]
[local_listen_port: 12400]
[time_out: 120]
[machine_list_filename: ]
[machines: ]
[gpu_platform_id: -1]
[gpu_device_id: -1]
[gpu_use_dp: 0]
[num_gpu: 1]

end of parameters

pandas_categorical:null
