tree
version=v4
num_class=1
num_tree_per_iteration=1
label_index=0
max_feature_idx=30
objective=lambdarank
feature_names=rank_biencoder_current_only_top100 score_biencoder_current_only_top100 rank_biencoder_large_top100 score_biencoder_large_top100 rank_biencoder_last2turns_top100 score_biencoder_last2turns_top100 rank_biencoder_mxbai_top100 score_biencoder_mxbai_top100 rank_biencoder_stella_top100 score_biencoder_stella_top100 rank_biencoder_top100 score_biencoder_top100 rank_bm25_norepeat score_bm25_norepeat rank_cf_bpr score_cf_bpr rank_decay_descending score_decay_descending rank_e5_large_top100 score_e5_large_top100 rank_metadata_qwen3 score_metadata_qwen3 rank_pmi_leg score_pmi_leg popularity turn_number n_prior_accepts pmi_sum is_in_all_legs n_legs_containing biencoder_cosine
feature_infos=[0:101] [0:0.016393441706895828] [0:101] [0:0.016393441706895828] [0:101] [0:0.016393441706895828] [0:101] [0:0.016393441706895828] [0:101] [0:0.016393441706895828] [0:101] [0:0.016393441706895828] [0:101] [0:0.016393441706895828] [0:101] [0:0.016393441706895828] [0:101] [0:0.016393441706895828] [0:101] [0:0.016393441706895828] [0:101] [0:0.016393441706895828] [0:101] [0:0.016393441706895828] [0:93] [1:8] [0:7] [0:67.071929931640625] [0:1] [1:12] [-0.29819449782371521:0.94224560260772705]
tree_sizes=7020 6970 7003 6999 6965 6948 6969 7004 6978 6997 6985 6981 6992 6988 6981 7006 7017 7039 7025 6981 7000 7015

Tree=0
num_leaves=63
num_cat=0
split_feature=29 24 8 29 4 14 24 22 4 19 19 8 8 14 19 24 4 16 19 4 22 29 10 14 10 2 19 8 22 2 2 16 22 2 24 2 19 16 19 24 24 6 2 24 24 19 24 25 8 25 4 4 10 10 25 24 6 0 2 24 24 14
split_gain=4380.81 542.491 530.045 220.412 161.627 152.375 116.67 105.18 109.468 100.094 85.0899 77.8035 76.3958 62.4473 60.9173 60.0287 50.2014 41.5838 33.0305 29.9009 28.7839 28.7212 26.8577 23.5217 22.9784 22.2047 21.3522 20.8936 20.4892 19.585 18.6324 18.5853 17.965 17.4482 16.6792 18.3855 16.5633 16.5178 16.0114 15.9668 15.7758 15.1448 14.4658 13.8951 13.4134 13.0568 12.7511 12.533 11.959 11.735 11.6513 11.5333 11.4348 15.0937 11.2994 15.7596 11.7403 11.5098 11.2718 11.2256 11.191 11.1181
threshold=4.5000000000000009 51.500000000000007 20.500000000000004 1.5000000000000002 14.500000000000002 18.500000000000004 52.500000000000007 14.500000000000002 36.500000000000007 0.010811126790940763 0.012739370577037336 37.500000000000007 55.500000000000007 4.5000000000000009 0.0092167854309082049 74.500000000000014 52.500000000000007 60.000000000000007 0.0093025267124176043 57.500000000000007 5.5000000000000009 1.5000000000000002 17.500000000000004 16.500000000000004 100.00000000000001 20.500000000000004 0.0065147271379828462 4.5000000000000009 10.500000000000002 35.500000000000007 97.500000000000014 60.000000000000007 17.500000000000004 15.500000000000002 23.500000000000004 71.500000000000014 0.016001024283468727 7.5000000000000009 0.014815627597272398 38.500000000000007 74.500000000000014 58.500000000000007 90.500000000000014 51.500000000000007 80.500000000000014 0.0070672258734703073 49.500000000000007 1.5000000000000002 6.5000000000000009 2.5000000000000004 85.500000000000014 29.500000000000004 5.5000000000000009 97.500000000000014 6.5000000000000009 30.500000000000004 93.500000000000014 78.500000000000014 45.500000000000007 18.500000000000004 67.500000000000014 12.500000000000002
decision_type=2 2 2 2 2 2 2 2 2 2 2 2 2 2 2 2 2 2 2 2 2 2 2 2 2 2 2 2 2 2 2 2 2 2 2 2 2 2 2 2 2 2 2 2 2 2 2 2 2 2 2 2 2 2 2 2 2 2 2 2 2 2
left_child=1 3 10 4 -1 -4 9 -3 42 17 37 -5 44 31 16 21 24 -7 -17 -6 -18 26 -22 -23 -15 -11 -14 -12 -19 39 46 47 -8 -34 -30 54 48 -2 -16 -24 50 -37 -9 -39 45 60 59 -13 -21 -28 -35 -48 -52 -54 56 -56 -36 -57 -50 -26 -10 -29
right_child=2 7 5 11 19 6 32 8 12 25 27 13 15 14 38 18 20 28 -20 36 22 23 29 -25 30 -27 49 61 34 -31 -32 -33 33 40 35 41 -38 43 -40 -41 -42 -43 -44 -45 -46 -47 51 -49 58 -51 52 -53 53 -55 55 57 -58 -59 -60 -61 -62 -63
leaf_value=0.08153999629074328 0.075588443446714171 0.058494744714649854 0.059667679902519179 0.0075421094828103793 -0.023105287142453093 0.033595378732534473 0.074527449596755724 0.020229123949089985 -0.015058223638728527 0.049294071751208729 0.091273552621377443 -0.031667954468597791 -0.051451124345844305 -0.074247828639631391 -0.015063873169902271 -0.0035389652184217336 0.059621116444538193 0.054767473903434949 0.072183225930854578 0.025864525814555863 0.0040781560478805523 0.035861608451826156 -0.054086147896176107 -0.024154266410877631 -0.0062161849217864757 0.012403296484687083 -0.058645654498357735 0.084847187208124702 -0.010039606321695774 -0.063938771054151161 0.01570700398277192 -0.10000000000000001 0.066554885913766612 0.025476128655284275 -0.048112075764714234 -0.037338726586000986 0.077771047133410987 0.037021304081738426 0.049406896488065052 0.036541168517543257 0.065162961392450452 -0.10000000000000001 0.067348146104620393 0.063377085398118191 0.085463411692239713 0.051326251078013634 0.083528427641573616 0.07777423580133655 -0.021367128881212762 -0.00058977099680090905 0.086116974660160911 -0.10000000000000001 -0.10000000000000001 0.030610974800464836 -0.10000000000000001 0.021532710248377898 -2.8604896609380351e-05 -0.057362803622009753 -0.077170552039680484 -0.049949733066533275 0.037305156360652632 0.067685679557194942
leaf_weight=16.819041615643073 63.062591033871286 57.899160232598661 239.46171790821245 85.699948660054361 27.330448868771782 30.965263391539338 38.827612784109078 27.200581470533507 27.169440311321523 72.893079905741615 510.24808284922619 3.1559524477925214 201.59803939904668 18.410545912047382 80.849960444204044 77.687032222340349 5.1176676988834506 7.2392957095289594 17.678842941415496 2.8521951684961087 16.012847366044298 18.185275892261416 10.686160353448942 159.66948389586469 22.464223182934802 92.615264609295991 11.413454140740212 178.47961708082585 68.489232584164711 444.8027280331371 35.651141816953896 2.0399400737369424 37.946484873216832 94.06823415197141 71.203403099221759 18.740659944684012 1.7457497788127501 138.79963294157642 10.932630225666797 8.9142179799382557 23.340741906547919 19.863372896012152 40.604785245493986 78.175945633876836 9.0802817750954983 22.787456844991539 4.1958809647476301 15.287527437641982 9.132197887534856 36.669275369553361 1.8255809880793084 1.0754287134623144 5.8510790189902755 3.5564543287036932 3.9119958433439015 24.515136629517656 15.449353520525618 5.6970734157366705 995.91678496231179 42.307027846531128 16.340292208362371 200.27677212038543
leaf_count=2325 3578 19372 23490 37068 17494 4823 3191 9805 18028 11515 13974 1482 149259 10829 39556 34875 957 836 2839 1587 7699 7081 8585 85356 10209 20295 8566 6522 20398 244201 13127 1292 5261 19412 24701 5503 325 23216 3396 4000 2414 7765 7466 8993 1064 5349 637 1935 7091 17626 158 828 3845 833 1676 4656 5496 2600 729123 25442 5479 18215
internal_value=0.000386663 -0.04287 0.0550602 -0.0571539 -0.0722161 0.0256651 0.0128828 -0.00614518 -0.011764 -0.00187983 0.0770985 -0.0375001 -0.0185878 -0.0428472 -0.0453603 -0.0253715 -0.0510776 -0.020871 0.0104983 -0.0747099 -0.0583316 -0.0333726 -0.0595881 -0.0180178 -0.0226979 0.0286507 -0.0443103 0.0846694 -0.0280445 -0.0617833 -0.0137185 0.0432076 0.0438995 0.0367609 -0.0306754 -0.039543 -0.0761068 0.0530639 -0.00738447 -0.012869 0.0279723 -0.0695805 0.048446 0.0465172 0.0284711 0.0206653 -0.0286959 0.0590471 -0.0763734 -0.0143706 0.0197288 0.0460858 -0.0284007 -0.0506234 -0.029942 -0.00557148 -0.0395393 0.0066555 -0.0766635 -0.0347819 0.0046071 0.0757726
internal_weight=4630.89 2585.38 2045.5 1861.4 1053.8 876.461 636.999 723.983 666.084 431.583 1169.04 807.604 598.279 721.904 701.42 522.901 609.638 266.075 95.3659 1036.98 485.534 427.536 480.416 177.855 124.104 165.508 249.681 889.004 235.11 464.403 105.694 20.4834 205.416 166.589 227.87 159.381 1009.65 280.038 91.7826 19.6004 128.642 38.604 67.8054 216.976 75.3775 66.2972 70.0426 18.4435 1007.9 48.0827 105.301 5.27131 11.2331 9.40753 120.777 34.1242 86.6528 30.2122 1005.05 64.7713 43.5097 378.756
internal_count=1784719 1541353 243366 1169188 757945 168868 145378 372165 352793 110264 74498 411243 335522 374175 369466 305602 326514 78454 37714 755620 265442 267888 264485 92437 61072 31810 175451 38711 73631 256786 50243 4709 35114 31923 72795 52397 738126 35787 42952 12585 26662 13268 17271 32209 29920 28856 37116 3417 737801 26192 24248 1465 4836 4678 39129 8932 30197 7256 736214 35651 23507 24737
is_linear=0
shrinkage=0.05


Tree=1
num_leaves=63
num_cat=0
split_feature=29 29 27 18 5 24 5 27 29 20 22 24 29 5 27 20 8 18 5 22 5 8 5 2 18 18 18 25 6 0 15 8 20 12 12 8 24 18 25 5 25 0 27 22 25 18 15 24 25 8 7 12 16 2 5 6 5 18 0 6 6 2
split_gain=3801.45 1298.32 412.659 306.678 295.043 272.027 193.713 180.735 161.862 146.556 105.105 107.459 94.3484 92.355 88.5605 93.9846 85.9504 136.715 97.185 67.5763 64.4441 66.5851 63.4706 55.1348 49.6496 48.3423 45.8633 44.9013 44.0589 43.9326 49.8055 42.405 45.9803 52.2341 42.8619 41.9165 58.0487 41.1939 41.0071 48.5072 40.9176 49.2157 40.5224 39.3854 37.9569 37.6235 41.3144 37.1291 36.1775 35.8664 35.3977 34.468 34.2369 37.8661 35.0197 34.1314 33.384 32.4741 45.5102 35.2631 33.4571 32.1258
threshold=2.5000000000000004 7.5000000000000009 3.4953534603118901 4.5000000000000009 0.015504807699471714 66.500000000000014 0.014599318150430919 4.4343090057373056 1.5000000000000002 2.5000000000000004 60.000000000000007 47.500000000000007 4.5000000000000009 0.0077221228275448093 18.260355949401859 1.5000000000000002 4.5000000000000009 100.00000000000001 0.014389234129339458 60.000000000000007 0.010929288342595102 5.5000000000000009 0.014185110572725536 52.500000000000007 1.5000000000000002 8.5000000000000018 2.5000000000000004 2.5000000000000004 1.0000000180025095e-35 24.500000000000004 0.015749008394777778 70.500000000000014 7.5000000000000009 7.5000000000000009 9.5000000000000018 4.5000000000000009 29.500000000000004 19.500000000000004 3.5000000000000004 0.0086581707000732439 5.5000000000000009 1.0000000180025095e-35 11.879572391510012 4.5000000000000009 3.5000000000000004 100.00000000000001 0.016001024283468727 35.500000000000007 7.5000000000000009 1.5000000000000002 0.010929288342595102 18.500000000000004 5.5000000000000009 14.500000000000002 0.016001024283468727 59.500000000000007 0.010152545757591726 1.5000000000000002 18.500000000000004 1.5000000000000002 11.500000000000002 29.500000000000004
decision_type=2 2 2 2 2 2 2 2 2 2 2 2 2 2 2 2 2 2 2 2 2 2 2 2 2 2 2 2 2 2 2 2 2 2 2 2 2 2 2 2 2 2 2 2 2 2 2 2 2 2 2 2 2 2 2 2 2 2 2 2 2 2
left_child=2 4 5 9 7 6 8 16 10 49 -1 -12 -9 19 15 38 18 28 37 -7 21 47 -11 24 -6 26 -14 -15 -18 -30 -31 55 33 56 -34 36 52 -2 39 -5 50 -42 43 -4 -8 -23 -47 -17 57 -3 -38 -10 -22 54 -54 -19 -33 60 59 -59 -20 -51
right_child=1 3 42 14 23 13 44 12 51 22 11 -13 25 27 -16 20 17 31 48 -21 35 45 -24 -25 -26 -27 -28 -29 29 30 -32 32 34 -35 -36 -37 40 -39 -40 -41 41 -43 -44 -45 -46 46 -48 -49 -50 61 -52 -53 53 -55 -56 -57 -58 58 -60 -61 -62 -63
leaf_value=-0.096015596184619467 -0.044662377965104458 0.073604133321415896 -0.048992465094280208 -0.10178208341550553 0.045515940210772078 -0.10112500748808505 0.035958924244269337 0.053745800073781616 -0.093997125793160163 0.018005039623705886 -0.064791278083924694 -0.038521120298299488 0.0121879318516014 0.066609776988538857 0.0485254946158023 -0.1027238277810489 -0.10215616416316141 -0.023080997790420277 0.064133452797059523 -0.016365768738397176 0.058568920785649861 0.012349076280386877 0.045194126363102979 0.077064429333509765 0.015913632979363049 0.014274251017936269 -0.10247259992544532 -0.0063138098977307336 0.011831067274825869 -0.0037678562160399507 0.05730059947860297 -0.027153599932778362 -0.091457510722630697 0.045934079331396142 -0.030605442280630675 0.027600849616555536 -0.10338213943876447 -0.0019378865884150866 0.025464681370467913 0.060621440027463926 0.047534625112075957 -0.066047716105410742 0.066119015129181224 0.025521272077512792 -0.031532811880114836 -0.083198026659890581 0.041905591693172248 -0.022073673677271283 -0.066989464458439577 0.054299490186530575 0.0085973874010637479 -0.03311891404213535 0.030792402120081025 -0.10269275063743775 -0.10268002188444905 0.0064674034153316884 0.066247272111234087 -0.10365638500549837 -0.051309611913242528 0.026995832567343881 -0.10348357650311153 -0.10201901117101822
leaf_weight=197.27438709908165 367.03199261426926 544.39397647604346 20.774050867999904 4.6983569164294741 218.88018831284717 25.095680220634677 71.500876369187608 165.84252142568585 23.966828873381019 281.48903693456668 1451.9255431517959 531.87997736537363 16.816852575982921 49.279514128342271 329.80896653619129 19.623625641688704 10.241691591916604 175.09363568481058 38.34719043597579 373.54736299265642 72.043577851261944 382.21855201455764 903.92073692148551 58.683501083403826 401.42185112065636 367.6728102217894 18.116405834909528 36.925821314798668 756.63980355398962 1720.4266480925726 34.048246091697365 118.48308425489813 30.656349152326584 39.774669193429872 516.1025759348413 920.30650785937905 7.2959729088470331 66.665611133212224 190.89772101689596 214.93736691772938 12.057201729156075 45.632437586784363 52.250594045384787 121.17680225824006 29.396712715504691 21.543546913773756 9.513627607142551 52.315351378871128 15.45816658483818 327.57729217084125 215.71389633254148 777.92822874686681 70.219864355633035 6.6863694828934959 5.284199856221675 221.18598022521473 10.407352530630304 5.5180710591375819 31.874469065573066 80.596607099287212 3.2276703473180524 3.3201171327382317
leaf_count=60806 3585 969 3172 188 1303 2286 1031 7275 12270 2379 641578 201769 193 1513 2980 354 774 27046 106 78828 251 10307 4362 1152 9338 9827 528 3742 37501 183413 459 10950 6097 2398 125655 17377 117 5276 2112 1080 50 582 2162 14971 1693 1278 116 651 199 1405 1543 245528 374 125 91 30161 152 98 507 561 33 92
internal_value=0.000407377 0.016347 -0.0425061 0.0358126 -0.000112418 -0.0463687 -0.0518423 -0.00446759 -0.054147 0.0501957 -0.0612092 -0.057748 0.0220075 -0.0115538 0.0243281 0.0207828 -0.00801556 -0.00510221 -0.0254035 -0.0217016 0.0159575 0.000320958 0.0387378 0.0307415 0.0263591 0.00893375 -0.0472751 0.0353732 0.00133828 0.00176038 -0.00258273 -0.0197093 -0.0269771 -0.00415481 -0.0340174 0.0215558 0.00876467 -0.038095 0.0424149 0.0571474 -0.0047755 -0.0423089 0.0284734 0.0146164 0.0162951 0.00804872 -0.0448755 -0.0440735 0.00604561 0.0657132 0.00493387 -0.0349384 0.0334072 0.0113519 0.0214512 -0.00658837 -0.0196119 0.0131211 -0.000268477 0.0186239 0.0511205 0.052731
internal_weight=13893.6 10130.7 3762.92 4641.5 5489.21 3568.72 3083.87 4810.23 2982.97 2060.7 2181.08 1983.81 568.449 484.848 2580.8 2250.99 4241.78 3633.06 608.72 398.643 1840.45 485.215 1185.41 678.986 620.302 402.606 34.9333 86.2053 2521.36 2511.11 1754.47 1111.7 715.424 168.665 546.759 1355.24 434.934 433.698 410.533 219.636 280.7 57.6896 194.201 141.951 100.898 413.276 31.0572 71.939 175.022 875.291 223.01 801.895 154.234 82.1904 75.5041 396.28 128.89 159.564 117.989 86.1147 41.5749 330.897
internal_count=1784719 513370 1271349 48783 464587 1251044 1164675 452794 1161951 9207 904153 843347 17823 86369 39576 36596 434971 424606 10365 81114 33216 12706 6741 11793 10641 10548 721 5255 222147 221373 183872 202459 145252 13500 131752 20510 3133 8861 3380 1268 2292 632 20305 18143 2724 11701 1394 1005 1504 2466 1660 257798 841 590 465 57207 11102 1305 1166 659 139 1497
is_linear=0
shrinkage=0.05


Tree=2
num_leaves=63
num_cat=0
split_feature=8 30 8 5 14 24 24 20 27 10 24 16 30 18 30 30 25 24 30 27 25 30 27 18 14 0 30 18 30 27 5 16 10 24 24 5 24 6 27 5 14 5 18 16 18 24 23 10 0 8 6 23 6 18 30 5 24 24 5 10 24 24
split_gain=4266.79 1154.1 593.787 367.463 304.212 222.943 214.852 179.608 141.906 127.119 121.947 114.542 115.046 112.99 104.005 72.0402 70.9715 70.2819 66.9354 62.8314 61.5617 58.1326 51.2658 50.9642 50.9118 52.2869 50.4805 45.0654 37.7221 36.7321 36.4546 36.4125 36.269 38.6168 36.2091 40.7755 36.2037 39.8769 36.1979 35.2388 34.6599 34.5636 34.1271 35.6949 32.1817 30.9031 52.6901 32.9935 30.8433 30.6545 31.562 30.0537 30.0278 29.1489 28.2135 40.6472 34.653 27.242 43.1736 46.9251 39.687 33.9596
threshold=36.500000000000007 0.46914085745811468 4.5000000000000009 0.010471491608768703 8.5000000000000018 48.500000000000007 73.500000000000014 17.500000000000004 16.503212928771976 3.5000000000000004 59.500000000000007 60.000000000000007 0.57198983430862438 50.500000000000007 0.37751993536949163 0.27312174439430242 2.5000000000000004 80.500000000000014 0.24542479217052462 8.84729051589966 1.5000000000000002 0.59445792436599743 31.782026290893558 6.5000000000000009 4.5000000000000009 6.5000000000000009 0.33329500257968908 10.500000000000002 0.45850481092929846 5.8015782833099374 0.014389234129339458 15.500000000000002 17.500000000000004 35.500000000000007 58.500000000000007 0.011561079882085325 46.500000000000007 18.500000000000004 23.927797317504886 0.010362972505390646 12.500000000000002 0.0084389690309762972 79.500000000000014 1.5000000000000002 7.5000000000000009 36.500000000000007 0.013245614245533945 53.500000000000007 71.500000000000014 9.5000000000000018 11.500000000000002 0.016261236742138866 25.500000000000004 2.5000000000000004 0.47999456524848944 0.015038444194942715 71.500000000000014 62.500000000000007 0.014599318150430919 8.5000000000000018 21.500000000000004 4.5000000000000009
decision_type=2 2 2 2 2 2 2 2 2 2 2 2 2 2 2 2 2 2 2 2 2 2 2 2 2 2 2 2 2 2 2 2 2 2 2 2 2 2 2 2 2 2 2 2 2 2 2 2 2 2 2 2 2 2 2 2 2 2 2 2 2 2
left_child=2 3 9 4 18 11 8 44 14 23 13 16 -13 22 29 -5 -3 21 19 -2 48 34 45 36 38 -26 40 -16 -28 -6 42 -22 33 -29 52 39 -1 41 -11 -36 -8 -38 43 -18 -4 46 47 -9 -17 50 -15 -25 -7 -41 55 56 -12 58 -27 60 61 -60
right_child=1 5 7 15 6 17 26 10 -10 24 54 12 -14 49 27 20 30 -19 -20 -21 31 -23 -24 51 25 57 28 32 -30 -31 -32 -33 -34 -35 35 -37 37 -39 -40 53 -42 -43 -44 -45 -46 -47 -48 -49 -50 -51 -52 -53 -54 -55 -56 -57 -58 -59 59 -61 -62 -63
leaf_value=0.064104205222619656 -0.08769839400057497 -0.048926468771064067 0.037920223601376125 0.050498516010023586 -0.078426600589502751 -0.079517815041388315 0.048232682111570765 0.0050205865053590875 0.023526540611742797 0.052866210997791513 -0.076111879589017342 -0.038005084358746742 -0.010609302030009597 -0.10050446888224439 0.0084057292845974366 -0.042358139602534317 -0.1039091445503455 0.035444295367043493 0.017852852746334094 0.05839173750257929 0.029221346246489022 0.011715746458799803 0.072827627886432392 0.034437859373904853 0.041659764493685941 0.020715666883602567 0.0075271258864016742 0.036380204990734848 -0.099841093150435656 -0.044343514893187795 0.048140420301369405 -0.045249542417960434 -0.058052815553750949 -0.095372064155298697 -0.0034272379956959524 0.027088677933515517 -0.10528701270468961 -0.10552589820384582 -0.047908670684778644 0.087926361910897394 -0.062048664643056674 0.048794151097965428 0.025308731480123831 -0.0049728056627358188 0.023710655454592226 0.013628374947481557 -0.10277481349053817 -0.030838979138887286 0.031789911158164971 -0.028159901754908703 0.018673662799680951 -0.10319811141915075 -0.016337248983551083 -0.10032140487589968 0.031462479170831711 0.080470515359327782 0.0094416076010046188 0.041913314183850976 -0.10510877246924616 0.0078508437286765303 -0.10418880289300086 0.056607009644155208
leaf_weight=1063.5299029864836 31.501304352190346 49.846480987500399 642.10045532416552 64.445817895699292 1154.978436066187 19.939060111530125 8.0556883013341558 482.41136204090435 44.912515447707847 338.25573635334149 19.451187920058146 884.79749951185659 676.00281195098069 6.0875567344482979 27.41234187677037 16.83599768136628 10.061924241017548 162.8421696057776 162.52019767172169 9.6037830822169763 19.533145067747682 714.26017710426822 29.922474245773628 175.01951376139186 343.43488817010075 245.2852635118179 150.86151803447865 20.066741156158972 8.6496127541176957 84.859119862667285 66.550905699376017 102.79404952167533 1028.1233225734904 7.6940651824697843 440.53004186239559 114.97774781775661 3.6825712020508936 4.3442266252823165 9.1519398186355811 2.3729262072592983 61.644788630888797 312.30662909441162 110.84772148984484 97.040060444851406 1050.1313490387984 702.91564262029715 12.692881711060179 73.981327818939462 83.998792649013922 340.02644954749849 63.542888110503554 4.0581577131524673 330.94783547113184 15.414966071839444 509.92873826122377 11.443735198234206 30.232326492317952 79.064449779689312 4.9111277211923143 63.901709861587733 22.636409615632147 9.5769588840194029
leaf_count=3516 9792 2723 5063 2491 497691 3286 576 18217 619 1573 3847 280563 127120 1016 3330 2709 366 6224 10188 120 349 56456 135 2467 2845 10148 15817 3370 1578 7383 601 19047 376495 3350 64332 4075 101 100 92 14 13033 1301 6991 3648 15995 25517 667 6681 2607 64256 6638 45 66028 2166 14168 71 1695 1718 133 988 530 58
internal_value=0.000571718 -0.0273285 0.0290208 -0.0498884 -0.055415 -0.00847893 -0.0600289 0.0167582 -0.064503 0.0472138 0.00760694 -0.0204503 -0.0261396 0.000931532 -0.0662049 0.00393241 0.00610834 0.00411629 0.00343581 -0.0535659 -0.00951518 0.00100265 0.00813777 0.0564179 0.0343262 0.027148 -0.0138059 -0.0548869 0.001705 -0.0760938 0.0157508 -0.0333581 -0.0565301 -0.000135685 -0.00727703 0.000465703 0.0596658 0.04493 0.0502114 -0.00621318 -0.0493028 0.0469985 0.00586065 -0.0142676 0.0291023 0.00661601 -0.00204544 0.000252482 0.0194097 -0.0219705 0.00825432 0.0313188 -0.0199275 -0.0752089 0.0276146 -0.00448477 -0.0240527 0.0154316 0.00938574 -0.0181226 -0.0628302 0.00178908
internal_weight=13439 6784.92 6654.03 3088.49 2800.88 3696.43 2597.26 3974.87 2368.05 2679.16 2282.64 1895.15 1560.8 1711.58 2323.13 287.608 334.347 1801.28 203.625 41.1051 223.162 1638.44 1301.92 1562.94 1116.22 768.811 229.212 1083.3 159.511 1239.84 284.501 122.327 1055.88 27.7608 924.183 573.296 1383.86 320.333 347.408 458.318 69.7005 315.989 217.95 107.102 1692.23 1272 569.086 556.393 100.835 409.657 69.6304 179.078 350.887 17.7879 571.056 61.1272 49.6835 425.376 346.311 101.026 37.1245 14.4881
internal_count=1784719 1595138 189581 970545 943342 624593 923242 163966 892238 25615 142908 422012 407683 123127 891619 27203 14329 202581 20100 9912 24712 196357 51217 7530 18085 16420 31004 386545 17395 505074 11606 19396 383215 6720 139901 70587 5018 1502 1665 66512 13609 1402 11005 4014 21058 51082 25565 24898 5316 71910 7654 2512 69314 2180 19781 5613 5542 13575 11857 1709 721 191
is_linear=0
shrinkage=0.05


Tree=3
num_leaves=63
num_cat=0
split_feature=18 30 8 4 27 14 20 14 24 27 30 14 30 4 30 2 24 24 4 8 8 16 11 8 4 30 26 30 2 27 11 26 16 24 30 20 24 1 18 11 6 16 4 12 2 11 2 7 24 26 24 24 4 27 24 14 2 2 9 24 11 12
split_gain=3462.24 916.456 686.071 438.41 412.165 250.195 153.922 151.69 161.052 145.517 116.524 109.075 103.587 100.059 97.8573 95.9777 68.2289 65.708 65.6187 52.866 52.4616 44.3804 44.196 42.8823 40.5845 41.2427 39.1905 38.9798 36.2144 35.8412 40.5748 35.0402 34.3988 42.0033 37.3532 34.0754 33.8485 33.683 33.344 32.974 35.7788 32.7883 31.8056 31.1109 44.5977 52.0023 30.5375 37.4608 29.5995 29.4155 33.1406 29.1569 27.5123 27.5019 27.4596 27.0581 38.8932 26.7236 32.4186 26.6621 26.5622 26.1291
threshold=43.500000000000007 0.46914085745811468 9.5000000000000018 34.500000000000007 6.6062858104705819 4.5000000000000009 4.5000000000000009 60.000000000000007 49.500000000000007 3.4953534603118901 0.55075746774673473 12.500000000000002 0.34607893228530889 15.500000000000002 0.4373954981565476 56.500000000000007 80.500000000000014 71.500000000000014 9.5000000000000018 3.5000000000000004 1.5000000000000002 18.500000000000004 0.014185110572725536 12.500000000000002 1.5000000000000002 0.5399092733860017 2.5000000000000004 0.25390869379043585 18.500000000000004 24.91683387756348 0.014815627597272398 3.5000000000000004 18.500000000000004 70.500000000000014 0.63130086660385143 60.000000000000007 32.500000000000007 0.013606071937829258 98.500000000000014 0.0066890381276607522 46.500000000000007 60.000000000000007 1.5000000000000002 60.000000000000007 19.500000000000004 0.012739370577037336 9.5000000000000018 0.0083683477714657801 60.500000000000007 2.5000000000000004 64.500000000000014 73.500000000000014 13.500000000000002 20.263216972351078 43.500000000000007 3.5000000000000004 48.500000000000007 38.500000000000007 0.009569597430527212 33.500000000000007 0.012579114176332952 17.500000000000004
decision_type=2 2 2 2 2 2 2 2 2 2 2 2 2 2 2 2 2 2 2 2 2 2 2 2 2 2 2 2 2 2 2 2 2 2 2 2 2 2 2 2 2 2 2 2 2 2 2 2 2 2 2 2 2 2 2 2 2 2 2 2 2 2
left_child=2 3 6 15 5 27 20 29 10 11 13 28 -7 -9 23 -2 24 21 22 -10 -1 -14 -8 -13 46 41 -12 -5 -4 30 43 -18 -21 34 49 -15 -32 53 -23 40 -35 61 -17 44 45 -3 47 -16 55 50 -34 -44 -22 -28 -47 57 60 -30 -59 -40 -57 -26
right_child=1 7 9 4 -6 12 18 8 19 -11 26 14 17 35 16 42 31 -19 -20 32 52 38 -24 -25 25 -27 37 -29 48 -31 36 -33 33 39 -36 -37 -38 -39 59 -41 -42 -43 51 -45 -46 54 -48 -49 -50 -51 -52 -53 -54 -55 -56 56 -58 58 -60 -61 -62 -63
leaf_value=0.062154756429544093 -0.07728861027262536 -0.10474694382088862 0.031421224649503941 -0.073004836794382716 0.010493683491484612 -0.07494736016166216 0.021453964419473757 0.025135085012178593 -0.075855727211397925 0.030519718961943498 -0.026123936749072593 0.062964241837714555 -0.011859818966795639 0.018807578341008213 -0.10536001183992519 0.060442696328827539 0.053682010893527657 -0.014391220268944547 0.020354785374456872 0.035281300870566808 0.047838420892503605 -0.042320510645591676 0.043140804582154177 -0.049798769758069607 -0.061466510605188845 0.00028689474679510118 -0.0091187666766783092 0.023591343207433772 0.046760416267003627 0.058501854780036423 0.010572680433177405 -0.052780633668258359 -0.04011572955883172 -0.081826296863667436 0.010784450153699436 -0.04595799184716351 -0.10404339331847762 0.033147422758465495 -0.072032317770014939 0.031328440459217122 0.0057252605802965151 -0.025669669803599013 0.0055673034927909955 0.028250280248949683 0.01081305864783353 0.035355793549967859 0.058567714401975127 0.017289575096116366 -0.05691441091590195 -0.0052030512977177899 0.0013923185949156771 0.054495100771362506 0.02142536410545956 0.071941841273521392 -0.10575647371460846 -0.010763732921899026 0.030436657804158537 0.021259363426992556 -0.10455921272224628 -0.055164534700399941 -0.083430378771045602 0.05387454875061401
leaf_weight=775.6931663393043 26.905736752261873 19.207412702264264 380.96119749546051 11.636204257956704 235.81946809258079 953.47679994814098 297.41822169919033 56.783188617555425 22.842456773621961 614.48907502670772 262.41800532583147 9.0109644567128253 53.217335349996574 20.956219063140452 6.7260871676262459 44.417109731351957 80.645337631460279 99.875914939329959 758.03436740234611 68.79219369427301 519.18158817710355 250.86222851614002 1118.0674910587259 131.01902341627283 6.2119057173840728 1296.0893533995841 412.70550870336592 101.91860696149524 68.869838907849044 42.105989909730852 12.094994587358089 8.5480127404443902 159.1965935502667 12.383580745663492 218.19160885410383 657.75736789300572 13.780941286357118 59.382173243677244 429.26648681238294 148.36171730561182 202.26014402695 272.27350185974501 177.61415017733816 219.86292604566552 302.36454569594935 17.700216917321089 45.01348216412589 83.675278579583392 17.334240171127021 412.63647631299682 68.900442420737818 36.748661681544036 121.6990515855141 10.735830307006834 4.2814013967290512 42.338166401023045 41.775921619846486 18.921431533526633 7.018835086375474 515.72978221287485 17.889520696597174 23.431535328971222
leaf_count=1920 7167 719 3995 4983 15435 414798 3778 6247 1121 9814 52886 255 12009 2379 352 500 822 18578 15763 3557 2772 78636 8102 38975 433 83656 105890 4507 624 285 193 345 33882 1391 20475 227911 620 5092 181744 6788 18689 46121 18448 9717 9846 179 550 1330 606 79713 8464 682 1058 89 116 1204 970 319 251 205678 636 654
internal_value=0.000703639 -0.0257692 0.025614 -0.0462608 -0.0526009 -0.0587594 0.0405845 -0.00819803 -0.0131994 0.00867152 -0.0245052 0.00342259 -0.0623328 -0.038624 -0.00226306 0.0125895 0.000831569 -0.0534164 0.0322264 -0.000454694 0.0534086 -0.0565369 0.038584 -0.0425424 -0.00136286 -0.00358997 -0.0105711 0.0136929 0.0221736 0.0139359 0.0107516 0.043479 0.000879709 -0.00105703 -0.00708356 -0.0439583 -0.0504693 -0.00211805 -0.058525 0.0132026 0.000674091 -0.0202328 0.0219343 0.0135633 0.00416409 -0.0446453 0.0249189 0.00816414 0.0057225 -0.0131682 -0.0275775 0.0139551 0.0428228 -0.00706358 0.00787109 0.0112392 -0.00663434 0.0304689 -0.0127842 -0.0628268 -0.032348 0.0297044
internal_weight=13125.5 6363.19 6762.34 2937.49 2651.8 2415.98 3590.09 3425.7 2794.3 3172.24 1480.74 2557.75 2302.43 735.497 1962.64 285.686 1822.61 1348.95 2173.52 1313.57 1416.57 1249.08 1415.49 140.03 1733.42 1598.01 745.242 113.555 595.109 631.398 589.292 89.1934 1290.72 1221.93 858.925 678.714 25.8759 482.824 1195.86 363.005 214.644 301.917 258.78 563.417 343.554 41.189 135.415 90.4014 214.148 640.734 228.097 214.363 640.881 423.441 21.9816 196.814 102.004 94.8101 25.9403 944.996 60.2277 29.6434
internal_count=1784719 1559414 225305 963165 936368 920933 33393 596249 574574 191912 400494 182098 911443 236537 173493 26797 134263 496645 27643 174080 5750 478067 11880 39230 133096 130864 163957 9490 8605 21675 21390 1167 172959 169402 142534 230290 813 111071 466058 26868 20080 47208 19630 20577 10860 1014 2232 1682 4610 122059 42346 19130 3830 105979 295 4004 2810 1194 570 387422 1840 1087
is_linear=0
shrinkage=0.05


Tree=4
num_leaves=63
num_cat=0
split_feature=29 18 30 4 27 14 27 30 20 4 29 30 4 14 6 18 14 8 4 4 8 10 18 27 20 25 8 2 4 8 25 25 8 18 18 12 6 27 22 8 0 30 30 12 2 30 25 30 6 22 2 27 27 2 6 14 30 22 18 10 14 25
split_gain=3562.01 619.113 518.46 318.527 246.274 192.57 157.904 163.169 155.643 127.537 114.74 77.4143 74.7412 70.1672 69.1163 65.1477 72.3078 66.2502 60.5983 56.451 53.7498 48.5613 43.6724 40.6864 38.4727 38.4011 36.9443 35.0598 60.5523 51.2883 34.6624 33.703 32.8083 32.2483 38.3093 31.9407 31.8554 31.8227 37.3909 32.4544 31.8147 31.612 31.542 30.6217 30.3206 29.7829 33.0913 29.3819 29.2534 29.1249 29.0006 28.505 31.6955 28.3025 27.8428 33.3903 30.13 29.2314 27.5293 27.2806 26.2149 25.68
threshold=4.5000000000000009 6.5000000000000009 0.43333339691162115 34.500000000000007 5.5030922889709482 15.500000000000002 3.4953534603118901 0.53307130932807933 7.5000000000000009 5.5000000000000009 1.5000000000000002 0.63130086660385143 7.5000000000000009 7.5000000000000009 5.5000000000000009 29.500000000000004 60.000000000000007 55.500000000000007 25.500000000000004 37.500000000000007 2.5000000000000004 6.5000000000000009 96.500000000000014 12.884852886199953 60.000000000000007 1.5000000000000002 52.500000000000007 13.500000000000002 12.500000000000002 16.500000000000004 1.5000000000000002 5.5000000000000009 100.00000000000001 24.500000000000004 51.500000000000007 13.500000000000002 49.500000000000007 16.369750976562504 3.5000000000000004 50.500000000000007 36.500000000000007 0.59197568893432628 0.46505980193614965 5.5000000000000009 87.500000000000014 0.65369164943695079 4.5000000000000009 0.36525589227676397 34.500000000000007 10.500000000000002 91.500000000000014 24.483368873596195 17.593071937561039 28.500000000000004 28.500000000000004 5.5000000000000009 0.66807383298873912 17.500000000000004 10.500000000000002 1.5000000000000002 5.5000000000000009 5.5000000000000009
decision_type=2 2 2 2 2 2 2 2 2 2 2 2 2 2 2 2 2 2 2 2 2 2 2 2 2 2 2 2 2 2 2 2 2 2 2 2 2 2 2 2 2 2 2 2 2 2 2 2 2 2 2 2 2 2 2 2 2 2 2 2 2 2
left_child=2 8 3 25 10 19 7 9 20 53 47 14 21 35 -7 -11 -17 -18 -19 60 -2 -10 48 44 -24 -1 -15 29 30 31 -29 33 -13 -16 -35 -12 -6 38 -8 40 -40 -26 50 -14 45 -21 -47 -5 -9 -44 -30 52 -45 -4 55 56 57 -25 61 -42 -3 -28
right_child=1 5 6 4 36 11 37 22 12 15 13 32 43 26 27 16 17 18 -20 23 -22 -23 24 54 41 -27 58 28 42 -31 -32 -33 -34 34 -36 -37 -38 -39 39 -41 59 -43 49 51 -46 46 -48 -49 -50 -51 -52 -53 -54 -55 -56 -57 -58 -59 -60 -61 -62 -63
leaf_value=0.029456348830109887 0.058267543716145634 0.03627894027934675 -0.10046491029502705 -0.072789438898254857 -0.103876667324246 0.026349782500699553 -0.050328618743262138 -0.076889264589208653 0.043320364764283144 0.00017895850200427347 -0.021994602957111392 0.012091734369785233 -0.10590236848343991 -0.020823195310893251 -0.084698090873101803 0.021538366309007295 -0.012955850241117575 -0.0020571969996869026 -0.049010108588588605 0.025073048107815382 0.038997834332330047 0.018857773390450718 0.047141134305701798 -0.10525075617188169 -0.026587510222332928 -0.014759011341941292 -0.098104605509050175 0.062761617085282426 -0.069892124713002282 -0.060811831641108462 0.0080664650307632254 0.02948963342486215 -0.02196126732451768 0.035253140035182241 -0.10513264901595985 0.042572608512168791 0.0072354764239341467 0.048194195452550471 0.054768493871567007 0.02194978253204748 0.070975074841277574 -0.0031203826522033795 0.020634694953660548 0.012859032060752834 -0.013174873897693923 -0.051138340181115995 0.012157795511137767 -0.057577377893957594 0.0090126132993985364 -0.011174199716050312 -0.0074962444595531004 0.062082487597518471 -0.10370258099593826 0.053459052197089622 0.050970271529546279 -0.1019575672504367 0.059050871735122037 0.08799049200518276 -0.057840690631760242 -0.10568389267623686 0.021357044150980994 0.071028510585290056
leaf_weight=116.60077322612051 940.67651488888077 684.09962701692712 3.1781347666401407 919.81534410372842 6.7166813230141988 149.29118357785046 24.231872828211635 10.1690621310845 712.00607332098298 119.709040425485 51.018086626194417 1486.0500821785536 5.3511739624664179 98.143019171897322 18.450801539467648 48.384982254356146 181.95987603499088 73.992955077788793 964.08505200012587 189.36298824753612 588.1413793368265 283.71270119491965 24.410510438028723 6.8421255885623404 348.00344050768763 84.834213189547881 3.1456354252295551 41.515419003320858 41.630413788894657 77.257457045605406 95.833309409208596 39.206158336717635 74.266406174749136 20.133017135085542 6.4057380207814267 30.667895135935396 162.82487670402043 64.239276631036773 6.2440478242933777 190.46886425977573 2.5948753105476543 244.21364956046455 79.287004885729402 488.69573475338984 166.41205322765745 31.529621430207044 59.836326598189771 484.69327356002759 390.29780500615016 778.99577178858453 33.695006500114687 29.474723291117698 5.9025661242194465 49.50930547225289 88.970162248238921 6.7091012606397262 18.702908033970743 2.7409751219674954 351.4557544880081 13.847207300830629 516.6013164287433 7.8323113871738315
leaf_count=4672 2469 6570 763 418646 816 5410 1557 3097 4457 20195 7549 63632 185 22315 845 6103 40079 11083 366760 4581 3902 3806 2637 238 116088 13117 981 660 8142 7234 5004 1095 7831 379 599 1713 13810 632 100 8532 6 69942 1917 12545 6988 1242 1326 207639 71374 77798 3771 142 157 1098 881 319 95 12 128740 877 9134 432
internal_value=0.000756034 0.0220431 -0.0318113 -0.0492453 -0.0549638 0.0106812 -0.0171684 -0.0213582 0.0395804 -0.0321821 -0.0599973 0.00283856 0.0282792 -0.0404617 -0.00578045 -0.0350803 -0.0384079 -0.0407853 -0.0456634 0.0237036 0.0508544 0.0363502 -0.00602514 0.010763 -0.0143747 0.0108351 -0.0480363 -0.00967263 -0.00639821 -0.0313926 0.0245988 -0.00439776 0.0104709 -0.0339289 0.00136781 0.00224628 0.00283358 0.0169742 0.00852581 0.0152165 -0.041315 -0.0169103 -0.0109584 0.0130995 0.00373608 0.0137606 -0.00968517 -0.0675398 0.00683131 -0.00823574 -0.0419808 0.0143146 0.011468 0.0441743 0.0361089 -0.00167394 0.0221121 -0.0499796 -0.0554052 -0.0778037 0.0298588 0.0225649
internal_weight=12845.1 7767.79 5077.29 2317.75 2116.31 4713.82 2759.54 2457.91 3053.96 1440.82 1946.77 2942.02 1525.14 542.263 1381.7 1388.13 1268.42 1220.04 1038.08 1771.81 1528.82 995.719 1017.09 571.106 616.628 201.435 460.577 1232.41 1070.96 161.453 137.349 84.1957 1560.32 44.9896 26.5388 81.686 169.542 301.626 237.387 213.155 22.6861 592.217 933.608 529.424 447.141 280.729 91.3659 1404.51 400.467 858.283 75.3254 524.073 494.598 52.6874 123.965 34.9951 28.286 9.5831 362.434 16.4421 1200.7 10.9779
internal_count=1784719 243366 1541353 820430 802641 215703 720923 709219 27663 446081 788015 184317 21292 161730 112854 444220 424025 417922 377843 31386 6371 8263 263138 15682 188667 17789 152468 107444 97292 10152 5664 2918 71463 1823 978 9262 14626 11704 11072 9515 983 186030 91628 13029 14137 7149 2568 626285 74471 79715 11913 12844 12702 1861 1545 664 345 250 130153 883 15704 1413
is_linear=0
shrinkage=0.05


Tree=5
num_leaves=63
num_cat=0
split_feature=29 29 24 4 29 18 4 27 18 10 20 8 27 24 4 29 27 24 20 18 27 24 25 24 25 10 12 2 8 4 24 25 24 12 25 6 2 2 8 2 0 15 25 8 2 0 10 8 24 16 27 24 8 2 20 23 24 15 9 2 8 8
split_gain=3534.01 551.082 454.614 278 260.17 214.891 125.483 92.1718 76.2959 65.5417 63.1612 61.1815 53.8544 59.7116 50.6881 56.5597 49.1617 49.0205 46.4226 45.7199 41.1688 40.8747 40.1979 39.3344 38.2189 34.9791 34.5322 33.4462 46.1852 32.1709 33.6602 31.6668 31.6475 31.3132 31.2876 58.1471 30.1338 29.6936 29.6902 29.4947 28.1795 26.8701 30.2582 26.3858 23.702 23.6853 33.7402 24.8125 23.5399 23.3218 36.5163 30.9675 36.615 23.241 28.4302 27.2115 25.1974 22.7672 31.7806 22.427 27.8783 24.5146
threshold=4.5000000000000009 7.5000000000000009 64.500000000000014 15.500000000000002 1.5000000000000002 6.5000000000000009 7.5000000000000009 8.6680073738098162 53.500000000000007 8.5000000000000018 6.5000000000000009 3.5000000000000004 13.15105199813843 75.500000000000014 15.500000000000002 2.5000000000000004 7.9847960472106942 45.500000000000007 2.5000000000000004 25.500000000000004 8.7894606590271014 74.500000000000014 4.5000000000000009 48.500000000000007 3.5000000000000004 28.500000000000004 15.500000000000002 55.500000000000007 48.500000000000007 37.500000000000007 60.500000000000007 4.5000000000000009 80.500000000000014 3.5000000000000004 1.5000000000000002 38.500000000000007 52.500000000000007 8.5000000000000018 20.500000000000004 1.0000000180025095e-35 2.5000000000000004 0.016261236742138866 2.5000000000000004 39.500000000000007 15.500000000000002 66.500000000000014 9.5000000000000018 58.500000000000007 65.500000000000014 14.500000000000002 7.5540678501129159 51.500000000000007 15.500000000000002 27.500000000000004 1.0000000180025095e-35 0.014599318150430919 68.500000000000014 0.012579114176332952 0.0094788861460983771 53.500000000000007 94.500000000000014 24.500000000000004
decision_type=2 2 2 2 2 2 2 2 2 2 2 2 2 2 2 2 2 2 2 2 2 2 2 2 2 2 2 2 2 2 2 2 2 2 2 2 2 2 2 2 2 2 2 2 2 2 2 2 2 2 2 2 2 2 2 2 2 2 2 2 2 2
left_child=2 6 3 36 16 9 11 8 59 18 43 -2 13 19 31 21 23 27 -3 34 41 -16 -15 -5 39 -12 -17 28 -13 53 33 -4 -24 44 35 37 -1 -8 -27 -19 -33 -7 -43 -10 -31 57 47 -47 -44 50 -21 52 -51 54 55 56 -11 58 -26 61 -61 -6
right_child=1 5 14 4 7 20 12 -9 10 29 25 17 -14 22 15 26 -18 24 -20 49 -22 -23 32 -25 45 38 -28 -29 -30 30 -32 40 -34 -35 -36 -37 -38 -39 -40 -41 -42 42 48 -45 -46 46 -48 -49 -50 51 -52 -53 -54 -55 -56 -57 -58 -59 -60 60 -62 -63
leaf_value=-0.019260461516989135 0.037217375865185719 0.057178156069796142 0.048490228602657684 -0.060516468771394084 -0.10131402868608147 0.014878321942074288 -0.10229562433993918 0.02038173613308367 0.084140107251132759 -0.11204698404994325 -0.0098508966095596784 -0.0030405109057724607 0.033901233067387605 0.041090473652274431 -0.02772219858343385 -0.060704242995926687 0.0056104509331413839 -0.053836539842081324 0.040910631474718268 0.013467484357589751 0.032778144552819022 0.0001529615024466828 0.0077667850054018404 -0.043601978785056145 -0.10461328448473994 -0.0084416448208147286 0.015845134671868578 0.04501466903400219 -0.073510838779802939 -0.11193899549176133 0.040458191922225488 0.057486287312196918 -0.10443142502378609 -0.088242737997769896 0.0086100069199851817 -0.073782482201902269 0.024797232335809771 0.011064622196592565 -0.044240380069730502 0.045920950990178254 -0.10398904056981986 0.061202622011842567 0.021946073328332715 -0.0055561172976591293 0.048873056131477521 -0.11022072018909664 0.048723311206576643 0.028945398794071694 -0.10973058097371967 0.0029480278000164322 -0.06979565777190759 -0.0012750266230278327 -0.025411793652978118 -0.031883926088104864 0.037150351638294735 0.065606205825281858 0.064399851168429598 0.058764676773172278 -0.0092839824822344829 -0.0031436943672356111 -0.036363082057478645 0.014485362932486555
leaf_weight=50.348181760404259 387.95980042172596 844.86494366754778 71.638301603496075 1506.4512134944089 4.8024362134747198 1283.9150438782526 6.2179523163940749 88.384407425648533 9.1648489353246969 8.9400709830224532 88.6931222230196 200.70459226705134 114.76226913044229 126.83474519220181 282.51717054308392 15.498960228636859 32.221970019396394 7.7769526527263215 911.92555183195509 166.23947766504716 603.08115737128537 246.04176033416297 24.742229544557631 445.31476418464445 10.58963705669157 61.054894634755328 297.96874008793384 29.946101329289377 26.296725133201107 2.9289219835773102 19.939681315328926 4.4160185139626265 8.4252085515763593 16.988570481538773 800.76556763949338 34.286936605349183 169.364277152461 81.407754458952695 1127.4801121670171 156.85042343661189 6.9604780143126828 70.124491518829018 74.457312951097265 77.802656936924905 10.525785919278862 6.6471993485465646 45.151458042208105 6.1812990785110724 3.5562365781515828 146.1019587831106 14.300839906325562 382.88479894120246 514.98366487817839 13.667932787910102 389.15256332885474 5.20121822413057 2.6152223115786901 9.1326797120273095 50.130174990976229 131.14476146874949 121.82772100064903 94.584923047805205
leaf_count=9763 2990 2289 1157 706829 905 27693 319 3548 71 168 25065 6480 2369 2140 81164 3403 4329 212 5455 7760 7839 36940 980 179586 948 12729 22739 571 3162 59 164 76 618 488 38205 2571 9492 2344 364529 2009 976 288 863 10864 85 273 843 115 130 9190 933 27826 80137 304 3023 16 9 60 1486 20005 32963 13116
internal_value=0.00028307 0.0216268 -0.0326873 -0.0399783 -0.0431491 0.0335637 0.00648281 -0.0294125 -0.0319763 0.0442972 -0.0373337 0.0220161 0.000470962 -0.0011919 -0.0010919 -0.0047669 -0.055646 0.0112819 0.0487339 -0.00338766 0.0218197 -0.0147464 0.0282747 -0.0566573 0.025281 -0.040141 0.0120603 -0.00465202 -0.0112041 0.0277119 -0.0100397 0.036184 -0.0207339 -0.0431146 0.00501746 -0.0185797 0.0147012 0.00302054 -0.0424014 0.0412084 -0.0413091 0.0172048 0.037368 0.00389629 0.0138663 0.00476909 0.0283924 -0.0431648 0.0159436 -0.00972098 0.0068721 -0.0125905 -0.0191442 0.0322451 0.0344045 -0.0293651 -0.0721131 -0.0148391 -0.0259096 -0.011235 -0.0191416 0.00888989
internal_weight=12554.9 7621.21 4933.68 4008.64 3788.93 4261.88 3359.32 1804.94 1716.56 2226.75 1364.2 937.367 2421.95 2307.19 925.041 842.027 1983.99 549.407 1756.79 2147.19 2035.13 528.559 160.002 1951.77 292.46 1277.23 313.468 256.947 227.001 469.96 50.383 83.0148 33.1674 30.4433 922.678 121.913 219.712 87.6257 1188.54 164.627 11.3765 1432.05 148.138 86.9675 13.4547 127.832 57.98 12.8285 78.0135 1224.51 180.54 1043.97 661.086 419.577 405.909 16.7565 11.5553 69.8525 60.7198 352.36 252.972 99.3874
internal_count=1783663 243414 1540249 1393794 1374539 48873 194541 483795 480247 12060 413258 19149 175392 173023 146455 144246 890744 16159 7744 169285 36813 118104 3738 886415 5946 402323 26142 10213 9642 4316 796 2209 1598 632 43439 5234 19255 2663 377258 2221 1052 28974 1281 10935 144 3725 1231 388 993 125846 8693 117153 89327 3520 3216 193 177 2494 2434 66989 52968 14021
is_linear=0
shrinkage=0.05


Tree=6
num_leaves=63
num_cat=0
split_feature=29 18 24 20 4 29 27 20 4 24 8 4 27 24 27 27 14 18 8 27 2 4 4 8 24 2 2 26 4 26 12 12 3 2 16 27 14 6 12 9 9 2 10 14 8 2 4 4 6 10 18 4 26 18 24 18 18 12 22 27 2 2
split_gain=3264.47 666.575 377.57 231.91 214.245 128.441 118.538 100.901 87.7577 87.6085 66.9266 57.3489 67.5985 56.6024 54.3596 47.6375 39.2072 40.7492 36.6287 34.6499 34.3714 33.1339 32.4804 29.4523 28.8702 28.4301 28.2456 27.4585 26.5194 35.4849 53.0541 28.1179 25.1927 26.1828 25.188 24.9158 30.4363 24.762 24.6263 23.2189 22.9273 22.8403 48.961 22.5324 22.526 22.4184 22.0759 25.9719 21.7433 24.6142 21.4361 25.6445 21.3868 20.8864 20.7761 21.6582 20.1956 20.0602 24.8787 23.6325 19.9164 28.3685
threshold=3.5000000000000004 17.500000000000004 64.500000000000014 12.500000000000002 17.500000000000004 1.5000000000000002 6.2228033542633066 15.500000000000002 2.5000000000000004 49.500000000000007 2.5000000000000004 15.500000000000002 4.9327421188354501 76.500000000000014 10.833029270172121 5.5030922889709482 60.000000000000007 96.500000000000014 53.500000000000007 10.136792182922365 28.500000000000004 27.500000000000004 17.500000000000004 44.500000000000007 48.500000000000007 21.500000000000004 33.500000000000007 5.5000000000000009 37.500000000000007 1.0000000180025095e-35 2.5000000000000004 16.500000000000004 0.0087337908335030096 2.5000000000000004 14.500000000000002 6.8486618995666513 17.500000000000004 19.500000000000004 10.500000000000002 0.011173533275723459 1.0000000180025095e-35 36.500000000000007 100.00000000000001 2.5000000000000004 25.500000000000004 51.500000000000007 24.500000000000004 7.5000000000000009 2.5000000000000004 5.5000000000000009 23.500000000000004 48.500000000000007 6.5000000000000009 20.500000000000004 4.5000000000000009 91.500000000000014 24.500000000000004 17.500000000000004 8.5000000000000018 8.7189040184021014 5.5000000000000009 9.5000000000000018
decision_type=2 2 2 2 2 2 2 2 2 2 2 2 2 2 2 2 2 2 2 2 2 2 2 2 2 2 2 2 2 2 2 2 2 2 2 2 2 2 2 2 2 2 2 2 2 2 2 2 2 2 2 2 2 2 2 2 2 2 2 2 2 2
left_child=2 3 4 10 20 15 7 28 23 18 -2 -4 13 -13 16 24 57 -18 43 25 -1 26 -12 -5 -6 35 46 41 31 30 -30 37 -21 -34 -31 -10 -37 38 -3 -29 -25 -24 -43 -9 -19 -15 47 48 -11 -50 -47 -52 -40 -51 55 -20 -28 58 -7 -59 -49 -62
right_child=1 6 11 8 5 14 -8 9 19 21 22 12 -14 45 -16 -17 17 44 54 32 -22 -23 27 40 -26 -27 56 39 29 34 -32 -33 33 -35 -36 36 -38 -39 52 -41 -42 42 -44 -45 -46 50 -48 60 49 53 51 -53 -54 -55 -56 -57 -58 59 -60 -61 61 -63
leaf_value=-0.072211541167579621 0.050683381174665754 0.004070035079751253 0.040940112912605797 0.037152298342671621 -0.058774459197742324 0.079013895297407599 0.019801902998510503 0.051600968294383036 0.016295349380150745 0.057986075002856546 0.038014380169018896 -0.030574203749066636 0.017363270211693007 -0.098042986082874539 0.024734054627066258 -0.001471218552491208 -0.024185561965504487 -0.013653912600425248 0.0043161755656014175 -0.10797859531789844 0.014712664142687735 -0.0043140105749781936 0.03135962876187439 0.013339264375396851 -0.043925351928776842 -0.0011753232088491687 -0.10070940878008883 -0.10755276389430135 0.021899311562385157 0.015643857610180053 -0.077637236038542889 0.041205821766643232 -0.052591912935420516 0.041250146522239906 -0.023975842295663994 0.018309812725138055 -0.081676862133641739 0.024809804723041257 -0.10301080463265951 -0.0032308539170485956 -0.10529491353926593 -0.10515188516288965 0.047116904027866585 -0.010882989544442376 -0.046554990278117603 0.051801563177387655 0.045239019498875828 -0.10335558793402344 -0.10766752660186335 -0.10696079321986325 0.049919552671196465 -0.0080727108234491078 0.030873274147576658 0.017941041141481005 -0.033201684616677961 -0.045100594668717457 0.040383326622197575 0.027350316751748469 -0.083129766538756145 -0.11155988006106053 0.033788602373801956 -0.025473283182636638
leaf_weight=12.16715700807981 1157.3994457889348 110.98987673199736 65.501544569153339 616.90648010838777 1457.8019891573349 2.9901896566152564 781.95178491505794 14.734953988343475 1012.2302340604365 26.308169276919216 977.67600725963712 313.92527695838362 188.9164949740516 5.1425192444585255 38.550915242172778 41.79743671102915 377.85832409618888 56.051791911246255 83.716435525915585 3.0518114035949102 174.12363072240259 492.11776321963407 181.22622541431338 11.758243331685664 422.1128590926528 370.21338720712811 2.5986242596991351 6.1776946848258367 23.713335683452897 258.98665016470477 30.743506436236203 125.3953563447576 7.789040505886077 162.57974886265583 47.467988138552755 15.89316612156108 14.605572809232399 184.41698268637992 10.479678912088273 39.042413776740432 6.2306962242582804 9.8395669150631875 11.390572377480567 692.8951672220719 723.97500280640088 23.930252959020436 32.180376068805344 6.1348675303161135 4.5180037789978078 3.5037700245156875 22.497828797670081 124.86496146791615 4.1696280036121598 74.843734172405675 369.14292127662338 30.160496466443874 105.62715922889765 45.602926028659567 11.328525229590012 3.2822026545181862 26.872274593217298 81.259942557429895
leaf_count=4119 3887 1874 1414 4620 705683 5 18486 173 24828 226 7647 94772 10903 1246 1087 6953 99485 13509 10257 158 11164 49117 1985 429 177542 21828 333 356 1364 13337 6517 2095 141 1793 4421 219 646 3060 574 671 453 598 172 69054 264773 719 1186 603 288 152 823 24838 75 2329 78262 7940 4411 6097 5110 240 885 5731
internal_value=0.000420177 0.0185992 -0.0359561 0.0312264 -0.0430808 -0.0461326 0.00256158 -0.00218031 0.0196038 -0.00805614 0.0420612 -0.00374023 -0.00804868 -0.0178389 -0.0337236 -0.0542664 -0.0355691 -0.0376624 -0.0168274 0.0133165 0.00903541 0.00414468 0.0339171 0.0353133 -0.0554403 0.0107277 0.0155854 0.0177435 0.0129203 0.00289802 -0.0342939 0.021227 0.0344092 0.0369598 0.009507 0.0149538 -0.0295729 0.0131469 -0.00397215 -0.0174827 -0.0277512 0.0256116 -0.0234554 -0.00958189 -0.0441908 0.00482057 0.0065207 0.000944411 0.0183842 0.00581142 0.00790871 0.000780949 -0.0649034 0.0123553 -0.0274421 -0.00877194 0.0369955 0.00277865 -0.0492692 0.0180237 -0.015718 -0.0107459
internal_weight=12341.4 8228.94 4112.42 4604.01 3367.64 3181.35 3624.93 2842.98 2221.26 2046.61 2382.75 744.779 679.277 490.361 1259.64 1921.71 1221.09 1157.89 1190.65 1586.36 186.291 855.965 1225.35 634.895 1879.91 1412.94 363.847 247.676 796.363 360.911 54.4568 435.452 173.421 170.369 306.455 1042.73 30.4987 310.056 125.639 45.2201 17.9889 202.456 21.2301 707.63 780.027 176.436 255.621 223.441 109.174 82.8655 171.293 147.363 14.6493 78.3475 483.02 113.877 108.226 63.2038 14.3187 48.8851 114.267 108.132
internal_count=1783663 353181 1430482 70431 1295767 1280484 282750 264264 55115 230947 15316 134715 133301 122398 390306 890178 389219 377767 165686 49613 15283 65261 11429 5502 883225 47521 16144 3782 33317 25639 7881 7678 2092 1934 17758 25693 865 5583 2523 1027 882 2755 770 69227 278282 27626 11400 10214 2995 2769 26380 25661 649 2481 96459 18197 4744 11452 5115 6337 7219 6616
is_linear=0
shrinkage=0.05


Tree=7
num_leaves=63
num_cat=0
split_feature=29 8 30 5 27 20 24 29 24 14 30 24 30 5 30 18 18 20 5 20 8 30 30 18 10 24 25 23 27 30 8 30 8 20 25 5 25 9 24 27 14 0 0 30 2 8 24 30 0 7 25 5 30 24 30 10 2 8 24 5 24 2
split_gain=3077.32 448.956 442.058 310.355 288.713 150.144 135.729 108.399 107.798 85.415 73.4411 72.7589 56.7258 56.7026 55.5602 49.6527 47.2993 41.2747 39.3281 37.9445 53.101 59.418 36.4657 35.6584 33.6278 32.175 49.1711 36.8321 37.0684 36.4098 36.8109 31.1208 30.9829 30.6335 30.5801 28.4781 28.0658 37.769 27.7199 26.5121 26.117 25.6682 34.0726 49.4009 29.7479 25.7982 25.4682 24.5998 24.5418 26.385 29.1725 23.4749 23.3084 22.4582 22.4371 22.392 37.5702 22.3171 21.9248 21.6614 27.7757 21.5931
threshold=4.5000000000000009 10.500000000000002 0.48825994133949285 0.013606071937829258 5.0376012325286874 16.500000000000004 78.500000000000014 7.5000000000000009 57.500000000000007 13.500000000000002 0.59197568893432628 47.500000000000007 0.38257302343845373 0.015749008394777778 0.25390869379043585 3.5000000000000004 41.500000000000007 10.500000000000002 0.012739370577037336 18.500000000000004 16.500000000000004 0.63822785019874584 0.44139164686203008 6.5000000000000009 66.500000000000014 71.500000000000014 4.5000000000000009 0.014389234129339458 4.6721718311309823 0.48825994133949285 90.500000000000014 0.64947593212127697 42.500000000000007 4.5000000000000009 3.5000000000000004 0.016001024283468727 7.5000000000000009 0.014599318150430919 79.500000000000014 9.9847888946533221 2.5000000000000004 16.500000000000004 39.500000000000007 0.73925024271011364 1.0000000180025095e-35 98.500000000000014 14.500000000000002 0.67374092340469371 70.500000000000014 1.0000000180025095e-35 3.5000000000000004 0.010929288342595102 0.30683316290378576 35.500000000000007 0.32432511448860174 20.500000000000004 1.0000000180025095e-35 58.500000000000007 27.500000000000004 0.0074350468348711738 48.500000000000007 32.500000000000007
decision_type=2 2 2 2 2 2 2 2 2 2 2 2 2 2 2 2 2 2 2 2 2 2 2 2 2 2 2 2 2 2 2 2 2 2 2 2 2 2 2 2 2 2 2 2 2 2 2 2 2 2 2 2 2 2 2 2 2 2 2 2 2 2
left_child=2 5 3 4 6 15 9 11 10 14 16 19 18 51 -1 -2 -4 -18 -11 -3 24 40 -8 -14 31 29 -27 28 61 30 52 -21 -25 -32 59 58 -17 -38 -6 -31 -22 -9 43 45 -44 -43 -39 -33 -42 -50 -51 -7 -13 -23 -20 56 -45 -55 -5 60 -12 -28
right_child=1 7 8 35 38 13 22 41 -10 12 34 25 23 -15 -16 36 17 -19 54 20 21 53 -24 32 -26 26 27 -29 -30 39 33 47 -34 -35 -36 -37 37 46 -40 -41 48 42 44 55 -46 -47 -48 -49 49 50 -52 -53 -54 57 -56 -57 -58 -59 -60 -61 -62 -63
leaf_value=-0.068763742334075492 0.047213964006436487 0.014709689074664642 0.00062187361886551428 -0.036980208681901203 0.014411993396220322 0.00059561608237814769 -0.020158332493100402 0.026913797307556653 0.0064601195924968201 -0.06478532380919072 -0.070123199779466919 0.068909641371902516 0.014320962700769976 0.034040305057804483 0.0064747359412242996 0.034643444016437049 0.035606285740830149 -0.034595948071654593 0.039750643692882254 0.034962460828449497 0.056979977354120873 -0.014423435033791657 0.039874745293901927 -0.024894228720220745 -0.06585438516943419 0.037946520648499821 -0.0048541249559642891 -0.10876433584595716 0.04292411077940407 0.0051809331479599373 -0.11143575149908752 -0.10304841227279796 -0.05205775797122289 0.018862212300003345 0.012516826268909306 0.048831235232593459 -0.10828926083208557 -0.11495596334660892 -0.040319293963232708 0.035275180111928671 -0.04282067147544813 0.012707227621406232 -0.11134045356500373 0.056210847546555115 0.020589341735082718 -0.10655413467311148 0.022322945927792187 0.00091801016625357073 0.016570768876144518 -0.065218279521862585 -0.014835443966108617 0.01799551534918745 -0.088133869415839894 0.020920612131543614 -0.099341712420997097 -0.015611810534830553 -0.10268053187843416 -0.027985059952628413 0.018043426986095758 0.0047772079822608754 0.0048310642271378696 -0.10303518180196398
leaf_weight=33.423563451855443 1294.0964369378053 155.15527356602252 127.3222911846824 22.742067232728004 196.54843698581681 271.25255982263479 61.682192535721697 555.84170777490363 590.31086637091357 1151.7444648983655 34.092453632270917 2.6044326161500093 22.405871411785483 484.97635385766625 92.288531576807145 947.81134603684768 21.592329947277904 690.26448446395807 13.866719515761362 104.99203164828941 8.4339152961038035 167.15594430430792 42.880507264402695 116.57018325466197 12.75727031030692 194.38957989704795 14.270224044332279 8.7710408617276681 26.45073939813301 640.14708668773528 5.2040744638070455 6.3358775039669117 1055.4288712830748 33.864856724394485 201.68598585901782 63.209713589167222 7.0594903356395653 3.5957946125417939 26.220766929443926 82.631033710669726 230.24964462808566 232.2128922289703 4.300299270078539 4.512797110714021 667.64117693644948 4.6248091710731378 55.920641090953723 55.782348007545806 41.792620218591765 39.434482112759724 105.85021789383609 679.24767157412134 25.458618859469425 127.31475638365373 3.6658257883973411 42.33044896251522 21.186250940314494 28.559910164913163 88.772423539776355 42.800047483295202 19.389152569230646 9.2173702192958462
leaf_count=16008 4702 6410 23620 2158 16457 10119 13911 8070 84919 537703 12762 77 2420 3665 12420 9104 1479 261724 660 3831 104 17505 3094 30564 1503 3717 741 416 681 42949 443 614 444832 2227 55458 722 229 111 2555 1507 37931 5642 125 23 14037 319 565 2447 4467 7405 16564 14301 4505 8044 746 1133 948 4963 4342 7848 3847 1270
internal_value=0.000540379 0.0206529 -0.0310139 -0.0426432 -0.0466543 0.032826 -0.0513454 0.00819885 -0.0108755 -0.0536894 -0.0198747 0.000893712 -0.0558254 0.0201283 -0.0135292 0.0407217 -0.0274463 -0.0324665 -0.0636539 -0.00817851 -0.0120025 -0.0178624 0.00446086 -0.0481615 0.0123923 0.0103209 0.025835 -0.0142666 0.00233071 0.00534989 -0.0298732 0.0183656 -0.049356 0.00150621 0.00144959 0.0220196 0.0324392 0.00105877 0.00796992 0.00862143 -0.0301308 0.018336 0.0134549 -0.000408744 0.019745 0.0103784 0.014029 -0.00968626 -0.0318913 -0.0184397 -0.0285108 0.01303 -0.0735592 -0.00169244 0.0106683 -0.037963 -0.0747789 0.0119599 0.006822 -0.0217335 -0.0429494 -0.0433839
internal_weight=12122.3 7403.43 4718.91 2991.45 2816.73 3743.96 2593.96 3659.47 1727.46 2489.39 1137.15 2126.82 2363.68 1435.48 125.712 2308.48 839.179 711.857 1169.28 1083.81 928.659 748.791 104.563 1194.4 179.868 1043.01 253.099 58.7094 49.9383 789.91 67.132 167.11 1172 39.0689 297.968 174.724 1014.39 66.5759 222.769 722.778 425.761 1532.65 976.809 304.867 671.941 236.838 59.5164 62.1182 417.327 187.077 145.285 950.5 28.0631 323.031 17.5325 68.0295 25.699 155.875 111.514 96.2817 53.4816 23.4876
internal_count=1783663 243414 1540249 1088592 1081370 42796 1062358 200618 451657 1045353 366738 170321 1016925 28085 28428 14711 286823 263203 539109 111788 105378 96983 17005 477816 8395 58533 6825 3108 2692 51708 7252 6892 475396 2670 79915 7222 10009 905 19012 44456 66471 30297 22227 8065 14162 5961 676 3061 66367 28436 23969 24420 4582 30512 1406 2104 971 13007 6500 24457 16609 2011
is_linear=0
shrinkage=0.05


Tree=8
num_leaves=63
num_cat=0
split_feature=29 30 18 24 4 29 14 30 20 4 22 18 24 8 8 24 8 4 22 22 30 24 30 22 16 18 20 30 6 16 18 18 24 24 8 11 18 18 14 6 29 2 10 2 0 2 30 30 8 6 10 8 30 18 20 16 30 4 16 24 22 10
split_gain=2852.04 402.713 398.835 307.89 186.695 145.478 115.808 89.0336 80.7986 74.6012 68.5523 64.5111 64.0335 50.3612 49.9113 40.458 40.1248 39.3839 37.8338 35.235 42.539 35.5941 33.7116 34.6337 30.9536 30.7641 30.2892 39.162 36.7114 31.163 29.8912 29.6871 29.369 29.2659 28.7021 28.5856 28.5788 28.0586 26.9346 27.2541 26.0606 25.0973 24.6602 22.7857 22.4662 31.5231 28.418 22.2849 22.2601 22.178 22.0872 21.9935 21.3884 21.2413 21.1392 20.7863 19.9587 19.941 19.8366 19.9363 19.8221 23.8677
threshold=4.5000000000000009 0.53139421343803417 4.5000000000000009 66.500000000000014 11.500000000000002 7.5000000000000009 60.000000000000007 0.38257302343845373 3.5000000000000004 34.500000000000007 12.500000000000002 53.500000000000007 75.500000000000014 16.500000000000004 55.500000000000007 57.500000000000007 34.500000000000007 1.5000000000000002 18.500000000000004 18.500000000000004 0.44139164686203008 79.500000000000014 0.39369571208953863 6.5000000000000009 14.500000000000002 17.500000000000004 8.5000000000000018 0.58041867613792431 93.500000000000014 16.500000000000004 86.500000000000014 11.500000000000002 44.500000000000007 74.500000000000014 37.500000000000007 0.0062696540262550124 10.500000000000002 5.5000000000000009 4.5000000000000009 72.500000000000014 3.5000000000000004 28.500000000000004 12.500000000000002 81.500000000000014 36.500000000000007 96.500000000000014 0.47586494684219366 0.38913059234619146 33.500000000000007 22.500000000000004 16.500000000000004 24.500000000000004 0.24542479217052462 5.5000000000000009 1.5000000000000002 13.500000000000002 0.49254365265369421 1.0000000180025095e-35 1.0000000180025095e-35 58.500000000000007 7.5000000000000009 15.500000000000002
decision_type=2 2 2 2 2 2 2 2 2 2 2 2 2 2 2 2 2 2 2 2 2 2 2 2 2 2 2 2 2 2 2 2 2 2 2 2 2 2 2 2 2 2 2 2 2 2 2 2 2 2 2 2 2 2 2 2 2 2 2 2 2 2
left_child=1 3 8 4 41 12 22 54 42 -5 -9 40 16 25 -11 30 44 33 32 -16 -21 -22 23 -6 37 60 29 28 -28 47 -3 -14 36 -10 -13 -26 -18 -15 39 -27 -12 -1 -2 -40 45 46 48 -20 -4 57 -44 -32 -25 -46 -8 58 -23 -34 -55 -60 -7 -62
right_child=2 15 5 9 6 13 7 10 17 14 11 34 31 24 19 -17 18 -19 26 20 21 56 -24 52 35 38 27 -29 -30 -31 51 -33 49 -35 -36 -37 -38 -39 43 -41 -42 -43 50 -45 53 -47 -48 -49 -50 -51 -52 -53 -54 55 -56 -57 -58 -59 59 -61 61 -63
leaf_value=-0.091770639646751473 0.049558661237104389 0.0030309404489032772 -0.10300141510067658 0.035556914500646748 0.037847561852533906 0.045500106012420133 0.068031450586029815 0.020450053643482749 0.040954669517612313 0.027022601915200947 -0.031200404819473889 -0.02323275583731349 -0.057797316861782834 -0.10955853496329016 0.0043843059205555058 0.0092776062713445483 0.07279594642824147 0.023097001252122874 -0.10823275014164593 -0.049141074384559599 -0.031133300303214387 0.037888633046451695 0.014847445778140178 -0.062879671337753393 -0.10497920751935484 0.033459538338365541 -0.039690118651300704 -0.0042921724963428127 -0.0037828396902295554 0.060647206833991087 0.024530316391302188 0.035076543957599668 0.078496554016652384 -0.11418746319280478 -0.050743219375399252 0.0024381275436027553 -0.10737311413379363 0.020203112032198416 0.006540592735128148 -0.11115697984581048 0.0053922848314489789 0.015093395264294271 -0.060878530754911203 -0.10873114642956914 -0.064109121496313343 0.054705855076087877 0.011754584348868197 0.005672901904241163 0.078190483688031678 0.031446263897521018 0.028469597274624642 -0.021128569403425553 -0.018050164889843151 -0.1116175612124129 -0.061576684888806466 -0.001924991532385548 -0.039962488450631078 -0.10425342056733039 0.039355232771238848 -0.10563976564136385 0.032464034259581241 0.009518068775987161
leaf_weight=5.7205272722057989 921.27743958681822 253.48836471058894 9.0127174669178185 99.87216638866812 17.679551983484998 210.69289032788947 3.1552353487350038 42.038335156277753 524.55658093723468 67.984244842547923 151.53505303198472 103.00157690804917 9.0154747744090837 4.1969064883887759 108.19137683091685 389.17552905529737 3.0137438122183076 975.02490284736268 4.545583671424537 134.3543738872977 73.687600370729342 42.297993157990277 77.744783437694423 47.253271004185081 6.3025283180177203 165.75537433288991 201.34941143461037 486.81419556820765 110.10998168215156 27.760056762257591 28.086236271308735 188.70618418580852 2.0250781597569585 3.0574998296797267 1192.2541895105969 358.15621698321775 8.1617765291593951 564.56304638844449 227.05607852211688 3.3232024628669015 71.667593865655363 138.86735105607659 7.8932216716930261 4.3695422136224797 12.661544705741106 42.741969833848998 653.1402330781566 77.580294688232243 2.0877300063148132 114.14073320769239 55.919160582125187 432.73181832034606 60.893648479890544 2.4440677571110418 1078.6831325659296 530.28527760133147 10.222337578190489 5.6779718869365743 59.721247345383745 2.4687110844533882 597.15616208291613 139.87345291324891
leaf_count=2175 2598 52651 1290 2825 375 1563 564 3107 2720 6342 50346 29352 369 168 8515 55754 29 14445 485 50988 20238 2646 8740 22708 355 1602 36584 56219 13035 663 5341 3814 7 72 523947 10438 903 11471 5279 107 8888 5903 112 294 710 1209 25612 2798 42 2685 418 159600 12335 97 505374 34809 1535 521 1259 215 6256 2161
internal_value=0.00065806 -0.0300548 0.0200799 -0.0383024 -0.0445601 0.0117096 -0.047376 -0.0501756 0.0363475 -0.00342847 -0.0425337 -0.0442774 0.00351143 0.0208852 -0.0123436 -0.00369296 0.00121754 0.0290516 -0.00611476 -0.0196012 -0.0295605 -0.00871605 -0.0110378 -0.0270315 0.0119562 0.0270657 -0.0097625 -0.0131504 -0.0269958 0.014849 -0.0107597 0.0308418 0.0187894 0.0400556 -0.0485555 0.000580576 -0.0587863 0.0192456 0.0154472 0.0306171 -0.0194509 0.0108654 0.0474766 0.00436415 0.00702498 0.0130845 0.0104063 -0.00063166 -0.0689235 0.0259046 0.0174178 -0.0183457 -0.0376378 -2.59497e-05 -0.0611987 0.00133792 0.022736 -0.0562097 0.0281082 0.0335995 0.0319756 0.0281093
internal_weight=11953.2 4630.59 7322.64 3527.1 2990.49 4834.91 2845.91 2642.34 2487.73 536.61 1560.5 1518.46 2553.46 2281.45 436.738 1103.48 2355.74 1502.64 1041.18 368.754 260.562 126.208 203.571 125.826 933.219 1348.23 908.16 798.274 311.459 109.886 714.306 197.722 133.019 527.614 1295.26 364.459 11.1755 568.76 400.504 169.079 223.203 144.588 985.09 231.426 1314.56 706.983 664.241 82.1259 11.1004 121.844 63.8124 460.818 108.147 607.581 1081.84 594.919 52.5203 7.70305 64.634 62.19 947.723 737.03
internal_count=1783663 1540249 243414 1266903 1173814 223049 1165736 1121578 20365 93089 615640 612533 183355 39694 90264 273346 179172 17237 113929 83922 75407 24419 44158 35418 22432 17262 109784 105838 49619 3946 217592 4183 4145 2792 553299 10793 932 11639 7282 1709 59234 8078 3128 5573 65243 28153 26944 3283 1332 3213 530 164941 35043 37090 505938 36380 4181 528 1571 1474 9980 8417
is_linear=0
shrinkage=0.05


Tree=9
num_leaves=63
num_cat=0
split_feature=29 19 24 29 14 4 8 27 14 24 19 21 27 27 4 19 4 16 4 2 8 8 24 6 2 27 29 4 24 25 16 12 1 10 25 4 6 10 8 4 24 19 1 10 10 19 10 10 22 27 27 27 27 24 14 12 14 16 8 2 13 19
split_gain=2648.02 347.516 337.213 202.683 145.24 144.385 102.281 95.3158 88.0947 76.5193 55.6827 62.1797 46.8336 42.4341 55.1865 39.2022 36.6447 35.4754 33.1351 32.6278 32.0719 27.5377 48.8529 40.6126 30.0453 35.2685 30.3415 27.3432 27.0852 26.4382 26.2083 34.2979 26.1204 25.2001 24.0633 27.5301 23.6066 23.2309 22.5116 22.077 21.9533 37.1421 21.9494 21.8182 21.3337 21.2087 21.1979 27.785 21.0495 31.5629 22.7908 21.3989 33.5204 20.2051 20.068 24.138 19.9388 19.4262 19.2713 22.8308 19.658 19.223
threshold=4.5000000000000009 0.012739370577037336 64.500000000000014 1.5000000000000002 5.5000000000000009 9.5000000000000018 2.5000000000000004 8.6680073738098162 13.500000000000002 48.500000000000007 0.0087337908335030096 0.014815627597272398 7.9847960472106942 4.6721718311309823 50.500000000000007 0.011428944766521456 17.500000000000004 14.500000000000002 19.500000000000004 2.5000000000000004 64.500000000000014 29.500000000000004 65.500000000000014 1.5000000000000002 17.500000000000004 8.295539855957033 10.500000000000002 9.5000000000000018 47.500000000000007 4.5000000000000009 4.5000000000000009 60.000000000000007 0.011696306522935631 28.500000000000004 3.5000000000000004 35.500000000000007 28.500000000000004 11.500000000000002 20.500000000000004 1.5000000000000002 42.500000000000007 0.014815627597272398 0.016001024283468727 74.500000000000014 45.500000000000007 0.011561079882085325 1.5000000000000002 5.5000000000000009 17.500000000000004 7.2843570709228525 6.6062858104705819 7.9144067764282235 8.84729051589966 68.500000000000014 60.000000000000007 15.500000000000002 17.500000000000004 1.0000000180025095e-35 91.500000000000014 97.500000000000014 0.013423423748463394 0.012903762981295587
decision_type=2 2 2 2 2 2 2 2 2 2 2 2 2 2 2 2 2 2 2 2 2 2 2 2 2 2 2 2 2 2 2 2 2 2 2 2 2 2 2 2 2 2 2 2 2 2 2 2 2 2 2 2 2 2 2 2 2 2 2 2 2 2
left_child=2 8 3 5 37 -1 19 10 -2 16 11 18 28 14 39 20 -10 -11 42 -6 43 24 23 -23 -8 26 30 -19 -7 -18 -26 -32 -29 -20 35 36 -21 57 -35 -4 -36 -42 -5 53 -9 58 -25 -48 49 50 -15 -51 -53 -16 55 -40 -34 -3 59 -31 -61 -37
right_child=1 4 13 7 6 12 21 44 9 17 -12 -13 -14 48 15 -17 29 27 33 34 -22 22 -24 46 25 -27 -28 32 -30 45 31 -33 56 38 40 61 -38 -39 54 -41 41 -43 -44 -45 -46 -47 47 -49 -50 51 -52 52 -54 -55 -56 -57 -58 -59 -60 60 -62 -63
leaf_value=0.022243830055914338 0.018424350019077534 0.053448657444469777 0.055109211300761102 -0.016117499143789432 0.042239897132010013 -0.054765059003529265 0.02108652471882571 -0.10438815877775479 0.0045805365348349563 0.034434270357660481 -0.009373857911826447 0.0085859989794559981 0.012399982746770337 -0.0047814626854472764 0.014831954428596923 0.023039753641636296 -0.02613152102264368 0.024446991727263848 -0.0098825989186214075 0.044256344699403663 -0.028797697404197964 0.054832084416001639 0.035285674054945863 0.038858931780402395 0.049008380703652335 0.037714892693153278 -0.10270282869467016 -0.0052278407135637837 -0.040410409958211609 -0.013489346485319763 -0.081264357906798007 -0.0017011368176706892 -0.10134328774465165 -0.0085723009975534354 0.023087019107408319 0.073256036216697532 -0.052849288005026487 0.027535920932148725 -0.058859613895745948 0.0081357155645368183 -0.086469206370149904 0.0068064796095191372 0.056254677989995706 0.016557023685660602 0.030907504292648991 0.018836156914279492 -0.10595979899907695 -0.01603303740532985 0.037579573527060525 0.048914115940065561 -0.1063411647760399 -0.071522812136983513 0.014643996943707238 -0.10008853358670287 -0.042714919704663401 0.0045137489780226947 0.018616259785630761 0.039693214416730821 -0.047136698048715557 0.043033129671538842 -0.10766786735730008 -0.11286908188987686
leaf_weight=71.500914492178708 937.50818215496838 365.11707457713783 30.885262039955705 105.2341683980776 594.41012145974673 1338.2490155993728 1294.5708252856275 3.0151490159332743 302.45372207823675 128.12266419804655 368.87462120025884 90.920102857751772 29.388104506651871 12.745244937948884 6.9051194780040523 55.101180446101353 343.18691088835476 162.57682071300223 80.231038569705561 164.50303427549079 337.38629140181001 22.526313411537558 82.263300778577104 16.5679467683658 23.051600873470306 60.874510017689317 7.6679735023062667 446.09484056336805 435.57217545923777 213.57039998157416 14.531715017976238 199.51094984053634 3.5259828467387697 57.577579907607287 128.34221478737891 1.9204831621609617 6.5062456214800468 268.14855360798538 21.722063753055409 131.56832752353512 13.482850522734223 51.20376991527155 11.634900761302559 72.659390270360745 86.560690791928209 66.464310636045411 8.9753687176853401 199.84070392255671 79.648613993544132 34.840877642389387 9.749797721160574 12.98657901631668 86.230722377076745 8.5738796282093954 915.63269761414267 48.738702778937295 196.82313902676105 864.1739510075422 35.265476296190172 29.420291288988668 2.3357520850840947 4.9961038804613054
leaf_count=1602 21154 911 184 18308 2709 690715 20606 389 19389 3213 69394 10950 4329 1290 825 4226 44334 4401 24776 976 108494 363 1811 341 229 788 359 33851 197135 28391 807 8098 269 12604 1491 17 156 2674 9511 9368 497 674 486 9315 3245 4824 865 14596 4556 972 1292 1371 3082 1480 341414 8936 8745 4364 8274 2701 296 240
internal_value=0.000655746 0.0193904 -0.0292781 -0.0359497 0.0282277 -0.0474399 0.0216901 -0.0239167 0.00585023 -0.000258227 -0.0265646 -0.0313264 -0.050203 -0.00147066 -0.00812757 -0.0166432 -0.00993186 0.00998885 -0.0342511 0.0349782 -0.0217817 0.0150449 0.00189782 -0.00918116 0.0177576 0.00365718 -0.00481327 0.00611749 -0.0512402 -0.016291 -0.00164738 -0.00710282 0.00150773 -0.036886 0.0233423 0.0366064 0.0405618 0.0408701 -0.0389618 0.0170662 0.011116 -0.0126353 -0.00891249 0.00507489 0.0263534 -0.00656012 -0.0155791 -0.0198983 0.0166533 0.00600684 -0.0487995 0.0152034 0.0033656 -0.048823 -0.0407362 -0.0150234 0.0165051 0.0437788 -0.0125758 -0.00760767 0.0319486 -0.0611889
internal_weight=11804.7 7260.53 4544.13 3664.85 4393.19 1874.71 2895.75 1790.14 2867.35 1929.84 1700.57 1331.69 1803.21 879.281 643.079 480.626 992.697 937.143 1240.77 965.365 425.525 1930.38 330.174 247.91 1600.21 305.637 244.762 809.021 1773.82 690.243 237.094 214.043 646.444 1123.9 370.955 177.926 171.009 1497.44 1043.67 162.454 193.029 64.6866 116.869 88.1384 89.5758 347.056 225.384 208.816 236.202 156.553 22.495 134.058 99.2173 15.479 986.093 70.4608 200.349 1229.29 280.592 245.326 31.756 6.91659
internal_count=1783663 243414 1540249 1393794 63572 893781 55623 500013 179842 158688 496379 426985 892179 146455 133892 124340 108209 50479 416035 6760 120114 48863 17976 16165 30887 10281 9493 47266 887850 88820 9134 8905 42865 397241 4051 1389 1132 7949 372465 9552 2662 1171 18794 11620 3634 44486 15802 15461 12563 8007 2582 5425 4453 2305 359861 18447 9014 5275 39662 31388 2997 257
is_linear=0
shrinkage=0.05


Tree=10
num_leaves=63
num_cat=0
split_feature=29 24 4 30 4 15 15 18 27 27 30 4 27 30 30 16 16 30 30 20 18 24 20 24 10 24 30 24 10 27 2 25 27 23 10 12 4 30 18 4 24 30 0 10 2 6 2 25 30 10 10 24 25 12 0 19 21 0 30 2 23 18
split_gain=2239.95 417.369 333.245 231.104 163.156 153.695 148.259 101.358 87.3943 72.044 70.7295 76.3286 61.1995 54.4543 51.1297 58.0395 46.3413 45.554 45.4747 37.3285 36.8475 36.6109 34.8612 39.1333 33.3003 38.3251 33.2136 32.6378 32.6277 29.3825 28.2265 27.9025 27.39 35.0697 26.7051 26.4292 25.1889 31.8366 24.6509 23.73 23.6674 22.0171 22.0068 21.9563 21.1073 26.9038 30.4124 20.2889 25.2213 20.2344 19.0929 18.8319 27.877 45.422 33.7785 21.9586 21.6524 18.8244 18.7897 26.0844 18.6715 19.9554
threshold=4.5000000000000009 61.500000000000007 7.5000000000000009 0.49669644236564642 33.500000000000007 0.013423423748463394 0.012739370577037336 3.5000000000000004 5.5697605609893808 15.699063777923586 0.37239280343055731 24.500000000000004 5.11362648010254 0.59197568893432628 0.62470442056655895 17.500000000000004 18.500000000000004 0.25390869379043585 0.41343596577644354 5.5000000000000009 24.500000000000004 76.500000000000014 14.500000000000002 60.500000000000007 22.500000000000004 70.500000000000014 0.40148046612739569 23.500000000000004 48.500000000000007 13.975958347320558 83.500000000000014 3.5000000000000004 6.9857230186462411 0.016001024283468727 37.500000000000007 16.500000000000004 7.5000000000000009 0.48970834910869604 6.5000000000000009 5.5000000000000009 43.500000000000007 0.44541537761688238 19.500000000000004 23.500000000000004 39.500000000000007 11.500000000000002 18.500000000000004 7.5000000000000009 0.48280563950538641 17.500000000000004 61.500000000000007 53.500000000000007 6.5000000000000009 10.500000000000002 9.5000000000000018 0.012121656909585001 0.013606071937829258 6.5000000000000009 0.59685641527175914 8.5000000000000018 0.015038444194942715 97.500000000000014
decision_type=2 2 2 2 2 2 2 2 2 2 2 2 2 2 2 2 2 2 2 2 2 2 2 2 2 2 2 2 2 2 2 2 2 2 2 2 2 2 2 2 2 2 2 2 2 2 2 2 2 2 2 2 2 2 2 2 2 2 2 2 2 2
left_child=1 3 7 4 26 9 8 19 14 18 11 -3 -13 16 15 58 -5 -7 -6 -2 -8 32 44 28 31 35 30 -21 -24 -22 -1 -17 36 -34 -27 -26 -12 -38 -20 -28 -18 -37 -41 -39 45 -9 51 -23 -49 -29 -30 52 53 56 -55 -53 -47 -42 -4 -60 61 -15
right_child=2 10 6 13 5 17 20 22 -10 -11 21 12 -14 60 -16 24 40 -19 38 27 29 47 23 -25 25 34 39 49 50 -31 -32 -33 33 -35 -36 41 37 43 -40 42 57 -43 -44 -45 -46 46 -48 48 -50 -51 -52 55 -54 54 -56 -57 -58 -59 59 -61 -62 -63
leaf_value=-0.085164223465794817 0.046868321804041616 0.04050461469733635 0.027132637109794952 0.03162154655374419 -0.05832814311564033 -0.051376171583640419 0.026547484282901941 0.031022824854963778 0.022596899059285112 0.033444395331465843 0.032974307037272998 -0.055088484049029079 0.0070405395148996422 0.013164178211902872 0.0043565954892630133 -0.023166240499384063 -0.032911786795076996 0.017104461518298569 0.015112320015189154 0.046590971407102777 0.0068758121435341163 0.025433617243026941 0.010048397122818666 0.033016952763243464 0.035317702775726004 -0.099524801580282124 0.0099295798460236825 0.027917575356943603 -0.10470136848636674 0.031571765345526068 0.022586140052465897 0.010386016273385548 0.029965583369823662 -0.1094823719137637 0.019976352185096947 -0.07687295479824785 -0.027891290701789008 -0.095834485460490962 -0.044300343844271339 0.016165666397290473 0.053609551814548899 -0.028134579392923166 -0.061429539549780435 0.0035199275913804342 0.055498636054826717 0.051040612950702974 -0.10920045336132969 0.0157761482581447 -0.10327973574022727 -0.0041221581670409365 -0.019182849093619232 -0.10921521720767383 0.0349600611113682 0.04300583056040555 -0.10656877172471871 0.045642696052204508 -0.11282521391653329 -0.016872110277842998 0.051008398927581758 -0.070426708286004211 0.05645498673536712 -0.012779351680535848
leaf_weight=6.4342123212991273 835.64423172431998 38.325866755098104 111.98761019308586 36.782210272969678 1231.2603456226643 30.987885182839818 992.62218000821304 496.92482077842578 395.41411339503247 24.785831711720675 38.805531564867124 134.76760623289738 56.151716188993305 134.37722785468213 1075.7794601764763 98.238380004535429 454.78558770392556 112.26318953302689 17.862845906987786 247.21465100208297 597.49687032063957 268.88099810993299 436.59291430341545 176.28712581377476 15.67346655926667 5.0428479094989589 31.642520520603284 469.07868860091548 7.6182244757655999 150.84971236297861 109.77861102297902 167.81180743791629 95.805665941210464 4.7313282187096766 64.108098297612742 24.455571134225465 145.68704706733115 5.6856907668989143 771.88472914893646 11.663168472703545 9.8216651065740717 441.39705706329551 42.195708863786422 252.85015104198828 67.284702696371824 2.3151492732577053 5.6295663276687256 12.151277219178157 7.0174079416319719 55.062420245958492 45.551546731032431 2.432198340073227 25.417408504057676 19.229458903893832 4.6964005115441969 38.927172629162669 15.596006293315439 267.22534338070545 6.9313413687050369 12.215535519993862 14.761888023931531 165.29723604186438
leaf_count=2163 2336 756 4546 4132 606171 14126 12669 4067 10758 416 794 58804 5752 26067 65985 7924 178658 11227 1869 1277 19156 18778 11781 2503 1044 544 1346 3458 849 1825 8598 11886 3374 408 2374 5818 46225 1730 337690 1873 858 64857 13237 47742 404 20 202 1306 1169 940 3260 99 231 141 188 228 460 85710 91 1118 235 60253
internal_value=0.000711727 -0.0267486 0.0182218 -0.0351313 -0.0438115 -0.0477765 0.009105 0.0310716 0.00109735 -0.0512823 0.000700677 -0.023889 -0.0368156 -0.0159705 -0.00310361 -0.0115706 -0.0231414 0.00229082 -0.0523214 0.0395468 0.0202315 0.00747912 0.0209418 0.012816 -0.0165283 -0.0235459 -0.000782358 0.0316152 0.00554475 0.011854 0.0166205 -0.00200307 -0.000157864 0.0234031 0.0112617 -0.0285445 -0.00550458 -0.00919857 -0.0429565 -0.0244361 -0.0258938 -0.0306932 -0.0446263 0.00133494 0.028919 0.0259928 0.00411389 0.0218905 -0.0278087 0.0245517 -0.031436 0.00998709 -0.0063397 -0.0314307 0.0136459 0.036536 -0.0916443 -0.0143734 0.0193067 -0.0264661 0.00155821 -0.001146
internal_weight=11646.2 4534.67 7111.53 3473.81 2390.76 2189.04 4160.02 2951.5 2419.06 2045.79 1060.86 229.245 190.919 1083.05 2023.64 947.862 768.615 143.251 2021.01 1607 1740.97 831.615 1344.5 666.05 816.727 550.677 201.714 771.356 489.763 748.347 116.213 266.05 543.565 100.537 69.1509 481.526 443.028 404.223 789.748 85.5014 731.833 465.853 53.8589 258.536 678.453 611.168 114.243 288.05 19.1687 524.141 53.1698 108.614 67.2544 41.837 23.9259 41.3594 17.9112 277.047 131.134 19.1469 314.436 299.674
internal_count=1784506 1541467 243039 1354629 998716 971499 210595 32444 176945 946146 186838 65312 64556 355913 166187 100202 269358 25353 945730 8011 33650 121526 24433 18393 94447 74637 27217 5675 15890 20981 10761 19810 100273 3782 2918 71719 96491 95697 339559 16456 265226 70675 15110 49472 6040 5636 1569 21253 2475 4398 4109 1367 1040 809 329 327 480 86568 5755 1209 86555 86320
is_linear=0
shrinkage=0.05


Tree=11
num_leaves=63
num_cat=0
split_feature=29 8 27 4 30 29 14 30 16 20 30 18 27 8 4 30 8 4 25 4 30 8 16 20 18 8 8 30 4 4 2 18 14 4 30 2 10 6 16 8 18 10 25 1 18 18 1 18 10 10 10 6 27 4 4 27 10 10 10 3 1 4
split_gain=2088.62 345.545 333.799 277.308 303.064 114.873 105.742 79.6781 67.4746 63.4494 59.354 48.1021 47.9 47.7405 44.3041 41.7278 39.2917 50.6939 37.315 36.5839 36.1282 38.0087 34.3177 34.1671 31.5512 62.5284 31.1068 37.7308 30.9649 28.9436 28.0051 27.0439 25.6427 24.4532 23.9631 23.4627 31.4545 27.1903 23.3537 22.4654 21.1341 20.6669 20.4626 20.3819 20.2018 19.2396 19.7382 19.1354 19.0954 18.8469 25.7504 18.785 18.6434 38.2003 30.2111 27.3073 18.5836 18.5097 48.9283 38.9041 29.2708 18.5086
threshold=4.5000000000000009 4.5000000000000009 3.4953534603118901 19.500000000000004 0.49108855426311498 7.5000000000000009 8.5000000000000018 0.38257302343845373 18.500000000000004 15.500000000000002 0.58971938490867626 18.500000000000004 9.7137861251831072 49.500000000000007 1.0000000180025095e-35 0.25390869379043585 71.500000000000014 70.500000000000014 1.5000000000000002 8.5000000000000018 0.63822785019874584 65.500000000000014 18.500000000000004 11.500000000000002 20.500000000000004 82.500000000000014 15.500000000000002 0.53645372390747081 9.5000000000000018 44.500000000000007 11.500000000000002 9.5000000000000018 60.000000000000007 2.5000000000000004 0.52976769208908092 1.5000000000000002 11.500000000000002 3.5000000000000004 60.000000000000007 27.500000000000004 47.500000000000007 20.500000000000004 7.5000000000000009 0.0085107926279306429 30.500000000000004 82.500000000000014 0.0062696540262550124 59.500000000000007 77.500000000000014 12.500000000000002 4.5000000000000009 60.500000000000007 5.5697605609893808 46.500000000000007 79.500000000000014 6.0399391651153573 68.500000000000014 9.5000000000000018 15.500000000000002 0.013072453904896976 0.016261236742138866 3.5000000000000004
decision_type=2 2 2 2 2 2 2 2 2 2 2 2 2 2 2 2 2 2 2 2 2 2 2 2 2 2 2 2 2 2 2 2 2 2 2 2 2 2 2 2 2 2 2 2 2 2 2 2 2 2 2 2 2 2 2 2 2 2 2 2 2 2
left_child=2 9 3 18 6 12 15 39 -6 31 13 -9 14 51 35 -5 17 -13 43 57 23 48 -4 29 25 41 -25 33 -21 -16 -15 -2 -23 -28 -32 36 37 -3 -26 -8 -34 -7 -20 -1 -24 46 -31 -36 56 50 -40 -10 -29 -54 -55 -56 -22 -11 59 -59 -60 -45
right_child=1 5 22 4 8 24 7 11 10 19 -12 16 -14 30 20 -17 -18 -19 42 28 21 32 44 26 38 -27 27 52 -30 45 34 -33 40 -35 47 -37 -38 -39 49 -41 -42 -43 -44 61 -46 -47 -48 -49 -50 -51 -52 -53 53 54 55 -57 -58 58 60 -61 -62 -63
leaf_value=0.037361599017983062 0.041631961679145325 -0.11713026570633385 -0.065214803625637571 -0.06527071303078362 0.036099140964991859 0.026821511564373859 -0.019036852898403282 0.004578947194518802 -0.03973716985557052 0.033127832032134374 -0.0002930944802045785 0.03626150592139623 0.026534532365797683 0.033175571344653126 0.042075572446849174 0.016195070693957203 -0.04497964691785631 -0.031568082742870311 -0.010923709576754793 -0.11015351944044803 0.0081862698706934058 -0.10752152953311211 0.053219423150402449 0.0044439838636623841 0.014954322091555809 -0.088146308377464316 0.037942281725861816 -0.010203777523070263 0.0083290805161405791 0.033233391861646824 -0.040834809999094973 0.022792516675841229 -0.040037127527912497 -0.033985384152429077 -0.0025807871573920653 0.050735792915623384 -0.11114367093725304 0.041310609628831284 0.0055480857412041878 -0.058215671432325311 0.0021891785840429459 0.011612376099180977 0.028366577198382776 0.044023844291412102 0.015924050150267165 -0.017465655505417781 -0.10968754544970588 -0.028560641728992194 0.028913770278041429 0.00071610148297060212 -0.10216965690385296 0.01116464191200196 -0.10138013086819489 0.069922719505939743 0.081896069683851491 -0.10496417376229726 -0.054928492334382309 0.042114812479353336 0.030380546237736152 -0.11669392788500746 -0.1170283864500053 -0.060961049393205791
leaf_weight=136.47121499874629 1359.1555155005772 3.0973787014372673 12.254553157370536 18.890192110440694 61.80748455110006 1086.1208868123358 37.897824749117717 62.250614860095084 21.582965595647693 461.94869084947277 359.39116121549159 32.627712993416935 188.25508381158579 17.506831811042503 59.174025988206267 93.622920814843383 927.14324545441195 176.85828115965705 149.37907674489543 5.645436013583093 678.61940070008859 7.600253884214907 40.455161147052422 266.5904562616488 633.09125538147055 12.6127608618699 12.394414049223995 470.43536954774754 237.61682882159948 41.24082726589404 328.67634302133229 221.53979362896644 46.288846644107252 253.36914240173064 91.783412647200748 64.617951122345403 5.4721547015942624 21.529580780304972 11.105200208257886 1059.5145198985701 82.344488258007914 281.18702611117624 42.585576551151462 6.9065241632051793 354.32048479723744 69.34597859182395 2.5660891707520923 311.16156120074447 117.39903192128986 170.52101996261626 11.087458075489847 113.13855529925786 5.1977227772586039 26.752304804511368 3.0417827269993705 5.4731837366707623 11.866895668674259 5.6750417454168227 89.794477387797087 12.034221318084745 3.4988695066422215 10.705713754054157
leaf_count=2499 5259 132 1358 9939 6354 12373 13734 10138 6190 3371 99624 4061 4585 2669 869 7654 419297 61549 19697 304 34097 769 631 12581 13662 538 358 58425 7519 1140 136240 2522 6339 39948 19482 900 411 210 354 542751 9457 5269 4022 370 25644 4147 245 124154 6113 5852 791 21358 537 363 33 500 1406 42 1050 452 116 2052
internal_value=0.000767357 0.0177254 -0.0259791 -0.0303068 -0.0342957 0.00977392 -0.0448089 -0.0471278 -0.0148907 0.0331459 -0.0174257 -0.0382169 0.00230477 -0.0243921 0.000281468 0.00251752 -0.0405607 -0.0210035 0.0125024 0.021825 -0.00118642 0.00615154 0.017188 -0.00688567 0.0180454 0.0226715 -0.0102926 -0.0153509 0.00557943 0.0137397 -0.0293201 0.0389915 -0.0182789 -0.0306309 -0.0308155 0.0337516 -0.00271078 0.0213832 0.0103152 -0.0568627 -0.013006 0.0236938 -0.00220752 0.0308288 0.0197459 -0.00107879 0.0248615 -0.0226429 0.0102712 -0.00492481 -0.0482677 0.00300995 -0.00740252 0.0251642 0.0438144 -0.0382125 0.00710156 0.0287225 0.0103891 -0.0658027 0.0248521 -0.0197919
internal_weight=11512.2 7045.31 4466.93 4059.9 3713.85 4648.4 2408.81 2296.29 1305.05 2396.91 1243.24 1198.88 2442.67 883.85 2254.42 112.513 1136.63 209.486 346.048 816.214 2159.7 944.119 407.03 1215.58 2205.73 1379.92 1043.25 776.664 243.262 172.327 749.128 1580.7 136.234 265.764 731.621 94.7171 30.0991 24.627 825.805 1097.41 128.633 1367.31 191.965 154.083 394.776 113.153 43.8069 402.945 807.885 192.714 22.1927 134.722 510.9 40.465 35.2673 8.51497 690.486 572.951 111.003 17.7093 93.2933 17.6122
internal_count=1784506 243039 1541467 1513834 1485194 222404 1069123 1051530 416071 20635 409717 495045 183565 310093 178980 17593 484907 65610 28640 12854 177327 58181 27633 119146 38839 18180 112745 100164 7823 6401 282545 7781 16565 40306 279876 1653 753 342 20659 556485 15796 17642 23719 4921 26275 5532 1385 143636 41616 6997 1145 27548 59858 1433 896 533 35503 5031 1660 494 1166 2422
is_linear=0
shrinkage=0.05


Tree=12
num_leaves=63
num_cat=0
split_feature=29 24 9 4 29 20 24 24 4 27 9 14 4 9 4 12 4 9 27 17 27 18 9 18 4 25 27 17 27 25 18 14 20 22 2 20 27 27 2 24 9 4 22 3 10 29 6 4 7 18 10 10 10 24 18 9 24 10 14 4 20 24
split_gain=1961.23 381.322 303.385 159.051 114.69 107.673 102.529 77.76 61.832 59.5429 53.7797 52.8494 48.929 44.0933 44.0918 42.6805 42.5407 42.3306 42.2335 35.9793 35.4991 33.127 31.1316 30.2961 29.0675 28.4233 27.4963 25.5411 23.3744 22.1948 21.9569 21.7006 21.3187 21.0558 37.5251 20.9443 20.7172 20.5926 24.3983 24.5243 22.528 36.354 20.5484 19.9942 19.875 22.229 19.6416 36.0366 26.5875 19.2522 20.3646 24.4735 19.2406 24.1644 29.2615 35.457 19.1043 18.966 20.1706 18.8923 20.8314 20.4596
threshold=4.5000000000000009 53.500000000000007 0.015268065501004459 55.500000000000007 1.5000000000000002 18.500000000000004 54.500000000000007 73.500000000000014 9.5000000000000018 6.6062858104705819 0.0094788861460983771 60.000000000000007 25.500000000000004 0.0086581707000732439 17.500000000000004 60.000000000000007 9.5000000000000018 0.0071685509756207475 5.5030922889709482 0.016001024283468727 15.57819175720215 43.500000000000007 0.0098524559289217013 5.5000000000000009 10.500000000000002 2.5000000000000004 7.9521105289459237 0.013606071937829258 31.782026290893558 5.5000000000000009 4.5000000000000009 7.5000000000000009 1.0000000180025095e-35 12.500000000000002 2.5000000000000004 5.5000000000000009 22.825584411621097 6.0854074954986581 48.500000000000007 55.500000000000007 0.012422839645296337 35.500000000000007 1.0000000180025095e-35 0.0079682543873786944 51.500000000000007 5.5000000000000009 9.5000000000000018 32.500000000000007 0.015504807699471714 100.00000000000001 74.500000000000014 1.5000000000000002 3.5000000000000004 1.5000000000000002 64.500000000000014 0.0098524559289217013 45.500000000000007 1.5000000000000002 3.5000000000000004 1.5000000000000002 10.500000000000002 71.500000000000014
decision_type=2 2 2 2 2 2 2 2 2 2 2 2 2 2 2 2 2 2 2 2 2 2 2 2 2 2 2 2 2 2 2 2 2 2 2 2 2 2 2 2 2 2 2 2 2 2 2 2 2 2 2 2 2 2 2 2 2 2 2 2 2 2
left_child=1 3 5 16 18 14 10 9 23 12 -7 15 -3 25 59 27 -1 -18 -5 26 43 28 30 -4 -9 -14 -10 -6 -12 46 -13 -25 -27 -16 -35 -24 -32 38 44 -40 41 -39 -11 -21 -31 -46 47 48 -8 50 51 -26 -36 54 55 -54 -17 -23 -59 -2 -61 -62
right_child=2 7 8 4 11 6 29 24 19 42 21 22 13 -15 33 56 17 -19 -20 20 -22 57 35 31 49 32 -28 -29 -30 37 36 -33 -34 34 52 -37 -38 40 39 -41 -42 -43 -44 -45 45 -47 -48 -49 -50 -51 -52 -53 53 -55 -56 -57 -58 58 -60 60 61 -63
leaf_value=0.015473395010601658 0.038840992636918176 0.012037081497733082 0.03947226494535104 -0.051184331885241179 -0.079238931619152853 -0.018486909839214638 -0.02947204546896999 0.049760418909603435 0.0034734176526486347 -0.107228787541814 0.0041137844023031679 0.017322029071532959 -0.044560069731984883 0.005668160276003034 0.02276919716809871 0.039365775804947073 -0.027011362481115287 0.020830675972298179 0.025418581839797439 -0.11928182631024851 -0.10842797066994472 0.054426749537641941 0.068319306626659013 0.037131886873738112 0.074353371594269677 0.063416552624874459 0.033829059705014264 -0.0099295054329108599 0.05395357717978401 0.010907619846882552 -0.038919330684292347 0.013038876212296675 -0.022456018938080021 -0.11546260261292543 0.037432728735391697 -0.016704788607942219 0.066859843952574063 -0.066148882347946844 0.044898943573763471 -0.082770306099309909 0.041451791542606364 0.018050604200206342 0.017073443865961508 0.047711706936238676 0.00029530619416696696 -0.10064938230868277 0.023745798480528414 -0.10390828874760896 0.036135651279032115 0.00014458116667058135 0.027302282065337108 -0.10231310881244249 0.033580745930998572 0.0070951318386109951 -0.10968214089036746 -0.070730862111267737 -0.051967594693765273 0.051557952227529347 -0.02261885437919231 0.026043731087019729 0.0095590579596651678 -0.10668900905080131
leaf_weight=132.53081808309071 208.83929217141122 118.43133281648625 1454.0393070930149 1380.4292381106643 16.873485481832176 479.71064919757191 26.558179598301649 46.263689554762095 333.80002763762604 3.3924824097193769 937.61523077939637 18.193250397220254 180.76986364880577 116.41435993858613 243.90515817399137 57.448578907642514 255.23336941888556 56.463920694950502 18.230751080089249 1.8193316170945752 3.8764883726835242 9.118530116742475 7.6085593304596832 166.51300036115572 2.8058335827663541 7.3496356157120308 96.069414394674823 62.625742045114748 24.130389202386141 84.171297379536554 749.13666252256371 213.03121793782339 435.11895925167482 6.3485218286514273 47.145447183866054 150.77596313809045 4.6576132648624471 16.37442634627223 4.7221601395867792 18.490511168725789 56.855714946519583 59.049439072376117 166.56662221008446 121.26490471232682 12.985914710676299 9.4024802779313159 620.76831175375264 8.0044210674241167 36.894012482836843 273.54179503407795 139.10845843399875 6.505389115540309 19.509042600169778 539.84043122571893 9.4306452032178623 13.987524055177344 6.3592545613646498 9.6034585656598193 200.6321425830829 700.80882013472728 179.26272887247615 3.8666475391946724
leaf_count=8636 1335 7851 6053 762967 7732 74760 1000 494 8689 454 42674 1751 63211 22084 3809 3659 83073 8646 3696 67 71 342 37 1007 11 228 1045 8549 112 4076 285754 3266 171677 255 665 37798 30 802 347 3850 721 1508 9643 437 1263 1302 23326 870 549 41902 9124 1016 483 19059 869 669 1444 129 26187 7587 3686 169
internal_value=0.000816036 -0.0252736 0.0173139 -0.0358011 -0.0407505 0.00978879 0.00313568 -0.00475308 0.0317571 -0.0124455 -0.00436892 -0.0284592 -0.0178009 -0.0225784 0.0186073 -0.000194316 -0.00825548 -0.0183448 -0.0501859 0.0171646 0.0405513 0.00136519 -0.0328129 0.0361886 0.0121366 -0.0278546 0.0102575 -0.0246402 0.00536427 0.0161966 -0.0369557 0.0236089 -0.0210296 0.0102787 0.00549052 -0.0126204 -0.0382657 0.00380323 -0.0103478 -0.0567985 0.017686 -0.000228998 0.0145923 0.0452433 -0.000229078 -0.0420986 0.0208883 -0.0039361 0.00867528 0.00801155 0.0225106 -0.0490766 0.00670954 0.00422406 -0.0318818 -0.00997778 0.0302633 -0.0161686 -0.0192305 0.0253155 0.02212 0.00710456
internal_weight=11391.3 4412.84 6978.45 2916.57 2472.34 4588.03 2615.09 1496.27 2390.41 1028.04 1660.81 1073.68 858.084 739.653 1972.94 143.307 444.228 311.697 1398.66 556.83 126.961 1181.1 930.372 1833.58 468.225 623.238 429.869 79.4992 961.746 954.277 771.988 379.544 442.469 880.167 636.262 158.385 753.794 262.052 129.772 23.2127 132.28 75.4239 169.959 123.084 106.56 22.3884 692.225 71.4566 63.4522 421.961 148.42 9.31122 629.913 582.768 42.9272 33.4966 63.8078 219.354 210.236 1092.78 883.938 183.129
internal_count=1784506 1541467 243039 1213772 1113417 222404 183818 327695 20635 275148 144204 346754 265051 257200 38586 21384 100355 91719 766663 10309 575 69444 325370 10326 52547 235116 9734 16281 42786 39614 287535 4273 171905 25809 22000 37835 285784 13869 10838 4197 3031 2310 10097 504 6641 2565 25745 2419 1549 52053 10151 1027 21745 21080 2021 1152 5103 26658 26316 12777 11442 3855
is_linear=0
shrinkage=0.05


Tree=13
num_leaves=63
num_cat=0
split_feature=29 24 8 30 4 30 14 29 4 27 24 20 2 24 27 27 4 8 30 4 20 27 30 18 8 30 30 20 2 8 14 4 30 10 2 8 16 30 4 16 26 27 24 27 27 24 18 2 24 8 18 16 6 30 24 2 2 24 8 6 4 8
split_gain=1815.88 348.628 274.019 148.887 128.638 102.676 96.0249 95.3947 86.5221 74.0308 68.7744 59.7838 52.1375 43.6713 43.4087 43.4018 41.3778 40.8667 38.0397 34.5441 40.3304 31.1266 28.7935 26.3053 28.9149 24.423 24.2125 31.5317 23.8967 21.0325 21.0308 21.7047 27.2766 21.6543 25.906 20.5914 20.5743 20.4829 23.1407 21.1649 20.2483 25.0774 20.2243 20.1013 19.8232 19.7453 19.7218 19.5192 19.4886 19.1395 18.4005 26.0626 17.9694 17.9626 17.9385 21.4614 20.3075 19.263 21.0094 17.836 25.4911 17.8344
threshold=4.5000000000000009 53.500000000000007 4.5000000000000009 0.52325317263603222 33.500000000000007 0.41783589124679571 13.500000000000002 7.5000000000000009 41.500000000000007 5.11362648010254 71.500000000000014 3.5000000000000004 79.500000000000014 76.500000000000014 8.6680073738098162 9.7137861251831072 9.5000000000000018 42.500000000000007 0.25390869379043585 27.500000000000004 60.000000000000007 7.8407704830169687 0.41343596577644354 20.500000000000004 82.500000000000014 0.53645372390747081 0.59445792436599743 14.500000000000002 100.00000000000001 55.500000000000007 3.5000000000000004 36.500000000000007 0.61867260932922374 71.500000000000014 6.5000000000000009 21.500000000000004 18.500000000000004 0.58971938490867626 5.5000000000000009 18.500000000000004 5.5000000000000009 26.549606323242191 61.500000000000007 14.691611289978029 33.58825874328614 59.500000000000007 59.500000000000007 31.500000000000004 39.500000000000007 45.500000000000007 9.5000000000000018 6.5000000000000009 38.500000000000007 0.49391268193721777 68.500000000000014 18.500000000000004 24.500000000000004 66.500000000000014 46.500000000000007 61.500000000000007 100.00000000000001 53.500000000000007
decision_type=2 2 2 2 2 2 2 2 2 2 2 2 2 2 2 2 2 2 2 2 2 2 2 2 2 2 2 2 2 2 2 2 2 2 2 2 2 2 2 2 2 2 2 2 2 2 2 2 2 2 2 2 2 2 2 2 2 2 2 2 2 2
left_child=1 3 11 4 12 8 18 10 -3 29 15 50 -1 21 17 19 -13 -8 -6 20 45 37 -19 24 30 28 27 -5 35 -10 31 -9 47 52 -35 -21 -24 38 -7 -40 43 -42 -30 -12 -34 -4 -29 -33 -18 -28 -2 -52 -32 -20 57 -56 -57 58 -22 -23 -61 -41
right_child=2 5 7 26 6 13 14 23 9 -11 40 16 -14 -15 -16 -17 48 22 53 25 54 59 36 -25 -26 -27 49 46 42 -31 33 32 44 34 -36 -37 -38 -39 39 61 41 -43 -44 -45 -46 -47 -48 -49 -50 -51 51 -53 -54 -55 55 56 -58 -59 -60 60 -62 -63
leaf_value=-0.05302658663851411 0.042254036393546544 0.025358840484445363 0.042331717636931936 0.04139746776790601 -0.062943998269919296 0.029418722573307705 -0.02445900945101849 0.034522715362994109 -0.00874362110240255 0.0022493216547467979 0.030743717189776816 0.029029631340305104 0.010182252605902699 0.021779965421100472 0.014848555526779821 0.024034922797566305 -0.0039897502744411567 -0.05665506269860407 0.014158181693256259 -0.0050893350362054149 0.004402050448245964 0.0524145477646977 0.011249370475566496 0.010020990637010381 -0.073278201931977344 -0.004415750085408638 0.031543693328838815 -0.0039675819410613326 0.0025340646773626251 -0.051423198929868498 0.016206686027759935 0.051334647443517213 -0.10918781719751436 0.027076908239105031 -0.10863332116771106 -0.045059144684245156 -0.044751163501424517 0.0099747676327335191 0.030202665252202412 0.0050679808659975746 -0.051913046092099568 0.068681111079431201 -0.097342597394897951 -0.10853888291880492 0.057034471303976923 -0.10754539255200744 -0.030240808066487476 -0.11224222818765016 0.019223431997996518 -0.0071505133124935508 0.027334659467604484 -0.064837088057228029 0.037560177749372425 -0.10361314791758158 -0.10748122493691832 0.058061228988298977 -0.099930432855089416 0.038478049197015418 -0.016336848537810162 -0.10728687505049626 0.016832023316418868 -0.020881643145712933
leaf_weight=41.048568517202511 881.18638949026354 73.925808322383091 78.199384010396898 19.33528913022019 21.39853137161117 33.368631561985239 160.02891868923325 381.06146057555452 32.513838002865668 105.6906501876656 263.81255318928743 1025.231052304036 158.95512416446581 257.27254555886611 27.352739267284051 166.28560224664398 154.83974547404796 948.74608305620495 99.525849515921436 44.424888253444806 661.280283731292 35.497192174661905 16.784534507198259 805.79892037715763 8.0100578066194412 731.15965281944955 38.293142589740455 93.678002294385806 93.522859478602186 257.31233567622257 808.01759066514205 13.676971612963824 8.436438861768691 6.7480216138064861 7.3432642649859172 117.31309779454023 718.50097910058685 154.3317094440572 25.994640442775562 80.771548515884206 16.421893822378482 5.8454113621264687 5.3589973697671658 2.616114269476383 2.2779485676437607 2.2610572986304751 300.70278986438643 2.1043184436857727 217.31758312694728 193.16652409429662 91.513633983209729 8.3709659073501808 112.20374703628477 3.3465129819232962 8.2708008734043705 5.9427378578111529 3.0921931494958681 34.960611196234822 149.77845671132673 4.4423055727966121 60.130503630731255 367.32405697193462
leaf_count=12779 2584 4093 1190 1140 12264 633 53927 2664 8593 9914 5620 7939 17066 16965 3059 3894 4264 522291 9280 3649 31597 564 5061 20659 538 79482 6067 21420 7777 124268 12295 97 324 74 435 24203 354838 29588 2815 12543 1570 44 1003 164 8 171 131277 131 4985 62621 655 208 1614 682 567 129 378 822 21305 429 2389 114901
internal_value=0.000855977 -0.0245445 0.0167368 -0.0348151 -0.0410199 -0.00494367 -0.0448512 0.00954263 -0.024292 -0.0335722 0.00266482 0.0304879 -0.00279067 0.00396875 -0.0476774 -0.000478253 0.0238458 -0.0486049 -0.00228973 -0.00258419 0.00426318 -0.00204592 -0.0508994 0.0171698 0.0214372 -0.00910021 -0.0136987 -0.0209437 -0.0222423 -0.0466352 0.0220026 0.0314801 -0.0122784 0.0178684 -0.0436445 -0.0340806 -0.0434728 -0.00597589 -0.0108269 -0.0136596 0.0255479 -0.0202558 -0.00287885 0.0293761 -0.0738479 0.0381199 -0.0240001 0.0295229 0.00956536 -0.000748868 0.0399486 0.0196101 0.0188103 0.010327 0.00110779 -0.0492853 0.00398879 0.0021386 0.000572192 0.0239441 0.00829323 -0.0162041
internal_weight=11254.1 4329.44 6924.68 2840.86 2195.69 1488.58 1995.68 4546.23 469.443 395.517 2390.55 2378.46 200.004 1019.13 1871.41 2101.85 1397.39 1844.06 124.271 1935.57 943.786 761.861 1684.03 2155.68 1349.88 991.779 645.176 413.716 260.62 289.826 1341.87 407.557 26.4957 934.313 14.0913 161.738 735.286 661.791 507.459 474.09 288.696 22.2673 98.8819 266.429 10.7144 80.4604 394.381 15.7813 372.157 231.46 981.071 99.8846 920.221 102.872 863.325 17.3057 9.03493 846.019 811.059 100.07 64.5728 448.096
internal_count=1784506 1541467 243039 1213772 991247 327695 961402 222404 146868 142775 183565 20635 29845 180827 939176 176167 17188 936117 22226 172273 56159 163862 882190 38839 18180 116114 222525 153837 36632 132861 17642 3224 560 14418 509 27852 359899 160480 130892 130259 7398 1614 8780 5784 332 1361 152697 228 9249 68688 3447 863 13909 9962 54798 1074 507 53724 52902 3382 2818 127444
is_linear=0
shrinkage=0.05


Tree=14
num_leaves=63
num_cat=0
split_feature=8 27 4 20 16 24 4 4 2 27 8 24 16 4 4 24 12 25 8 24 20 25 24 0 12 25 14 4 11 25 16 24 11 4 7 5 14 2 13 14 14 22 8 11 8 0 11 24 8 0 7 20 14 12 7 8 27 25 27 2 7 24
split_gain=1563.14 375.742 366.344 209.101 118.744 122.185 115.443 75.7302 63.1414 54.3787 52.8687 51.6389 30.6179 25.2917 25.0187 26.7465 24.9155 31.8922 24.6427 22.6558 22.1724 35.8232 23.8353 21.8798 20.5251 20.3676 20.3674 20.5931 20.2225 20.1151 22.3753 19.92 37.8123 19.774 37.5939 30.4114 19.6783 19.6192 19.5747 19.5133 19.34 18.2206 17.4939 17.4334 17.2009 17.0871 20.3196 18.2512 21.9853 19.3629 18.4192 17.0841 20.7981 19.0166 20.4207 18.1926 16.3435 17.3932 26.2359 16.2032 29.1105 17.6191
threshold=36.500000000000007 3.4953534603118901 71.500000000000014 15.500000000000002 18.500000000000004 57.500000000000007 7.5000000000000009 2.5000000000000004 65.500000000000014 6.7353527545928964 4.5000000000000009 47.500000000000007 60.000000000000007 9.5000000000000018 21.500000000000004 38.500000000000007 1.0000000180025095e-35 1.5000000000000002 100.00000000000001 74.500000000000014 15.500000000000002 1.5000000000000002 74.500000000000014 32.500000000000007 60.000000000000007 2.5000000000000004 1.0000000180025095e-35 20.500000000000004 0.013986697886139156 1.5000000000000002 2.5000000000000004 34.500000000000007 0.0069204980973154315 56.500000000000007 0.013072453904896976 0.009756329935044052 2.5000000000000004 44.500000000000007 0.012579114176332952 14.500000000000002 2.5000000000000004 1.0000000180025095e-35 75.500000000000014 0.012903762981295587 37.500000000000007 95.500000000000014 0.010695492848753931 33.500000000000007 1.0000000180025095e-35 68.500000000000014 0.010471491608768703 4.5000000000000009 18.500000000000004 6.5000000000000009 0.012121656909585001 96.500000000000014 22.513152122497562 2.5000000000000004 9.1367959976196307 13.500000000000002 0.0063092110212892303 61.500000000000007
decision_type=2 2 2 2 2 2 2 2 2 2 2 2 2 2 2 2 2 2 2 2 2 2 2 2 2 2 2 2 2 2 2 2 2 2 2 2 2 2 2 2 2 2 2 2 2 2 2 2 2 2 2 2 2 2 2 2 2 2 2 2 2 2
left_child=3 2 6 10 16 8 20 -5 25 14 26 12 29 -3 -9 40 -4 18 -18 -7 -2 59 -23 42 28 -6 -1 -28 38 -8 39 -25 51 34 -29 -36 -11 -21 -12 -31 -16 -26 -19 -10 -15 47 -47 49 -49 50 -42 -33 53 54 -53 -54 57 58 -46 60 61 -22
right_child=1 13 4 7 5 19 11 9 43 36 24 -13 -14 44 15 -17 17 23 -20 37 21 22 -24 31 41 -27 27 33 -30 30 -32 32 -34 -35 35 -37 -38 -39 -40 -41 45 -43 -44 -45 56 46 -48 48 -50 -51 -52 52 55 -55 -56 -57 -58 -59 -60 -61 -62 -63
leaf_value=0.045937143610582015 0.041597077739085143 0.043702816201687755 0.033341948342125692 0.025456910507078497 -0.046500508141924322 -0.023792222041450595 -0.072502289144706453 0.007883942517627418 -0.046635214496826047 -0.1081524637010384 -0.10505960020059174 -0.00039761301833164458 -0.02530767170852178 -0.10308746181975137 0.058245334487355985 0.0029678313097039506 0.016127078924088 0.072560920663119505 -0.081167653463008013 -0.098698853320934699 -0.11042281285288201 -0.00040296929236807093 -0.11899117444739112 0.010673450845658072 -0.11262562291286163 -0.0092977898189945101 0.033997327267609304 -0.11032556893867101 0.024920243478573863 -0.11480587348963367 0.016435225846922943 -0.051407515905457182 -0.10032930575652366 0.029246379570542089 -0.1178790428585887 0.021479993769042607 0.024147689163868426 0.00032649348164104976 0.011871836877376642 0.016827051789957977 0.0059217332294771866 0.034027434397872293 -0.10132885121240648 -0.011175087309877513 0.038896222164585798 -0.021266616432767185 0.0091627543635325395 0.056194240377946396 -0.078681045655872042 -0.077121174490847072 -0.033643500470984002 -0.099910783980009979 0.033346205507017043 0.031979032347460364 0.080434728134272201 -0.042505484069541362 0.033993812498268071 0.0063019277363651482 -0.1102111700412175 0.038692614496083882 -0.10559820438941372 0.047251200272153557
leaf_weight=323.82313920371234 87.691432985011488 68.540306197246537 37.683683645795099 581.90140321431682 47.059633934521116 416.73742540122475 8.2407597186975163 891.65565044083633 1855.5163327086484 2.8331312201917163 3.6037291274406007 549.74576396110933 600.60863692581188 3.2416786304675034 9.081640516407786 598.6887243866222 8.8240069001913053 13.695552403107284 24.796116349985823 5.1500263789203009 2.038868407020348 148.06373745703604 4.362013302743434 89.736197776859626 2.1335104743484399 168.58942703425419 1110.9304227326065 8.0860664970241469 527.47827111301012 6.4672843059524894 96.007831395370886 21.549259604653344 13.134377620648591 72.229231068864465 4.3599537671543649 38.339797810185701 354.1741329273209 173.82373558997642 523.46674049971625 4.9859513016417605 60.021168800536543 290.82188483863138 1.6171514391899098 35.320889468537644 69.020958487177268 113.19490928243613 106.4583480291767 3.4114474002271917 26.425705045810901 13.297352754976599 57.688991222297773 5.8683932002168131 10.035133643541483 44.710719666443765 2.1427688957192004 37.241743404883891 77.214370684232563 514.7260146078188 3.0818339376710346 116.62390605802648 5.6862499192357054 13.523945330176501
leaf_count=905 747 938 1960 6127 16077 156935 470 30086 968200 121 190 74523 165005 243 75 59408 360 179 8104 1094 476 11787 273 14239 89 55236 5353 307 5291 369 3918 3175 2351 756 114 365 7527 30774 9552 188 6053 4044 486 14454 1923 33150 8344 58 4034 2378 5022 1432 913 4313 16 18660 969 31906 331 1268 720 145
internal_value=0.000891811 -0.0184237 -0.0236695 0.0190904 -0.0340279 -0.0373953 -0.00468468 0.00938855 -0.0430494 0.00520863 0.0285035 -0.0119242 -0.0207705 0.0147791 0.00181139 -0.00366751 -0.00477199 -0.0100263 -0.0556315 -0.0174022 0.0195638 0.0129081 -0.00379664 -0.00363059 0.0212515 -0.0174163 0.0347767 0.0318479 0.017999 0.00278175 0.00855498 -0.00757631 -0.0197358 0.012437 -0.0114699 0.00725043 0.0230978 -0.00252299 0.0110723 -0.0575019 -0.0138644 0.0329594 0.0541967 -0.0459728 0.0118082 -0.0155855 -0.00651855 -0.0279676 -0.06326 -0.0199297 -0.0134689 -0.0110269 -0.00232505 0.019268 -0.0516732 -0.026405 0.012369 0.00952368 0.032523 0.0313761 -0.00878028 0.0265945
internal_weight=11117.2 5393.1 4657.28 5724.11 3013.23 2702.2 1644.05 2818.83 2106.49 2236.93 2905.27 1266.06 716.31 735.825 1879.92 988.268 311.035 273.351 33.6201 595.711 377.99 290.299 152.426 239.731 1347.5 215.649 1557.77 1233.95 1054.55 115.702 107.461 224.419 134.682 123.015 50.7858 42.6998 357.007 178.974 527.07 11.4532 389.58 292.955 15.3127 1890.84 667.285 380.498 219.653 160.845 29.8372 131.008 117.71 121.548 99.9988 52.7219 8.01116 47.2769 664.043 586.829 72.1028 137.873 21.2491 15.5628
internal_count=1784506 1595157 1558847 189349 1298958 1242770 259889 162383 1053967 156256 26966 244473 169950 36310 148608 118522 56188 54228 8464 188803 15416 14669 12060 45764 19166 71313 7800 6895 15033 4945 4475 45099 30860 1542 786 479 7648 31868 9742 557 59114 4133 665 982654 35372 59039 41494 17545 4092 13453 11075 28509 25334 5761 1448 19573 35129 34160 2254 2609 1341 621
is_linear=0
shrinkage=0.05


Tree=15
num_leaves=63
num_cat=0
split_feature=29 8 27 4 30 21 14 18 8 14 30 16 30 25 8 18 18 7 16 30 30 2 14 7 7 4 14 30 14 4 14 0 19 10 27 27 4 27 16 0 2 30 8 12 4 10 18 4 3 18 27 27 25 22 2 16 10 16 12 18 30 2
split_gain=1624.41 247.872 220.329 203.573 212.185 101.341 96.0288 81.0828 65.305 55.0631 52.4473 42.9168 40.6765 40.1255 39.5934 37.8821 35.1243 31.4088 28.3424 28.2468 25.0277 26.2059 24.5854 28.6796 23.0162 22.4497 21.5993 21.3885 21.3864 21.3681 27.9832 22.0467 23.0566 21.0511 20.8299 27.9674 23.0135 20.1732 19.6431 19.4104 19.112 18.9044 18.9008 18.2404 23.3182 21.1883 21.5471 18.6664 18.2223 17.9863 17.6395 29.376 25.9724 17.7137 17.616 19.1951 17.6122 17.3428 20.2153 18.0351 17.2353 16.8575
threshold=4.5000000000000009 19.500000000000004 4.9327421188354501 25.500000000000004 0.48825994133949285 0.012579114176332952 5.5000000000000009 26.500000000000004 48.500000000000007 60.000000000000007 0.61867260932922374 12.500000000000002 0.53139421343803417 1.5000000000000002 41.500000000000007 1.0000000180025095e-35 1.5000000000000002 1.0000000180025095e-35 18.500000000000004 0.38257302343845373 0.68625885248184215 100.00000000000001 11.500000000000002 0.0093898782506585139 0.0090499590151011961 34.500000000000007 4.5000000000000009 0.25390869379043585 3.5000000000000004 61.500000000000007 5.5000000000000009 100.00000000000001 0.012422839645296337 20.500000000000004 20.028472900390629 16.297666549682621 66.500000000000014 22.825584411621097 14.500000000000002 7.5000000000000009 42.500000000000007 0.6278253197669984 1.0000000180025095e-35 12.500000000000002 4.5000000000000009 2.5000000000000004 26.500000000000004 2.5000000000000004 0.0085107926279306429 10.500000000000002 10.490225315093996 9.2985849380493182 3.5000000000000004 3.5000000000000004 14.500000000000002 1.0000000180025095e-35 1.0000000180025095e-35 18.500000000000004 12.500000000000002 1.0000000180025095e-35 0.50228258967399608 22.500000000000004
decision_type=2 2 2 2 2 2 2 2 2 2 2 2 2 2 2 2 2 2 2 2 2 2 2 2 2 2 2 2 2 2 2 2 2 2 2 2 2 2 2 2 2 2 2 2 2 2 2 2 2 2 2 2 2 2 2 2 2 2 2 2 2 2
left_child=2 5 3 13 6 16 27 -8 60 -3 11 -11 18 -1 25 42 26 33 -10 -16 21 40 23 -18 -19 -9 -2 -5 -17 -30 -31 37 -33 -13 35 43 49 -32 -24 -35 -15 57 -7 44 -12 -45 -47 -48 -28 -36 51 53 -53 -4 -44 -56 -46 58 -14 -59 -6 -26
right_child=1 9 50 4 8 15 7 14 12 10 34 17 41 20 19 28 22 24 -20 -21 -22 -23 38 -25 61 -27 48 -29 29 30 31 32 -34 39 36 -37 -38 -39 -40 -41 -42 -43 54 45 56 46 47 -49 -50 -51 -52 52 -54 -55 55 -57 -58 59 -60 -61 -62 -63
leaf_value=0.023785423420222399 -0.12885541824004637 0.011610898045463863 -0.074689679726994432 -0.057467373586781792 0.03731210764310898 0.049662118269856712 -0.00084159817974649811 0.054994055831178258 0.021542197939765393 0.021537225262765476 0.025144175489156387 0.035554541290633887 -0.055166646710946038 -0.0181763434812179 -0.055075759321099718 0.031076652389975146 -0.1084541183761991 -0.041740443648625392 -0.038925370464688025 -0.042490984914930502 0.059532598106725509 0.0034265149413311674 0.02693038185449935 0.032528709168536216 -0.039762113957509081 -0.027394831532792197 -0.11729156757597717 0.018960084894993436 0.022781344384252483 0.035526695974954739 -0.11052000708725906 -0.066262605413317965 0.013804349956883353 -0.099752653900418417 -0.10288653080582165 -0.10212075165414945 -0.1052437550527823 0.041553552385293069 0.0048327348502155863 -0.0052502292511493135 -0.067808166359445421 0.0039403484523372898 0.032320805610745379 -0.057077907548646348 0.067135938053282204 0.01577473882825569 0.042032635313890267 -0.0045494896171590559 0.028676467191143959 0.055137507438510702 0.023686931229721257 0.028112474261235004 -0.092786890549653944 0.009898275655123738 0.049652249787207003 -0.1205092014391364 -0.089050657599299601 0.078761175321091392 0.045907960419860727 -0.021090545147192493 0.0018028807932141224 -0.010478555722601576
leaf_weight=166.10175504430663 2.2157705021090797 836.73388319998048 6.3757982335519037 10.427768472814931 42.656414990080521 262.31763538718224 101.11031103285495 8.7496094381203857 20.59784737136215 71.052151823998429 9.7614895207807439 32.626191028393805 6.555232273181903 73.366166432155296 908.2799363125232 884.16968781664036 3.7051656672265372 157.78373106080107 327.50240461016074 875.82930755347479 12.805960268480701 119.3565938740503 110.10415857075714 136.559787928476 65.048735454387497 150.29375540808542 2.1516350223682812 74.955583578324877 1182.4206373021007 32.463695232290775 10.507968832971526 11.973543457221238 36.10184237966314 5.7127727733459315 1.8904867633245874 6.3751256610266855 2.6241508163511744 2.7518654642626634 1161.0741212503053 111.19756238459377 26.367673373315483 117.71940762107261 213.3492695603054 13.66613206733018 2.0395740717649486 305.32519139384385 22.813149104826152 375.3660623987671 339.93114905967377 37.90352771570906 154.92378444410861 6.4651531069539514 14.197514820843933 211.44757566275075 2.8482900066301227 3.9636143464595071 15.690809579566119 4.5626000328920773 20.163146085105836 510.25533317937516 171.81830075499602 201.02213161729742
leaf_count=6812 57 25014 1353 5990 4853 538 26748 354 2561 3018 118 1876 931 13945 524821 5465 207 29243 151704 436073 900 13023 1930 1831 8542 51927 155 4765 13192 318 641 756 543 957 68 377 103 15 41713 14088 7030 36352 968 1177 9 16315 793 39492 3094 358 5342 312 2699 16977 9 129 1409 135 2260 190411 32688 28598
internal_value=-0.000454096 0.0148133 -0.0250464 -0.0287814 -0.0327962 0.021743 -0.0423255 -0.0444954 -0.0161867 0.0014129 -0.00452146 -0.0151173 -0.0215205 0.00502685 -0.0467669 0.0279288 0.0124316 -0.0196594 -0.0353474 -0.0488978 -0.00840946 -0.0123807 0.00893878 0.0288046 -0.0266102 -0.0228623 0.0267505 0.00962609 0.0250999 0.0209591 -0.00201174 -0.0218802 -0.00613694 4.23463e-05 0.00408448 0.00215918 0.0381729 -0.0789596 0.00674674 -0.00986805 -0.031298 -0.0142196 0.0405959 0.00305193 -0.0369165 0.00458408 0.00578191 -0.00188063 0.0277584 0.0476303 0.0105509 0.0020176 -0.0549586 0.00742234 0.0297936 -0.0493589 -0.0710841 -0.0181672 0.0211098 -0.0202056 0.00886523 -0.0176378
internal_weight=10816.1 6673.24 4142.88 3749.48 3351.48 4398.61 2129.65 2044.26 1221.83 2274.63 1437.9 644.443 1007.36 397.998 1943.15 2642.87 1755.74 573.391 348.1 1784.11 231.896 219.09 1411.44 140.265 423.855 159.043 344.299 85.3834 2160.39 1276.22 93.7989 61.3352 48.0754 149.537 793.456 751.038 42.4182 13.2598 1271.18 116.91 99.7338 659.256 482.479 744.662 27.4919 717.171 703.504 398.179 342.083 39.794 393.41 238.486 20.6627 217.823 220.161 6.8119 17.7304 541.536 26.7184 514.818 214.475 266.071
internal_count=1784082 243116 1540966 1514283 1472573 71561 1050678 1039923 421895 171555 146541 86322 384354 41710 1013175 22574 48987 83304 154265 960894 34898 33998 45681 2038 66383 52281 3306 10755 20930 15465 2273 1955 1299 16921 60219 59690 529 656 43643 15045 20975 230089 1644 59313 1536 57777 56600 40285 3249 426 26683 21341 3011 18330 1106 138 1418 193737 3191 190546 37541 37140
is_linear=0
shrinkage=0.05


Tree=16
num_leaves=63
num_cat=0
split_feature=29 24 18 29 29 27 4 30 17 24 24 8 4 24 30 17 8 4 22 25 8 4 30 0 18 30 30 17 27 8 30 20 22 27 4 30 22 0 24 27 11 30 27 24 6 11 18 6 12 18 4 25 20 24 24 29 6 11 30 24 6 25
split_gain=1519.39 265.996 229.899 144.363 101.054 89.8398 89.727 79.4168 52.4013 48.5711 45.9906 43.3132 41.5838 41.0811 38.7911 38.471 40.9392 34.6843 33.7363 31.553 31.0162 28.4914 28.4685 28.4356 26.0296 27.798 25.9025 25.8774 25.1831 25.0882 30.3512 35.3747 28.8416 22.7357 29.5705 44.5516 24.3091 22.1864 30.4157 22.0448 20.9713 21.8875 20.9139 26.9043 32.645 36.4183 20.1345 19.4403 23.9911 29.2768 26.7527 21.5792 26.812 25.7395 19.4139 19.3255 24.3228 23.6731 21.313 45.3611 21.0707 18.8501
threshold=4.5000000000000009 64.500000000000014 4.5000000000000009 2.5000000000000004 6.5000000000000009 5.2953186035156259 17.500000000000004 0.55075746774673473 0.016001024283468727 62.500000000000007 65.500000000000014 16.500000000000004 1.5000000000000002 80.500000000000014 0.38257302343845373 0.013793759513646366 48.500000000000007 19.500000000000004 17.500000000000004 2.5000000000000004 65.500000000000014 2.5000000000000004 0.082377478480339064 85.500000000000014 96.500000000000014 0.55256271362304699 0.48970834910869604 0.014815627597272398 8.1774406433105487 16.500000000000004 0.63822785019874584 18.500000000000004 4.5000000000000009 5.76627540588379 36.500000000000007 0.48407700657844549 1.5000000000000002 6.5000000000000009 53.500000000000007 8.6680073738098162 0.010582306887954475 0.63130086660385143 8.0912356376647967 20.500000000000004 14.500000000000002 0.012270400300621988 23.500000000000004 97.500000000000014 8.5000000000000018 11.500000000000002 5.5000000000000009 4.5000000000000009 3.5000000000000004 51.500000000000007 57.500000000000007 7.5000000000000009 4.5000000000000009 0.011299795936793091 0.54531079530715953 11.500000000000002 14.500000000000002 4.5000000000000009
decision_type=2 2 2 2 2 2 2 2 2 2 2 2 2 2 2 2 2 2 2 2 2 2 2 2 2 2 2 2 2 2 2 2 2 2 2 2 2 2 2 2 2 2 2 2 2 2 2 2 2 2 2 2 2 2 2 2 2 2 2 2 2 2
left_child=1 3 8 5 9 6 -1 14 12 19 11 -6 -2 22 -8 16 24 -18 -13 26 -12 40 -3 -22 -5 -26 -4 28 37 42 31 32 -31 34 -24 -36 -35 38 -23 -19 -20 -42 43 -21 45 -45 -16 48 49 -39 -50 52 -52 -54 -34 56 57 -14 60 -60 -58 -46
right_child=2 13 4 15 10 -7 7 -9 -10 -11 20 18 55 -15 46 -17 17 39 21 29 23 27 33 -25 25 -27 -28 -29 -30 30 -32 -33 54 36 35 -37 -38 47 -40 -41 41 -43 -44 44 61 -47 -48 -49 50 -51 51 -53 53 -55 -56 -57 58 -59 59 -61 -62 -63
leaf_value=0.0021188216116736578 0.033435702025566491 -0.068393119825215412 -0.0024277632586253576 0.015771162726199283 0.015421857639083107 0.012030367376294572 -0.054151261797583873 -0.014813131114311012 0.041040654271130489 0.012982079157720259 0.030523430488201234 0.018552943537879722 -0.11550316714098181 0.019058498408938546 -0.0021376621133928192 0.012289122343119144 0.0023665778975438582 -0.032568506654437106 0.052403618747163275 0.028614499857017764 0.0043038725436245068 0.026064305668775756 0.012992962953829455 -0.11102935551919235 -0.040616084023328537 0.013136689957984712 -0.040861039878043209 0.011088076908933833 -0.092840294231712125 -0.12408143105662424 0.0066605921893448557 -0.030071143812617818 0.018552709290132047 -0.10498668124203298 -0.036053685951868614 -0.00052189104949054959 0.014226815204076648 0.020129390012948067 -0.10173116833393255 0.0084519148141602145 -0.11671241649047509 0.012795971884290725 0.048182771880932021 -0.0021977966020022797 -0.036736129547502792 -0.098565000565936006 -0.040769036280925583 0.025255912140850014 -0.0869757204260031 -0.092197815730287153 0.056692423147967845 0.0018122889590577807 -0.033244841590291702 0.001793746567489011 -0.10976869455111504 0.022016823109455269 -0.11143967791102677 0.026134189082730443 -0.11243365929188848 -0.0046548830699775787 0.034119764726780737 0.016481416207154518
leaf_weight=119.36820289050229 618.74430495989509 17.837846793583594 65.866312382742763 119.71090443071444 1557.7797950051026 86.235270657110959 807.99290133325849 230.04118740640115 538.88510447880253 297.35773850092664 428.79962333862204 262.08072556566913 3.0104435505345455 216.19143687048927 34.951325645437464 114.30522861797363 98.243085050722584 507.41781408677343 39.951761380769312 66.477192346006632 24.043664162978533 69.13155967509374 106.36165097216144 6.8717547380365422 59.290844826609828 40.468483377480879 131.09364637965336 202.70680215174798 8.9202558626420778 3.9825416272506109 150.7198845166713 245.06454680248862 78.35005130013451 4.3882893528789273 165.08878797857324 189.46946034627035 167.40603481326252 8.2215076414868253 4.9921477679163209 35.012618887238204 3.59585684002377 35.182443206664175 28.484629992861301 20.327938042813912 21.130534483119845 18.937089323066175 964.27440792741254 33.499117548577487 11.464270137716083 19.702234423602931 11.081372530199586 220.88540453475434 175.58153725904413 74.718818239693064 3.0627323030494145 698.43703600612935 2.6282774242572478 147.21405002940446 10.408424320397897 157.28741059987806 45.997465321794152 78.293143568560481
leaf_count=8329 3144 8892 6655 15117 28794 9959 488322 105378 1639 14853 7231 5203 234 17890 12153 15205 14888 172948 460 2361 964 2723 5389 495 15934 6813 18107 5206 743 297 18624 51184 3771 605 67756 38136 7639 182 459 1588 264 786 443 1228 1849 1859 528025 1150 997 1616 128 17814 17645 4157 402 5889 283 1780 854 5260 1278 4105
internal_value=-0.000417795 -0.0244089 0.0143585 -0.031032 0.00774784 -0.0380132 -0.0400142 -0.0424829 0.0274701 -0.0045659 0.0124018 0.00994605 0.0231268 0.00017566 -0.046005 -0.0149636 -0.0185852 -0.0249697 0.00272764 -0.0102887 0.0270362 -0.00178231 -0.00609948 -0.0213319 5.21261e-05 -0.0188107 -0.0280084 -0.00447519 -0.00941845 -0.00540637 -0.0119337 -0.0204143 0.00729846 -0.00434327 -0.0101297 -0.0170661 0.0111816 -0.00823591 0.0174574 -0.0299207 0.0269799 0.000786842 0.00803592 0.00246205 -0.0100735 -0.0486746 -0.0394178 -0.0116665 -0.0140375 -0.0591256 -0.0114875 -0.009693 -0.0194158 -0.0227852 0.0137253 0.0171374 0.00784 0.0232958 -0.0028933 -0.0113444 0.0262521 0.00517108
internal_weight=10715 4084.06 6630.97 3217.31 4408.36 2242.86 2156.63 2037.26 2222.61 1209.15 3199.21 2739.5 1683.73 866.744 1807.22 974.449 860.144 640.674 1181.72 911.79 459.715 919.635 650.552 30.9154 219.47 99.7593 196.96 840.905 638.198 714.83 481.18 330.46 85.3953 632.714 460.92 354.558 171.794 629.278 74.1237 542.43 78.7301 38.7783 233.651 205.166 138.689 39.265 999.226 555.154 521.655 27.9237 493.731 482.267 261.382 250.3 81.4128 1064.98 366.546 150.224 216.322 167.696 48.6257 99.4237
internal_count=1784082 1540966 243116 1394659 222755 1152166 1142207 1133878 20361 125738 97017 88327 18722 146307 1028500 242493 227288 189424 59533 110885 8690 54330 128417 1459 37864 22747 24762 52820 47614 86123 74278 55654 4470 119525 111281 105892 8244 46871 3182 174536 1510 1050 11845 11402 9041 3087 540178 43689 42539 1798 40741 39744 21930 21802 4173 15578 9689 2014 7675 6114 1561 5954
is_linear=0
shrinkage=0.05


Tree=17
num_leaves=63
num_cat=0
split_feature=29 24 18 29 14 5 27 30 5 9 16 16 5 24 5 9 24 5 24 16 9 30 16 27 22 30 30 30 5 24 18 30 25 2 27 22 10 24 6 27 12 14 14 18 24 22 9 30 24 18 7 24 18 30 25 12 10 25 16 22 2 2
split_gain=1454.56 246.292 212.007 133.569 86.7027 81.9033 60.247 58.9451 52.3497 46.5398 44.9213 44.699 38.6999 36.7235 35.4395 33.2477 32.7984 30.8699 30.037 33.8038 32.4441 27.45 30.6571 26.7019 25.9794 28.4607 25.8817 23.6439 36.4318 23.4868 21.579 21.3578 21.0579 20.7377 19.9439 22.1412 19.6125 19.3567 18.9626 17.0739 18.2866 16.2528 16.1797 19.8028 18.6998 17.4686 16.1787 15.9295 15.5982 15.4176 37.7947 15.281 15.0152 14.709 14.3569 14.3558 14.2962 40.5702 17.8037 34.6315 14.2604 16.1213
threshold=4.5000000000000009 64.500000000000014 4.5000000000000009 1.5000000000000002 17.500000000000004 0.010362972505390646 8.6680073738098162 0.44011531770229345 0.011428944766521456 0.0091326101683080214 1.5000000000000002 11.500000000000002 0.012422839645296337 73.500000000000014 0.016001024283468727 0.009569597430527212 64.500000000000014 0.013986697886139156 58.500000000000007 9.5000000000000018 0.0082988981157541292 0.53307130932807933 18.500000000000004 9.0178871154785174 8.5000000000000018 0.6278253197669984 0.49254365265369421 0.45453476905822759 0.009756329935044052 81.500000000000014 18.500000000000004 0.28972899913787847 6.5000000000000009 27.500000000000004 5.76627540588379 5.5000000000000009 1.0000000180025095e-35 51.500000000000007 50.500000000000007 3.8637419939041142 15.500000000000002 18.500000000000004 8.5000000000000018 47.500000000000007 40.500000000000007 5.5000000000000009 0.012579114176332952 0.35403689742088323 79.500000000000014 7.5000000000000009 0.0067797389347106227 80.500000000000014 92.500000000000014 0.37408402562141424 4.5000000000000009 17.500000000000004 22.500000000000004 7.5000000000000009 7.5000000000000009 2.5000000000000004 47.500000000000007 75.500000000000014
decision_type=2 2 2 2 2 2 2 2 2 2 2 2 2 2 2 2 2 2 2 2 2 2 2 2 2 2 2 2 2 2 2 2 2 2 2 2 2 2 2 2 2 2 2 2 2 2 2 2 2 2 2 2 2 2 2 2 2 2 2 2 2 2
left_child=1 3 10 5 16 7 9 23 15 11 -2 47 26 27 56 21 46 31 19 20 -10 22 -6 -1 -9 52 42 28 34 -23 -11 -15 -28 37 -3 -36 -20 -14 -35 51 -41 -37 44 -44 55 -45 -4 -5 -42 50 -38 -17 -26 -25 -27 -13 -12 58 59 -58 -32 -62
right_child=2 13 4 6 8 -7 -8 24 18 30 14 12 33 17 -16 39 -18 -19 36 -21 -22 29 -24 53 25 54 32 -29 -30 -31 60 -33 -34 38 35 41 49 -39 -40 40 48 -43 43 45 -46 -47 -48 -49 -50 -51 -52 -53 -54 -55 -56 -57 57 -59 -60 -61 61 -63
leaf_value=-0.052313471679725304 0.039328812613875094 -0.050413374340777695 0.0063788805535746193 -0.025337362699442201 0.017771412384140595 0.0028831243456361785 0.020702319236127677 0.045332926147466757 -0.10992360699334658 0.026637877286200946 0.019565337488500423 -0.078663198334973816 -0.068044380297577409 -0.033869349338917679 0.032238300144098016 -0.0044795824529052664 0.030237112288231838 0.046363228528019836 -0.11677420797470173 0.00052997542482573906 0.031255534264161354 -0.012585184781985521 -0.051943992847306455 0.023351950651451001 -0.015392365849590646 -0.037150438599493983 -0.031231805745839489 -0.0014174778036118555 0.021426309102288214 0.048273745379018712 -0.046971104581165539 0.0079810502734465674 -0.0071068733781646607 -0.07111272215211055 -0.10385421354219136 -0.10613074571720216 0.052287304211330869 0.0087214957545146826 0.013411262549508843 -0.1062940341712859 0.021848381521884501 0.017727633441919233 -0.018938596874076147 0.05768192066307213 -0.070093964942240156 -0.049439891530064922 0.017051419671062058 0.015201944838239745 -0.10163331927069266 0.024707932498211061 -0.082797591041785454 0.04316968083440504 -0.038352811727625634 -0.10203512049047098 0.057390704479899184 0.049357757331417208 0.06499311755350555 -0.11066513849758804 0.013854686228275804 -0.1170840964185319 0.024283186893367077 -0.012450376087862192
leaf_weight=942.18866470851935 537.80774358124472 92.714442325697746 581.45873780280817 34.877050078473985 19.385855050059035 100.12695579580031 84.724509871331975 11.201072449563069 4.1958736928645513 45.841971729649231 896.34142009227071 2.6147466496331626 20.938384215929545 33.103909999248572 615.74619028624147 529.1934898578329 333.59618058416527 49.666797089856118 2.5632126517593852 900.56595143163577 135.05219814251177 354.02052829833701 84.529836795059964 17.159019744489346 87.424207618110813 5.7859738485422012 385.20955643139314 236.60226280684583 32.335651090135798 16.596343809738755 24.412004716461524 385.45928013743833 118.2104346237611 7.1621376385446629 5.1922499479260287 2.8979577110148957 9.7176835732534546 13.510239180410279 90.254964133026078 2.9546903530135742 131.8732228493318 30.781276179011911 67.258122293627821 3.8444647619035086 6.8494327859953037 378.05057274445426 912.15475787082687 79.392488213721663 2.6080347485840312 325.80122897215188 11.083788722055031 17.378534576389939 383.81050824874546 2.7080704087857148 13.124790186760945 13.474146502558145 4.0860162265598774 7.4543619723990551 137.02077656122856 7.2371461740694922 35.337958990479819 192.97771371563431
leaf_count=594985 1639 48175 18933 10664 1433 10348 3665 733 341 3748 10439 1209 7165 11057 3144 46838 5459 476 169 51762 1857 50080 19891 1599 45008 3383 139501 40840 1482 244 6337 41056 46724 1540 828 344 105 1444 10194 168 3418 2049 20896 216 1956 184672 12234 7580 181 8764 570 308 232698 497 4717 513 10 656 4183 290 5159 47508
internal_value=-0.000371935 -0.0239989 0.0141237 -0.0304655 0.00775109 -0.0408665 -0.0203329 -0.0438598 0.00178972 -0.0226198 0.0267629 -0.0269448 -0.0300171 -0.0004142 0.0227111 -0.00605831 0.0160625 0.00909355 0.00833571 0.00407494 0.0270015 -0.0162277 -0.0389383 -0.0511039 -0.0299589 -0.0316795 -0.0334537 -0.0115292 -0.0261243 -0.0098599 -0.00492365 0.00467113 -0.0255669 -0.00459404 -0.0378093 -0.00774656 0.0210243 -0.0379379 0.00719703 0.000996695 0.0167503 0.00707014 -0.0418638 -0.0439556 -0.000903927 -0.0483615 0.0128966 0.00282864 0.0194537 0.0220433 -0.0196909 -0.00296455 -0.0340932 0.00626052 0.0284647 0.028552 0.0171354 0.00315568 0.00887524 -0.0513807 -0.0106486 -0.00676487
internal_weight=10617.6 4037.22 6580.42 3168.47 4374.73 1563.53 1604.94 1463.4 2547.52 1520.22 2205.69 1221.65 1107.38 868.754 1667.89 1158.54 1827.21 468.23 1388.98 1039.81 139.248 474.533 103.916 962.056 501.347 490.145 975.511 400.524 163.922 370.617 298.57 418.563 503.42 131.866 131.586 38.8715 349.166 34.4486 97.4171 684.008 137.436 33.6792 472.091 449.153 22.9383 381.895 1493.61 114.27 134.481 346.603 20.8015 546.572 471.235 19.8671 18.9108 16.0889 1052.14 155.798 148.344 11.3232 252.728 228.316
internal_count=1784082 1540966 243116 1394659 222755 893968 500691 883620 186129 497026 20361 434274 416030 146307 18722 122561 36626 52589 63568 53960 2198 71648 21324 597081 286539 285806 395687 93718 52878 50324 62752 52113 186225 20343 51396 3221 9608 8609 11734 50913 3767 2393 209462 205784 3678 184888 31167 18244 3599 9439 675 47146 277706 2096 8100 1722 15578 5139 4483 300 59004 52667
is_linear=0
shrinkage=0.05


Tree=18
num_leaves=63
num_cat=0
split_feature=29 27 18 4 30 20 14 18 22 20 16 18 30 2 18 30 30 25 27 0 30 4 11 11 30 7 12 2 2 30 4 30 11 4 0 2 4 30 7 11 30 4 30 22 25 3 29 4 0 30 11 18 4 16 2 2 25 16 2 30 30 11
split_gain=1324.41 194.596 193.337 173.839 177.064 84.9814 81.8 68.0678 64.1877 43.7328 37.3432 34.367 32.4057 28.4241 28.3595 28.2314 26.8719 26.4656 21.8201 20.0966 19.0025 18.9424 18.9109 22.0011 22.6486 19.3071 18.5947 18.4347 18.3816 18.0949 28.3541 24.7379 24.2001 21.5901 20.3657 22.0541 21.5085 19.6327 18.8525 22.3462 19.7227 20.7348 17.7214 17.1605 17.0149 16.8678 16.6653 21.7875 17.0885 16.6365 16.455 16.0044 19.4219 15.856 15.5999 15.5562 15.4548 15.4133 14.9343 14.8187 14.7679 14.8342
threshold=4.5000000000000009 4.9327421188354501 17.500000000000004 25.500000000000004 0.48825994133949285 3.5000000000000004 5.5000000000000009 26.500000000000004 17.500000000000004 15.500000000000002 18.500000000000004 59.500000000000007 0.38257302343845373 1.0000000180025095e-35 1.0000000180025095e-35 0.45714966952800756 0.54891142249107372 1.5000000000000002 13.778068065643312 16.500000000000004 0.68625885248184215 10.500000000000002 0.014185110572725536 0.013072453904896976 0.52325317263603222 0.0099504948593676108 2.5000000000000004 50.500000000000007 100.00000000000001 0.63822785019874584 3.5000000000000004 0.51413753628730785 0.015749008394777778 1.0000000180025095e-35 16.500000000000004 4.5000000000000009 6.5000000000000009 0.55256271362304699 1.0000000180025095e-35 0.010362972505390646 0.48280563950538641 24.500000000000004 0.25390869379043585 1.0000000180025095e-35 2.5000000000000004 1.0000000180025095e-35 7.5000000000000009 58.500000000000007 65.500000000000014 0.49525396525859838 0.015504807699471714 38.500000000000007 19.500000000000004 5.5000000000000009 9.5000000000000018 54.500000000000007 3.5000000000000004 60.000000000000007 13.500000000000002 0.44139164686203008 0.3842644095420838 0.0089687905274331587
decision_type=2 2 2 2 2 2 2 2 2 2 2 2 2 2 2 2 2 2 2 2 2 2 2 2 2 2 2 2 2 2 2 2 2 2 2 2 2 2 2 2 2 2 2 2 2 2 2 2 2 2 2 2 2 2 2 2 2 2 2 2 2 2
left_child=1 3 5 17 6 14 42 55 -4 21 -6 -12 -9 22 -2 60 -13 27 19 -15 28 -10 23 25 -25 -7 -20 54 -19 30 31 -17 -31 -33 35 -32 -36 -35 45 46 -41 49 -5 -21 -16 -38 -40 -48 -49 -42 -23 52 -37 -45 -1 -8 -18 -3 -34 -57 61 -11
right_child=2 57 8 4 10 13 7 12 9 15 11 16 -14 18 44 29 56 20 26 43 -22 50 -24 24 -26 -27 -28 -29 -30 32 34 33 58 37 36 51 38 -39 39 40 41 -43 -44 53 -46 -47 47 48 -50 -51 -52 -53 -54 -55 -56 59 -58 -59 -60 -61 -62 -63
leaf_value=0.018943153930858412 0.044148840063159105 -0.051100966832805933 0.018106538312059758 -0.055142509467363425 0.021839240089062999 -0.11589919461597904 -0.088321257182189084 -0.051155849337573667 0.023804038029089564 -0.07775900231322154 -0.0020714039288843421 -0.03159743639597113 -0.037710004924412656 0.016555681819773387 0.036771745281333396 0.053468365325769866 -0.026607235401574003 -0.027193764403318933 -0.10309140323492011 -0.11513971612853585 0.048415431769078143 0.0018400492211675002 0.032148993755226028 0.075482121665161245 -0.12104181134592445 0.024755984966088718 0.02994998122010329 0.026069623865467729 0.0024590006729430678 0.0030499206377350412 -0.1015362724198937 -0.11343704001288464 -0.10971215156046804 -0.11555676613032922 -0.10376428849269544 0.0036623797865239886 0.051605624121982656 0.019687728545256786 -0.035792426317597423 0.035121512948142884 0.040008891545120273 -0.0044608277244175465 0.015977460249262328 0.022938465464496474 0.021980356670063136 -0.005712109019912052 -0.054556941136795781 0.068493355667633926 -0.092994199704707931 -0.061859043084555143 0.036395253739282547 0.018636759716775125 -0.077302121156180681 0.0045298461596707893 -0.066123277893383015 -0.017941798221929029 -0.0069482906000587503 0.011519747979139926 -0.0075404866899945189 0.021198529044237059 -0.060446337319613068 0.03361699511744206
leaf_weight=10.804321930510925 328.15074488520622 10.080660841893403 556.41564876167104 9.8978141852421668 63.435321235097945 2.6341488789767018 4.9959417525678864 880.7563045109855 174.71126099210232 4.2827021117554969 270.94383960519917 416.71189363417216 912.2387489794055 1110.6481003907975 291.67795308609493 31.371011157520115 154.23582183895633 92.231566482107155 2.6579128857702008 2.8799985351506612 14.685076406691222 438.57999731088057 342.62438117642887 1.9019243326038102 6.3971900655888021 33.059645405504853 221.34524618485011 144.76576817873865 120.60161292995326 624.19374734582379 4.7547652018256477 4.2331909928470841 7.7454477674327791 2.9641548073850599 7.1171413941774508 24.515292951371521 14.705612629884852 28.327734474558383 211.242914013681 23.168782895430923 4.6220991122536352 119.45314876688644 76.126692103687674 135.87490622280166 583.11333464691415 100.94635682611261 8.3854823145084101 12.337760562077163 1.8890116228722025 30.16623194841668 37.388691874220967 96.111119641223922 10.613865584833546 840.91978948935866 10.753646429860963 47.094857930787839 284.16289009712636 389.8022467198316 6.6449443162418884 49.705614423728548 35.169924870948307 9.9020195190096256
leaf_count=890 840 1405 12008 5990 6485 208 1582 548928 2281 1027 59562 191122 464247 18910 1311 354 52683 20975 38 132 900 16640 1927 4 251 452 2034 3402 13023 47648 708 404 667 373 1107 1365 738 1040 40071 1558 173 14149 4765 1662 4079 13122 666 179 218 4203 515 7292 1675 31637 2520 17869 112043 25278 584 7297 8128 738
internal_value=-0.000330364 -0.0231323 0.0134992 -0.026843 -0.030735 0.0205602 -0.0398918 -0.0420568 0.0030258 -0.00101707 -0.0154866 -0.0175893 -0.0443149 0.015637 0.0316142 -0.00592168 -0.0225062 0.0044866 0.0135405 0.0119512 -0.00659543 0.00972308 0.0281865 -0.00267402 -0.076004 0.0143758 0.0283714 0.019646 -0.0103911 -0.00458852 -0.00992695 0.0211124 0.00157202 -0.00746008 -0.0130259 0.00424816 -0.0174249 0.00687656 -0.0162587 -0.021274 -0.00789282 -0.014354 0.00779453 0.00673121 0.0269122 0.00157607 -0.0314254 0.00937108 0.0470513 -0.0483245 0.00455446 0.00808067 -0.0208001 0.00709054 -0.0234901 -0.00228425 -0.0138646 0.00994114 -0.0625331 0.00215618 -0.0430767 -1.00461e-05
internal_weight=10499.9 3964.03 6535.85 3564.15 3170.31 3903.89 1980.82 1894.79 2631.96 2075.54 1189.49 1126.05 1793 2700.94 1202.94 1424.86 855.111 393.842 2314.33 2090.32 227.518 650.68 386.617 43.9929 8.29911 35.6938 224.003 166.324 212.833 1375.51 736.926 66.8961 638.584 35.5251 670.03 135.995 534.035 31.2919 526.917 411.265 177.41 154.241 86.0245 979.675 874.791 115.652 233.855 22.6123 14.2268 34.7883 475.969 131.24 35.1292 976.795 21.558 101.796 438.399 399.883 14.3904 96.8005 49.3546 14.1847
internal_count=1784082 1540966 243116 1514283 1472573 63485 1050678 1039923 179631 167623 421895 415410 1013175 57255 6230 148187 355848 41710 54413 52341 34898 19436 2842 915 255 660 2072 6812 33998 138294 89395 2171 48899 1817 87224 11040 76184 1413 75077 61217 20083 18525 10755 33431 5390 13860 41134 1063 397 4376 17155 10332 3040 33299 3410 26748 164726 26683 1251 25166 9893 1765
is_linear=0
shrinkage=0.05


Tree=19
num_leaves=63
num_cat=0
split_feature=8 27 4 30 21 16 18 24 8 24 24 8 24 24 30 24 2 0 26 16 30 12 30 4 6 10 2 10 30 18 18 8 4 10 24 24 18 14 14 30 24 4 13 4 30 30 10 26 14 27 22 14 2 2 18 2 24 4 30 6 24 0
split_gain=1225.32 238.675 241.826 222.434 165.814 89.5819 72.743 64.9812 53.1728 50.0932 38.2033 36.2561 35.6936 37.44 35.1457 33.1348 28.3213 28.8562 26.8831 26.7366 26.018 24.5261 23.6908 23.5278 26.4673 23.2249 21.9461 21.8946 23.0099 21.1306 21.1066 21.0573 20.5324 20.0464 19.5829 19.4281 19.097 18.843 18.8075 18.7984 18.7127 21.9703 42.174 23.9427 17.3553 26.6086 21.1305 17.2789 38.8004 17.4171 22.9372 17.5186 17.2627 16.9219 16.8576 16.8244 16.7896 30.5327 16.6753 16.6028 18.2368 16.507
threshold=49.500000000000007 4.4343090057373056 25.500000000000004 0.53307130932807933 0.012579114176332952 18.500000000000004 44.500000000000007 55.500000000000007 1.5000000000000002 77.500000000000014 73.500000000000014 3.5000000000000004 64.500000000000014 26.500000000000004 0.3842644095420838 38.500000000000007 23.500000000000004 12.500000000000002 1.0000000180025095e-35 8.5000000000000018 0.21990679204463962 1.0000000180025095e-35 0.6278253197669984 3.5000000000000004 73.500000000000014 1.5000000000000002 95.500000000000014 18.500000000000004 0.72464352846145641 1.0000000180025095e-35 100.00000000000001 25.500000000000004 1.5000000000000002 6.5000000000000009 56.500000000000007 53.500000000000007 25.500000000000004 13.500000000000002 1.0000000180025095e-35 0.59685641527175914 79.500000000000014 7.5000000000000009 0.014599318150430919 2.5000000000000004 0.78146982192993175 0.68625885248184215 2.5000000000000004 3.5000000000000004 14.500000000000002 23.927797317504886 6.5000000000000009 1.0000000180025095e-35 38.500000000000007 2.5000000000000004 15.500000000000002 80.500000000000014 62.500000000000007 10.500000000000002 0.51111727952957164 1.0000000180025095e-35 37.500000000000007 3.5000000000000004
decision_type=2 2 2 2 2 2 2 2 2 2 2 2 2 2 2 2 2 2 2 2 2 2 2 2 2 2 2 2 2 2 2 2 2 2 2 2 2 2 2 2 2 2 2 2 2 2 2 2 2 2 2 2 2 2 2 2 2 2 2 2 2 2
left_child=4 2 10 5 6 18 11 25 29 14 16 32 13 -10 -7 31 -2 -18 21 38 -20 -4 -21 24 -19 -8 34 44 -29 -6 -27 59 -1 -31 55 -25 -16 -38 -5 -33 41 42 43 -35 45 -17 -47 -14 49 50 -49 -52 -15 -9 -11 -24 -37 -58 -59 60 -13 -43
right_child=1 -3 3 19 8 9 7 53 12 54 -12 15 47 52 36 27 17 23 20 22 -22 -23 26 35 -26 30 -28 28 -30 33 -32 39 -34 40 -36 56 37 -39 -40 -41 -42 61 -44 -45 -46 46 -48 48 -50 -51 51 -53 -54 -55 -56 -57 57 58 -60 -61 -62 -63
leaf_value=0.033057630356365914 -0.018557646310457223 0.0092043835849747232 0.019561287952478169 -0.11360465631681954 0.043198436388071269 -0.052792325163992376 0.038570262754159639 -0.11150029512011812 0.026887273338737378 0.036160272326135563 0.033481755381657451 -0.1131993721412322 0.042727028434831608 0.013263221744704082 -0.01400267130351527 0.0081138634519329119 0.034963780767978514 -0.10997425043531622 -0.057747120888580694 -0.018167338262927085 0.0041528895616280313 -0.076443088524312572 -0.012640126740650855 -0.020254423687844712 0.028721703827164859 -0.0084711672230243073 0.029269688944580464 0.013121055130165116 0.036541245036485724 0.031725744107328889 -0.029417745208929563 -0.052056039381148944 0.014007939283649757 0.030214688777607041 0.015292549702060149 0.029553708457767038 0.010805352715286322 -0.041420376385663475 0.022577782635244233 -0.0084673774951225193 0.063752455420228185 -0.12350083197964951 -0.12406429954325676 -0.11439226464798789 0.024014127850399265 -0.093712490290912664 -0.015837050639683027 -0.1162763591356685 -0.08915359311692711 0.05185702175904066 -0.1116536794509065 0.02300761011047444 -0.0050802398391967922 0.012096491237461229 -0.017414666590930022 -0.075086954778203693 -0.112175873718136 0.03260348436594248 -0.054985014550557904 0.0034568275114200638 0.075018512074262855 0.021127510619965872
leaf_weight=231.05122983036563 169.79115062608616 594.19665168086067 9.1231745956465584 2.6261404021643093 326.08563828701153 753.92060019558994 17.632052021101117 2.7936841668561092 540.319246761268 18.198776436503977 90.359003619523719 5.8299014857038847 203.29844797716942 1150.3206642649602 72.311022128211334 204.77791268704459 70.186391414725222 3.6007335190661243 18.84372329141479 643.69508975197095 171.25960863323417 24.565380550455302 131.83276088116691 140.77579814277124 76.919030134798959 221.40656519751064 50.610417868709192 454.1911577534047 136.36203314969316 442.41875853156671 263.26106734783389 35.265310796326958 364.75560258049518 16.296978572383527 65.207955710822716 47.564795383601449 17.561299394234084 1045.307432104717 73.295199763728306 82.837673317408189 12.802137351594864 2.0415342049673191 9.3497408814728242 3.4723108154721585 79.448585767531767 9.6360471008811128 90.698504166444764 3.4367485474795094 7.8453217670321456 39.929101916030049 2.5310018453747025 52.790369608672336 144.35355760459788 317.62255633767927 76.001435738406144 11.747076157946138 6.6961192027665666 18.8357489889022 7.6373468565288922 446.2854121576529 1.6515495986677704 58.666818171273917
leaf_count=1316 22864 32866 389 248 805 500227 767 216 5993 363 1809 362 1805 15334 20950 7253 3962 460 12173 212931 29086 8146 27890 24771 1432 29889 14882 22681 3056 1883 85509 6678 7124 90 8393 3502 3624 567581 3746 7076 24 57 173 93 1349 554 3121 137 405 198 120 682 5217 26515 18594 4409 543 859 1058 19186 14 642
internal_value=-0.000286687 -0.0202739 -0.0248611 -0.0304668 0.0144584 -0.0392656 0.006063 -0.00657508 0.0227133 -0.0426494 0.0033827 0.0109153 0.0184823 0.0158318 -0.0444238 0.00687907 -0.00163517 0.00608424 -0.009278 -0.0106307 -0.00198286 -0.0504442 -0.0130265 -0.000626861 0.0225194 -0.0177982 -0.000269423 0.012483 0.0185289 0.0331306 -0.0198489 -0.00267631 0.0213953 0.0271074 -0.00742974 -0.00904063 -0.0388659 -0.0405575 0.0178672 -0.0214829 0.00719826 -0.000861806 -0.036566 0.00481568 0.00319849 -0.00222172 -0.0233161 0.0341795 0.0178681 0.026376 0.0090604 0.0168467 0.011218 0.0110189 -0.00706439 -0.0177493 0.0105128 -0.0167918 0.00733467 0.00221851 -0.0716498 0.0162639
internal_weight=10394.1 4412.67 3818.47 3186.11 5981.47 2207.09 2965.51 822.716 3015.96 1983.3 632.366 2142.79 2144.82 1834.99 1889.1 1546.98 542.007 372.216 223.792 979.015 190.103 33.6886 903.093 302.03 80.5198 502.3 259.398 975.114 590.553 871.134 484.668 571.87 595.807 545.048 208.788 221.51 1135.18 1062.87 75.9213 118.103 102.63 89.8274 29.119 19.7693 384.561 305.112 100.335 309.831 106.533 98.6872 58.7581 55.3214 1294.67 320.416 94.2002 143.58 80.734 33.1692 26.4731 453.767 7.48145 60.7084
internal_count=1784082 1527758 1494892 1433632 256324 1161133 222666 142896 33658 1111339 61260 79770 29891 26544 1092382 71330 59451 36587 49794 272499 41259 8535 268505 32625 1892 116165 55574 38014 25737 3767 115398 33316 8440 2962 40692 30733 592155 571205 3994 13754 1079 1055 356 183 12277 10928 3675 3347 1542 1137 939 802 20551 26731 18957 32299 5962 2460 1917 19562 376 699
is_linear=0
shrinkage=0.05


Tree=20
num_leaves=63
num_cat=0
split_feature=18 30 5 27 18 16 14 24 8 24 27 30 30 14 20 19 2 24 8 25 14 6 24 27 12 8 16 5 30 6 8 8 8 10 3 25 30 30 24 18 24 27 5 8 30 30 30 24 8 5 27 30 8 8 30 25 14 5 5 18 18 22
split_gain=1112.36 383.234 162.266 163.998 126.967 119.267 103.529 83.0703 62.9449 53.6007 47.0497 38.1785 35.4798 36.9697 29.7816 34.2365 24.3658 23.9187 36.2398 33.9092 23.8972 23.5121 22.7007 22.5039 21.8934 22.4239 21.4902 21.4891 20.2327 20.2193 22.5944 19.8269 18.1395 17.8541 24.9993 17.8566 20.1946 18.7942 17.6863 17.0968 28.4781 17.0657 16.3239 21.1205 18.1116 17.266 17.1599 16.2144 15.6051 15.5843 15.4925 18.7228 15.4858 19.5068 15.2604 15.2003 17.7328 16.6391 22.9165 18.0879 16.9496 15.0369
threshold=23.500000000000004 0.49669644236564642 0.0093898782506585139 7.3998341560363778 4.5000000000000009 18.500000000000004 5.5000000000000009 57.500000000000007 1.5000000000000002 73.500000000000014 17.043193817138675 0.40148046612739569 0.56998857855796825 11.500000000000002 1.5000000000000002 0.012270400300621988 50.500000000000007 82.500000000000014 93.500000000000014 3.5000000000000004 13.500000000000002 19.500000000000004 69.500000000000014 20.65194129943848 1.5000000000000002 19.500000000000004 1.5000000000000002 0.014185110572725536 0.25390869379043585 93.500000000000014 21.500000000000004 28.500000000000004 14.500000000000002 17.500000000000004 0.0081634009256958979 1.5000000000000002 0.59445792436599743 0.70229274034500133 52.500000000000007 20.500000000000004 71.500000000000014 5.5697605609893808 0.014185110572725536 57.500000000000007 0.47313365340232855 0.44407093524932867 0.26208837330341345 70.500000000000014 32.500000000000007 0.0070176301524043092 12.00700616836548 0.47859504818916326 2.5000000000000004 9.5000000000000018 0.49948999285697943 6.5000000000000009 1.5000000000000002 0.013793759513646366 0.013072453904896976 28.500000000000004 30.500000000000004 8.5000000000000018
decision_type=2 2 2 2 2 2 2 2 2 2 2 2 2 2 2 2 2 2 2 2 2 2 2 2 2 2 2 2 2 2 2 2 2 2 2 2 2 2 2 2 2 2 2 2 2 2 2 2 2 2 2 2 2 2 2 2 2 2 2 2 2 2
left_child=4 2 3 6 8 23 28 12 26 16 14 -8 13 31 15 -6 29 18 -16 -19 47 -5 48 33 25 -12 -1 54 -2 -4 -31 -7 -18 34 -3 36 -35 -38 -32 -20 -41 -30 46 -44 45 -45 -34 -10 -13 50 51 -23 -15 -54 -9 56 -14 58 59 -58 -59 -57
right_child=1 5 9 21 10 7 11 27 20 -11 24 22 55 52 17 -17 32 19 39 -21 -22 49 -24 -25 -26 -27 -28 -29 41 30 38 -33 42 35 -36 -37 37 -39 -40 40 -42 -43 43 44 -46 -47 -48 -49 -50 -51 -52 -53 53 -55 -56 61 57 60 -60 -61 -62 -63
leaf_value=0.046195203104581986 -0.064679000773522954 -0.094344052561287237 -0.068064531182898194 -0.10654639611480024 -0.1200265782316766 -0.10729798685841414 -0.048520084966359588 -0.069167889881715447 0.024018249530171849 0.036855051074039906 -0.10773726694420778 -0.015786274307476582 0.046618483374096048 -0.1120455818475774 0.0068508773979519856 0.028010915059692987 0.034379079094352394 0.051934837466456142 -0.028305802766392874 -0.11433685594311682 0.01283707485418404 0.0019203545870974865 -0.011657209937072616 0.038615034054283043 0.035553184494510913 0.036991319603207173 0.030800007147588716 0.02389741230939289 0.013958548417984887 0.052075217186319113 -0.06463364498228015 0.051894269982115576 0.026146254840085311 -0.098675458285878384 0.00054910686731587347 0.017719891170516949 0.022200832387243175 -0.096375660096641891 0.010099773485287095 -0.024788459040354829 0.069358789744897939 -0.10937755623551895 -0.10867165061546012 0.0069776245586596706 0.048575127946507403 -0.070629209854212005 -0.025865030179394916 0.052718058249562105 -0.039430595815442032 -0.0767470806424283 0.024954653594873678 -0.10891039667926013 0.0098111849711382329 -0.028479995280683536 0.001801274098870269 0.037196979970747793 0.012003924980619772 -0.042102070390101366 -0.068883646633545265 -0.018124741297456524 0.011852591856375464 -0.0023936860009054865
leaf_weight=354.61859812866896 9.5859378197928873 7.3086353833787134 28.144073901697993 4.4971268712542942 3.9789136420004061 2.1548216799274114 981.64311115362216 7.6566247313749036 591.28196213231422 77.994881208986044 5.5313477553427219 77.651309160399251 12.453874869272111 5.2982574340421698 1630.7009248962859 211.90550220501609 30.015303117921576 44.615117181325331 113.70835839165375 3.2926431382074943 652.84220193943474 104.67716236400884 99.569424321409315 84.977963826619089 210.38773616636172 5.185219959355889 628.29271187388804 120.09972271858715 113.17951932630967 10.051198602188377 19.104314162104856 21.189039989374578 18.385774638038129 6.7124859024770585 137.83597622369416 506.89897432504222 18.093264376511801 4.0986857381649306 13.518939225003122 20.409071584348567 13.244929216802118 2.8759483722969881 3.8352326177991918 82.439427925623022 24.666061566676944 7.8493065931834272 115.36695623083506 53.681273253634572 688.7161685883184 5.1771765558514735 102.95790125778876 3.9545385893434277 35.384941547410563 554.00465793552576 708.28303223859984 27.666104324162006 55.325353811262175 17.106476357672364 20.557205628603697 500.2635041330941 97.627606526832096 180.18438918073662
leaf_count=692 6183 750 5916 504 156 189 624502 1969 4020 1815 122 19492 179 792 58160 1586 823 402 27953 276 17363 9597 20853 602 1806 41 3345 2923 6005 301 7992 1089 2371 742 3124 19484 392 216 1473 6389 253 315 288 2588 395 570 31369 252 381929 505 2512 559 2722 226081 88828 562 4752 1182 3429 122591 6993 41988
internal_value=-1.09755e-05 -0.014608 -0.0286951 -0.0342058 0.0184841 -0.00279433 -0.0387829 -0.00834736 0.0268096 -0.000660841 0.0100932 -0.0417695 -0.0152758 -0.0245233 0.00772071 0.0252825 -0.00894109 0.00564438 0.00470505 0.0405072 0.0195808 0.00661256 -0.0341168 0.014354 0.0320022 -0.0377102 0.0363543 0.0043255 0.00513564 -0.0351665 -0.01347 0.0371996 -0.00236813 0.0113264 -0.00422916 0.0155402 -0.0226846 0.000300649 -0.0336644 -0.0190406 0.0122643 0.0109022 -0.00673563 0.00675324 0.0106042 0.000230827 -0.0187155 0.026407 -0.0370349 0.00896019 0.0110573 -0.00211424 -0.0269461 -0.0261811 0.00104229 -0.00900343 -0.0125141 -0.01358 -0.0170427 -0.0151245 0.00380813 0.00287606
internal_weight=10300.7 5757.04 2625.86 2194.49 4543.68 3131.18 1973.22 2365.26 2280.72 431.371 2262.96 1847.58 1529.22 618.032 2041.86 215.884 353.377 1825.97 1778.06 47.9078 1297.81 221.264 865.937 765.926 221.104 10.7166 982.911 836.039 125.641 70.8185 42.6745 23.3439 282.558 680.948 145.145 535.803 28.9044 22.192 32.6233 147.362 33.654 116.055 252.543 118.79 114.955 90.2887 133.753 644.963 766.367 216.767 211.59 108.632 594.688 589.39 715.94 911.185 703.334 690.88 576.146 555.589 114.734 207.85
internal_count=1783252 1660436 1128857 1072956 122816 531579 1059279 506269 25672 55901 97144 1046776 412549 230873 95175 1742 54086 93433 92755 678 21635 13677 422274 25310 1969 163 4037 93720 12503 15682 9766 1278 38404 24708 3874 20834 1350 608 9465 34595 6642 6320 37581 3841 3553 3158 33740 4272 401421 13173 12668 10156 229595 228803 90797 181676 139126 138947 130772 127343 8175 42550
is_linear=0
shrinkage=0.05


Tree=21
num_leaves=63
num_cat=0
split_feature=29 19 27 4 29 14 8 16 27 4 19 19 14 16 2 6 12 25 14 19 29 8 27 0 19 19 10 2 19 19 8 8 10 4 0 10 25 10 0 14 16 2 0 16 2 6 25 8 16 19 2 6 10 0 25 2 23 25 0 4 19 27
split_gain=1113.4 229.684 146.192 124.073 92.0307 68.6876 56.9598 46.1445 35.7356 36.0498 34.954 34.1422 30.5064 24.4857 27.0752 24.2498 24.2325 23.5539 22.4083 22.1676 22.0103 20.7677 18.9236 18.5082 22.4542 18.4119 18.3836 18.2144 17.5186 17.014 18.0626 16.8979 21.2286 36.6211 16.0914 16.0803 16.2343 15.8533 15.7866 15.7898 18.9639 15.3395 15.2576 15.2337 15.0446 14.8811 14.6876 14.5126 14.1847 14.0539 27.0601 16.6593 16.6578 25.7181 13.2368 13.2278 26.7173 12.983 17.1622 15.1199 12.9315 19.2111
threshold=4.5000000000000009 0.015268065501004459 3.8637419939041142 43.500000000000007 1.5000000000000002 15.500000000000002 1.5000000000000002 14.500000000000002 5.4432933330535898 7.5000000000000009 1.0000000180025095e-35 0.011173533275723459 60.000000000000007 1.5000000000000002 36.500000000000007 75.500000000000014 60.000000000000007 1.5000000000000002 13.500000000000002 0.014599318150430919 2.5000000000000004 71.500000000000014 17.043193817138675 10.500000000000002 0.013793759513646366 0.012121656909585001 14.500000000000002 45.500000000000007 1.0000000180025095e-35 0.0064309346489608296 38.500000000000007 97.500000000000014 68.500000000000014 14.500000000000002 1.0000000180025095e-35 64.500000000000014 3.5000000000000004 56.500000000000007 9.5000000000000018 4.5000000000000009 1.0000000180025095e-35 96.500000000000014 64.500000000000014 15.500000000000002 3.5000000000000004 100.00000000000001 3.5000000000000004 80.500000000000014 18.500000000000004 0.0093025267124176043 18.500000000000004 72.500000000000014 86.500000000000014 75.500000000000014 3.5000000000000004 2.5000000000000004 0.015038444194942715 6.5000000000000009 32.500000000000007 2.5000000000000004 0.011561079882085325 28.175391197204593
decision_type=2 2 2 2 2 2 2 2 2 2 2 2 2 2 2 2 2 2 2 2 2 2 2 2 2 2 2 2 2 2 2 2 2 2 2 2 2 2 2 2 2 2 2 2 2 2 2 2 2 2 2 2 2 2 2 2 2 2 2 2 2 2
left_child=2 5 3 17 28 22 13 -7 9 41 35 12 16 -3 -15 44 -6 27 -8 60 47 43 -2 46 48 29 -23 -1 -5 -12 -31 32 37 -34 -21 36 45 -27 -22 40 -40 54 -28 -14 -13 -11 -19 -4 -25 51 52 -32 53 -51 -9 56 -24 58 -50 -59 61 -10
right_child=1 6 20 4 11 7 18 8 19 10 25 15 21 14 -16 -17 -18 23 -20 34 38 26 55 24 -26 31 42 -29 -30 30 49 -33 33 -35 -36 -37 -38 -39 39 -41 -42 -43 -44 -45 -46 -47 -48 -49 57 50 -52 -53 -54 -55 -56 -57 -58 59 -60 -61 -62 -63
leaf_value=-0.025729234229588033 0.01135986119283355 0.045341058609336009 -0.099520068678560808 -0.040072718260838663 -0.017746087169489135 0.016654384710278136 0.025131102628530716 0.01456482791347199 0.0078800769668141528 -0.061927224407462816 0.026712667571291052 0.085298466836429776 0.036660385230937224 0.029532685465867011 -0.12506121358560224 0.0072320895907875063 0.022960630283461143 -0.066651548691780735 0.011712605005259448 0.0447949461441179 -0.11072549027837891 0.017548360691393969 0.034201218302350393 0.04382785024245222 0.035653105973491438 -0.00029520178421966223 -0.018675806244155886 0.018813952092314221 -0.026189419955578309 -0.0053647838499162786 -0.027185938321490966 -0.046674313956632019 -0.10028773623257226 0.034215504906301798 -0.1058851613242779 -0.053352929028506517 -0.0026775524049668436 -0.059614116823618404 0.078045974623441816 0.023937660525329706 -0.11660442204776698 0.054890858200052121 -0.036006111720296073 -0.017406223785083937 -0.062327015764361421 0.0095427772553849308 0.026350641139532949 -0.0020836376792382955 -0.072251979404568803 -0.084964953169299029 -0.048519345610473531 0.0017153918398382817 0.053047449540490871 0.045513694397612332 -0.0038314565355744702 0.028606334504367583 -0.11026483305788451 -0.10945574368829764 -0.022848720266331446 8.2829448316761904e-05 0.024991589815018818 -0.10097821295706538
leaf_weight=26.998364390572533 1428.1474020469468 350.36995627963915 3.8927116070408365 1220.4203723131213 93.762005896773189 379.21335714677116 641.80891863373108 207.32316803000867 180.8155452166684 29.551755573949777 28.045910871122032 1.8925638596992964 13.616320489672942 622.19988616951741 2.8451708159409455 161.12231845082715 59.926760599366389 4.6769102872349313 603.86719576676842 2.4276661849580705 2.2936234986409536 19.381023207912222 8.1786567997187358 8.7855606868397427 20.421973228221759 399.81943940673955 167.40384990919847 153.07631501439027 279.20838311320404 360.42028932477115 106.4967035560403 17.944413865916431 5.4077466705348334 78.843096700380556 6.5587169048376364 54.631444303784519 58.095719581702724 11.590001281350849 1.7819968583062289 178.68923118151724 4.201529406476765 16.647875978378579 526.2514079696266 301.68765018158592 19.589883068576455 9.6654215517919493 45.997252477449365 209.16153843339998 19.682308131479658 8.3655090152751637 90.665816383436322 93.757249030284584 11.806227764813229 6.8846627105958769 185.06920023856219 248.08885333943181 5.257808059337548 3.2806462093722066 164.52790346648544 79.301299739046954 155.81869622389786 4.1458628633990875
leaf_count=5396 31070 692 761 802661 21928 11140 4263 5561 7330 6363 3059 61 826 3142 140 24359 6852 993 12166 15 198 7077 49 300 1382 20250 67196 7879 152400 32595 20006 3441 636 4361 454 13282 10075 1336 32 6594 485 226 241632 93581 5250 896 3851 19424 6202 1577 18444 14387 693 666 9374 2261 111 484 41574 20779 2822 212
internal_value=2.17507e-05 0.0127079 -0.0214644 -0.0248368 -0.0289382 0.00583061 0.0257116 0.000584178 -0.0022758 -0.00514528 -0.0090294 -0.0195429 -0.0226514 0.0347601 0.028829 0.000578873 -0.00187361 -0.00253449 0.0186262 0.0123357 0.00712308 -0.0257567 0.0136242 -0.0101547 -0.0149348 -0.00621299 -0.0304817 0.0121356 -0.0374879 -0.0114503 -0.013028 0.000990698 0.00271632 0.0255822 -0.065179 -0.031644 -0.0194566 -0.0019663 0.0196431 0.0212623 -0.0586342 0.00788274 -0.0318237 -0.0150714 -0.0493215 -0.0443128 0.0177671 -0.0038639 -0.0186837 -0.0217141 -0.0354239 -0.0136546 0.00845869 -0.0260606 0.00588835 0.0259894 -0.0223296 -0.0207422 -0.0281273 -0.00426869 0.0143798 0.00544005
internal_weight=10211.8 6420.78 3791.03 3391.01 2864.26 4199.68 2221.09 2510.01 2130.8 1781.03 1371.99 1364.63 1182.03 975.415 625.045 182.605 153.689 526.749 1245.68 349.766 400.021 1028.34 1689.67 346.674 296 1220.05 713.036 180.075 1499.63 706.442 678.396 513.605 495.66 84.2508 8.98638 151.944 97.3129 411.409 186.966 184.673 5.98353 409.04 693.655 315.304 21.4824 39.2172 50.6742 213.054 275.578 317.976 117.722 200.254 27.0564 15.2502 392.392 261.525 13.4365 266.792 184.21 82.5819 340.78 184.961
internal_count=1783252 243095 1540157 1512663 1423823 222692 20403 189201 178061 167228 152067 468762 439092 3974 3282 29670 28780 88840 16429 10833 27494 410312 33491 75565 70721 121451 315905 13275 955061 91427 88368 30024 26583 4997 469 30616 17334 21586 7309 7111 517 15161 308828 94407 5311 7259 4844 20185 69339 55773 21380 34393 2936 2243 14935 2421 160 69039 47776 21263 10364 7542
is_linear=0
shrinkage=0.05


end of trees

feature_importances:
popularity=141
biencoder_cosine=131
rank_biencoder_last2turns_top100=110
rank_biencoder_stella_top100=101
pmi_sum=97
rank_e5_large_top100=91
rank_biencoder_large_top100=87
rank_biencoder_top100=61
rank_cf_bpr=61
turn_number=57
rank_decay_descending=52
n_legs_containing=43
rank_biencoder_mxbai_top100=40
rank_metadata_qwen3=39
score_biencoder_last2turns_top100=35
rank_biencoder_current_only_top100=34
rank_pmi_leg=32
rank_bm25_norepeat=30
score_e5_large_top100=27
score_biencoder_top100=19
score_biencoder_stella_top100=16
score_biencoder_mxbai_top100=14
n_prior_accepts=9
score_pmi_leg=7
score_biencoder_current_only_top100=6
score_biencoder_large_top100=6
score_cf_bpr=6
score_decay_descending=5
score_metadata_qwen3=4
score_bm25_norepeat=3

parameters:
[boosting: gbdt]
[objective: lambdarank]
[metric: ndcg]
[tree_learner: serial]
[device_type: cpu]
[data_sample_strategy: bagging]
[data: ]
[valid: ]
[num_iterations: 500]
[learning_rate: 0.05]
[num_leaves: 63]
[num_threads: 25]
[seed: 0]
[deterministic: 0]
[force_col_wise: 0]
[force_row_wise: 0]
[histogram_pool_size: -1]
[max_depth: -1]
[min_data_in_leaf: 10]
[min_sum_hessian_in_leaf: 0.001]
[bagging_fraction: 0.8]
[pos_bagging_fraction: 1]
[neg_bagging_fraction: 1]
[bagging_freq: 5]
[bagging_seed: 3]
[bagging_by_query: 0]
[feature_fraction: 0.8]
[feature_fraction_bynode: 1]
[feature_fraction_seed: 2]
[extra_trees: 0]
[extra_seed: 6]
[early_stopping_round: 0]
[early_stopping_min_delta: 0]
[first_metric_only: 0]
[max_delta_step: 0]
[lambda_l1: 0]
[lambda_l2: 0]
[linear_lambda: 0]
[min_gain_to_split: 0]
[drop_rate: 0.1]
[max_drop: 50]
[skip_drop: 0.5]
[xgboost_dart_mode: 0]
[uniform_drop: 0]
[drop_seed: 4]
[top_rate: 0.2]
[other_rate: 0.1]
[min_data_per_group: 100]
[max_cat_threshold: 32]
[cat_l2: 10]
[cat_smooth: 10]
[max_cat_to_onehot: 4]
[top_k: 20]
[monotone_constraints: ]
[monotone_constraints_method: basic]
[monotone_penalty: 0]
[feature_contri: ]
[forcedsplits_filename: ]
[refit_decay_rate: 0.9]
[cegb_tradeoff: 1]
[cegb_penalty_split: 0]
[cegb_penalty_feature_lazy: ]
[cegb_penalty_feature_coupled: ]
[path_smooth: 0]
[interaction_constraints: ]
[verbosity: -1]
[saved_feature_importance_type: 0]
[use_quantized_grad: 0]
[num_grad_quant_bins: 4]
[quant_train_renew_leaf: 0]
[stochastic_rounding: 1]
[linear_tree: 0]
[max_bin: 255]
[max_bin_by_feature: ]
[min_data_in_bin: 3]
[bin_construct_sample_cnt: 200000]
[data_random_seed: 1]
[is_enable_sparse: 1]
[enable_bundle: 1]
[use_missing: 1]
[zero_as_missing: 0]
[feature_pre_filter: 1]
[pre_partition: 0]
[two_round: 0]
[header: 0]
[label_column: ]
[weight_column: ]
[group_column: ]
[ignore_column: ]
[categorical_feature: ]
[forcedbins_filename: ]
[precise_float_parser: 0]
[parser_config_file: ]
[objective_seed: 5]
[num_class: 1]
[is_unbalance: 0]
[scale_pos_weight: 1]
[sigmoid: 1]
[boost_from_average: 1]
[reg_sqrt: 0]
[alpha: 0.9]
[fair_c: 1]
[poisson_max_delta_step: 0.7]
[tweedie_variance_power: 1.5]
[lambdarank_truncation_level: 20]
[lambdarank_norm: 1]
[label_gain: ]
[lambdarank_position_bias_regularization: 0]
[eval_at: ]
[multi_error_top_k: 1]
[auc_mu_weights: ]
[num_machines: 1]
[local_listen_port: 12400]
[time_out: 120]
[machine_list_filename: ]
[machines: ]
[gpu_platform_id: -1]
[gpu_device_id: -1]
[gpu_use_dp: 0]
[num_gpu: 1]

end of parameters

pandas_categorical:null
