tree
version=v4
num_class=1
num_tree_per_iteration=1
label_index=0
max_feature_idx=32
objective=lambdarank
feature_names=rank_biencoder_current_only_top100 score_biencoder_current_only_top100 rank_biencoder_large_top100 score_biencoder_large_top100 rank_biencoder_last2turns_top100 score_biencoder_last2turns_top100 rank_biencoder_mxbai_top100 score_biencoder_mxbai_top100 rank_biencoder_nv_embed_top100 score_biencoder_nv_embed_top100 rank_biencoder_stella_top100 score_biencoder_stella_top100 rank_biencoder_top100 score_biencoder_top100 rank_bm25_norepeat score_bm25_norepeat rank_cf_bpr score_cf_bpr rank_decay_descending score_decay_descending rank_e5_large_top100 score_e5_large_top100 rank_metadata_qwen3 score_metadata_qwen3 rank_pmi_leg score_pmi_leg popularity turn_number n_prior_accepts pmi_sum is_in_all_legs n_legs_containing biencoder_cosine
feature_infos=[0:101] [0:0.016393441706895828] [0:101] [0:0.016393441706895828] [0:101] [0:0.016393441706895828] [0:101] [0:0.016393441706895828] [0:101] [0:0.016393441706895828] [0:101] [0:0.016393441706895828] [0:101] [0:0.016393441706895828] [0:101] [0:0.016393441706895828] [0:101] [0:0.016393441706895828] [0:101] [0:0.016393441706895828] [0:101] [0:0.016393441706895828] [0:101] [0:0.016393441706895828] [0:101] [0:0.016393441706895828] [0:93] [1:8] [0:7] [0:57.465648651123047] [0:1] [1:13] [-0.35774439573287964:0.9448782205581665]
tree_sizes=7034 6996 6989 7025 6970 7074 7005 7067 7030 7009 7030 6988 7054 6988 7014 6991 7010 6967 7039 6986 6981 7000 7008 6995 6990 6965 6996 6959 7024 7017 6980 6989 6988 6972 6936 6976 6964 7030 7007 6997 7022 6998 7007 6968 7016 6968 7010 6974 6986 7011 6947 6987 6964 6977 6996 6965

Tree=0
num_leaves=63
num_cat=0
split_feature=31 8 8 26 4 17 20 26 31 10 26 19 8 24 4 24 8 27 26 20 26 22 22 8 24 6 31 10 17 12 4 2 4 6 2 8 25 20 8 6 26 10 20 4 27 20 10 6 8 10 12 6 20 10 26 20 4 24 24 20 21 20
split_gain=4683.09 563.093 441.137 310.767 188.931 154.764 133.675 123.17 114.887 81.1703 77.1429 66.1111 52.0327 46.2745 45.4092 51.5568 39.1027 38.2318 37.4622 32.6433 31.7306 31.208 30.9734 35.117 30.519 30.5032 30.0177 27.1618 25.5403 24.235 20.9618 20.8402 20.2071 20.052 19.9674 17.6782 17.5992 16.1145 16.0821 15.5128 15.093 14.4997 16.2238 14.1909 14.0562 13.1898 12.9671 12.7848 15.1367 12.7438 12.6511 12.4839 12.2672 12.1449 11.7937 11.73 11.718 11.6869 17.0299 11.604 11.4874 11.3447
threshold=4.5000000000000009 24.500000000000004 66.500000000000014 63.500000000000007 29.500000000000004 1.0000000180025095e-35 19.500000000000004 57.500000000000007 2.5000000000000004 16.500000000000004 63.500000000000007 0.014389234129339458 22.500000000000004 13.500000000000002 25.500000000000004 18.500000000000004 93.500000000000014 1.5000000000000002 80.500000000000014 51.500000000000007 58.500000000000007 15.500000000000002 60.000000000000007 52.500000000000007 16.500000000000004 96.500000000000014 1.5000000000000002 63.500000000000007 0.013986697886139156 35.500000000000007 54.500000000000007 22.500000000000004 3.5000000000000004 91.500000000000014 82.500000000000014 98.500000000000014 0.015749008394777778 6.5000000000000009 2.5000000000000004 3.5000000000000004 43.500000000000007 55.500000000000007 24.500000000000004 10.500000000000002 2.5000000000000004 96.500000000000014 26.500000000000004 49.500000000000007 96.500000000000014 44.500000000000007 71.500000000000014 40.500000000000007 2.5000000000000004 45.500000000000007 49.500000000000007 9.5000000000000018 70.500000000000014 10.500000000000002 60.000000000000007 24.500000000000004 0.010929288342595102 22.500000000000004
decision_type=2 2 2 2 2 2 2 2 2 2 2 2 2 2 2 2 2 2 2 2 2 2 2 2 2 2 2 2 2 2 2 2 2 2 2 2 2 2 2 2 2 2 2 2 2 2 2 2 2 2 2 2 2 2 2 2 2 2 2 2 2 2
left_child=2 9 10 4 17 6 39 13 16 37 12 19 30 -8 -5 -16 -6 -4 34 33 28 -11 -15 -24 -21 29 44 60 31 46 -1 -18 -19 -10 -17 50 -30 -2 -32 -3 -33 -20 -43 -28 -14 53 -25 51 -49 -35 -26 -36 -51 -42 59 -7 -9 -47 -59 -23 -27 -50
right_child=1 5 3 14 8 55 7 56 11 21 -12 -13 26 22 15 18 20 32 41 24 -22 54 23 25 35 27 43 -29 36 -31 38 40 -34 49 47 -37 -38 -39 -40 -41 45 42 -44 -45 -46 57 -48 48 61 52 -52 -53 -54 -55 -56 -57 -58 58 -60 -61 -62 -63
leaf_value=0.077027605568543711 0.09177307287216882 0.081822082654968847 0.066113534646214098 0.065500304941023352 -0.043670765448868859 0.080928864110942328 0.058193080216020855 0.050285096622347474 -0.068862505344948324 0.080455069881049265 0.043871727473745958 0.03422585656122671 -0.075201719633596467 0.033225680000299219 0.041612667582044099 0.0096073670697165506 0.014654511809108418 0.062212878592494962 0.089770574105253798 0.059914269873838868 -0.044154648733900598 0.055630663584540045 -0.00065830760328991272 0.015181566691102375 0.017425473541960838 0.037869636505686109 0.078357918196586301 -0.039144165906864425 -0.036665434180841679 -0.060784238347185417 0.057842916031037042 -0.078958032543078441 -0.021146051400724446 0.046982642405063883 -0.034772792956584218 -0.061345536824231439 0.097149316788743501 0.077749624500981052 0.0024068698918822094 0.04352470828856532 0.072621152049052395 0.093614885612633245 -0.0044199327597853073 -0.0093240275191697128 -0.031596748742666721 -0.019341295135657605 -0.038409776676011094 -0.0022901995003102916 0.032353341884909383 0.08120547667430103 -0.042713322034645951 0.058991720765597777 -0.02117453937064152 -0.049633530760699991 0.060716855694333216 0.054355659374288927 0.014134753435007835 -0.10000000000000001 -0.067738199835083668 0.027279009860668398 -0.10000000000000001 -0.04774305896696316
leaf_weight=14.232467362366149 505.62059792097716 32.3387687211507 24.748102200916037 20.604283207212575 133.1422929405453 53.893683685455471 20.42555564083159 98.94644761645759 11.930972339905564 110.29585073764611 87.110812936050934 29.551449079852318 24.032757073175162 25.981381092540687 39.577153862075647 29.606222400965635 6.4615977083449243 8.5764216138049942 7.0423723494168362 5.9299100435455321 94.952319706237176 63.026920201271423 109.73942106487812 18.376897260954138 12.030020720965693 26.894253320948341 4.7728598094545296 28.116465462007909 13.413382306564019 104.22421094473248 15.768805413797962 881.65727252127544 47.729902020197187 12.499181313207371 7.3157006672699936 195.89410024906101 3.0081613399088374 344.38331638734235 76.803462994619622 145.00896528660087 2.1070121335214926 4.9854944704566142 27.492473083577352 139.12461413964047 80.0107687440468 10.578441596619085 29.258350382355275 24.261531221767655 4.5716784507967523 3.2209060748573348 32.024468928168062 6.8962141033261997 31.941496871149869 56.629607773560565 115.78446041533607 181.00795680120063 28.982539363962132 48.48989518682356 261.49694684033602 84.444862352946075 1.6007859855890263 134.02683998664725
leaf_count=1911 13295 2469 6244 3499 76090 2877 1913 14921 7418 6001 21554 10705 18336 5264 14655 12904 5253 2067 767 1691 53302 8217 29446 5536 4049 6474 417 11570 8630 44244 2988 724277 31177 2994 4594 124008 24 22814 34242 27368 722 391 13419 58428 47842 2855 13028 9486 1837 470 14929 1591 16797 39818 12341 23319 7838 9714 201330 15295 1019 87081
internal_value=8.42876e-05 0.0554383 -0.0439373 -0.0529645 -0.0603979 0.0255312 0.0132859 -0.000116495 -0.0636767 0.0775541 0.0017118 -0.0371853 -0.00864093 -0.0149268 -0.00618754 -0.0113562 -0.0695468 0.0143169 -0.0198711 -0.0440936 -0.0720456 0.0581277 -0.019266 -0.0235519 -0.0521403 -0.0356031 -0.0212091 -0.00427826 -0.0741083 -0.0472806 0.0205353 -0.0749111 -0.00844905 -0.010893 -0.0283999 -0.0549096 -0.0121527 0.0860914 0.0118499 0.0505081 -0.0753701 0.0247316 0.0106288 -0.00641575 -0.041669 -0.0670301 -0.0177351 -0.0347546 -0.0387235 0.00361829 -0.0262911 0.0107257 -0.0117964 -0.045248 0.0487733 0.0604524 0.0420952 -0.0710212 -0.0727848 0.039396 0.0301244 -0.0451011
internal_weight=4804.6 2128.35 2676.25 2234.39 1928.01 904.796 669.894 492.546 1846.96 1223.56 441.857 335.023 354.746 364.617 306.38 285.776 1511.94 81.0544 246.199 305.471 1378.79 373.552 344.192 318.21 245.878 208.471 247.941 56.6115 1283.84 151.859 106.805 1267.42 56.3063 59.5926 206.678 239.949 16.4215 850.004 92.5723 177.348 1260.96 39.5203 32.478 143.897 104.044 379.302 47.6352 177.072 162.86 47.6616 44.0545 14.2119 35.1624 58.7366 263.256 234.902 127.929 320.565 309.987 147.472 28.495 138.599
internal_count=1955755 275249 1680506 1494788 1344564 197286 171090 141253 1305076 77963 185718 183061 164164 118494 150224 146725 1122015 39488 132070 172356 1045925 41854 116581 111317 144677 81871 125023 19063 992623 62808 39141 983969 33244 27679 117493 142986 8654 36109 37230 29837 978716 14577 13810 58845 66178 254439 18564 104589 98404 20261 18978 6185 17267 40540 35853 26196 22759 213899 211044 23512 7493 88918
is_linear=0
shrinkage=0.05


Tree=1
num_leaves=63
num_cat=0
split_feature=8 23 32 26 8 16 11 24 4 26 4 26 18 32 32 32 4 32 24 24 8 32 16 20 23 2 4 20 16 18 8 26 8 16 24 24 4 2 8 16 26 1 27 32 1 23 11 2 4 4 16 8 4 31 32 4 26 12 18 26 1 8
split_gain=3607.96 1016.78 1000.43 411.041 249.891 242.317 227.47 212.25 194.797 167.932 149.651 140.747 150.181 131.963 118.341 104.504 88.915 109.726 122.591 85.4192 92.0669 84.0385 83.1 71.7998 82.2451 67.1654 64.0448 63.327 62.7943 58.3583 58.1995 57.6179 57.2053 56.0602 55.6688 55.4998 53.4624 52.2235 65.2191 50.5809 49.2863 48.9816 48.2578 46.4842 45.7419 45.5345 47.2597 42.6615 41.3172 41.3099 61.8165 39.2453 38.0904 69.0165 53.949 43.2044 38.801 36.1325 36.0939 35.973 35.9495 52.1918
threshold=68.500000000000014 0.014599318150430919 0.4917601346969605 66.500000000000014 6.5000000000000009 10.500000000000002 0.015749008394777778 17.500000000000004 19.500000000000004 70.500000000000014 16.500000000000004 58.500000000000007 13.500000000000002 0.4268972128629685 0.37273697555065161 0.57187330722808849 55.500000000000007 0.28993071615695959 18.500000000000004 11.500000000000002 98.500000000000014 0.24519496411085132 5.5000000000000009 6.5000000000000009 1.0000000180025095e-35 26.500000000000004 17.500000000000004 10.500000000000002 12.500000000000002 2.5000000000000004 94.500000000000014 65.500000000000014 11.500000000000002 4.5000000000000009 60.000000000000007 60.000000000000007 1.5000000000000002 1.0000000180025095e-35 23.500000000000004 13.500000000000002 29.500000000000004 0.010582306887954475 5.5000000000000009 0.40229311585426336 0.0075472774915397176 0.012579114176332952 0.014815627597272398 57.500000000000007 90.500000000000014 2.5000000000000004 6.5000000000000009 20.500000000000004 90.500000000000014 4.5000000000000009 0.51092803478240978 12.500000000000002 63.500000000000007 14.500000000000002 60.000000000000007 63.500000000000007 0.0082305916585028189 26.500000000000004
decision_type=2 2 2 2 2 2 2 2 2 2 2 2 2 2 2 2 2 2 2 2 2 2 2 2 2 2 2 2 2 2 2 2 2 2 2 2 2 2 2 2 2 2 2 2 2 2 2 2 2 2 2 2 2 2 2 2 2 2 2 2 2 2
left_child=1 4 3 5 10 21 22 27 44 13 36 12 30 59 29 39 47 -18 -19 -16 -21 -2 -3 24 37 -26 -24 45 -17 -10 40 -12 -8 48 42 -13 -1 41 51 -14 -4 -15 -28 -20 -7 46 -6 -5 -25 -34 -51 -39 53 54 -37 -55 -56 -57 -35 -9 -36 -62
right_child=2 6 11 16 7 8 32 9 14 -11 31 35 15 23 19 28 17 18 43 20 -22 -23 26 33 25 -27 34 -29 -30 -31 -32 -33 49 58 60 52 -38 38 -40 -41 -42 -43 -44 -45 -46 -47 -48 -49 -50 50 -52 -53 -54 55 56 57 -58 -59 -60 -61 61 -63
leaf_value=0.049889492970192961 -0.070155420999486975 0.042451287774541178 0.019300289180406594 -0.065495082550523095 -0.0024985842036852365 0.0044408765358717973 0.06691541861394909 -0.030791075913612589 0.035158379860054177 0.033594332990504974 0.00065349030188824439 0.047650867507930239 0.033132373422083555 -0.10334491492195202 0.027571738833161941 -0.10192261471339803 -0.072925395463506501 0.061462387394469346 -0.050052029633345499 -0.022542808548749498 -0.062124080641505153 0.021989681814084089 0.029692319243460049 0.050667637854062031 0.015694777131351704 -0.10310329420129323 0.053730471008054226 0.043021177951623628 -0.0048149449712046218 -0.078097226534757647 0.034569065402734071 0.036302693051526856 0.059572593735927618 0.015020510530859814 -0.0057427343932996257 0.025295838756549484 0.02740070464372928 -0.038985873074235865 -0.0031761227352251294 -0.035702453442393749 -0.10192037764791149 0.032102907531168415 -0.101285240853284 -0.0021320552836473399 -0.050409231911081404 0.029100871610543505 -0.10238921853289529 0.051168156854267434 -0.10256935026364072 0.02583227056920951 -0.10289810853506638 -0.1032760030924763 0.019610535341124887 0.043772447980681563 0.0032429016615433807 -0.10133793829091371 -0.070073289074578562 0.0026470516652842904 -0.0017609778401152069 -0.099728863387725714 -0.10238797617001033 0.015845579761036066
leaf_weight=390.42999923368916 30.979526761570014 930.90153156942688 18.115797695470974 8.6903360562864673 44.775089315371588 130.0689444738673 1001.4519933379488 309.64186954393517 11.493458598037249 308.2233618987957 661.10978723317385 93.051003069267608 27.664069616002962 7.5636381604708722 30.944144004548434 17.041084801428951 68.937697307439521 59.062966647092253 80.060698761953972 170.98236101516522 1043.6988680667419 122.93937362800352 388.67616318410728 80.445701434160583 224.22716329921968 12.564488697680643 46.978075516410172 376.50777118490078 721.09174778452143 1096.812399092596 186.35731183644384 136.79697103356011 60.704960883595049 382.88533275132068 88.161140780895948 29.235630639595911 817.89228622399969 301.88421570055652 139.08169224840822 756.11292312247679 15.611012345645575 56.789650600403547 5.6213655322790137 137.56077884463593 53.704151140176691 76.106276307953522 16.097924246452749 79.733209871337749 4.6533433513250193 48.507289543165825 11.545360957272349 25.763524693436921 278.28804006357677 72.26219286036212 23.893869872670621 9.0562462063971889 73.736123267444782 107.7430025418289 1963.8595496829948 20.155321250786074 27.423015180509537 14.150027314666657
leaf_count=1840 10702 7296 467 1043 728 7965 2566 81917 1300 14770 18333 3939 1642 161 2640 1427 23410 3747 23880 46887 456278 11180 3188 988 1430 196 360 8097 141361 505027 7300 2589 224 10976 1834 2247 7390 3463 3992 239594 1310 342 200 25587 5753 486 243 3179 314 350 265 475 49585 1956 5092 916 9011 7751 173066 4263 696 541
internal_value=0.00018969 0.0197797 -0.0314847 -0.050191 0.00897136 -0.0574722 0.045965 0.00224023 -0.0611669 -0.00179916 0.0235702 -0.0074157 -0.0149752 -0.00488998 -0.0650376 -0.020558 -0.00503868 -0.0164852 -0.00242275 -0.0544627 -0.0565525 0.00344348 0.03324 -0.00178609 -0.0151151 0.00939119 0.0182232 0.0324301 -0.00705685 -0.0769227 0.0236308 0.00676536 0.0629954 0.00242266 -0.00622521 0.0117451 0.0346672 -0.0260416 -0.0318637 -0.0332729 -0.0368087 0.0161833 0.0371638 -0.0197613 -0.011588 0.00331897 -0.0289148 0.0397024 0.0422884 0.0304859 0.00108334 -0.0440411 0.0061224 -0.00575878 -0.0342875 0.0133848 -0.05213 -0.00541562 0.000977021 -0.0350042 -0.0238168 -0.0621454
internal_weight=14536.5 8981.58 5554.93 3125.67 6357.45 2691.62 2624.12 4351.23 2537.7 3837.74 2006.23 2429.26 1741.99 3529.52 2353.93 1521.91 434.046 345.622 276.684 1245.63 1214.68 153.919 1501.91 3199.72 767.874 236.792 571.01 513.487 738.133 1108.31 220.084 797.907 1122.21 2431.84 182.334 687.266 1208.32 531.083 466.729 783.777 33.7268 64.3533 52.5994 217.621 183.773 136.979 60.873 88.4235 85.099 120.758 60.0527 327.648 594.215 315.927 126.866 189.061 97.63 116.799 2346.74 329.797 129.734 41.573
internal_count=1955755 353579 1602176 1128578 336059 1047732 17520 305907 1025850 296353 30152 473598 393101 281583 1012132 384024 80846 76624 53214 505805 503165 21882 14115 195403 10059 1626 6819 9554 142788 506327 9077 20922 3405 185344 3631 80497 9230 8433 7930 241236 1777 503 560 49467 13718 1457 971 4222 1302 839 615 3938 76558 26973 16350 10623 14103 8667 184042 86180 3071 1237
is_linear=0
shrinkage=0.05


Tree=2
num_leaves=63
num_cat=0
split_feature=31 20 32 4 10 26 29 8 8 8 8 29 32 22 26 26 27 8 32 4 2 4 4 2 32 22 26 32 8 26 29 2 20 22 20 32 14 18 26 24 10 32 4 22 26 26 10 29 27 27 10 32 24 20 27 2 20 10 12 8 23 7
split_gain=4275.31 1149.63 486.612 399.726 322.932 211.107 208.035 182.801 180.567 133.496 128.846 116.341 95.6882 95.1979 63.1114 61.4024 71.0542 54.6592 59.1506 67.5276 54.3038 53.0498 52.5278 52.0441 51.0997 52.6197 50.7247 65.0883 69.4576 50.7145 47.1165 46.7865 45.8491 45.6278 73.9056 48.2041 45.1959 44.9789 42.9055 42.7849 42.3668 45.0561 37.6758 36.8587 36.3043 39.5488 47.3994 35.4893 35.4567 35.1545 34.7572 34.7198 34.4901 33.9491 34.2603 50.6616 38.4115 32.9415 32.069 36.8242 31.5929 31.3774
threshold=3.5000000000000004 17.500000000000004 0.4296440482139588 34.500000000000007 4.5000000000000009 48.500000000000007 7.3681252002716073 56.500000000000007 100.00000000000001 85.500000000000014 40.500000000000007 19.3697624206543 0.55352750420570385 2.5000000000000004 75.500000000000014 73.500000000000014 2.5000000000000004 10.500000000000002 0.53195005655288707 13.500000000000002 25.500000000000004 6.5000000000000009 7.5000000000000009 9.5000000000000018 0.39640662074089056 1.5000000000000002 80.500000000000014 0.59038934111595165 95.500000000000014 47.500000000000007 6.6062858104705819 90.500000000000014 89.500000000000014 7.5000000000000009 91.500000000000014 0.4946438074111939 1.0000000180025095e-35 18.500000000000004 29.500000000000004 3.5000000000000004 37.500000000000007 0.34203957021236425 1.5000000000000002 18.500000000000004 81.500000000000014 61.500000000000007 30.500000000000004 15.440410137176515 4.5000000000000009 3.5000000000000004 64.500000000000014 0.42112487554550176 60.000000000000007 4.5000000000000009 3.5000000000000004 4.5000000000000009 11.500000000000002 19.500000000000004 16.500000000000004 4.5000000000000009 0.012579114176332952 0.016261236742138866
decision_type=2 2 2 2 2 2 2 2 2 2 2 2 2 2 2 2 2 2 2 2 2 2 2 2 2 2 2 2 2 2 2 2 2 2 2 2 2 2 2 2 2 2 2 2 2 2 2 2 2 2 2 2 2 2 2 2 2 2 2 2 2 2
left_child=2 4 3 31 13 9 7 -5 11 49 20 14 30 53 17 16 21 -3 19 -19 43 23 38 -10 25 -9 27 28 -7 -20 37 -1 -14 -18 35 -35 -23 -11 -15 -31 -21 -42 -39 -6 45 51 -47 57 -17 -4 -48 -22 -28 -2 -55 -56 -57 -30 -40 -60 -61 -45
right_child=1 8 5 6 10 26 -8 24 15 12 -12 -13 32 22 -16 48 33 18 29 40 44 36 -24 -25 -26 -27 52 -29 47 39 -32 -33 -34 34 -36 -37 -38 42 58 -41 41 -43 -44 61 -46 46 50 -49 -50 -51 -52 -53 -54 54 55 56 -58 -59 59 60 -62 -63
leaf_value=-0.075249238207857477 0.066561945101417927 0.013158728793772606 -0.030941359824471704 -0.028956985110554979 0.039249168457716005 0.0058247970515898379 0.0053013600016698567 0.044460815148260086 -0.10217563070752203 0.019823201276947838 0.0005493801862978177 0.041629410806165008 0.019631115339441427 0.059999505661090781 0.03058861687300591 0.041912275604872262 0.009247948794370511 0.035190858428136761 -0.0053704055053851374 -0.0031045145120717705 0.071247758190180574 0.032258867272066942 0.027026058942469462 0.056553193921224987 -0.052468691028493969 -0.073969311611602806 -0.03884479201272184 0.020704740223169271 0.050503385735673284 -0.044725139663316732 0.051555217643208043 0.025570188188820488 -0.030521451226720109 -0.059715425438402615 -0.042370320073010309 0.0033586437681894644 -0.059539313424775801 0.052456000275133488 0.042203549742099625 0.015019015616110923 0.03170079278627911 -0.042737462724891692 -0.058530551048512437 0.026062835234845969 0.075714131545108643 -0.10389883821995533 0.034660081689236809 0.053271528056387886 -0.017517942857861814 0.0034095122858428398 -0.10257011460032224 0.007069770121816206 0.034181039628377895 0.061786603671586005 -0.071166685335270388 0.048837830608496648 -0.10514522013048824 -0.030814701620032605 -0.10513322392221076 0.04310460428804179 -0.1042385756746302 -0.044203574429433116
leaf_weight=12.366305417497641 778.45535017852671 878.6410100866342 111.85974071850069 338.01618402462918 1000.1012876200257 257.07414798147511 118.47187706257682 9.440281094517557 6.7505824777763364 19.438909245189279 469.58051787351724 227.77889756741934 63.780687502934597 430.70488828141242 218.04527358734049 65.731462282827124 175.51018885499798 53.955336547223851 865.86798455798998 149.99510553607251 23.371095043199603 14.400183312362058 423.10498666053172 21.974627317395061 373.23927661252674 1448.5687168708537 18.813823659904301 152.14704383537173 12.801109431311486 31.297023251419887 10.489811399718745 165.65348409325816 159.61063381889835 34.275102049577981 217.9010503673926 260.63559925963636 194.64571638952475 7.7327328680548808 573.17605871369597 705.00301612936892 22.211230575223453 239.79419938568026 685.52343288611155 721.1306265455205 19.631771771702915 16.920355250826105 20.271597241866406 13.614891522563992 40.597843968193047 222.89143846847583 5.9737975713796905 214.40039805253036 115.01414198568091 85.710426413919777 13.831652716267852 49.196416588965803 4.4133180561475447 459.31860293773934 7.5260743470862499 22.983321883482862 4.3222269788384429 16.245657086838037
leaf_count=3070 1663 19319 23809 68422 8331 33355 8881 874 888 3346 26217 2182 16514 2077 4332 2397 7598 2050 66856 10918 256 485 5862 538 147453 646606 563 30189 1883 673 940 11909 67639 9330 45155 36270 37909 230 3543 34720 1157 30792 312756 14498 85 595 321 181 2762 46311 367 6953 6346 279 163 198 92 135776 135 295 78 363
internal_value=0.000318142 0.0200193 -0.0381532 -0.0536014 0.0366999 -0.0216642 -0.0592171 -0.0627407 0.00154414 -0.0352079 0.024161 0.00711593 -0.0448054 0.0498371 0.00463191 -0.016765 -0.0208968 0.00271125 -0.00172735 -0.0174072 0.0296013 -0.044461 0.0418766 0.019251 -0.0689766 -0.0732025 -0.00479588 -0.00908918 -0.0151918 0.0028328 -0.0536409 0.0185667 -0.0162023 -0.0127568 -0.020288 -0.00397195 -0.0532158 -0.0551892 0.0479257 0.0124795 -0.0242955 -0.036427 -0.0572926 0.032996 0.00997834 0.00538475 -0.0386446 -0.0263147 0.0192211 -0.0080691 0.00342468 0.013378 0.0239149 0.0623283 0.0408092 0.0141494 0.0361615 -0.0286098 0.0393728 -0.00720886 0.0197815 0.0245147
internal_weight=14101.9 9326.06 4775.87 2465.76 4901.05 2310.11 2287.74 2169.26 4425.01 1281.33 2507.63 3392.59 946.576 2393.42 3164.81 1032.42 926.093 2946.76 2068.12 465.956 2038.05 237.771 1461.82 28.7252 1831.25 1458.01 1028.78 894.956 742.809 1602.17 723.185 178.02 223.391 688.322 512.812 294.911 209.046 712.695 1038.71 736.3 412.001 262.005 693.256 1737.48 300.569 280.937 43.1658 485.735 106.329 334.751 26.2454 237.771 133.828 931.607 153.152 67.4414 53.6097 472.12 608.008 34.8316 27.3055 737.376
internal_count=1955755 388702 1567053 887215 72371 679838 872236 863355 316331 471545 57986 172999 401425 14385 170817 143332 138173 166485 147166 44917 31769 39820 11990 1426 794933 647480 208293 201384 171195 102249 317272 14979 84153 98353 90755 45600 38394 316332 6128 35393 42867 31949 312986 23192 8577 8492 1283 137840 5159 70120 688 7209 6909 2395 732 453 290 137659 4051 508 373 14861
is_linear=0
shrinkage=0.05


Tree=3
num_leaves=63
num_cat=0
split_feature=31 20 32 4 29 31 22 8 29 32 8 8 4 29 8 3 16 0 11 8 4 32 16 29 0 20 32 8 3 32 12 32 18 11 32 16 11 6 4 6 11 6 18 20 22 22 32 11 8 6 6 32 6 4 32 12 11 12 32 4 6 3
split_gain=3942.51 883.21 390.029 324.851 260.051 257.347 175.711 174.635 131.08 152.583 130.729 100.797 96.0548 89.5693 87.6538 71.0737 58.913 52.6371 56.277 50.1427 55.6638 48.9527 50.3827 47.5094 52.0117 46.277 45.4397 46.156 42.8684 41.3276 40.1808 39.3728 39.2919 38.8529 45.0191 37.4204 34.4565 34.1288 33.375 65.5646 34.0523 39.4689 32.8459 32.5666 45.8739 32.5559 45.8595 31.9389 31.6998 30.8175 30.5602 36.1632 30.4836 29.6266 27.9893 27.9256 31.6381 27.778 27.5827 27.378 27.3661 27.2219
threshold=3.5000000000000004 6.5000000000000009 0.4296440482139588 34.500000000000007 5.1929850578308114 7.5000000000000009 2.5000000000000004 56.500000000000007 3.5120395421981816 0.54783472418785106 85.500000000000014 14.500000000000002 21.500000000000004 9.7217559814453143 15.500000000000002 0.0073801742400974044 60.000000000000007 6.5000000000000009 0.0076046728063374766 97.500000000000014 3.5000000000000004 0.66278219223022472 4.5000000000000009 18.491060256958011 16.500000000000004 23.500000000000004 0.62822863459587108 97.500000000000014 0.0098524559289217013 0.39640662074089056 7.5000000000000009 0.61505678296089183 2.5000000000000004 1.0000000180025095e-35 0.3275697678327561 4.5000000000000009 0.013072453904896976 44.500000000000007 27.500000000000004 57.500000000000007 0.010929288342595102 13.500000000000002 17.500000000000004 4.5000000000000009 12.500000000000002 12.500000000000002 0.56976062059402477 0.013986697886139156 1.0000000180025095e-35 4.5000000000000009 100.00000000000001 0.54966765642166149 95.500000000000014 13.500000000000002 0.2809589952230454 70.500000000000014 0.0083683477714657801 31.500000000000004 0.65266284346580516 7.5000000000000009 6.5000000000000009 0.0074907417874783286
decision_type=2 2 2 2 2 2 2 2 2 2 2 2 2 2 2 2 2 2 2 2 2 2 2 2 2 2 2 2 2 2 2 2 2 2 2 2 2 2 2 2 2 2 2 2 2 2 2 2 2 2 2 2 2 2 2 2 2 2 2 2 2 2
left_child=2 6 3 59 7 13 30 54 9 10 -4 35 15 19 17 -12 -14 -8 -19 42 28 22 33 24 45 -18 27 52 -21 32 -2 -10 -9 34 -22 -7 50 -30 40 61 41 -37 -3 -16 -45 -13 -47 -26 -44 -25 51 -24 -11 -38 -5 56 -48 -49 -32 -1 -23 -40
right_child=1 5 8 4 -6 11 14 29 31 26 12 23 16 -15 43 -17 25 18 -20 20 21 60 36 49 47 -27 -28 -29 37 -31 58 -33 -34 -35 -36 38 53 -39 39 -41 -42 -43 48 44 -46 46 55 57 -50 -51 -52 -53 -54 -55 -56 -57 -58 -59 -60 -61 -62 -63
leaf_value=0.033274340656508743 0.062171757571542474 0.02268674372678315 -0.011867561620266733 -0.055900863071583623 0.012339101574914833 0.038814846402340307 0.048112826770127834 0.012066313326577323 0.031596343671736193 -0.074736019757978653 0.046275279396304908 0.034557271556315231 0.032405067143010773 0.029926422252034859 0.021660642612332373 -0.080447238215007738 0.00038600076454017434 -0.10629330666445465 0.031067780535173273 0.071731372494547654 -0.067216267565671159 -0.10311099253949124 -0.060657731768083901 -0.059430570267493023 -0.0050011303754238538 -0.051498682645730744 0.022140789702632828 -0.022351037195781812 0.01721115355909978 -0.052249124436410971 0.056378887967590607 -0.075014690190210231 -0.072232682103220355 -0.10465356253502552 0.02920811129753148 -0.1037951753362064 -0.10095276192347163 -0.10313009472319137 -0.10337466210710029 0.043730511420623126 0.029569605471450485 0.0077376712618109529 0.031681909251702146 -0.0816562948519583 0.0054850042964116044 -0.066491476470024791 -0.098284857928226277 0.0038460916774792093 -0.0039538844002058099 0.035827210920865625 -0.019847379097149603 -0.025733157919855972 0.014446336997575807 0.02047212833419812 -0.01780945563542494 0.060030645934969512 0.011136475163932878 0.043382580087551456 0.014606736369596834 -0.0048423313881320387 0.02335610475214453 -0.0069440793116329674
leaf_weight=75.254680492798798 869.19587985705584 141.91055364068598 466.57320531783625 60.850900171673857 127.12936070235446 461.57637288037222 767.25007715425454 13.964944418985395 130.49566708330531 10.170117046916856 47.597755597438663 206.89008532301523 22.664780936436728 192.90627135452814 435.61453705979511 14.415931022725998 45.033384230919182 7.5276340669952324 790.68359747435898 31.211289023282006 14.002214795444159 4.5104509126394978 147.39224289020058 8.8742226599715632 788.21936198917683 940.7341664932901 125.34917037491687 334.75657720747404 26.845758302835748 355.60720106773078 76.429466806352139 9.2758725485764426 1358.8233571633464 7.1149691168684503 89.336652445490472 9.0206193227786553 5.56386689771898 7.5480872280895701 7.6544841879513106 78.992019987665117 798.39481720793992 65.73585363314487 65.156014153384604 18.036818828899413 92.843877162085846 19.152807242237031 6.8263899041339746 128.23956701229326 1478.3673146407236 196.39157544029877 270.19762843823992 149.10386784700677 165.64756062114611 51.724447600659914 232.43815735657699 28.868144572013989 204.72363710508216 67.976284560514614 81.829555365256965 125.96361347695347 82.851701232139021 166.79006092110649
leaf_count=1972 2169 5052 77800 17077 13899 3051 4136 1415 8226 2899 4008 2824 4140 4459 10665 4135 10562 440 7425 534 3199 611 38318 164 38675 400472 28286 115173 1344 146785 342 579 641950 557 2840 421 1031 1216 417 1161 10431 1509 1051 517 4251 1474 818 3391 118658 1854 51470 29742 23558 6787 51110 607 7405 1315 557 13007 11370 4444
internal_value=0.000429404 0.0194993 -0.0369904 -0.0513361 -0.0570248 0.00827162 0.0409934 -0.0613866 -0.0224133 -0.0254323 -0.0339546 0.0178245 -0.0435817 -0.00293426 0.0327428 0.0168169 -0.0472959 0.0387612 0.0297724 -0.00539809 -0.0150178 -0.018556 -0.0227648 0.00919414 0.00600885 -0.0491284 -0.00483376 -0.0114562 0.0293032 -0.0674401 0.0579526 0.0245212 -0.0713751 0.00836161 0.0161428 0.0268243 -0.0282747 -0.00919899 0.0219117 0.00593789 0.0265482 -0.00572063 -0.000333171 0.0155026 -0.00869016 0.0197616 0.0079687 -0.000507682 -0.00244961 0.0317089 -0.0320104 -0.0430946 0.00928761 0.00867929 -0.0257126 0.0139005 0.00760562 0.017543 0.0347801 0.00941312 0.0168267 -0.0111754
internal_weight=13812.2 9149.48 4662.75 2350.03 2148.81 6010.07 3139.41 2021.68 2312.71 2172.94 1537.02 3244.33 1070.45 2765.74 2111.96 62.0137 1008.43 1565.46 798.211 2572.84 887.403 821.798 734.436 1656.16 1450.9 985.768 635.923 510.574 65.6051 1728.4 1027.45 139.772 1372.79 110.454 103.339 1588.16 623.982 34.3938 1126.59 253.437 873.151 74.7565 1685.43 546.495 110.881 466.461 259.571 984.435 1543.52 205.266 566.694 296.496 175.818 57.2883 293.289 240.418 211.55 196.216 158.259 201.218 87.3622 174.445
internal_count=1955755 388702 1567053 887215 872236 358200 30502 858337 679838 671033 501117 79961 423317 278239 27434 8143 415174 12001 7865 273780 149019 145925 133944 58527 56509 411034 169916 141630 3094 790150 3068 8805 643365 6596 6039 21434 127348 2560 18383 6022 12361 1930 124761 15433 4768 13128 10304 43381 119709 2018 119530 68060 26457 7818 68187 8830 8223 4706 899 14979 11981 4861
is_linear=0
shrinkage=0.05


Tree=4
num_leaves=63
num_cat=0
split_feature=31 31 26 8 8 4 4 29 8 29 10 26 10 26 31 18 0 16 4 31 10 2 10 26 4 8 8 29 25 25 13 8 22 15 29 13 13 20 10 27 8 26 27 16 22 18 26 0 0 26 29 22 20 20 27 4 18 2 4 8 29 25
split_gain=3771.56 826.845 474.142 232.055 223.952 194.482 183.062 120.252 104.815 78.4965 76.735 76.0946 70.3904 71.1243 63.1608 61.4346 59.7536 51.0391 44.6961 41.999 40.5391 42.6912 49.755 56.5116 38.1065 38.0328 37.872 90.102 41.2672 37.1269 37.0456 36.7873 50.0979 34.9713 33.514 32.1108 44.1265 29.8248 28.638 27.7592 25.5689 31.5996 36.2352 38.2226 31.2999 25.4437 24.8894 26.7755 34.2633 24.8154 30.7623 24.6963 24.2083 24.0477 23.8532 23.587 28.8318 23.3805 23.6579 32.9413 48.1887 25.1907
threshold=3.5000000000000004 8.5000000000000018 58.500000000000007 8.5000000000000018 98.500000000000014 14.500000000000002 6.5000000000000009 5.4480543136596689 65.500000000000014 4.8069019317626962 2.5000000000000004 74.500000000000014 12.500000000000002 43.500000000000007 2.5000000000000004 8.5000000000000018 16.500000000000004 2.5000000000000004 11.500000000000002 1.5000000000000002 3.5000000000000004 28.500000000000004 48.500000000000007 64.500000000000014 17.500000000000004 22.500000000000004 96.500000000000014 4.4911658763885507 0.015504807699471714 1.0000000180025095e-35 0.010582306887954475 31.500000000000004 6.5000000000000009 0.016001024283468727 31.407184600830082 0.013793759513646366 0.016001024283468727 33.500000000000007 1.5000000000000002 3.5000000000000004 1.5000000000000002 50.500000000000007 2.5000000000000004 8.5000000000000018 2.5000000000000004 14.500000000000002 83.500000000000014 15.500000000000002 10.500000000000002 46.500000000000007 8.7444357872009295 1.0000000180025095e-35 100.00000000000001 42.500000000000007 4.5000000000000009 31.500000000000004 14.500000000000002 44.500000000000007 68.500000000000014 26.500000000000004 5.0771079063415536 0.016001024283468727
decision_type=2 2 2 2 2 2 2 2 2 2 2 2 2 2 2 2 2 2 2 2 2 2 2 2 2 2 2 2 2 2 2 2 2 2 2 2 2 2 2 2 2 2 2 2 2 2 2 2 2 2 2 2 2 2 2 2 2 2 2 2 2 2
left_child=2 6 4 10 14 -6 20 15 9 31 40 24 18 17 25 -7 51 -14 -10 -17 -2 22 45 -24 -4 -1 29 -28 -29 -26 -12 46 33 -33 38 -11 -37 -16 49 -34 -3 -42 -43 44 -44 -22 47 48 -8 -18 -51 -5 -38 -21 -25 -41 -57 -13 -59 60 -60 -61
right_child=1 3 11 16 5 7 8 -9 12 35 30 57 13 -15 37 19 34 -19 -20 53 21 -23 23 54 26 -27 27 28 -30 -31 -32 32 39 -35 -36 36 52 -39 -40 55 41 42 43 -45 -46 -47 -48 -49 -50 50 -52 -53 -54 -55 -56 56 -58 58 59 61 -62 -63
leaf_value=-0.008142991066847835 0.037682510127629958 0.061410375596837201 0.024697650615123117 0.053312221475099786 0.00906174379676109 0.00066685376363879165 0.004227922914734574 0.018852543916939156 -0.10284676978784855 0.03287313015223834 0.0082618574882031351 -0.10007480984481294 0.017676124138393142 -0.0038651266096135766 0.044312777856493318 -0.06410114598988273 0.050721827184955715 -0.033848818121881681 0.025453512982590732 -0.022431422016403028 0.071725061257547226 0.042817705910358335 -0.063614435251825821 0.043680210626571299 -0.00088201474133264921 -0.037691793834537364 -0.040770321009375193 0.022906820516701062 -0.06942978172365559 -0.10549758034706534 0.039513184088263133 0.062548800718324166 -0.025591942072482006 -0.1058326906633198 0.051765469443357096 -0.105277286274003 -0.10629379222443691 -0.0086806907839491639 0.0087569740079829136 0.016452080998737788 0.052271407572803998 0.053687979930385821 -0.059353721238800672 -0.077615526821312245 0.046930349433363806 0.013427184253492132 0.05057741910274674 0.0020864219806028782 0.035652287194882719 -0.064449138368034273 0.048189127008890227 0.028566539196180615 0.084122049434818977 -0.05259621610501071 -0.10646815751122768 0.039511558120171986 -0.01831723313053505 0.03958738171104402 -0.1036205708320172 0.011571930922745097 0.048029515610455396 -0.10637257756542617
leaf_weight=134.81491016742075 369.12800710427109 655.93724090466276 49.058375178952701 116.18947101896629 117.84378119627945 43.193599111633375 201.29424914333504 51.474649556912482 7.105660959146916 307.41512257466093 104.34287445992231 4.8284482317976645 53.256172527675517 597.96909308200702 31.031243298668414 1571.0301459634211 77.229103075573221 492.85368872463005 151.93839422962628 73.625891525065526 19.785012091509998 119.47178541414905 44.611590657848865 24.547559765749615 232.41895511862822 566.45799101347802 369.22272943297867 94.490377379814163 13.877470884937791 8.8019657810218614 1039.9930658214726 34.556138419546187 220.98594682221301 3.3857701437082133 55.436636950587854 10.207631391240286 2.1285877702757716 183.87299415888265 845.91581342660356 108.14888474962208 442.739317657426 43.482657581102103 9.3984173522330767 14.353116147685794 26.342751838266853 346.42324698227458 31.535296096932143 1180.1493560406961 152.42929825140163 11.937800053507091 12.31442484166473 762.52404502802528 7.7335008219815773 643.91904241859447 2.9645609026774755 24.187396716326475 197.95220626902301 59.584047290729359 15.372856875299478 294.2671291861916 7.9461108664982012 4.5978893586434415
leaf_count=24963 2919 1537 1967 508 9474 8115 5486 7321 928 6547 1459 1240 1999 77198 2714 777394 516 104627 9469 24662 130 3136 4845 381 33162 175400 143144 6438 1160 531 8208 508 20982 152 317 648 104 32492 21480 8289 1555 146 102 234 133 8270 250 53173 3233 273 80 9902 26 272351 257 843 27852 2584 1632 39850 165 294
internal_value=0.000400448 0.0193081 -0.0365333 0.0353886 -0.0458925 -0.0536395 0.00491355 -0.0567398 3.67253e-05 0.00606533 0.0459124 -0.00882997 -0.0114462 -0.015779 -0.0247438 -0.0584086 0.0223197 -0.0288241 0.0197214 -0.0595235 0.0248286 0.0163225 0.00910096 -0.0288578 -0.0179384 -0.0320112 -0.0208482 -0.0290047 0.0110823 -0.00469936 0.0366636 0.00259881 -0.00805022 0.0475232 0.013979 0.0288727 -0.0324035 -0.00102866 0.0117679 -0.0118751 0.0547894 0.0466917 0.0202926 -0.00869523 0.0189821 0.0165768 0.00660708 0.00570308 0.0177696 0.0368663 -0.0072554 0.0318386 0.0430236 -0.0495011 0.027501 -0.00269758 -0.0120206 0.0092614 0.0106442 0.00529155 -0.0519447 0.00975741
internal_weight=13502 8930.3 4571.73 4218.14 3417.26 2501.09 4712.16 2383.24 3785.23 2482.11 2336.59 1154.47 1303.12 1144.08 916.177 2331.77 1881.55 546.11 159.044 2288.58 926.932 557.804 438.332 72.1237 767.87 701.273 718.811 477.591 108.368 241.221 1144.34 2154.62 589.216 37.9419 1002.83 327.485 20.0697 214.904 947.397 551.274 1192.25 536.316 93.5769 50.0943 35.7412 366.208 1565.41 1533.87 353.724 101.481 24.2522 878.714 9.86209 717.545 27.5121 330.288 222.14 386.596 381.768 322.184 23.319 298.865
internal_count=1955755 388702 1567053 46450 1334886 1099317 342252 1089843 322314 128093 13374 232167 194221 183824 235569 1082522 33076 106626 10397 1074407 19938 17019 13883 5483 186402 200363 184435 150742 7598 33693 9667 120768 58626 660 22666 7325 778 35206 22349 57966 3707 2170 615 469 235 8400 62142 61892 8719 869 353 10410 130 297013 638 36984 28695 45765 44525 41941 1797 40144
is_linear=0
shrinkage=0.05


Tree=5
num_leaves=63
num_cat=0
split_feature=31 26 22 31 8 21 4 26 32 32 0 16 11 32 8 21 26 8 8 4 6 32 22 14 11 16 21 8 4 8 24 4 32 27 8 32 3 18 32 11 32 32 26 12 27 11 32 18 11 21 27 4 27 6 21 5 3 11 21 32 26 32
split_gain=3630.97 588.307 497.014 354.018 187.592 181.829 146.066 134.43 133.922 128.319 75.3675 66.8662 66.7833 73.0801 66.0506 65.5784 64.145 56.7281 54.4286 52.2694 46.6748 45.4557 54.6109 50.9552 44.7544 41.8275 41.1362 38.8198 38.2536 50.2034 41.5798 36.8928 36.2941 36.235 34.7897 32.8241 32.2836 31.1004 30.2065 29.2227 27.5263 27.2729 27.0052 44.1035 32.5585 26.9578 26.8605 26.7681 26.6179 46.2857 37.5053 26.2158 26.2078 26.1524 26.1217 25.6596 25.409 25.2311 24.8309 24.5724 38.0426 31.5424
threshold=5.5000000000000009 53.500000000000007 15.500000000000002 2.5000000000000004 14.500000000000002 0.015268065501004459 15.500000000000002 73.500000000000014 0.49906890094280248 0.43245914578437811 6.5000000000000009 60.000000000000007 0.011299795936793091 0.53708884119987499 66.500000000000014 0.0088890646584332007 45.500000000000007 52.500000000000007 61.500000000000007 39.500000000000007 100.00000000000001 0.58091098070144664 60.000000000000007 60.000000000000007 0.016001024283468727 13.500000000000002 0.0098524559289217013 98.500000000000014 41.500000000000007 52.500000000000007 12.500000000000002 23.500000000000004 0.27789157629013067 4.5000000000000009 60.500000000000007 0.27789157629013067 0.015504807699471714 60.000000000000007 0.35158470273017889 0.0070176301524043092 0.40815749764442449 0.38729365170001989 54.500000000000007 2.5000000000000004 5.5000000000000009 0.010152545757591726 0.40229311585426336 18.500000000000004 0.012270400300621988 0.013072453904896976 3.5000000000000004 1.0000000180025095e-35 3.5000000000000004 5.5000000000000009 0.0062696540262550124 0.011696306522935631 0.0065574476029723891 0.012422839645296337 0.010695492848753931 0.50043892860412609 75.500000000000014 0.51723125576972973
decision_type=2 2 2 2 2 2 2 2 2 2 2 2 2 2 2 2 2 2 2 2 2 2 2 2 2 2 2 2 2 2 2 2 2 2 2 2 2 2 2 2 2 2 2 2 2 2 2 2 2 2 2 2 2 2 2 2 2 2 2 2 2 2
left_child=1 3 5 6 10 19 -1 9 14 28 -4 -6 13 39 47 18 17 -15 37 48 -9 22 23 46 -7 32 31 -11 41 40 -31 33 -16 -22 -10 -33 59 -5 -27 -13 -30 -3 43 53 -45 -39 -20 -8 49 -2 -51 -12 57 -14 -46 -55 -37 -36 -18 -21 61 -61
right_child=2 7 4 15 11 24 8 20 34 27 51 12 42 16 25 -17 58 -19 21 36 26 -23 -24 -25 -26 38 -28 -29 29 30 -32 35 -34 -35 52 56 -38 45 -40 -41 -42 -43 -44 44 54 -47 -48 -49 -50 50 -52 -53 -54 55 -56 -57 -58 -59 -60 60 -62 -63
leaf_value=0.008837811607126763 0.027364989265698976 0.025229983889887026 0.036665105138873409 0.033215156644224593 0.020496388635818895 0.040789778159613661 0.075966060138715055 -0.026251893795912834 0.0026009635723531436 0.0072052560552213797 0.044397860057181736 -0.018141293642336253 0.041745878167830999 -0.0065454847882732772 -0.069935965557790317 -0.00072121952109646279 -0.0049468437957838254 -0.04991826417785851 -0.052356841065142684 0.032802798772152683 0.060066526508609469 -0.010150120597793626 -0.050839300261005249 0.050122103712626237 0.057362984816314591 -0.072062643371121879 0.04879441409320167 -0.01424215243489509 0.0097994110131181898 -0.012795777578064039 -0.058322873165045364 -0.04670482596800582 0.029918431060590119 -0.052203814023418053 -0.056997458800415159 0.014471210505992078 -0.10777404791180141 -0.024946571156858367 -0.058494224009968114 -0.066535035274417662 -0.094152123326090909 -0.074447575171516497 0.019400599684883002 -0.018600709869766977 -0.097026491512390664 0.0092180551033492156 -0.00030984428962402922 -0.040155805946756232 0.03493621437116632 0.01416154789171664 -0.065070314375920812 0.013285146295374957 -0.025977410474834345 0.028616579807690889 0.011081113952419492 -0.078825710575607277 -0.0296837058037305 0.072043595309157701 0.021418469993169376 -0.071843974843007627 -0.10514838393342141 0.012074646482598242
leaf_weight=96.800590982893482 298.57104046095628 36.333188630524091 604.81676368205808 38.126801098696887 330.11216332332697 820.77412795159034 5.0433777798898509 67.119962506694719 71.445209651254117 393.61234043876175 71.913288872223347 50.059491553227417 83.662689452292398 183.3969652026426 15.43074161862023 341.66142003698042 204.72186513640918 128.00818887003697 55.133590501034632 123.35979467700236 57.831785432994366 149.89435321069323 383.92410887466394 25.571754873497412 808.69730559084564 723.18098072160501 90.032954515423626 454.71287340368144 57.059841091628186 61.308347690966912 275.58409384242259 27.797060301527381 22.180684446357191 8.2067029941827041 130.32282019476406 306.97223988152109 5.545056927483528 197.00240036065225 947.74760438653175 82.778910433291458 7.1683829117100677 8.4603351067053136 253.76573448005365 259.77697550063021 5.7488053261768064 81.67810995480977 45.040137567557395 310.7119955207454 1107.8576304626185 34.105808150954545 26.57316610054113 1157.2522489328403 256.46122440556064 12.551326849963518 199.30786084127612 9.9719867380335909 36.450111343292519 3.9014934720471492 158.39993024559226 11.581089206039904 7.4156304090283802 338.00065661629196
leaf_count=5739 5732 2560 5327 1299 10186 4990 242 8475 15400 39868 440 6081 980 15687 7134 49321 16416 24492 14822 3083 550 36545 122954 1491 2008 361254 3259 121354 8752 9539 124819 10510 3493 439 54403 30844 230 30207 452286 13955 1912 1538 8477 17511 1229 7010 4857 87653 11274 529 804 25654 124202 472 10609 679 5129 573 7683 714 328 8737
internal_value=6.7449e-05 -0.0295717 0.0233246 -0.0406611 0.0107185 0.0366828 -0.0514199 -0.006665 -0.0537658 -0.0157052 0.0222154 -2.67592e-05 -0.00417769 -0.0144002 -0.0593102 -0.0195749 -0.00772454 -0.0243746 -0.0261724 0.0263936 0.0130187 -0.0343541 -0.0414726 -0.0128741 0.049015 -0.0631929 0.0180175 -0.00429082 -0.0374204 -0.0423142 -0.0500378 0.0116804 -0.0110486 0.0461145 -0.0294795 0.00555474 0.0121802 -0.00913878 -0.0643667 -0.0482981 -0.00180241 0.00640348 0.00582896 -0.000202392 -0.00684389 -0.0149333 -0.0289555 -0.0383011 0.0311011 0.0192742 -0.0205365 0.0151054 -0.035346 0.028871 0.0080503 -0.0189525 0.0097847 -0.0532466 0.00655416 0.0135649 0.00691732 0.00929456
internal_weight=13168.6 5789.91 7378.73 3901.26 3796.25 3582.48 2583.23 1888.65 2486.43 1294.24 1833.98 1962.26 1632.15 807.365 2024.3 1318.03 674.527 311.405 976.371 1953.01 594.411 659.564 509.67 125.745 1629.47 1708.54 527.291 848.325 445.914 401.121 336.892 437.258 37.6114 66.0385 462.131 371.219 485.902 316.807 1670.93 132.838 64.2282 44.7935 824.785 571.02 464.834 278.681 100.174 315.755 1467.11 359.25 60.679 1229.17 390.686 106.186 205.057 22.5233 343.422 134.224 363.122 480.357 356.997 349.582
internal_count=1954740 1750433 204307 1380885 165878 38429 1112379 369548 1106640 310342 31421 134457 124271 84314 912062 268506 64278 40179 219185 31431 59206 180669 144124 21170 6998 824167 50731 161222 149120 145022 134358 47472 10627 989 194578 46483 13092 38516 813540 20036 10664 4098 39957 31480 29349 37217 19679 87895 18339 7065 1333 26094 179178 2131 11838 1151 35973 54976 24099 12862 9779 9451
is_linear=0
shrinkage=0.05


Tree=6
num_leaves=63
num_cat=0
split_feature=31 26 20 31 19 10 29 26 5 8 29 8 8 31 8 26 8 10 5 10 2 10 26 20 19 5 5 14 8 22 22 29 22 5 29 10 29 8 12 22 22 20 19 10 29 6 5 5 27 0 5 22 2 0 26 10 8 26 14 22 10 5
split_gain=3281.24 547.17 423.529 341.78 143.185 142.242 128.536 112.11 111.179 95.3089 94.5452 113.333 83.1842 68.2392 58.5768 52.4194 50.829 49.7494 49.3483 44.5411 42.5301 42.438 40.9956 40.5337 41.7662 40.4278 38.9473 38.6191 36.3751 33.2665 32.9771 30.074 29.2321 28.5255 28.2856 27.8514 34.5955 37.5407 40.0915 26.5558 26.2061 25.4159 25.3572 25.2759 25.0207 24.513 24.3848 23.7755 23.446 23.3893 23.2715 23.1137 22.7483 22.3354 23.855 22.0106 21.9547 27.3034 21.7908 28.7682 22.9231 32.4104
threshold=5.5000000000000009 53.500000000000007 6.5000000000000009 2.5000000000000004 0.013245614245533945 3.5000000000000004 10.136792182922365 73.500000000000014 0.013072453904896976 60.500000000000007 4.0723452568054208 98.500000000000014 46.500000000000007 8.5000000000000018 2.5000000000000004 44.500000000000007 33.500000000000007 37.500000000000007 0.010811126790940763 20.500000000000004 34.500000000000007 49.500000000000007 78.500000000000014 28.500000000000004 0.012579114176332952 0.0088890646584332007 0.012422839645296337 12.500000000000002 47.500000000000007 3.5000000000000004 8.5000000000000018 19.3697624206543 3.5000000000000004 1.0000000180025095e-35 16.059928894042972 56.500000000000007 12.904284477233888 55.500000000000007 95.500000000000014 5.5000000000000009 14.500000000000002 97.500000000000014 0.012579114176332952 1.5000000000000002 3.5120395421981816 40.500000000000007 0.0077822189778089532 0.012739370577037336 2.5000000000000004 20.500000000000004 0.014185110572725536 9.5000000000000018 74.500000000000014 5.5000000000000009 31.500000000000004 4.5000000000000009 22.500000000000004 17.500000000000004 3.5000000000000004 5.5000000000000009 31.500000000000004 0.0066445916891098031
decision_type=2 2 2 2 2 2 2 2 2 2 2 2 2 2 2 2 2 2 2 2 2 2 2 2 2 2 2 2 2 2 2 2 2 2 2 2 2 2 2 2 2 2 2 2 2 2 2 2 2 2 2 2 2 2 2 2 2 2 2 2 2 2
left_child=1 3 5 6 12 14 8 10 9 42 11 50 22 47 -2 19 34 39 21 53 29 -13 26 33 28 35 43 32 48 -16 -21 -22 -26 -19 -6 -9 37 38 -37 -5 -29 -39 56 -4 45 -17 -12 55 -25 -43 -3 -46 -15 54 -14 -7 57 -1 -45 -60 -61 -62
right_child=2 7 4 17 16 13 -8 25 -10 -11 46 18 15 52 20 44 -18 23 -20 30 31 -23 -24 24 27 -27 -28 40 -30 -31 -32 -33 -34 -35 -36 36 -38 41 -40 -41 -42 49 -44 58 51 -47 -48 -49 -50 -51 -52 -53 -54 -55 -56 -57 -58 -59 59 60 61 -63
leaf_value=-0.059397231261419527 0.054713093049476039 -0.0037760120100711115 -0.05364185237231181 0.085639608895059338 0.026551945033153446 -0.11026171597026398 0.067400225968779731 0.032562718720548438 0.0013436549375401949 -0.057334083618039447 0.02466501010230723 0.0047723731146371885 0.06060011382269808 0.03269483174517579 0.049922540304104063 0.0082530857658653471 0.010270864888119641 0.021160919983955976 0.0023513532430305363 0.037904928258551816 -0.11029768692078855 -0.043469613945655822 0.042738509713075877 -0.047822955397092151 -0.0014899383246300953 0.036769366317154904 0.016128314703255219 0.047758860804086631 -0.03835680318023782 0.029056181439285025 -0.043524051441937994 0.076138679257217234 -0.063512675958239298 -0.023095201384913763 0.047914453575255048 -0.10543042264388486 0.047932118357666531 0.0089164570925724385 0.025696963040322391 -0.0014964350620032484 -0.011946140838167399 0.039921040738499475 0.057701905932710768 0.050004187548288087 -0.10262967406015236 -0.021250262805591339 -0.060663705520644311 0.015486491751375803 -0.0019667158759928082 -0.030897858766405231 0.046657618437156823 0.02492993516638731 -0.10780869541406715 -0.010922621841456162 -0.10093729720864726 -0.0061298092842732325 -0.039792229250225991 0.0013126682658900599 -0.10304172845064082 0.0094082341051031065 -0.044299673538157183 -0.0010171485519998777
leaf_weight=23.833610429021064 924.07284618890844 432.24389418633655 19.961418467573822 9.0717518392484617 937.5613423474133 5.287849574815481 23.071290296968073 76.108518170192838 96.894757726986427 2055.0987443684135 159.04613524011802 50.114325623260811 21.92006654874422 819.38724165060557 323.5701546666678 149.35463298473042 454.85496649506968 80.407815182348713 82.422114505432546 13.296705611050127 8.1662012101151031 504.66609586402774 94.733949653338641 35.411576603655703 44.074416171526536 124.95836144988425 978.8874020029325 42.783926558215171 559.21405311394483 466.23683396063279 191.53015563264489 2.9424754679203025 33.389629383338615 66.542578276945278 185.63348913774826 6.1569090695120385 33.871531995711848 74.157917967066169 109.50099520827644 241.91182249982376 32.219877791590989 12.541266216896473 8.2884952940512431 24.244226618204266 3.658202452119439 133.18474549264647 8.8380475058220309 278.83570256340317 130.9704078042414 165.71809563064016 24.151073887012899 121.48824311490171 2.8909753081388763 78.848947622231208 2.5514853990171096 125.8487360784784 222.53558466385584 83.066911309666466 6.4740010339301071 540.78647918975912 49.448502578074113 345.10815416555852
leaf_count=7147 2575 62230 810 81 12500 226 1401 4072 5736 1013160 12632 13789 452 6903 1083 11195 13789 9248 10168 514 310 209977 1124 5354 3838 4023 23335 2433 169411 4006 38202 3 9393 10351 1212 696 600 7552 4572 33353 5541 1647 255 235 272 15491 1062 5692 19503 36044 484 3614 99 7014 385 5490 68717 15963 422 21058 4409 21887
internal_value=0.000145025 -0.0284605 0.0222651 -0.0393727 0.0123465 0.036867 -0.050074 -0.00628617 -0.0511626 -0.0532888 -0.014763 -0.0201262 0.00550911 0.0238927 0.0461352 -0.00917378 0.0243721 -0.0182987 -0.0337486 -0.0247368 0.0362383 -0.0391118 0.0106122 -0.023184 -0.0272516 0.0114471 0.00906328 -0.00346253 -0.0322504 0.0376048 -0.0382379 -0.0609143 -0.0282238 0.00112071 0.0300826 0.00482811 -0.00042343 -0.00487327 0.0187166 0.00165308 0.022111 -0.0156822 -0.0286729 0.00204936 0.00258944 -0.00565434 0.020173 0.00722905 -0.0117264 -0.0259155 -0.00110721 0.0212012 0.0322008 0.00202846 0.0437577 -0.0103287 -0.030846 -0.0122227 0.00320009 0.00199526 0.00272228 -0.00644161
internal_weight=12964 5653.28 7310.77 3788.79 4353.53 2957.24 2512.79 1864.5 2489.72 2392.82 1261.48 1093.6 2775.48 1232.25 1724.99 715.833 1578.05 1276 637.203 308.147 800.916 554.78 2059.64 1025.01 878.064 603.014 1964.91 152.468 725.596 789.807 204.827 11.1087 77.464 146.95 1123.19 478.055 401.947 368.075 115.658 250.984 75.0038 252.417 337.725 986.023 407.686 282.539 167.884 409.972 166.382 178.259 456.395 125.146 822.278 103.32 24.4716 131.137 329.436 106.901 966.061 941.817 935.343 394.557
internal_count=1954740 1750433 204307 1380885 177920 26387 1112379 369548 1110978 1105242 310342 296648 150419 18410 7977 77139 27501 268506 233934 46567 5402 223766 73280 235072 215473 59206 72156 21205 194268 5089 38716 313 13231 19599 13712 55183 51111 50511 5268 33434 7974 45243 92082 48821 30572 26686 13694 11408 24857 37691 62714 3886 7002 7851 837 5716 91827 23110 48011 47776 47354 26296
is_linear=0
shrinkage=0.05


Tree=7
num_leaves=63
num_cat=0
split_feature=31 26 9 31 17 32 22 29 4 4 29 9 9 9 26 32 10 32 19 4 26 29 4 32 27 4 9 12 26 24 20 32 9 4 29 32 32 12 27 32 17 27 4 4 32 22 22 2 29 7 27 12 12 32 17 17 19 29 15 22 32 29
split_gain=3016.75 490.793 408.358 386.615 154.216 150.95 141.941 124.718 116.42 80.7017 83.2828 80.2827 64.2215 62.9198 62.2893 57.2109 53.1902 52.3841 58.7347 48.078 47.7251 45.2995 50.4724 41.5002 41.243 39.3377 39.1639 38.9723 35.9091 33.2104 32.3031 31.8593 31.4433 47.0577 31.172 30.0613 30.055 29.9168 28.3996 27.6849 27.5361 27.0773 26.9836 26.3429 25.8601 29.6995 25.5971 25.5123 25.4225 26.3948 25.2474 24.2483 22.8168 22.5447 22.2857 29.837 21.7173 21.7073 21.2142 21.6877 33.052 29.3401
threshold=5.5000000000000009 61.500000000000007 0.014185110572725536 2.5000000000000004 0.012739370577037336 0.49757650494575506 5.5000000000000009 5.4480543136596689 34.500000000000007 3.5000000000000004 3.5120395421981816 0.0085107926279306429 0.0083683477714657801 0.010471491608768703 82.500000000000014 0.17915332317352298 8.5000000000000018 0.58553785085678112 0.014389234129339458 1.5000000000000002 75.500000000000014 1.0000000180025095e-35 7.5000000000000009 0.48474165797233587 3.5000000000000004 1.5000000000000002 0.0063492704648524531 7.5000000000000009 17.500000000000004 1.5000000000000002 51.500000000000007 0.3115286678075791 0.0079052620567381399 51.500000000000007 5.3095490932464608 0.36263500154018408 0.66815695166587841 95.500000000000014 1.5000000000000002 0.62120500206947338 0.013793759513646366 3.5000000000000004 100.00000000000001 8.5000000000000018 0.52053159475326549 3.5000000000000004 16.500000000000004 12.500000000000002 19.738965988159183 0.013245614245533945 6.5000000000000009 50.500000000000007 16.500000000000004 0.17179919034242633 0.014185110572725536 0.013986697886139156 0.012579114176332952 13.182964801788332 1.0000000180025095e-35 3.5000000000000004 0.41115584969520574 11.514279365539553
decision_type=2 2 2 2 2 2 2 2 2 2 2 2 2 2 2 2 2 2 2 2 2 2 2 2 2 2 2 2 2 2 2 2 2 2 2 2 2 2 2 2 2 2 2 2 2 2 2 2 2 2 2 2 2 2 2 2 2 2 2 2 2 2
left_child=1 3 4 5 9 7 27 8 38 -2 13 35 17 20 15 -3 43 18 19 -5 24 22 -17 32 -11 -6 34 -4 -26 -23 -21 -14 33 -24 39 -10 -30 -34 -1 -7 -32 -29 -39 -8 -15 -46 -38 -22 49 -33 51 -19 -25 -20 55 57 -13 -18 -27 -60 -61 -62
right_child=2 14 6 12 25 26 16 -9 11 10 -12 56 31 44 -16 21 54 50 53 30 47 29 23 52 28 58 -28 41 36 -31 40 48 37 -35 -36 -37 46 42 -40 -41 -42 -43 -44 -45 45 -47 -48 -49 -50 -51 -52 -53 -54 -55 -56 -57 -58 -59 59 60 61 -63
leaf_value=0.013648433973015415 0.02365329769088894 -0.059976367563147892 0.051027392032394071 0.051856095711459195 0.043827156354289701 -0.037815788777133215 0.037399801860620689 0.029875270209420962 -0.067686541421112065 -0.03709452715237415 0.020559574716274766 -0.034207145083772726 0.053010538095434559 -0.029747538983473754 0.026093125082500657 0.036235502562537499 0.010646030226514617 -0.062095386290315371 -0.084631642358457784 -0.016923449327321333 -0.10632318674618046 -0.10314298937480622 0.012795305949859906 -0.099437795685290195 0.015185185916612644 0.028777491515041928 -0.0010903513884948232 0.046574348583065556 -0.030578799282036013 0.019681321570494133 -0.046218982904083647 -0.0032006483561351018 -0.099865046864174356 -0.042975596665199227 0.05654401063717545 -0.05469894649106552 -0.10305072082542405 -0.10065815462248257 -0.034105775280530284 0.0070354852211047805 0.0039453959396889143 0.017999496045418964 0.0097754840285446121 0.021408801360647 -0.10652936604478169 0.0055493088479122961 0.0081719838324583096 0.045433413203109625 0.06543015084481095 -0.073554016418624343 0.024983255769187286 -0.0046583926667197271 0.00092905067976949997 0.014316647930449664 0.033167896660716505 -0.10638059036091108 0.045141529849835577 0.044903414882293075 0.023340804855768605 -0.10617848363515509 0.0036153242737188384 0.031934033727096189
leaf_weight=70.194649214914534 347.70632019441109 45.661164113436826 1060.9792302382411 15.772198251215739 183.64327852544375 354.516075712163 828.11630137404427 45.065376815618947 846.96740883344319 260.33912500261795 319.72078265494201 260.64382661672425 26.480591346160509 59.013233264326118 185.75470491324086 59.45963258924894 636.75988636456896 21.037499417550862 6.1581473277183241 157.32082490168978 2.9893100992776445 5.6402834134642026 45.901051578694023 5.7431147405877701 95.596358829177916 410.49222639075015 146.83441910194233 156.29759071581066 211.9564831762109 227.09028616314754 440.32787429136806 445.40891087544151 7.3730706761125466 214.9153363450896 9.8611188970971835 940.05533196823671 5.4613836403004816 5.8320936791133127 55.948569972999394 38.103955264436081 29.168082668213174 176.55241452972405 107.29617890564259 373.79471715621185 5.9587662625126532 733.62641181191429 97.968221167568117 37.656377319712192 13.063323612790553 13.743132662260903 64.23173804837279 145.21629523299634 403.75256822828669 88.290940820006654 155.58861650689505 5.2622423111461094 8.9182246057316643 49.863190494244918 452.19922615040559 6.2110218952875575 416.61532447184436 117.19385418738239
leaf_count=2980 7268 17985 3444 788 1132 176947 5257 7003 440130 34042 9151 75382 994 4811 12745 1293 14164 7015 2655 32217 201 841 4010 1512 9699 9158 36582 842 33258 12338 148695 50599 1572 84525 982 465620 529 846 12720 16023 5864 1617 10645 4596 286 32929 9482 1207 71 2104 12294 32738 62403 9101 1606 209 214 576 6001 591 10967 1284
internal_value=0.000246591 -0.0274336 0.0215908 -0.0357032 0.0102084 -0.0466695 0.0340348 -0.0524579 -0.0541578 0.0015714 -0.00262358 -0.0570176 -0.0149324 -0.00753044 -0.000736979 -0.00515266 0.0256626 -0.0224451 -0.0289511 -0.0343625 -0.018338 -0.0028412 -0.00819115 -0.0115315 -0.0215233 0.0220666 -0.0231938 0.0463445 -0.0116597 0.0167046 -0.0365319 -0.000356879 -0.0234012 -0.0331605 -0.0312577 -0.0608545 -0.0197966 -0.00227788 -0.00753209 -0.033463 -0.0431025 0.0314175 0.00408231 0.0324266 0.00210473 0.0046463 0.0022991 0.0342724 -0.00334958 -0.00530643 -0.0016404 -0.0119264 -0.000478579 0.00786515 0.0160698 0.0122248 -0.031582 0.0131338 0.0192177 0.0152626 0.00849819 0.00983249
internal_weight=12765.3 5557.75 7207.56 4243.33 3764.35 2777.11 3443.21 2227.79 2182.73 2177.99 1830.29 2056.58 1466.22 1510.57 1314.42 1128.66 2049.38 967.524 737.038 642.589 711.967 1083 850.273 790.813 671.322 1586.35 549.316 1393.83 410.982 232.731 626.817 498.696 381.318 260.816 402.481 1787.02 315.386 120.501 126.143 392.62 469.496 332.85 113.128 1201.91 798.598 739.585 103.43 40.6457 472.215 459.152 230.486 166.254 409.496 94.4491 847.474 691.885 269.562 686.623 1402.71 992.219 540.02 533.809
internal_count=1954740 1750433 204307 1539718 171996 1234583 32311 1004049 997046 142863 135595 981346 305135 126444 210715 197970 26408 251367 199320 187564 88418 179985 166806 165513 87010 29133 230534 5903 52968 13179 186776 53768 101598 88535 193952 905750 43269 13063 15700 192970 154559 2459 11491 9853 38026 33215 10011 1408 52774 52703 52047 39753 63915 11756 16555 14949 75596 14740 28001 18843 12842 12251
is_linear=0
shrinkage=0.05


Tree=8
num_leaves=63
num_cat=0
split_feature=31 20 26 32 29 23 8 16 4 23 26 8 8 4 32 4 10 8 32 20 29 32 27 20 10 29 26 12 4 10 10 20 6 8 6 8 27 19 26 32 29 4 29 10 32 8 27 10 6 19 26 32 19 23 14 16 32 12 32 12 6 4
split_gain=2819.39 454.816 412.689 266.185 177.245 171.195 171.025 128.028 103.887 97.3785 87.8314 79.7875 73.2718 70.7064 56.945 73.9817 53.3391 47.3181 46.901 46.6894 42.7407 39.1526 37.8495 37.4171 47.4247 36.7777 35.7034 34.4514 33.1572 30.2102 29.8699 29.7573 37.1575 29.1125 43.5118 28.7177 28.0514 27.6917 30.5435 35.7733 41.0567 27.5322 27.4088 28.9087 27.2228 32.5772 25.9615 25.6523 24.8432 24.6591 24.6295 24.254 24.1007 24.0156 31.5476 23.9889 25.0247 23.8263 28.1055 23.0322 26.1378 33.4897
threshold=4.5000000000000009 17.500000000000004 64.500000000000014 0.52868160605430614 8.6680073738098162 0.015749008394777778 59.500000000000007 13.500000000000002 21.500000000000004 0.013606071937829258 51.500000000000007 7.5000000000000009 31.500000000000004 15.500000000000002 0.37785708904266363 23.500000000000004 10.500000000000002 6.5000000000000009 0.2168710678815842 76.500000000000014 14.195662975311281 0.38255397975444799 2.5000000000000004 2.5000000000000004 93.500000000000014 5.1929850578308114 74.500000000000014 7.5000000000000009 36.500000000000007 1.5000000000000002 9.5000000000000018 25.500000000000004 84.500000000000014 5.5000000000000009 1.5000000000000002 97.500000000000014 2.5000000000000004 0.014389234129339458 70.500000000000014 0.49611675739288336 6.3460805416107187 6.5000000000000009 14.409256935119631 20.500000000000004 0.54241874814033519 60.500000000000007 5.5000000000000009 55.500000000000007 3.5000000000000004 0.014815627597272398 86.500000000000014 0.75162878632545482 0.012579114176332952 0.014185110572725536 11.500000000000002 8.5000000000000018 0.43386816978454595 31.500000000000004 0.53708884119987499 20.500000000000004 42.500000000000007 5.5000000000000009
decision_type=2 2 2 2 2 2 2 2 2 2 2 2 2 2 2 2 2 2 2 2 2 2 2 2 2 2 2 2 2 2 2 2 2 2 2 2 2 2 2 2 2 2 2 2 2 2 2 2 2 2 2 2 2 2 2 2 2 2 2 2 2 2
left_child=2 5 3 4 6 11 13 33 22 21 12 28 53 -1 15 -4 36 -15 -11 -5 23 -10 -8 59 -25 47 42 -7 30 -12 -2 -18 -33 -3 -35 -21 -14 38 39 40 -31 -37 43 -16 45 -45 -28 -17 -26 57 -40 -30 -43 54 -9 -19 -57 -34 -59 -13 61 -61
right_child=1 7 14 19 -6 27 8 10 9 18 29 20 16 17 26 25 31 55 -20 35 -22 -23 -24 24 48 -27 46 -29 51 37 -32 32 49 34 -36 41 -38 -39 50 -41 -42 52 -44 44 -46 -47 -48 -49 -50 -51 -52 -53 -54 -55 -56 56 -58 58 -60 60 -62 -63
leaf_value=0.055172643762124773 0.03733043719413786 0.037035888157180737 0.041420969053781086 0.0096391121895148188 0.034066295188395296 0.050625836816986805 0.0096744671368030871 -0.10424081081373825 -0.062399639036358978 -0.070044940648346307 -0.066936578079663397 0.031853840703163543 -0.069689548422893544 0.014244143150842001 0.049244081836071429 0.017140829480225255 0.0028850004910934155 0.070707760128969899 0.012690171124014131 -0.0029447928767184785 0.041626258427971963 -0.049200755516435109 -0.046832062073776493 0.010760240724248658 0.051306882414061616 0.0026819406162414718 0.024004469834116825 0.029140481261740819 0.013957546258269841 -0.077963320996144392 0.019762890006216855 -0.043384829363153236 0.024004444555010176 -0.077715978533183946 0.016842785452390201 0.040469984438816192 0.028501321842196892 0.042854086635055078 0.02490389430761579 0.0059235823173211001 0.019878581191848231 -0.03174751037883828 0.055099142083693799 0.006598624379294986 0.0074338175720358134 -0.035298562842619112 -0.0057101669316924654 -0.053348441575016593 -0.055828318120088274 0.048898649741299496 -0.10633499818909108 -0.068442428528064855 0.029443527204120204 0.030776215680938052 -0.00093249718269870384 -0.04254122371036903 -0.018148292713103815 -0.069057177619852098 -0.013484221103493911 0.012885955053408485 0.02922847841420223 -0.082487403347407326
leaf_weight=30.055443489691243 1197.0079097221605 191.81966585433111 38.523220180999488 206.74520388105884 72.351827143807895 914.09956090664491 93.541518665966578 7.4778649846557519 1024.9954227974522 21.8220684932312 12.589946798514573 338.45408811769448 8.2166718947701138 70.280055861687288 20.68258436745964 14.262221985263748 64.814417933812365 5.8315833208616814 79.655889878515154 205.0829229161609 148.21372981206514 1243.4742112450767 43.377131857443601 1029.7295678853989 6.2671441170386961 50.491390367038548 291.49507283885032 234.42855667998083 129.87180442432873 27.880033817025833 303.2672621672973 303.90161935496144 25.432434239657596 12.345617613289503 835.61298482934944 14.885908595286308 63.375652556307614 63.638878460275009 252.48268621065654 539.47831351787318 17.422028817236423 346.6693560348358 18.002473971573636 67.374621344497427 120.07367764168885 149.00792915851343 98.294032788369805 135.81803437252529 39.613812372554094 14.541032881010322 3.6263062150683245 9.5897912508808059 16.874698806321248 60.673966037109494 627.85577056230977 230.15992959641153 193.57251770072617 32.115718922694214 78.025938942097127 21.269977057119831 41.442015449283645 16.226259287679568
leaf_count=551 7220 1493 579 45646 5351 2786 5404 479 533289 11541 623 4169 1457 6844 1292 2351 7885 127 12381 42621 1463 579549 11206 34290 134 5110 18677 2020 2373 5574 4022 62958 3575 459 19886 1475 4367 1448 7923 33129 716 155823 277 5758 18758 41280 10269 53346 4781 509 215 253 2594 1095 32431 68040 39727 8312 14006 304 1392 1127
internal_value=0.000284589 0.01921 -0.0293297 -0.0366902 -0.0432763 0.0296266 -0.0451191 0.00498368 -0.0505744 -0.053021 -0.00184027 0.0238108 -0.0102688 -0.0193105 -0.000743393 -0.022042 -0.0232248 -0.0237892 -0.00510139 -0.0107784 0.0160172 -0.0551646 -0.00822734 0.0134749 0.00854409 -0.0342312 0.00591393 0.0462404 0.0316115 0.00998236 0.0337793 -0.0288073 -0.0333317 0.0194453 0.0154661 -0.0180125 0.0172319 0.011053 0.00864626 0.00233994 -0.0403358 -0.0261782 -0.00509718 -0.00813153 -0.0116585 -0.0222531 0.0165113 -0.0466498 -0.0411941 -0.0129794 0.0230457 0.00829148 -0.0289072 0.000721749 -0.00214843 -0.0300117 -0.0313979 -0.0196162 -0.0296885 0.0261815 0.00186106 -0.0283863
internal_weight=12576.2 7672.81 4903.4 3899.38 3109.12 4429.48 3036.77 3243.33 2506.87 2369.95 2203.55 3280.95 1286.43 529.9 1004.03 239.095 590.423 499.844 101.478 790.258 1641.22 2268.47 136.919 1493 1075.61 200.572 764.93 1148.53 1639.74 917.118 1500.28 518.831 454.017 1039.78 847.959 583.513 71.5923 904.528 840.889 584.78 45.3021 378.43 375.141 357.139 336.456 216.383 389.789 150.08 45.881 150.115 256.109 139.462 363.544 696.008 635.334 429.564 423.732 135.574 110.142 417.392 78.9383 37.4962
internal_count=1954740 274874 1679866 1522169 1274010 66334 1268659 208540 1153370 1136760 186702 61528 137074 115289 157697 61386 103069 114738 23922 248159 47660 1112838 16610 46197 39205 60807 96311 4806 13868 49628 11242 97245 89360 21838 20345 202513 5824 49005 47557 39419 6290 159892 67365 67088 65796 47038 28946 55697 4915 26402 8138 2626 158417 34005 32910 107894 107767 25893 22318 6992 2823 1431
is_linear=0
shrinkage=0.05


Tree=9
num_leaves=63
num_cat=0
split_feature=31 8 26 31 22 22 32 4 29 29 32 4 21 8 26 8 12 29 1 8 18 32 4 26 26 27 26 29 6 4 32 1 21 11 29 17 15 18 4 2 4 2 21 6 32 4 27 29 13 26 8 1 6 27 32 29 11 26 29 32 4 6
split_gain=2632.05 415.082 393.485 239.059 151.689 142.293 125.738 115.647 80.1924 71.4446 84.5466 62.0102 60.9417 59.3776 54.3927 52.7203 45.7921 44.4723 52.4974 43.9221 39.3611 48.4495 38.9371 36.6788 35.5782 35.5088 32.9352 58.3861 52.5169 32.6182 32.368 30.6132 29.6277 29.3508 28.0709 27.5532 27.0324 29.6834 27.0162 31.2456 26.2929 33.6667 26.0581 26.0074 25.9332 28.3628 26.6334 25.2659 43.6537 24.0824 25.9437 24.1532 23.9293 23.9041 23.809 23.5979 23.1049 33.5309 22.99 22.8568 22.828 22.721
threshold=4.5000000000000009 15.500000000000002 61.500000000000007 2.5000000000000004 13.500000000000002 60.000000000000007 0.49757650494575506 14.500000000000002 5.4480543136596689 3.5120395421981816 0.63576439023017894 2.5000000000000004 0.015504807699471714 56.500000000000007 74.500000000000014 47.500000000000007 10.500000000000002 7.0326709747314462 0.013423423748463394 96.500000000000014 8.5000000000000018 0.52868160605430614 1.5000000000000002 43.500000000000007 58.500000000000007 3.5000000000000004 42.500000000000007 17.507888793945316 43.500000000000007 1.5000000000000002 0.60630142688751232 0.0066007319837808618 0.013245614245533945 0.012270400300621988 30.550145149230961 0.015749008394777778 0.013606071937829258 1.5000000000000002 19.500000000000004 28.500000000000004 3.5000000000000004 84.500000000000014 0.010811126790940763 30.500000000000004 0.50791454315185558 23.500000000000004 3.5000000000000004 15.583258628845217 0.0083683477714657801 75.500000000000014 27.500000000000004 0.013606071937829258 97.500000000000014 3.5000000000000004 0.37946680188179022 7.9144079685211191 0.011696306522935631 30.500000000000004 6.4336240291595468 0.36432370543479925 1.5000000000000002 100.00000000000001
decision_type=2 2 2 2 2 2 2 2 2 2 2 2 2 2 2 2 2 2 2 2 2 2 2 2 2 2 2 2 2 2 2 2 2 2 2 2 2 2 2 2 2 2 2 2 2 2 2 2 2 2 2 2 2 2 2 2 2 2 2 2 2 2
left_child=2 4 3 6 12 22 7 -1 13 10 16 -6 25 -9 17 38 -7 18 19 -4 36 31 -3 30 61 35 34 28 -28 -16 -8 55 -23 44 -27 -2 -17 -38 39 -5 -26 -42 53 -43 45 46 -21 -13 -49 50 52 -52 -24 -40 -31 60 57 -14 -11 -15 -22 -18
right_child=1 5 14 15 11 9 23 8 -10 58 -12 47 56 59 29 20 24 -19 -20 33 21 32 49 -25 40 26 27 -29 -30 54 -32 -33 -34 -35 -36 -37 37 -39 42 -41 41 43 -44 -45 -46 -47 -48 48 -50 -51 51 -53 -54 -55 -56 -57 -58 -59 -60 -61 -62 -63
leaf_value=0.0067331779349570457 0.029433147136398441 0.041140961651703271 -0.0041042569876721374 -0.11194454740858893 0.034362069161194969 0.0081949905010428592 -0.0398588218638933 -0.031405082076448328 0.01035276403350225 0.053518022733606632 0.004997923222557675 0.012121114036670429 0.043482909672845634 -0.06322385243299139 0.068627779540716374 0.042937268751510466 -0.035369216094445537 0.019731283395060195 0.044412422874550661 0.027887966334168443 0.062761430454335784 -0.017083461371443769 0.018356889221581251 -0.0070049434521086713 0.039941363779099646 0.031602095422926656 -0.0044205520932941089 0.037899424422548095 -0.11230270882808378 -0.015962523339748198 0.0079172404909090052 -0.05871217662051692 0.033968355027682189 0.040312549454763723 -0.10722476074255985 0.052873910923036484 0.021213742297109844 -0.052939749905245616 -0.040067043039169734 0.055795117615796398 -0.026551197980913661 -0.098242375717203512 0.027437755409929959 0.034734590728276629 -0.015026702269741697 -0.053805864844675311 -0.10794943135437501 -0.11188048747319988 0.045506942538373923 0.043655875231873455 0.0021692639208701742 0.024139630207237976 0.05349709128075765 0.00030144992339759804 0.012290620848474744 0.026496301163980523 0.046466238636598566 -0.11499204860310992 0.012931758046303869 -0.051714316782872319 -0.035370038245982102 -0.013322036789312576
leaf_weight=86.456039761775173 307.86432961816899 162.24155425815843 211.5132679711096 3.0153713957406572 487.20006794808432 143.4401793415891 273.78702209074982 255.91192205675179 49.805694736773148 39.269075168762356 754.3584455170203 1407.5362953749718 8.5991485649719817 825.61577440425754 22.303377219010144 34.933553796960041 399.71399343875237 91.80530091165565 31.902760774362832 20.127586918184537 6.0863940329290918 264.01656888867728 325.49427937855944 218.53127655689605 28.952795616351068 372.33150527952239 127.19667428499088 88.648502052994445 12.37863784865476 92.747134834877215 40.724844615673646 126.16206353556481 31.847614340367727 12.848634552443398 3.677200084552168 211.47544991818722 28.857414609519765 25.351552512031049 54.359184874803759 35.008220643387176 113.96187228604686 4.0156909003853789 52.883725333143957 43.584533860441297 93.120683477725834 178.75897833472118 4.3967717016348606 4.6203855103813103 94.847051640972495 68.754700232762843 529.11710000375751 163.82782667549327 56.918110738275573 112.70042802416719 380.41563794808462 18.0957487646956 1156.6639414210804 5.4553742711432269 312.99761473666877 903.31726283708122 225.4594263411127 165.13792450458277
leaf_count=4405 3036 1020 28400 373 3427 10017 133421 75717 6988 952 57097 34642 42 449496 61 1714 71845 5327 2682 575 102 76709 5586 80354 363 3301 1921 561 417 20982 16759 47732 3085 1664 74 824 1970 6855 8843 578 11513 705 2977 2821 29136 82851 618 186 940 1069 21629 2734 501 16695 28706 1118 3866 119 10057 467443 75530 23609
internal_value=0.000351716 0.0186733 -0.028581 -0.0365456 0.0289417 0.00537662 -0.0444487 -0.0499042 -0.0523109 -0.00298821 -0.00734461 0.0188553 0.0377087 -0.0538833 -0.00291859 -0.0159565 -0.0177036 -0.012495 -0.0178482 -0.0216624 -0.0225796 -0.0267227 0.0182178 -0.0227396 -0.0226216 0.0293906 0.0211499 0.00616629 -0.0139884 0.00953788 -0.0336725 -0.038638 -0.0115881 -0.0336713 0.0302444 0.0389782 0.00863808 -0.0134651 0.00357684 0.0424929 -0.00393686 -0.0118001 -0.00315094 0.0235163 -0.0368783 -0.0468882 0.00353479 0.0138422 0.0381961 0.0149672 0.0131329 0.00736355 0.0235871 -0.012834 0.00675257 -0.028493 0.045692 -0.0180304 0.0174561 -0.0572105 -0.0327906 -0.0289236
internal_weight=12413.1 7600.28 4812.87 3672.93 4288.49 3311.79 2654.15 2121.11 2034.65 2005.43 1653.17 1994.2 2294.29 1984.84 1139.94 1018.78 898.807 644.474 552.669 520.766 760.81 671.668 1306.35 533.043 755.367 1123.57 604.233 228.224 139.575 495.466 314.512 375.804 295.864 309.253 376.009 519.34 89.1425 54.209 257.967 38.0236 190.515 161.562 219.943 47.6002 296.404 203.283 24.5244 1507 99.4674 1144.11 1075.36 692.945 382.412 167.06 473.163 249.642 1170.72 14.0545 352.267 1728.93 231.546 564.852
internal_count=1954740 274874 1679866 1478864 53356 221518 1234583 1004049 999644 188979 177970 39195 14161 992656 201002 244281 120873 151253 145926 143244 214815 204276 32539 230534 110856 10134 6274 2899 2338 49749 150180 124482 79794 114844 3375 3860 10539 8825 29466 951 15402 15039 28515 3526 113180 84044 1193 35768 1126 31519 30450 24363 6087 25538 49688 76750 4027 161 11009 916939 75632 95454
is_linear=0
shrinkage=0.05


Tree=10
num_leaves=63
num_cat=0
split_feature=8 5 32 22 29 26 22 10 8 29 32 32 26 27 5 26 29 26 32 10 1 17 26 29 18 14 32 8 10 8 3 32 8 21 32 26 12 5 29 18 17 3 10 32 7 26 14 3 17 12 10 8 26 17 14 10 5 3 26 12 8 27
split_gain=2300.27 551.668 414.084 361.552 288.62 109.298 101.735 98.9659 91.8654 107.217 92.8056 61.1315 60.2868 68.6255 53.6794 53.1683 53.1087 49.0127 43.8311 39.439 38.7834 37.5164 30.7716 29.8931 29.6809 28.111 27.7745 26.9438 34.0536 26.9124 26.3645 35.7355 25.8184 25.6342 24.6721 24.633 24.5799 23.8001 40.2745 26.2022 23.3896 23.2323 22.8763 22.5586 25.3418 22.0226 21.7397 21.7005 21.5375 20.3709 20.3205 19.7145 19.514 20.5336 26.5225 22.707 44.3302 28.5162 48.7305 31.0896 35.2731 20.1953
threshold=45.500000000000007 0.011299795936793091 0.53708884119987499 15.500000000000002 4.7049660682678232 76.500000000000014 13.500000000000002 2.5000000000000004 2.5000000000000004 1.0000000180025095e-35 0.49321897327899938 0.37946680188179022 41.500000000000007 4.5000000000000009 0.014599318150430919 70.500000000000014 13.608949661254885 68.500000000000014 0.2168710678815842 37.500000000000007 0.013072453904896976 0.012903762981295587 59.500000000000007 9.1912436485290545 7.5000000000000009 18.500000000000004 0.50194659829139721 52.500000000000007 2.5000000000000004 1.5000000000000002 0.0088107436895370501 0.48061068356037145 1.0000000180025095e-35 0.0073801742400974044 0.58553785085678112 69.500000000000014 6.5000000000000009 0.014185110572725536 18.106333732604984 1.0000000180025095e-35 0.015749008394777778 1.0000000180025095e-35 68.500000000000014 0.80978047847747814 0.012121656909585001 49.500000000000007 60.000000000000007 0.0063492704648524531 0.015749008394777778 13.500000000000002 34.500000000000007 98.500000000000014 70.500000000000014 0.014185110572725536 17.500000000000004 3.5000000000000004 0.014389234129339458 0.015749008394777778 36.500000000000007 5.5000000000000009 25.500000000000004 2.5000000000000004
decision_type=2 2 2 2 2 2 2 2 2 2 2 2 2 2 2 2 2 2 2 2 2 2 2 2 2 2 2 2 2 2 2 2 2 2 2 2 2 2 2 2 2 2 2 2 2 2 2 2 2 2 2 2 2 2 2 2 2 2 2 2 2 2
left_child=3 2 4 7 5 6 18 32 36 10 15 -8 13 -4 17 -10 24 21 -2 -13 -12 26 23 43 -6 49 -3 -15 -29 47 -16 -32 -1 -26 -23 48 -5 38 39 -31 52 -28 -37 44 -11 -27 -43 -9 -14 -20 -18 -21 53 55 -55 56 61 59 -59 60 -57 -22
right_child=1 14 12 8 16 -7 11 29 9 22 20 19 35 27 30 -17 50 -19 25 51 40 34 -24 -25 33 45 41 28 -30 37 31 -33 -34 -35 -36 42 -38 -39 -40 -41 -42 46 -44 -45 -46 -47 -48 -49 -50 -51 -52 -53 -54 54 -56 57 -58 58 -60 -61 -62 -63
leaf_value=0.05442564629043356 -0.072206595478885471 -0.043229029465307961 -0.042002580644766307 0.036281047295584325 -0.088591074302896797 -0.0050867195894007382 -0.058985667758905347 -0.11719238646817443 -0.027486211907820048 -0.088217043419664146 0.00043765776520349268 -0.017208993476691792 -0.0024840294989170605 0.037791866486411266 0.037277548026616758 0.017086383148630861 -0.064624472194342517 0.029474529712342885 0.048902386271380292 -0.034913301103037662 -0.00059129862057056897 0.041710745740566157 0.038650057000704424 0.021869550685144845 0.0014581768974608477 0.051254655251366868 0.043613566063168532 0.053618686230813076 -0.015505995615637931 0.036436535419351941 -0.10679855905656524 0.015643843427901479 0.038763300894156923 -0.081377456561787687 -0.0078224644565565767 0.034512206378390663 0.017325474691171246 0.029464532932090726 0.04211826793584432 0.0084129083008546955 -0.11365699316747213 -0.09931502022083899 0.0014495531894135856 0.041082286467724251 0.0006747709782999159 -0.082252332527554178 -0.010736701946213791 0.040957720736246664 -0.064932878547605419 -0.019602320948586341 0.042905083064302137 -0.048943406838001989 0.039775807521499541 -0.10692038886091725 0.050072438036904254 -0.073195453640974018 0.034446277256668892 -0.11298524109777289 -0.0031115533253158393 0.013867945855010111 0.03247076674825513 -0.11095358637584188
leaf_weight=384.14621741254814 24.430463919648901 81.17321838461794 216.96100829844363 302.64683225285262 10.728885086718945 162.35856947489083 1062.0895964088268 2.1863981834612778 370.23800738982391 16.492341649951413 1252.7102453159168 130.97770987823606 588.7166511497926 32.963723899796605 180.30536338314414 81.661686699837446 4.6155856684781602 102.8121707693208 12.164101748028768 321.13972471212037 8.9764359570108372 50.460239825537428 255.08899608848151 195.53297641221434 172.76123418123461 32.516825559549034 19.209351400844753 19.281160829588771 234.64604377164505 96.674305563559756 6.0775419550482175 305.61264747998212 835.17061455175281 9.8732810446526837 50.098288577515632 92.624153785873204 393.22292116400786 713.33526573760901 134.46396239846945 608.0239830815699 3.5085489812772712 7.197231783065944 120.22648731828667 9.9756628768518549 15.603388324379919 3.4131052396260193 184.40732993627898 273.46495084883645 14.138157210545613 100.60599185852334 91.340616509085521 1136.3794112850446 75.473020774312317 2.8362135626375666 52.27912945416756 22.460754440398887 147.48156256892253 13.345165061764417 41.390343035804108 314.4711884475546 12.181148713920264 7.7019193186424664
leaf_count=761 14173 20855 65817 2042 1036 26236 568605 87 78949 1539 88335 36766 125882 2539 4749 4558 202 3665 238 100025 180 918 4237 3966 19157 2620 3351 322 73469 809 1399 12451 3793 1267 1578 3509 9228 6057 899 12420 118 947 13449 119 558 1629 32425 1464 781 14393 2134 562862 779 102 368 1034 1129 612 807 10324 333 478
internal_value=0.000112409 -0.0235469 -0.030833 0.0199947 -0.04036 -0.04498 -0.0472738 0.0326648 0.00925523 0.00533972 0.000989379 -0.0496993 -0.00718516 -0.0207834 0.0103615 -0.0194316 0.00732293 -0.00125725 -0.0101391 -0.0434904 0.00571015 -0.00930625 0.0265903 0.0136431 -0.00776791 5.81404e-05 -0.0183774 -0.0047364 -0.0102572 0.0253062 0.0220596 0.0132564 0.0436977 -0.00301994 0.0170333 0.00121431 0.0255696 0.0227499 0.0170421 0.0122573 0.0151174 -0.00880839 0.0158371 -0.0245904 -0.0450022 0.0385724 -0.014064 0.0397033 -0.00394858 -0.012213 0.0377328 -0.0458521 0.0157642 0.0128559 0.0419936 0.0100286 0.0257086 0.00365479 -0.0299001 0.00891567 -0.03604 -0.0515556
internal_weight=12225.1 5582.31 4594.95 6642.74 3275.4 2986.08 2823.72 3047.47 3595.28 2899.41 2406.72 2650.59 1319.56 503.852 987.353 451.9 289.32 495.358 173.13 1588.5 1954.82 392.546 492.693 237.604 193.363 148.7 291.987 286.891 253.927 1828.15 491.996 311.69 1219.32 182.635 100.559 815.705 695.87 1552.5 839.162 704.698 702.105 210.814 212.851 42.0714 32.0957 35.9299 191.605 275.651 602.855 112.77 95.9562 1457.52 698.597 623.124 55.1153 568.009 164.16 403.849 54.7355 349.113 34.6419 16.6784
internal_count=1955534 1719449 1637111 236085 1351343 1327547 1301311 26290 209795 198525 188106 1268258 285768 142147 82338 83507 23796 63739 33053 699653 104599 60074 10419 6182 21460 18880 57578 76330 73791 21736 18599 13850 4554 20424 2496 143621 11270 20185 14128 13229 16264 36723 16958 2216 2097 4249 33372 1551 126663 14631 2336 662887 16146 15367 470 14897 1787 13110 1419 11691 1367 658
is_linear=0
shrinkage=0.05


Tree=11
num_leaves=63
num_cat=0
split_feature=31 21 26 10 8 4 29 32 8 16 4 31 4 32 32 27 26 18 32 8 32 32 8 29 6 2 29 16 26 18 10 21 16 27 8 4 26 14 10 4 32 13 2 6 32 4 21 2 29 32 2 8 32 32 18 32 18 32 3 13 8 26
split_gain=2286.04 492.104 269.752 152.616 138.061 138.722 130.654 100.723 90.3678 81.3678 71.3757 70.1181 52.3286 53.152 52.5419 51.4093 49.1 45.359 44.2803 42.5816 40.5358 37.1226 34.956 35.1664 33.7664 32.6468 32.5946 31.7984 28.5836 29.5905 32.2755 26.7646 25.551 25.5452 27.0571 25.4824 50.6557 28.3263 25.4203 33.9644 25.3963 24.6559 22.936 29.3624 25.4992 32.1843 22.7623 34.5059 22.4594 21.8643 21.6685 20.5459 20.2708 20.1188 19.6113 20.8217 19.476 19.3848 33.0041 23.9804 34.9362 23.4708
threshold=3.5000000000000004 0.012739370577037336 62.500000000000007 2.5000000000000004 68.500000000000014 19.500000000000004 3.5120395421981816 0.49611675739288336 34.500000000000007 13.500000000000002 10.500000000000002 8.5000000000000018 34.500000000000007 0.51881268620491039 0.41831213235855108 3.5000000000000004 70.500000000000014 60.000000000000007 0.5253502130508424 3.5000000000000004 0.28395029902458196 0.27459469437599188 10.500000000000002 5.1929850578308114 14.500000000000002 52.500000000000007 7.9847960472106942 3.5000000000000004 37.500000000000007 60.000000000000007 15.500000000000002 0.012579114176332952 14.500000000000002 5.5000000000000009 2.5000000000000004 18.500000000000004 55.500000000000007 1.5000000000000002 53.500000000000007 8.5000000000000018 0.75162878632545482 0.012579114176332952 10.500000000000002 9.5000000000000018 0.65762609243392955 19.500000000000004 0.014815627597272398 2.5000000000000004 8.5572943687438983 0.50482434034347545 25.500000000000004 10.500000000000002 0.27124743163585668 0.58319926261901867 2.5000000000000004 0.36263500154018408 7.5000000000000009 0.48474165797233587 0.0066445916891098031 0.016001024283468727 9.5000000000000018 54.500000000000007
decision_type=2 2 2 2 2 2 2 2 2 2 2 2 2 2 2 2 2 2 2 2 2 2 2 2 2 2 2 2 2 2 2 2 2 2 2 2 2 2 2 2 2 2 2 2 2 2 2 2 2 2 2 2 2 2 2 2 2 2 2 2 2 2
left_child=2 6 4 19 20 -6 8 9 27 21 25 28 13 -4 22 16 -12 24 -19 46 -1 -7 -14 -24 -17 40 54 -2 29 -5 -31 51 -16 -22 -35 50 37 -37 -13 -40 -10 -20 43 -32 45 -44 47 49 56 -3 -21 -8 -26 -34 -11 -56 -9 58 61 -59 -61 -30
right_child=1 3 12 11 5 7 31 48 10 26 15 38 14 -15 32 17 -18 18 41 35 33 -23 23 -25 52 -27 -28 -29 57 30 42 -33 53 34 -36 36 -38 -39 39 -41 -42 -43 44 -45 -46 -47 -48 -49 -50 -51 -52 -53 -54 -55 55 -57 -58 59 -60 60 -62 -63
leaf_value=-0.055101972893298407 0.025883962993569255 0.05144534706295209 0.037611171283682354 0.041850678428542121 0.0059545814999863479 -0.047643998160114692 0.034261225004511564 0.044177332987330072 0.0052138274777630625 0.013939503255574998 -0.035655532648042956 0.027023543708575227 0.04063488625962744 -0.09853970692024025 0.051369397536839771 -0.081341901244169262 0.010355872421926317 -0.041725072916665579 -0.012868069555267115 0.0332810123505341 -0.020105488926323137 0.034120727349535349 -0.043270069198995974 -0.001050713437622465 -0.077507370882624466 0.041899492574640984 -0.0072827040493123468 0.0032300532861698158 -0.10475414356185327 0.006718197173535616 -0.0092998588569191739 -0.067063279513507587 -0.0086626558170005193 0.051431529495936795 -0.0042467711976953244 -0.12052917611310171 -0.1148601294017412 0.023076783982233319 0.023403925413091893 -0.077114431261074715 -0.099654874420935749 0.023097910596153428 -0.1032762753484688 -0.10470655998645001 0.019359805685707249 -0.01529176120959818 0.047394670457156785 0.031970141026880693 0.041413869901870883 -0.11416823760218993 -0.11185261670060441 0.016086124805485515 0.018560236236721855 0.016123250015394369 -0.06048001137023562 -0.049392817785103911 -0.029802112881144927 0.019623955813419254 -0.10147257836272533 0.012330882780013416 -0.10914422453592015 0.046526198084014467
leaf_weight=58.383491285145283 176.21191699709743 2.7644045986235124 94.79892311966978 36.130806711735204 140.92193479684647 21.26297183916904 210.02005318878219 9.0351856730412674 141.10225768969394 10.589257903397082 413.27391412993893 1579.5591485057957 17.340002245968208 7.7547314118128261 22.065600195899606 9.3546776743605715 67.443912890739739 126.9237270404119 330.66729234554805 594.54206668166444 322.83121054794174 39.989508487051353 196.37479859421728 65.865475038532168 5.6506246046628794 72.593274500686675 38.336831646971405 1280.9243527821964 3.1987652473617407 211.81297897663899 14.886923973681403 8.7602413268759829 400.87242786877323 24.669460047967732 188.89090602262877 3.6107875858433536 8.2143523562699539 70.089064290281385 21.503988966345787 13.794754390139131 6.0195239083841434 55.674594435142353 12.657276110025121 17.596825260203332 38.916551477508619 58.119864406064153 937.59903263114393 67.695753160398453 11.659161502728237 7.1406615348532796 2.5829493612982324 598.91573267837521 194.45945798431057 102.88395270472392 761.46066136832815 953.98651540360879 579.49890327535104 602.25587071909104 9.3776636552065593 17.343317547813061 8.9854450642596913 12.91847784584388
leaf_count=20782 1802 5 2753 671 15554 9963 2385 641 11350 1405 82016 17542 983 1639 1178 1156 3975 38321 68379 3941 78617 5897 78862 6587 2940 2090 4728 62144 552 6138 741 336 68504 891 48283 68 415 1370 219 700 597 7545 1571 2084 2139 6577 2662 422 974 170 153 18232 13065 12484 437083 502005 267221 21265 1467 239 641 415
internal_value=0.000198825 0.0156365 -0.0303441 0.0270296 -0.0372428 -0.0422725 0.00222459 -0.0450741 -0.00278297 -0.0509159 -0.0117445 0.0195568 -0.00632266 0.0273159 -0.0106059 -0.0165289 -0.0292002 -0.00810076 -0.0161027 0.0387579 -0.0155372 0.00573721 -0.0281198 -0.0326661 0.011507 0.0144616 -0.0528827 0.0059696 0.00945967 -0.00125188 -0.00565123 0.0198635 -0.00129378 -0.0112307 0.00218492 0.0290657 0.00291431 0.0160411 0.0260858 -0.0158787 0.000923099 -0.00768512 -0.024079 -0.0609828 -0.0131506 -0.0310263 0.0452408 0.0192166 -0.027305 -0.0679471 0.0326532 0.0208048 0.0158475 -0.00360054 -0.0538955 -0.0543143 -0.0286664 0.0158485 -0.0268921 0.017582 -0.029126 0.0165018
internal_weight=12120.8 8051.29 4069.47 4353.3 3161.52 2566.74 3698 2425.82 2880.3 1825.63 1423.16 2659.06 907.956 102.554 805.402 1203.45 480.718 722.73 513.266 1694.24 594.775 61.2525 279.58 262.24 209.465 219.715 1764.37 1457.14 1044.2 390.121 353.99 817.696 525.822 536.392 213.56 679.039 81.9142 73.6999 1614.86 35.2987 147.122 386.342 142.177 32.4837 109.694 70.7771 1015.2 77.6008 600.193 9.90507 597.125 808.936 200.11 503.756 1726.04 1715.45 588.534 654.08 25.4949 628.585 26.3288 16.1172
internal_count=1955534 388500 1567034 72167 1394044 1245471 316333 1229917 295380 961081 231434 62961 172990 4392 168598 217397 85991 131406 114245 9206 148573 15860 86432 85449 17161 14037 945221 63946 44500 19921 19250 20953 82166 127791 49174 5947 1853 1438 18461 919 11947 75924 13112 2825 10287 8148 3259 597 268836 175 4094 20617 16005 80988 940493 939088 267862 24579 2434 22145 880 967
is_linear=0
shrinkage=0.05


Tree=12
num_leaves=63
num_cat=0
split_feature=31 21 26 11 9 4 9 29 32 26 22 27 16 22 4 32 32 29 9 26 29 32 22 4 18 1 18 25 9 32 6 26 32 32 32 9 2 27 26 21 27 32 2 27 27 2 29 25 11 32 26 1 27 32 12 9 29 26 27 12 29 32
split_gain=2154.61 458.959 260.219 142.361 120.982 128.222 113.679 103.616 75.2411 73.2358 75.4998 62.3185 53.0853 52.8077 48.5856 55.2975 48.3499 45.1366 42.4865 40.6143 37.7735 37.2195 36.5456 34.1966 34.1292 33.8925 28.8963 27.4091 28.0312 27.0109 37.2689 25.7545 23.8916 23.8218 23.7763 23.1905 23.3281 22.9514 35.9946 29.0586 22.1082 21.8443 24.4486 34.318 21.6401 21.51 21.484 33.1389 21.9594 24.4284 26.0367 23.3598 21.3708 21.0707 20.7668 20.4783 20.4531 20.2856 33.6054 31.2711 33.5266 20.2822
threshold=3.5000000000000004 0.013072453904896976 64.500000000000014 0.015749008394777778 0.0062696540262550124 19.500000000000004 0.010582306887954475 4.4911658763885507 0.46705517172813421 58.500000000000007 18.500000000000004 1.5000000000000002 12.500000000000002 3.5000000000000004 34.500000000000007 0.41831213235855108 0.49906890094280248 7.9138329029083261 0.013072453904896976 51.500000000000007 10.679399490356447 0.62822863459587108 13.500000000000002 20.500000000000004 8.5000000000000018 0.013423423748463394 16.500000000000004 0.014599318150430919 0.015749008394777778 0.52369689941406261 19.500000000000004 80.500000000000014 0.18594219535589221 0.53708884119987499 0.2168710678815842 0.015268065501004459 29.500000000000004 7.5000000000000009 67.500000000000014 0.0078432578593492525 6.5000000000000009 0.61215010285377514 100.00000000000001 1.5000000000000002 5.5000000000000009 76.500000000000014 20.574560165405277 0.013793759513646366 0.012739370577037336 0.54425105452537548 4.5000000000000009 0.014185110572725536 5.5000000000000009 0.61215010285377514 1.0000000180025095e-35 0.0080322581343352812 4.8069019317626962 21.500000000000004 2.5000000000000004 1.5000000000000002 16.517488479614261 0.28395029902458196
decision_type=2 2 2 2 2 2 2 2 2 2 2 2 2 2 2 2 2 2 2 2 2 2 2 2 2 2 2 2 2 2 2 2 2 2 2 2 2 2 2 2 2 2 2 2 2 2 2 2 2 2 2 2 2 2 2 2 2 2 2 2 2 2
left_child=2 6 4 12 5 45 9 8 22 10 11 -2 -3 -5 44 32 18 23 20 26 61 24 34 41 -10 35 -8 28 31 30 -11 -14 -16 -25 -7 57 -37 -31 39 -39 -18 42 43 -12 -4 -1 47 48 49 51 -51 -28 -35 -49 -50 -33 -21 -15 -59 -60 -61 -6
right_child=1 3 14 13 16 7 19 -9 21 29 17 -13 27 25 15 -17 40 -19 -20 56 -22 -23 -24 33 -26 -27 46 -29 -30 37 -32 55 -34 52 -36 36 -38 38 -40 -41 -42 -43 -44 -45 -46 -47 -48 53 54 50 -52 -53 -54 -55 -56 -57 -58 58 59 60 -62 -63
leaf_value=-0.038696518384060283 -0.052669767694932867 0.02770462000726534 0.038292185353905328 0.047565962250102914 -0.059483394250279868 -0.066481747539821875 0.015544190610798612 0.0094548285529691203 0.038312018870593809 -0.10257842018335848 0.014400571837444623 0.012279729634809035 0.0054673655403594109 0.026486135727674151 -0.068136177017601232 0.00089235451754096379 -0.010700431709401104 0.016755691000125868 0.0017734849174694052 0.012783038815664387 0.059598326482492095 0.006739416412150475 -0.055455083098537895 -0.0431873309844297 -0.03895292203048064 0.036518016711159902 -0.037708468345914875 0.035443462485483378 0.025355252802324285 0.018504965580721736 -0.0029324777304457674 -0.10704351400017607 -0.02231462486743355 -0.031875361883438529 0.015625653365385416 0.030933147933124145 -0.12427989277281393 0.040161870083341676 -0.10258052497785607 -0.096012137344092099 0.022830715313556415 0.013573555266621729 0.032977779162528108 -0.0648409377186943 -0.027126910930311634 0.01232580763856328 0.04237926591259146 -0.012620122318213266 -0.11328476111318252 0.027163604745296679 -0.0080252029733124831 0.030939935060869492 -0.0081808033074281025 -0.10684326652156016 0.011160161746097051 0.056114026454328586 0.028620036787289083 0.035565439351763706 0.012261126255441769 -0.088492795902258267 0.024207704854525877 -0.031325169480189784
leaf_weight=24.979670582106337 41.384643943514675 1048.0096118218498 83.790518152411096 781.94688518671319 75.366802186472341 12.466982007957993 425.69979753473308 83.503679150948301 14.623931972542776 10.044826968107371 20.764504176098853 343.2790076371748 993.76126235688571 46.168365413090214 33.037263137754053 471.46600268071052 177.29311285517178 71.174188954057172 101.93167580955196 492.9863973131869 10.64509932650253 52.087053903145716 1357.0698706250405 223.26589349634014 630.16010067146271 594.82927258941345 91.914188820752315 122.69709049258381 260.96558318706229 385.86703877616674 142.53607440972701 2.0317370342090717 204.77353252499597 249.25861519877799 30.115113616455346 154.46686408203095 2.4593651471659532 17.764945748727772 10.277419554768128 5.0260235073510549 68.017498370725662 83.176129867322743 15.301268863026051 39.952778225648217 14.887242498109115 119.36158099491149 28.02951658796519 11.714857959188523 3.3893917584791771 66.131581229623407 256.29016275913455 14.323340536560861 153.92952895793132 12.022791578900067 307.1012006374076 35.993545814882964 347.62774930638261 23.661519939545542 22.117025578860193 28.868390959920362 8.5544361621141416 422.17953515064437
leaf_count=6905 8382 10091 2176 2058 32897 8399 7328 10279 1088 1612 2711 19760 41356 556 16242 67933 42405 3479 15980 17126 202 20058 779708 64990 327245 3345 10352 1511 2735 22105 14609 161 58137 54509 6692 932 82 937 1183 721 13630 10322 1174 11257 1457 8717 274 421 194 3225 18643 455 32770 631 9555 255 4770 312 320 1234 57 146884
internal_value=0.000233682 0.0152047 -0.0297881 0.0268052 -0.0362264 -0.042143 0.00283601 -0.0451648 -0.0473403 -0.00629217 -0.0131105 0.00529204 0.0191746 0.0381081 -0.00444961 -0.00902294 -0.0201499 -0.0213721 -0.0276874 0.0108805 -0.0335966 -0.0339163 -0.0540239 -0.0248262 -0.0372005 0.0297148 0.00504084 0.0128589 0.0107154 0.00851899 -0.00949245 0.00701261 -0.0286803 -0.0300848 -0.00841336 0.0155799 0.0285006 0.015079 -0.0248984 0.0101318 -0.00140322 -0.00413304 -0.0235068 -0.0377414 0.0284226 0.00349589 -0.000612432 -0.002192 -0.000324502 -0.0076592 -0.000807664 -0.028453 -0.0228292 -0.0603428 0.00980169 0.0473963 0.0193323 -9.29721e-05 -0.0148417 -0.0348738 -0.0627307 -0.0355905
internal_weight=11984.5 7996.76 3987.76 4126.53 3179.8 2324.37 3870.23 2180.03 2096.52 1813 1241.49 384.664 2463.46 1663.07 807.955 709.277 855.434 856.823 610.123 2057.23 508.191 696.871 1399.65 785.649 644.784 881.125 1216.62 1415.45 1292.75 571.516 152.581 1031.79 237.811 626.454 42.5821 286.296 156.926 418.935 33.0684 22.791 245.311 159.195 76.0186 60.7173 98.6778 144.341 790.917 762.888 739.15 428.659 322.422 106.238 403.188 23.7376 310.491 38.0253 840.614 129.37 83.2014 59.5399 37.4228 497.546
internal_count=1955534 388500 1567034 65005 1421089 1169091 323495 1153469 1143190 250521 209354 28142 56109 8896 145945 142312 251998 181212 195963 72974 179983 348391 794799 177733 328333 6838 51078 46018 44507 41167 16221 41772 74379 152269 15091 3493 1014 24946 2841 1658 56035 25464 15142 13968 3633 15622 43750 43476 42424 32675 21868 10807 87279 1052 9749 416 21896 2479 1923 1611 1291 179781
is_linear=0
shrinkage=0.05


Tree=13
num_leaves=63
num_cat=0
split_feature=31 10 26 8 4 8 23 26 4 29 29 8 23 23 26 28 8 0 23 29 10 28 29 26 6 8 31 23 10 0 4 10 6 2 16 2 29 3 10 20 2 28 31 4 0 20 16 8 29 24 4 14 26 0 18 0 16 26 16 24 26 2
split_gain=1986.19 425.878 247.929 139.207 99.9897 105.357 99.2218 62.846 61.9786 61.4615 58.7223 66.6992 57.5668 55.0006 51.9154 60.5372 39.2848 37.9862 37.8488 37.4978 37.4582 36.6456 45.9675 33.9137 33.8432 34.0863 33.5625 27.622 31.6663 34.2196 27.5347 30.6707 26.5801 25.4327 25.241 24.4999 23.4751 23.3111 23.3027 23.0129 25.0986 22.5845 22.166 30.1601 21.8167 20.8382 29.153 20.3591 27.1043 19.8988 19.6489 19.3028 19.0794 20.8159 19.0468 25.2398 23.025 29.2065 21.3936 18.998 18.8433 22.3962
threshold=3.5000000000000004 9.5000000000000018 52.500000000000007 65.500000000000014 7.5000000000000009 98.500000000000014 0.015038444194942715 54.500000000000007 35.500000000000007 10.721748352050783 1.0000000180025095e-35 65.500000000000014 0.013072453904896976 0.012903762981295587 69.500000000000014 2.5000000000000004 2.5000000000000004 14.500000000000002 0.014389234129339458 7.8693189620971689 1.5000000000000002 3.5000000000000004 10.833029270172121 76.500000000000014 24.500000000000004 6.5000000000000009 2.5000000000000004 0.014389234129339458 12.500000000000002 2.5000000000000004 21.500000000000004 63.500000000000007 8.5000000000000018 18.500000000000004 60.000000000000007 79.500000000000014 20.037433624267582 0.010811126790940763 21.500000000000004 17.500000000000004 57.500000000000007 5.5000000000000009 7.5000000000000009 5.5000000000000009 7.5000000000000009 72.500000000000014 1.5000000000000002 18.500000000000004 5.2609980106353769 5.5000000000000009 59.500000000000007 60.000000000000007 27.500000000000004 7.5000000000000009 18.500000000000004 20.500000000000004 14.500000000000002 39.500000000000007 2.5000000000000004 1.0000000180025095e-35 28.500000000000004 6.5000000000000009
decision_type=2 2 2 2 2 2 2 2 2 2 2 2 2 2 2 2 2 2 2 2 2 2 2 2 2 2 2 2 2 2 2 2 2 2 2 2 2 2 2 2 2 2 2 2 2 2 2 2 2 2 2 2 2 2 2 2 2 2 2 2 2 2
left_child=2 6 4 7 35 26 16 12 -4 13 11 -10 17 50 15 44 -2 42 19 33 -8 27 24 -13 25 -23 -6 28 29 -9 32 -32 -16 -17 51 -1 54 -27 -21 -18 -41 -28 43 -3 -5 -29 -47 -30 -49 -26 -7 -15 -20 -54 55 -19 57 -57 -56 -31 -14 -62
right_child=1 3 8 14 5 9 20 21 10 -11 -12 23 60 34 30 18 39 36 52 38 -22 22 -24 -25 49 37 41 45 47 59 31 -33 -34 -35 -36 -37 -38 -39 -40 40 -42 -43 -44 -45 -46 46 -48 48 -50 -51 -52 -53 53 -55 58 56 -58 -59 -60 -61 61 -63
leaf_value=-0.093589932305716786 0.030866340521101661 -0.11246919249570547 0.020956544301736907 -0.081769961013291412 -0.029364957859687013 -0.032061323516123626 0.045255139816570471 0.052617706643399043 0.0012752116590408133 0.028052270635264442 0.0097396067084792298 -0.033525826087077347 0.026134734966982522 -0.069948684312562043 -0.1140562191865595 0.006245454192130389 0.019432521901142683 -0.098793535890431494 0.039941366775647712 -0.10415888419290138 0.029324659738070094 -0.11594406956465209 0.028277950294711276 -0.0057164439028758972 -0.11373220192791474 -0.077390995840442164 -0.017410850050502531 0.052084060159310865 0.032456839858796931 0.063981760192902901 0.021636478681490781 -0.028143444968740435 0.042119675876880744 -0.023870920548430707 -0.026087462012681212 0.022194765102436207 0.030417645185432968 -0.0036928329022684401 0.02891430661289647 -0.0045060224000985491 0.025870613753133029 0.020381645000774155 0.018295207848086675 -0.0021364862328632785 -0.028006761497994137 0.040675070106277793 -0.11051144986755448 -0.00019148842206303678 0.035847333036618578 0.0081101264103095923 -0.050429289881464556 0.05807116411651108 -0.11849274215417188 0.0074329386855244307 0.056440632102402279 -0.10740957648394532 0.024207274065732965 0.010017473586713531 -0.011689490247162685 -0.092916934507980845 -0.01670494219070771 0.014181469809490175
leaf_weight=4.8462228623684487 621.32257210696116 7.0260129482485345 134.79707531165332 19.976188129512593 514.50579355133232 160.39731994050089 774.13703918620013 7.9280936094000962 267.16034491523169 27.631636874750257 200.91752199456096 562.01663687685505 278.12033375049941 3.4409435349516597 2.8267085812985888 88.190353061305359 996.55647913832217 5.152063568821176 54.166257563047111 3.4654056157451114 705.09332271839958 10.609742073225787 178.16490544751287 136.19848177407403 3.4055860862135878 13.596462911053093 110.07722608407494 130.7878633257933 302.31836280738935 2.2124932203441903 66.83388627669774 57.618424180196598 75.261468838201836 341.7703137336066 37.812636422575451 79.810049852821976 41.602232489967719 50.889596593566239 64.908387186471373 236.42065360071138 95.455437276279554 61.682959437719546 294.65367892954964 52.299344286089763 340.58937081356999 9.1506108893081528 4.8938835845328859 146.3698361988645 81.067448508227244 208.97822854598053 1578.0508931758814 20.407310676877387 3.3936333805322638 99.555595563724637 11.686144694685934 8.1098516378551739 103.62418836110737 15.257109363563357 822.55892230872996 15.0757189001888 68.442965575261042 411.9649727139622
leaf_count=1730 4190 667 9797 3461 183790 67852 2217 61 35722 1018 17445 256370 3832 1954 157 13282 16115 399 1425 337 5049 556 2339 25495 159 1383 23013 918 5027 8 2994 6966 1377 89101 15707 2133 522 1767 2963 10810 4887 8398 7982 3561 70140 78 267 9568 1293 10796 915841 769 190 6852 157 588 3725 447 79945 766 1097 8079
internal_value=0.000257241 0.0146192 -0.0289602 0.00451184 -0.0378808 -0.0396806 0.0278969 0.0098645 -0.0111431 -0.0459526 -0.0148531 -0.0199715 0.00473817 -0.0470886 -0.00992208 -0.01453 0.0204886 -0.0014099 -0.00547778 -0.0122242 0.0376617 0.0191917 0.00832254 -0.0281011 -0.00404478 -0.0328954 -0.0229762 0.0264239 0.0213493 -0.033394 0.0131927 -0.00141043 0.0364663 -0.0176937 -0.000681938 0.0155666 -0.00635824 -0.0192316 0.0221697 0.0156348 0.00423102 -0.00383871 0.012681 -0.0152034 -0.0309854 0.0458691 -0.0120067 0.023955 0.0126541 0.00615638 -0.0487346 0.0395998 0.0159204 0.00328191 -0.00794142 0.00969577 0.0140972 -0.0307373 -0.0107351 -0.0728375 0.0157773 0.00978113
internal_weight=11833.2 7933.49 3899.75 4504.5 2598.66 2514.01 3428.99 3285.95 1301.09 1827.74 1166.29 965.375 2120.5 1800.11 1218.56 1016.02 1949.76 1361.97 655.45 498.334 1479.23 1165.45 465.645 698.215 287.48 75.0958 686.266 699.804 554.972 25.2163 202.54 124.452 78.0882 429.961 61.6609 84.6563 1007.99 64.4861 68.3738 1328.43 331.876 171.76 353.979 59.3254 360.566 144.832 14.0445 529.756 227.437 212.384 1738.45 23.8483 157.115 102.949 966.388 132.143 126.991 23.367 834.245 17.2882 758.528 480.408
internal_count=1955534 388500 1567034 345232 1222205 1218342 43268 145987 344829 1003141 335032 317587 111001 1002123 199245 187751 36002 97993 114150 105683 7266 34986 17000 281865 14661 3706 215201 17986 16723 835 11494 9960 1534 102383 18430 3863 85783 3150 3300 31812 15697 31411 12210 4228 73601 1263 345 15888 10861 10955 983693 2723 8467 7042 85261 5159 4760 1035 80102 774 13008 9176
is_linear=0
shrinkage=0.05


Tree=14
num_leaves=63
num_cat=0
split_feature=31 31 26 4 10 32 4 8 8 16 26 28 4 29 8 13 32 20 29 32 32 16 8 18 32 8 26 29 20 24 29 20 32 2 14 2 32 10 26 18 2 18 2 32 26 20 8 26 26 32 22 26 2 32 13 13 8 8 18 8 29 0
split_gain=1900.26 402.573 227.317 122.039 118.775 110.902 112.975 90.7763 83.1513 66.3045 49.3937 47.3987 41.1668 37.7415 36.0877 35.6838 35.5597 34.9427 29.8795 29.4628 28.023 33.3639 27.8489 27.4725 55.42 27.5099 26.7715 25.4087 25.1082 24.9248 24.5274 23.9797 23.4691 23.3753 33.5412 23.1376 42.1109 24.0175 35.4228 25.1712 22.3004 22.0018 21.9923 21.1699 21.0711 25.0452 21.0187 20.9022 20.7135 20.6117 29.1164 20.5039 20.4685 20.3083 19.9281 19.6359 20.037 19.5423 19.4414 23.169 25.9579 19.3319
threshold=3.5000000000000004 8.5000000000000018 62.500000000000007 7.5000000000000009 2.5000000000000004 0.49611675739288336 11.500000000000002 82.500000000000014 45.500000000000007 13.500000000000002 77.500000000000014 1.5000000000000002 3.5000000000000004 7.8148722648620614 98.500000000000014 0.014599318150430919 0.17915332317352298 45.500000000000007 10.487998008728029 0.27459469437599188 0.63979858160018932 14.500000000000002 1.5000000000000002 17.500000000000004 0.46432569622993475 22.500000000000004 69.500000000000014 16.517488479614261 23.500000000000004 16.500000000000004 32.964424133300788 63.500000000000007 0.62822863459587108 72.500000000000014 4.5000000000000009 95.500000000000014 0.47773122787475591 3.5000000000000004 43.500000000000007 18.500000000000004 8.5000000000000018 1.0000000180025095e-35 20.500000000000004 0.46573501825332647 79.500000000000014 12.500000000000002 1.0000000180025095e-35 71.500000000000014 74.500000000000014 0.31373141705989843 1.5000000000000002 41.500000000000007 83.500000000000014 0.51881268620491039 0.016261236742138866 0.0094788861460983771 1.0000000180025095e-35 98.500000000000014 60.000000000000007 7.5000000000000009 10.679399490356447 60.500000000000007
decision_type=2 2 2 2 2 2 2 2 2 2 2 2 2 2 2 2 2 2 2 2 2 2 2 2 2 2 2 2 2 2 2 2 2 2 2 2 2 2 2 2 2 2 2 2 2 2 2 2 2 2 2 2 2 2 2 2 2 2 2 2 2 2
left_child=2 3 5 35 15 6 -1 10 28 19 13 44 -4 22 -7 31 -14 26 20 -10 21 -13 54 42 25 48 30 49 -8 -26 33 -3 -16 41 -35 36 -2 -38 39 -39 -12 55 -24 -43 45 -9 -17 -18 -25 50 -11 -20 -27 -40 -5 56 -6 -51 -30 -60 -61 -41
right_child=1 4 12 7 17 14 8 11 9 27 40 18 16 -15 32 46 47 -19 51 -21 -22 -23 23 24 29 52 -28 -29 58 -31 -32 -33 -34 34 -36 -37 37 38 53 61 -42 43 -44 -45 -46 -47 -48 -49 -50 57 -52 -53 -54 -55 -56 -57 -58 -59 59 60 -62 -63
leaf_value=0.011601170202384374 -0.11030308127590752 0.019801748122991875 0.049988519640794447 0.019668878434329042 0.053315087297432007 -0.0026813270701418141 0.040616247737899694 0.00099940672790997968 -0.045543164549613664 0.046076033747978015 -0.10997628609813018 0.0055443133984069762 -0.056640973385891108 0.021284810860936459 -0.029550474533983323 0.050589800516954268 -0.015066707687867751 0.0043881700419623288 -0.11090524011665129 0.028359685364049592 0.0089993093506854343 -0.025448852263182623 -0.048836115353874644 -0.097653767114558185 -0.1071177869230483 -0.071619397995617895 0.03903893720290097 0.035433401223196728 0.053957586302411001 -0.0018653110783380942 0.046536779583834127 -0.11522243388985709 0.0055955676352893871 0.016909167179501996 -0.10652115446920174 0.048224104334164498 0.028300001258538467 0.046733123422007028 0.054028901915619765 -0.0035823559923532124 0.033541497234682652 -0.10114073564336584 0.020135848911918455 0.017798958021294838 0.020063787029990694 -0.048357744199639757 0.036337323206392318 0.0012491925007998665 0.029200579264097755 -0.032567433845116692 -0.058810084762712891 0.029513030488187455 -0.0066889974356153558 0.016516232386053199 -0.12630042980535758 0.038189042272169405 -0.11647549027975837 -0.048616414660188512 0.0066065501774512708 -0.035482335792646633 0.060476028636532564 -0.045489195391905005
leaf_weight=98.507527544803452 6.418654531473293 182.34258436691016 31.699003716930747 184.84907491621561 2.9663482699543238 241.64611572376452 17.693053163820878 30.555067708715796 20.035471948795021 6.7028275374323121 2.7553093468304715 115.48673531296663 36.045395449968055 223.3107827519998 473.28805665578693 382.19668472721241 348.24449708440807 334.70955658517778 2.7133343033492556 41.257589720422402 123.88690107874572 349.97258694341872 12.377748297760261 25.967147537041459 5.6476387195289126 16.392727048601955 202.85653213597834 8.931883655022828 8.3453351976349932 1391.0106697032461 83.150691923219711 3.3486048658378413 52.797728473553434 14.137373175472023 9.0128363731782866 65.094560166355222 346.35603121598251 20.288802050054073 42.162337262649089 133.461602228228 153.45049105235375 3.7496031662449232 174.41049662441947 1658.3290387259331 15.510210058419032 161.81474465050269 800.44778102030978 449.88022650804487 3.6731806062161914 232.92963924224023 514.96884596184827 62.094607443083078 46.758423818508163 250.06541737681255 2.3681622468866399 191.27029530028813 4.1946788816712788 1021.5490027145715 49.871332630398683 180.40273639449151 7.334153374657034 34.6683683632873
leaf_count=4735 1227 1750 262 3263 6 56324 959 2593 9972 469 160 10996 17368 5552 232605 757 94064 9195 417 5970 19421 88869 595 3530 345 4188 1967 264 345 117517 417 151 20235 253 672 890 2985 255 550 7058 2718 207 5407 26318 632 43928 3651 61296 62 92500 312699 1613 7205 6774 72 1127 137 593494 6077 57321 75 3070
internal_value=0.000341563 0.0144043 -0.0284866 0.00328649 0.0258977 -0.0350464 -0.040737 -0.00140953 -0.0431804 -0.0469311 0.00389046 -0.0151999 -0.00593851 0.00186042 -0.0186763 0.0377438 -0.00806377 0.0194252 -0.00859053 0.00420233 -0.0121341 -0.017759 -0.000467341 -0.00251011 -0.00477691 -0.042195 0.0217449 -0.0486868 -0.0169134 -0.00229092 0.0199612 0.0173668 -0.0260232 0.018788 -0.0311447 0.0195146 0.0172722 0.0182624 0.0110292 -0.00587513 0.03101 0.0194094 0.0155653 0.0175306 -0.035998 -0.0405181 0.0409433 -0.0058699 -0.0819333 -0.0491099 -0.0574624 0.0236341 -0.0235436 0.0219285 0.0178225 0.0351457 -0.0461423 -0.0456365 -0.0210519 -0.0236864 -0.0317336 -0.0122235
internal_weight=11718.4 7876.23 3842.13 4003.52 3872.71 2976.26 2208.53 3105.01 2110.02 1846.38 2242.97 862.034 865.869 2086.77 767.732 1368.34 834.17 2504.38 654.154 61.2931 589.346 465.459 1863.46 1676.24 1489.45 92.7915 2169.67 1785.08 263.647 1396.66 1966.81 185.691 526.086 1883.66 23.1502 898.516 833.421 827.003 480.647 188.419 156.206 1860.51 186.788 1662.08 207.88 192.37 1182.64 798.125 29.6403 1776.15 521.672 64.8079 63.1512 292.228 187.217 198.431 7.16103 1254.48 245.954 237.608 187.737 168.13
internal_count=1955534 388500 1567034 341892 46608 1394044 1084880 319083 1080145 1015368 150614 168469 172990 147736 309164 6309 172728 40299 121316 15942 119286 99865 142184 138849 132847 14985 31104 999426 64777 117862 29137 1901 252840 28720 925 22809 21919 20692 17707 10383 2878 27795 6002 26525 47153 46521 4408 155360 3592 999162 313168 2030 11393 7324 3335 1270 143 685994 63818 63473 57396 10128
is_linear=0
shrinkage=0.05


Tree=15
num_leaves=63
num_cat=0
split_feature=31 20 26 31 16 4 29 10 26 8 29 4 32 32 8 8 16 8 4 8 4 32 26 8 18 0 8 18 20 32 32 29 8 0 2 20 4 2 0 32 8 4 10 26 32 28 11 10 22 10 24 31 26 28 16 2 4 2 20 22 18 28
split_gain=1887.57 335.998 256.484 121.874 109.159 88.3972 70.4886 67.6856 68.1665 67.264 65.965 74.5738 69.021 60.5111 56.6731 37.5115 38.4362 36.8361 36.308 34.4154 39.5775 31.2086 30.5489 31.0757 35.3708 35.288 29.1452 30.8117 28.5204 28.2726 38.5024 27.8474 26.9988 26.8478 41.5932 28.4466 26.7371 24.6075 42.953 23.2529 23.0854 22.6739 21.6813 39.5824 20.9209 20.839 20.6687 25.6364 20.6282 20.2259 20.2145 20.1476 18.9651 18.7585 24.7023 43.8126 18.7341 18.6283 23.6785 18.4235 18.108 17.986
threshold=4.5000000000000009 5.5000000000000009 53.500000000000007 2.5000000000000004 13.500000000000002 15.500000000000002 5.4480543136596689 31.500000000000004 48.500000000000007 2.5000000000000004 1.0000000180025095e-35 17.500000000000004 0.41978228092193609 0.60630142688751232 98.500000000000014 39.500000000000007 3.5000000000000004 56.500000000000007 9.5000000000000018 56.500000000000007 10.500000000000002 0.34392976760864263 59.500000000000007 7.5000000000000009 9.5000000000000018 21.500000000000004 96.500000000000014 18.500000000000004 11.500000000000002 0.51092803478240978 0.61215010285377514 16.774769783020023 21.500000000000004 97.500000000000014 61.500000000000007 10.500000000000002 41.500000000000007 17.500000000000004 36.500000000000007 0.53028753399848949 88.500000000000014 34.500000000000007 6.5000000000000009 11.500000000000002 0.38729365170001989 1.5000000000000002 0.011561079882085325 1.0000000180025095e-35 8.5000000000000018 8.5000000000000018 1.0000000180025095e-35 5.5000000000000009 54.500000000000007 1.5000000000000002 2.5000000000000004 3.5000000000000004 33.500000000000007 46.500000000000007 17.500000000000004 13.500000000000002 2.5000000000000004 1.0000000180025095e-35
decision_type=2 2 2 2 2 2 2 2 2 2 2 2 2 2 2 2 2 2 2 2 2 2 2 2 2 2 2 2 2 2 2 2 2 2 2 2 2 2 2 2 2 2 2 2 2 2 2 2 2 2 2 2 2 2 2 2 2 2 2 2 2 2
left_child=2 9 3 5 31 -1 13 22 19 60 11 61 17 14 21 41 -17 -13 -11 20 -9 49 23 24 -6 -26 56 -28 -18 -27 46 32 53 45 35 -35 -19 42 -39 -10 -37 -5 43 -32 -16 -24 52 -48 -21 -7 -34 -47 -31 54 -3 -56 -14 58 -22 -46 -2 -4
right_child=1 4 10 15 7 6 -8 8 39 18 -12 12 26 -15 44 16 28 36 -20 48 57 -23 33 -25 25 29 27 -29 -30 30 37 -33 50 34 -36 40 -38 38 -40 -41 -42 -43 -44 -45 59 51 47 -49 -50 -51 -52 -53 -54 -55 55 -57 -58 -59 -60 -61 -62 -63
leaf_value=0.0056206682153237724 0.048267656741390275 0.047029922398317901 0.040112076244449034 0.037903901525982643 0.04268564500650314 0.083737003669712956 0.022666562445035759 0.026183168743398273 -0.014705032996427206 0.028989664382606778 0.014564382201998191 -0.0039876181828405561 -0.10353462181552103 0.0080985357391442862 -0.056675889917655931 0.024561713263963371 0.019009181491722708 0.016442207863463992 0.011791759611571315 0.023003990089956673 -0.076565356695910122 -0.022799520085214551 0.042647104226231018 4.9748083184774124e-05 0.021562582029615335 0.033485168515132217 0.047970321428663226 -0.02004117646400376 -0.029130131269207826 -0.11099092790570422 0.031446393213696064 0.033577775871442818 -0.11545771589559695 -0.11421760733035856 -0.090861001261104857 0.026249394815408701 -0.047332521442160436 0.015556037047871219 -0.10706865542306823 0.0096709305948600773 -0.10401209257950456 -0.0061442912006683843 0.027796401962333579 -0.11537690855939049 0.04556469188007848 -0.10604946107677463 0.039911434135057371 -0.11598568193815949 -0.035977090073452907 -0.053837791759313781 0.0081918123695715241 0.019063342069343851 0.07439628231820096 0.016484300456642238 -0.10849094991993574 0.023507510343251548 0.0045215099446403477 -0.0040027633061973412 -0.02019832439055454 -0.04518631935288691 0.035150433113687957 0.0010213432224046592
leaf_weight=100.92528239777312 427.81811054144055 140.93135395343415 71.792296703904867 36.021539651206695 98.096010951790959 2.7267998738680026 40.85250637808349 68.790084309410304 118.7545985232573 1039.1774809688795 264.35577806725632 75.023777069000062 4.0636405756231389 54.823260400211439 669.43389019044116 39.472000382957049 32.59794886992313 17.517612073337659 435.51416566735134 15.851689176168291 21.633933654637076 356.46672155731358 138.64535436732695 861.87533461174462 229.96936006343458 31.175221588695422 17.396590411313809 389.56316699110903 548.02508854691405 2.1131141050718751 10.09255373477936 269.67337328684516 3.3254454107955089 4.27467709314078 11.815168497385455 60.883382738102227 265.81371870642761 14.695567738497632 13.892260269029064 555.37703191360924 3.6025623893365255 154.61776664340869 51.256199501571245 8.4201776660047454 5.6351168010151005 3.2788156045135102 3.0670741284266141 18.809036090504378 228.74461396946572 131.94599046971416 547.22634067176841 172.92620176263154 3.9739070720970631 545.81493246625178 6.6392648001201442 118.27812670171261 310.75027057039551 167.44195479061455 134.24007247400004 740.46014582796488 683.37072908389382 49.863236784003675
leaf_count=5702 931 566 1015 1462 661 87 5078 2865 12938 9257 19764 12566 672 23855 434373 3254 4697 2431 11310 1030 2119 124551 2241 55919 3112 547 2684 132367 186740 185 79 2248 222 307 1085 1497 139693 367 931 34002 526 19235 885 339 1237 536 40 1123 60189 58349 17742 4655 22 7467 186 1480 37619 17691 13959 459061 3380 3871
internal_value=0.000823541 0.0164428 -0.025106 -0.0336882 0.0084583 -0.0400367 -0.042338 0.00287938 -0.00570409 0.0309107 -0.0080486 -0.0130228 -0.0172028 -0.0436919 -0.045181 -0.0172184 -0.0231817 -0.0351405 0.0239107 -0.0174365 -0.00825522 -0.0305465 0.00933514 0.0057491 0.0158655 0.00907536 -0.00829685 -0.0171338 -0.0264274 -0.00915809 -0.0196823 0.0188979 0.0159918 0.0215548 -0.00419902 0.0106921 -0.0433895 -0.00496359 -0.0440335 0.00537688 0.0189722 0.00217867 0.0110453 -0.0353335 -0.0502587 0.0281456 -0.0714534 -0.0941286 -0.0321547 -0.0510522 0.00744494 0.0167352 0.010039 0.0217892 0.0326807 0.0164919 0.00312671 -0.0155825 -0.0280216 -0.0445009 0.0402007 0.0240899
internal_weight=11651.6 7271.47 4380.14 2914 4685.58 2103.27 2002.34 3053.7 1310.83 2585.88 1466.14 1201.78 1080.13 1961.49 1906.67 810.734 620.095 358.355 1474.69 636.702 392.106 491.14 1742.86 1347.44 485.56 387.464 721.774 406.96 580.623 157.495 126.32 1631.89 1362.22 395.426 80.5758 68.7606 283.331 98.3568 28.5878 674.132 64.4859 190.639 69.7689 18.5127 1415.53 314.85 27.9631 21.8761 244.596 134.673 550.552 176.205 6.08702 811.664 265.849 124.917 314.814 323.316 155.874 746.095 1111.19 121.656
internal_count=1955002 274639 1680363 1327681 249761 1112293 1106591 219850 144793 24878 352682 332918 328032 1101513 1077658 215388 194691 154690 20567 97853 36634 182987 75057 64210 8291 7630 173342 135051 191437 4518 3971 29911 27663 10847 3415 2330 142124 2601 1298 46940 2023 20697 1303 418 894671 7432 1370 1163 61219 58436 17964 5191 207 9699 2232 1666 38291 33769 16078 460298 4311 4886
is_linear=0
shrinkage=0.05


Tree=16
num_leaves=63
num_cat=0
split_feature=31 8 26 31 25 4 10 29 4 8 16 32 32 4 32 29 22 8 26 10 19 20 32 8 26 20 10 26 32 6 10 15 12 4 4 27 16 6 27 10 4 19 6 8 20 10 26 26 8 26 16 3 2 20 2 20 20 29 22 27 4 4
split_gain=1784.61 323.132 229.626 131.194 75.6616 83.8409 74.1892 67.8399 66.7808 81.6884 51.4153 60.4103 47.454 44.9713 50.3355 54.6251 44.5758 43.1373 39.8217 37.3781 36.7119 35.9441 32.092 26.0572 25.1083 25.098 24.7315 27.1154 24.5692 23.4287 23.4079 23.0346 22.8096 22.3713 21.7913 21.038 20.9953 37.643 25.6261 28.0452 20.9713 20.707 20.5155 23.4793 25.9269 19.7166 19.516 21.8694 19.3 20.3727 27.4346 18.8796 18.6551 18.6416 23.1241 19.3075 23.1334 18.584 19.2589 18.3301 18.1761 20.4889
threshold=4.5000000000000009 8.5000000000000018 61.500000000000007 2.5000000000000004 0.012739370577037336 2.5000000000000004 7.5000000000000009 5.4480543136596689 46.500000000000007 98.500000000000014 18.500000000000004 0.53195005655288707 0.60630142688751232 12.500000000000002 0.53370988368988048 10.569746971130373 2.5000000000000004 56.500000000000007 70.500000000000014 41.500000000000007 0.014389234129339458 11.500000000000002 0.49906890094280248 6.5000000000000009 79.500000000000014 14.500000000000002 10.500000000000002 52.500000000000007 0.39490665495395666 100.00000000000001 100.00000000000001 1.0000000180025095e-35 33.500000000000007 34.500000000000007 91.500000000000014 7.5000000000000009 1.0000000180025095e-35 3.5000000000000004 3.5000000000000004 4.5000000000000009 1.5000000000000002 0.016261236742138866 96.500000000000014 22.500000000000004 33.500000000000007 1.5000000000000002 19.500000000000004 58.500000000000007 20.500000000000004 62.500000000000007 8.5000000000000018 0.013986697886139156 11.500000000000002 14.500000000000002 100.00000000000001 79.500000000000014 100.00000000000001 8.6680073738098162 15.500000000000002 2.5000000000000004 86.500000000000014 56.500000000000007
decision_type=2 2 2 2 2 2 2 2 2 2 2 2 2 2 2 2 2 2 2 2 2 2 2 2 2 2 2 2 2 2 2 2 2 2 2 2 2 2 2 2 2 2 2 2 2 2 2 2 2 2 2 2 2 2 2 2 2 2 2 2 2 2
left_child=2 6 3 7 5 -3 16 8 40 22 31 26 28 29 15 19 -2 33 25 -15 21 -19 -10 -21 52 60 27 45 -11 -4 -6 -7 -16 -5 -34 -35 38 41 -33 -40 -1 51 43 44 -28 -12 -41 -48 -32 50 -50 -38 -25 -26 -55 -56 -57 -23 -59 -46 61 -13
right_child=1 4 13 17 30 10 -8 -9 9 12 11 18 -14 14 32 -17 -18 20 -20 23 -22 57 -24 24 53 -27 42 -29 -30 -31 48 36 34 35 -36 -37 37 -39 39 46 -42 -43 -44 -45 59 -47 47 -49 49 -51 -52 -53 -54 54 55 56 -58 58 -60 -61 -62 -63
leaf_value=0.032054868682796202 0.043277212179008269 0.022889892982119249 -0.11353717826416168 0.029822090284759507 0.023412842411436645 0.021400637903539785 0.01741779298386089 0.012749192917991906 -0.031717740757178529 -0.055559352907565578 -0.10954442529659279 0.0042897317091654319 0.00034022488269122429 0.019927842408324917 -0.092286163519086112 0.031560403175728578 0.028045042239407861 0.019190204970101991 0.021789245659176556 0.026807262225047559 0.008866058029260708 -0.0324542608506471 -0.00359611939820272 0.055105342200693554 0.050568841785937582 -0.0082067068367023942 -0.094455813726939522 -0.098830414512680959 -0.042674446934437095 0.034602112267930814 -0.11672857704442151 0.045312385131328022 -0.020085795107364114 -0.013444876310046511 0.018518987328164132 0.023553622001300747 -0.030267623702536529 0.0036380517355507277 -0.12872941441226213 -0.11982234866189878 -0.016028669764594005 0.03853320502747376 -0.012755409048552586 -0.053246253333187422 -0.065423374281645325 0.024920153998371303 0.027801745527426154 -0.11341373346256139 0.0016766744716135166 0.020160632360634305 -0.108880805987406 -0.11671001343739391 -0.032819096161754713 -0.095418528982344181 -0.076980377705733544 0.063354697948286839 -0.0095063826253881326 -0.11848716890685669 0.034043604249712207 0.031523590945705636 0.0296966667122141 -0.053996136195214865
leaf_weight=27.416027389466763 756.15870784898289 472.64312742021866 2.7554495190270236 53.38793407776393 714.32442833436653 288.33468855498359 1075.5565245725447 65.157121651805937 434.21098017762415 726.11447566002607 2.8955060010775915 363.04838156944606 50.402498660841957 55.982237879768945 5.3020007293671361 58.275785194477066 1316.5773006568197 38.990604045568034 174.59582020691596 25.20624187681824 81.035613024840131 504.32185533328447 132.38091969210654 6.1254699514247468 12.829031189437954 936.60023683204781 7.0343261897796756 5.620445596985518 754.30743255955167 85.070061353733763 3.761573282070457 62.794235413894057 43.41692774114199 190.49315087113064 231.27247422304936 48.12901056651026 13.04261931078509 519.35498665308114 4.0853624902665606 2.774530283175408 131.16601305291988 5.075330574065446 90.497099137981422 121.49542872281745 6.0999316445086178 46.622484985855408 36.935064126271755 2.9614774493966243 16.208609220106158 43.641959584318101 8.5824586790986341 12.248483528848736 398.69387299008667 7.9173984802328041 9.1341310397256148 12.276342249766456 96.750811344594695 2.3399917257484075 17.899702497059479 24.293717328459024 69.43713034177199 15.730908836005254
leaf_count=426 2243 7552 284 2494 12111 8683 19818 8162 169482 489577 440 16054 23518 6337 1729 1822 10140 4971 5406 1130 10543 191714 36547 326 251 114567 1052 886 472480 1600 203 459 9370 28687 27297 4643 530 15703 98 117 34264 57 13178 31428 614 2473 530 242 623 1110 961 484 131214 1658 1589 634 16198 183 1233 1557 3336 1984
internal_value=0.000845537 0.0160442 -0.0246187 -0.0311749 0.00674122 0.00340535 0.0280729 -0.0375486 -0.0390013 -0.0413667 0.000129883 -0.0046911 -0.0473699 -0.00429705 -0.00742018 -0.0147375 0.0336019 -0.015379 -0.000713133 -0.019055 -0.0226014 -0.0271262 -0.0251473 -0.0228909 -0.0251948 -0.0035502 -0.0250592 0.00524465 -0.0489942 0.0299544 0.0206706 0.0096129 0.0104345 0.000563664 0.0124172 -0.00598245 0.0044575 0.000474275 0.0244452 -0.00357961 -0.00771588 -0.0536356 -0.0317584 -0.0425794 -0.00795357 0.0170575 0.00840233 0.0173195 -0.00646201 -0.000400961 -0.0365974 -0.0721317 -0.0314887 -0.00685241 -0.0126953 -0.00715239 -0.0013023 -0.0305689 0.0164089 0.0120666 0.0061801 0.00186909
internal_weight=11527.8 7219.03 4308.76 3257.75 4070.74 3284.22 3148.29 2321.16 2256 2097.42 2811.58 1863.97 1530.82 1051.01 963.183 683.191 2072.74 936.598 1559.41 624.916 644.588 563.552 566.592 568.933 543.727 1384.82 304.559 55.1384 1480.42 87.8255 786.519 947.607 279.991 292.01 274.689 238.622 659.272 549.721 109.551 46.7564 158.582 30.3664 249.421 158.923 37.428 49.518 42.6711 39.8965 72.1946 68.433 24.7911 25.2911 404.819 138.908 126.079 118.161 109.027 524.562 20.2397 30.3936 448.216 378.779
internal_count=1955002 274639 1680363 1478924 242438 227430 32201 1234456 1226294 1191604 219878 192975 985575 201439 199555 161159 12383 244468 141347 159337 208644 198101 206029 153000 151870 135941 51628 3799 962057 1884 15008 26903 38396 35824 36667 33330 18220 16774 1446 987 34690 1071 47829 34651 3223 2913 889 772 2897 2694 1584 1014 131540 20330 20079 18421 16832 193130 1416 2171 21374 18038
is_linear=0
shrinkage=0.05


Tree=17
num_leaves=63
num_cat=0
split_feature=31 10 26 31 18 20 26 12 8 8 8 18 20 16 26 16 8 26 8 27 24 6 22 22 26 24 14 26 26 0 8 10 24 0 6 0 26 0 20 2 8 10 24 0 6 16 26 16 24 8 6 27 21 20 0 2 12 2 10 27 22 10
split_gain=1651.31 279.168 231.07 124.098 104.458 71.2941 56.8828 55.8124 46.7506 43.7091 36.8997 34.7146 28.2294 27.7311 25.2264 23.913 23.8001 23.3047 34.104 23.5182 23.5007 22.7442 21.8334 20.8835 20.8449 19.1263 18.9414 18.9264 19.6156 19.0487 28.6494 20.0651 18.6198 18.3253 18.18 21.0156 18.562 17.1595 16.9451 21.6915 16.4191 20.1902 16.3646 16.6575 16.1995 16.0268 15.885 15.659 15.5655 15.3013 20.1854 15.3 34.3616 16.028 15.0343 20.6332 19.0269 14.9782 14.9483 18.4513 14.932 14.706
threshold=4.5000000000000009 4.5000000000000009 61.500000000000007 2.5000000000000004 60.000000000000007 22.500000000000004 51.500000000000007 6.5000000000000009 98.500000000000014 25.500000000000004 56.500000000000007 8.5000000000000018 11.500000000000002 5.5000000000000009 80.500000000000014 1.0000000180025095e-35 8.5000000000000018 54.500000000000007 18.500000000000004 3.5000000000000004 1.0000000180025095e-35 1.5000000000000002 5.5000000000000009 5.5000000000000009 52.500000000000007 17.500000000000004 14.500000000000002 49.500000000000007 29.500000000000004 26.500000000000004 78.500000000000014 1.0000000180025095e-35 5.5000000000000009 13.500000000000002 50.500000000000007 60.500000000000007 57.500000000000007 1.0000000180025095e-35 6.5000000000000009 36.500000000000007 58.500000000000007 20.500000000000004 8.5000000000000018 11.500000000000002 100.00000000000001 2.5000000000000004 50.500000000000007 6.5000000000000009 1.0000000180025095e-35 1.5000000000000002 8.5000000000000018 7.5000000000000009 0.013606071937829258 17.500000000000004 4.5000000000000009 42.500000000000007 13.500000000000002 44.500000000000007 17.500000000000004 7.5000000000000009 5.5000000000000009 16.500000000000004
decision_type=2 2 2 2 2 2 2 2 2 2 2 2 2 2 2 2 2 2 2 2 2 2 2 2 2 2 2 2 2 2 2 2 2 2 2 2 2 2 2 2 2 2 2 2 2 2 2 2 2 2 2 2 2 2 2 2 2 2 2 2 2 2
left_child=2 7 3 8 16 17 9 15 46 45 34 -12 44 -9 40 -2 -3 18 20 -20 -6 -19 -10 -8 -22 -18 -21 28 29 30 -15 -31 -11 -27 35 -5 -37 -25 39 -17 -4 -42 -43 -44 -13 -7 -1 -47 -40 50 -23 -51 53 -53 55 56 -39 -45 59 -49 -34 -26
right_child=1 4 14 10 5 6 23 13 22 32 11 12 -14 27 -16 38 25 21 19 26 24 49 -24 37 61 33 -28 -29 -30 31 -32 -33 60 -35 -36 36 -38 54 48 -41 41 42 43 57 -46 47 -48 58 -50 51 -52 52 -54 -55 -56 -57 -58 -59 -60 -61 -62 -63
leaf_value=-0.0283599682192557 0.047581362093227414 0.024898288942762567 0.0045908185970187938 0.060956944059802232 -0.11270357599200674 0.04765065874258298 -0.10381740775718258 0.032197829808498668 0.041114122623370816 0.021863509314530308 0.0080857167067132328 -0.082731848385327392 -0.029558531908609954 0.033798656399348551 0.011710574834584426 0.034399414771226947 0.023348468087413081 -0.067148096662756229 -0.025169602542190934 -0.10580427721924374 0.016679972937076456 -0.11466328568401041 -0.041350961093815572 -0.1090661742443348 -0.11126273482044809 0.020686192635596998 0.0051164954973377669 0.022358693146102216 -0.012387223025884365 -0.12223022254047125 -0.12322323505641092 -0.0017491887371208431 0.028518875883514028 0.0048829985303669651 0.0034921117197184424 -0.086642440283016611 0.029021833029886802 -0.11099677119946164 -0.11304947130711934 -0.11105842823014551 0.031295938063432886 0.01030712211833603 0.022867856975138143 -0.06033176792527483 0.023783434655613771 -0.11070924408850176 -0.0067651340828646161 0.016785255557707681 0.020797038483223354 0.021324568154154112 0.052597495949436947 0.045722831112577529 -0.10757071410811872 -0.10012323096089513 0.0048518100774977806 -0.10575563409351706 0.048928545422763287 -0.016689267439805807 -0.0098043627774519193 -0.063751602657940401 -0.027016751424256871 -0.0031080296452834183
leaf_weight=467.65663243632298 281.95395210850984 703.25554745574482 212.29139304213459 4.1831052316119921 3.6191693106666198 16.648127080872655 4.3345110234804443 205.0861016632989 8.0647227208828536 21.71635381411761 84.228790943976492 3.9496519076637915 513.11664063995704 84.15302837267518 219.44158677535597 1201.4063212238252 345.88198886625469 7.2069455827586344 108.41021020803601 3.9170706029981366 525.95156287506688 1.8669379102066148 1688.835605360684 3.2107393878977737 5.3246710640378296 258.91252292098943 220.86878876143601 180.43401992274448 130.48953210678883 3.8088016211986533 3.008790358901023 37.283620596397668 12.44003134826198 629.3412636895664 265.83297374506947 16.241753838607114 4.4106630692258468 1.9447543311398465 2.1920211203396311 2.5685133226215831 26.287274323636666 64.180422346689738 25.586490917252377 20.517318054800853 37.095523659838364 3.3167515881359568 104.11747472523712 119.33281529811211 239.56582256872207 332.82025782938581 53.337983357952908 12.340123810805379 7.6223319186829022 2.2231491461861905 665.03220425522886 2.4970934570301315 42.591207778546959 470.3912568440428 207.27083130483516 7.5624775153119108 447.5764229997294 7.670920572942121
leaf_count=177415 663 6510 19270 292 123 114 431 1348 2330 812 10543 1260 193130 814 19271 5939 5209 314 9579 318 11861 69 1024549 299 210 4304 17159 3174 3920 245 265 1195 503 25258 30752 4463 317 180 64 166 2377 5409 2639 6134 3711 218 30162 3653 3593 9557 323 246 702 265 41323 326 825 146339 16287 534 95452 289
internal_value=0.000907863 0.0155513 -0.0238341 -0.0304894 0.0085999 0.00250814 -0.00470418 0.0295776 -0.0367926 -0.0135759 -0.0150974 -0.0218212 -0.0263668 0.0170178 -0.0033452 0.0342612 0.0175569 0.0111833 0.00654935 -0.00604152 0.0142815 0.0209056 -0.040959 0.00560082 0.0151343 0.0133736 0.00318361 0.00992902 0.00126124 0.0151476 0.0283783 -0.0129164 -0.0233791 0.00948939 -0.00032997 -0.0412405 -0.0619404 0.00626389 0.0316634 0.0340891 -0.00737797 -0.0115642 -0.0135045 -0.0164633 0.0135338 -0.000240441 -0.0244276 -0.00260292 0.0195835 0.0224527 0.046941 0.0186446 -0.0215592 0.0234588 0.00678392 0.0341033 0.0419451 -0.0185133 -0.00152992 0.0119856 -0.0255149 -0.0474222
internal_weight=11394.4 7158 4236.43 3197.73 4786.05 2848.65 1555.47 2371.95 2268.67 835.864 929.059 638.391 554.162 644.264 1038.7 1727.69 1937.39 1293.18 875.762 333.196 542.566 417.418 1696.9 719.611 538.947 1234.14 224.786 439.178 258.744 128.254 87.1618 41.0924 481.733 888.254 290.668 24.8355 20.6524 715.276 1445.73 1203.97 819.254 606.963 580.675 516.495 41.0452 354.131 571.774 337.483 241.758 410.211 55.2049 355.006 22.1856 14.5633 712.065 47.0331 44.536 490.909 334.166 126.895 460.016 12.9956
internal_count=1955002 274639 1680363 1478924 253253 211972 160957 21386 1234456 117573 244468 208644 198101 10961 201439 10425 41281 51015 39539 27056 12483 11476 1026879 43384 12360 34771 17477 9613 6439 2519 1079 1440 96767 29562 35824 5072 4780 42953 9762 6105 182168 162898 160521 155112 4971 20806 207577 20692 3657 11162 392 10770 1213 511 42654 1331 1005 152473 20474 4187 95955 499
is_linear=0
shrinkage=0.05


Tree=18
num_leaves=63
num_cat=0
split_feature=31 10 26 5 31 8 31 32 5 32 19 26 23 8 10 29 32 8 20 20 29 5 27 29 8 3 14 29 8 19 32 5 6 5 32 0 26 6 14 8 26 14 32 3 20 29 19 6 26 32 8 27 29 32 20 32 3 12 6 29 3 8
split_gain=1543.93 261.577 215.549 103.717 106.197 77.5015 68.5761 61.5235 69.7304 48.9204 44.0215 41.1081 45.2922 46.2355 38.8348 41.521 37.8298 39.3893 37.077 34.9092 33.9775 34.6676 33.5583 32.3378 34.5922 31.8081 30.8924 30.5904 34.8312 27.329 27.0709 25.2608 25.0178 24.7578 24.4856 23.3795 23.3338 40.9213 26.3488 27.2739 45.4836 24.8118 23.4234 22.9266 24.9612 22.1626 21.4111 20.715 20.5802 19.8403 19.5953 19.5541 25.5499 28.0419 19.4005 19.0314 18.87 18.8041 21.0134 18.3859 27.2592 23.455
threshold=4.5000000000000009 9.5000000000000018 53.500000000000007 0.013072453904896976 1.5000000000000002 7.5000000000000009 8.5000000000000018 0.41831213235855108 0.010471491608768703 0.60630142688751232 0.012579114176332952 51.500000000000007 1.0000000180025095e-35 22.500000000000004 37.500000000000007 8.6680073738098162 0.50639027357101452 49.500000000000007 32.500000000000007 5.5000000000000009 1.0000000180025095e-35 0.013793759513646366 1.5000000000000002 5.5924804210662851 56.500000000000007 0.011173533275723459 18.500000000000004 5.4480543136596689 96.500000000000014 0.015749008394777778 0.35158470273017889 0.015749008394777778 46.500000000000007 0.012422839645296337 0.56120419502258312 25.500000000000004 54.500000000000007 64.500000000000014 12.500000000000002 8.5000000000000018 45.500000000000007 11.500000000000002 0.7328988015651704 0.0094788861460983771 42.500000000000007 7.9138329029083261 0.013793759513646366 90.500000000000014 80.500000000000014 0.80978047847747814 9.5000000000000018 4.5000000000000009 26.607325553894047 0.64844030141830455 1.5000000000000002 0.58091098070144664 0.014599318150430919 31.500000000000004 100.00000000000001 10.038246631622316 0.013793759513646366 73.500000000000014
decision_type=2 2 2 2 2 2 2 2 2 2 2 2 2 2 2 2 2 2 2 2 2 2 2 2 2 2 2 2 2 2 2 2 2 2 2 2 2 2 2 2 2 2 2 2 2 2 2 2 2 2 2 2 2 2 2 2 2 2 2 2 2 2
left_child=2 5 3 4 9 19 11 8 23 27 14 12 13 22 32 16 -16 -18 -15 29 21 43 34 24 -4 -5 -12 28 30 -2 -1 45 -6 56 -3 -22 38 42 39 40 49 50 -38 44 -9 -7 -39 -25 59 -8 -41 -50 53 -53 -51 57 -24 58 -20 -13 61 -61
right_child=1 6 7 25 10 31 36 20 -10 -11 26 48 -14 18 15 -17 17 -19 55 -21 35 -23 33 47 -26 -27 -28 -29 -30 -31 -32 -33 -34 -35 -36 -37 37 46 -40 41 -42 -43 -44 -45 -46 -47 -48 -49 51 54 -52 52 -54 -55 -56 -57 -58 -59 -60 60 -62 -63
leaf_value=-0.050881218754792949 0.029863887534333979 -0.094830665824797086 -0.0065219985965854349 0.017467028795586325 -0.063714052459437079 0.0060911756264412633 0.029400400423622838 0.019497240005367636 0.025411897758970011 0.021093775696784868 -0.017008232983895442 0.0030494101427633348 0.01556459676251412 -0.0037445254936186358 -0.040588873080961284 0.029918970327481798 0.0074962779447126917 -0.029051407871666091 -0.039358842980006616 0.021048472572696191 -0.10409114696305322 0.031772387050931779 -0.002324629362282176 -0.099866527279257836 -0.045367031255607287 -0.058977929421841907 0.032074924652853033 0.015136444541736486 -0.050034138394302666 0.043799661291129166 -0.0199681660171134 0.026107313817987556 0.006246791069317267 0.019066274805380225 -0.015514941149628743 0.022633919854603578 0.018331744350311194 -0.0067122782838223427 0.0178101287053253 -0.11099396592504902 -0.066182290049838319 -0.099969328043348793 0.042065870815571782 -0.043620339223583958 -0.0091899989509081747 0.024994015839924791 -0.11241344975664594 0.0054366697104404078 0.040105598650806783 0.037596772225679323 -0.0045620880044486382 -0.11032539362857419 0.072374845729897358 0.030692369131472271 -0.10806203090502142 -0.018189417088758521 -0.087370809205422131 -0.051124688868339319 0.03387447731427095 0.039611518605997827 -0.11403381012400192 -0.014227653091994072
leaf_weight=109.5596291954862 938.04716194339562 13.107689506607128 73.776061877259053 130.82580187707208 14.295660784584468 661.73892956681084 144.83007803792134 87.260081493295729 66.412013267166913 28.908483512001112 73.272346753277816 781.6031992736971 220.67633194895461 258.58573491731659 520.13205593149178 28.175558241084218 97.524760082247667 302.05679365829565 26.553544705733657 627.73049298929982 3.7193113637622437 60.420306819723919 207.54216365248431 4.9828372190240762 256.82084724580636 15.187213099095969 56.991679611732252 21.069256058661267 1022.8721980263945 562.92147460253909 200.2896311939694 371.75484855682589 120.40569730487186 213.2799831898883 37.765585888759233 169.76994726667181 288.98415719601326 13.247954506427051 509.94044271216262 4.3995853499509385 15.063837712164966 7.2807851422112426 162.35917201591656 41.765868643997237 578.77273188193794 202.51704968232661 7.5049857092089942 74.44878929364495 83.438118273857981 3.9933906253427267 253.8409272134304 8.3100751796737331 5.9846113733947268 6.1227345396764568 5.3467984246090037 201.01015696604736 6.7339644865132859 121.58691929397173 15.52077993750572 93.15012945025228 3.4808515917975447 25.84105196595192
leaf_count=52355 5201 1138 12457 9456 7321 21742 1177 11001 3137 12492 17754 51093 9464 31134 236774 1807 14618 131258 7242 6645 414 2069 14663 845 140479 5473 6463 3489 722448 1382 77346 3295 28627 6487 1438 8445 5367 430 12520 183 335 530 1418 12267 152948 2520 397 8620 1200 15 6949 759 23 122 129 40595 616 34539 1473 1271 219 928
internal_value=0.000895286 0.0150478 -0.0233011 -0.0314871 -0.0337937 0.0251672 0.00596111 -0.00747587 -0.0221173 -0.0432659 -0.022995 0.000686903 -0.00511096 -0.00925244 -0.0262993 -0.0298692 -0.0317008 -0.0201313 -0.0182268 0.0309495 -6.83036e-05 -0.00458168 0.00243861 -0.0298156 -0.0366984 0.00951578 0.00446609 -0.0446403 -0.0455853 0.0350903 -0.0308987 0.0152086 -0.00117805 0.00700644 -0.0359509 0.0199172 0.014636 0.0237129 0.0100999 0.00105629 0.0167428 -0.00894176 0.0268695 -0.007685 -0.00543155 0.0105206 -0.0449375 -0.00116912 0.00829346 0.0248454 -0.00637534 0.0293733 -0.0144855 -0.0505024 -0.0457857 -0.0284961 -0.00499734 -0.0411548 -0.0123438 0.00587192 0.0238848 0.0279194
internal_weight=11271.5 7111.8 4159.72 2741.57 2595.55 3364.71 3747.09 1418.15 476.441 1382.7 1212.85 2330.29 1322.36 1101.69 1082.59 947.889 919.714 399.582 623.257 2128.7 941.708 768.219 478.429 410.029 330.597 146.013 130.264 1353.79 1332.72 1500.97 309.849 1236.01 134.701 427.556 50.8733 173.489 1416.79 472.096 944.696 434.755 169.234 265.521 451.343 707.799 666.033 864.256 20.7529 79.4316 1007.93 154.17 258.241 103.856 20.4174 14.4328 9.34019 364.671 214.276 163.661 42.0743 904.075 122.472 118.991
internal_count=1955002 274639 1680363 1327681 1312752 40785 233854 352682 165538 868130 444622 204404 148789 139325 420405 384457 382650 145876 114983 13228 187144 178285 24342 162401 152936 14929 24217 855638 852149 6583 129701 27557 35948 21766 2576 8859 29450 7612 21838 9318 1656 7662 6785 176216 163949 24262 827 9465 55615 1321 7132 2104 904 881 144 83849 15279 43254 8715 53511 2418 2199
is_linear=0
shrinkage=0.05


Tree=19
num_leaves=63
num_cat=0
split_feature=10 29 4 9 9 16 22 4 29 20 20 20 26 4 22 26 9 26 12 22 2 20 26 4 26 26 26 27 2 20 29 29 26 15 27 9 20 12 27 2 22 20 20 10 9 20 12 19 23 27 9 4 2 4 26 18 12 22 14 12 4 14
split_gain=1375.37 276.672 210.435 194.577 193.169 98.5234 71.9196 56.7817 55.7008 44.1401 43.4832 41.5972 36.9491 36.1536 35.7405 34.3223 36.3266 30.2026 36.3429 27.4102 26.7348 25.7975 25.196 24.9709 24.459 24.1528 23.3496 22.1147 21.5002 23.718 21.394 21.1938 20.9206 20.9182 19.7772 19.7335 26.9204 21.0173 19.1478 37.5113 18.9681 18.8415 18.3281 18.0808 18.0016 22.8002 18.3725 17.9713 19.1227 19.6888 17.9237 20.4127 22.071 19.2848 17.484 17.4671 16.6487 16.3939 20.8103 17.8842 17.7036 16.7603
threshold=49.500000000000007 1.0000000180025095e-35 34.500000000000007 0.013793759513646366 1.0000000180025095e-35 4.5000000000000009 2.5000000000000004 1.5000000000000002 12.304175376892092 44.500000000000007 97.500000000000014 21.500000000000004 79.500000000000014 1.5000000000000002 5.5000000000000009 49.500000000000007 0.01197647722437978 54.500000000000007 2.5000000000000004 5.5000000000000009 3.5000000000000004 4.5000000000000009 75.500000000000014 10.500000000000002 22.500000000000004 81.500000000000014 51.500000000000007 3.5000000000000004 100.00000000000001 4.5000000000000009 9.5697541236877459 28.227865219116214 52.500000000000007 1.0000000180025095e-35 6.5000000000000009 0.012579114176332952 95.500000000000014 39.500000000000007 4.5000000000000009 65.500000000000014 13.500000000000002 88.500000000000014 24.500000000000004 2.5000000000000004 0.0078432578593492525 79.500000000000014 28.500000000000004 0.012579114176332952 0.015268065501004459 7.5000000000000009 0.014815627597272398 50.500000000000007 77.500000000000014 71.500000000000014 1.0000000180025095e-35 60.000000000000007 100.00000000000001 13.500000000000002 1.0000000180025095e-35 1.5000000000000002 2.5000000000000004 17.500000000000004
decision_type=2 2 2 2 2 2 2 2 2 2 2 2 2 2 2 2 2 2 2 2 2 2 2 2 2 2 2 2 2 2 2 2 2 2 2 2 2 2 2 2 2 2 2 2 2 2 2 2 2 2 2 2 2 2 2 2 2 2 2 2 2 2
left_child=3 2 7 8 5 47 21 11 9 17 22 25 14 -8 43 16 42 18 26 33 -16 -5 -7 -22 40 -2 30 -23 29 -26 -1 -3 -21 -12 -14 -18 37 -37 -19 -40 54 -29 -6 -11 45 46 -25 -4 -49 -50 -17 -52 -53 -54 -9 -38 -24 58 -15 -59 61 -61
right_child=1 31 4 6 15 10 13 24 -10 12 19 -13 34 57 20 50 35 38 -20 32 23 27 56 44 28 -27 -28 41 -30 -31 -32 -33 -34 -35 -36 36 55 -39 39 -41 -42 -43 -44 -45 -46 -47 -48 48 49 -51 51 52 53 -55 -56 -57 -58 59 -60 60 -62 -63
leaf_value=0.026249273683169368 -0.11638248416158276 0.011404089817333707 -0.05586244238818508 0.041828825560123704 0.0056414918397097238 -0.030123396011247562 0.031700802924159936 0.035481387701553319 0.026220219528931318 -0.11937183210897795 0.057525212114781947 0.043261855415382008 0.042808277433006005 -0.12528152212462329 -0.1058357067760072 -0.0075533119478377892 0.023808919023750291 0.026434669257587765 0.00043196430979781984 -0.047924837327353975 0.015190998578907836 0.036563379679569019 -0.093381997514934631 -0.064112336479505455 0.028118169560161554 0.061051543952946166 -0.1148038410493379 0.010578871236570163 0.014306918675465189 -0.011655399207013917 -0.116099432751021 0.050577612562552943 -0.034767657608652171 -0.026025890943969766 -0.10638831702855581 -0.056510992155445687 -0.11773267309706639 0.017866466006600745 0.010846151807070886 -0.10154042098728233 -0.03705755282757512 -0.12007969237171759 -0.028064002419536927 0.024730933792356684 -0.0069685484279997535 -0.034110962440472119 0.011683940505125633 0.051697363327299233 0.010929652110040287 -0.10518542915460977 -0.11124455594405197 0.048758902794920865 0.061864658078616325 -0.028434470370780264 -0.11334953171468801 -0.025702749874670774 0.019827825170885802 0.029713530782940437 0.023447346697125917 -0.11026217493698914 0.0090424685417233377 0.036090315364315499
leaf_weight=220.87100500776432 6.792753557674585 543.2079379062634 8.4633962555089948 671.19328688480891 43.214355618460104 491.08622673363425 541.32546996953897 16.895546079147611 331.90094594750553 2.2321906536817542 11.003213488613254 102.60836722631939 48.086318345041946 2.3596397559158495 7.5851207792293271 502.76138804142829 54.622149813803844 325.02729749935679 969.2352293136064 1139.2691079996293 77.400187985505909 144.26565986545756 3.5475907509680829 9.3684344608336669 42.336356797954068 2.6725205611437559 3.047003431711345 116.91475562099367 171.99922956514638 326.93800763203762 2.6714409370906642 36.870931979268789 411.16402564302552 23.471422677626833 2.3287639112677416 10.883043687208554 5.5555615620687595 74.634633435751311 159.37299952097237 7.7873804990667841 84.176574364537373 2.8258755854330948 604.81174832943361 87.68103469372727 302.89092247735243 183.40570634440519 54.529634501901455 31.052572566084564 48.499925133190118 3.9479223366361103 2.9090506406500927 39.868447561282665 7.7774979383684686 24.660543054284062 2.2342603807337573 71.666539669386111 38.392821718705818 146.65328966127709 721.09195505362004 2.0026609878987065 935.63463516661432 84.394317229045555
leaf_count=3304 588 34046 4519 1791 5455 242053 2868 246 4360 123 1283 2138 1119 61 1200 87731 7180 8061 55384 769953 4029 683 707 2504 1250 9 185 1074 18080 47010 87 287 205129 6295 332 1094 417 4978 5549 1612 20809 79 205490 1827 32844 85655 10365 1691 3666 739 205 560 88 2301 143 18272 4353 1320 6464 54 22694 609
internal_value=0.000946172 -0.0185679 -0.0228379 0.0167433 -0.0278086 -0.0371005 0.0248357 0.00116181 0.00699148 0.00440086 -0.0393004 0.0340101 -0.00547337 0.0203067 -0.00835118 -0.0135822 -0.0198833 0.00893729 0.00464652 -0.0434551 -0.0125277 0.0366206 -0.0269465 -0.0114 -0.00454955 -0.066284 0.0226742 0.0233795 -0.000294478 -0.00709546 0.0245481 0.013894 -0.0444356 0.000640979 0.0359166 -0.00219523 -0.0109233 0.00840113 0.0193622 0.00561048 -0.026844 0.00749533 -0.0258163 0.0211534 -0.0151408 -0.0251499 0.000571047 0.0135637 0.0206006 0.00218929 -0.00414765 0.0186167 0.0238414 -0.00678392 0.0180987 -0.0323236 0.0102518 0.0170469 0.0229622 0.0133852 0.0110422 0.0326979
internal_weight=11154.1 4990 4409.92 6164.08 3653.26 2209.9 3368.66 756.654 2795.42 2463.52 2117.93 112.074 775.508 2433.46 725.093 1443.36 865.388 1688.01 1195.82 1584.91 635.18 935.2 533.027 627.595 644.58 9.46527 226.589 264.006 541.274 369.274 223.542 580.079 1550.43 34.4746 50.4151 217.362 162.74 85.5177 492.188 167.16 103.306 119.741 648.026 89.9132 550.195 247.304 63.8981 91.9638 83.5004 52.4478 577.977 75.2155 72.3065 32.438 19.1298 77.2221 41.9404 1892.14 723.452 1168.68 1022.03 86.397
internal_count=1955002 1698765 1664432 256237 1574159 1240388 37697 90273 218540 214180 1229773 2735 139998 34070 138547 333771 242886 74182 58960 982660 136597 3627 247113 135397 87538 597 3576 1836 66340 48260 3391 34333 975082 7578 1451 31941 24761 6072 15222 7161 21198 1153 210945 1950 131368 98524 12869 10615 6096 4405 90885 3154 2949 2389 389 18689 5060 31202 6525 24677 23357 663
is_linear=0
shrinkage=0.05


Tree=20
num_leaves=63
num_cat=0
split_feature=4 32 20 8 16 8 26 16 26 18 8 4 20 22 32 16 28 16 8 20 32 26 2 4 26 32 6 26 32 8 0 14 24 20 0 4 24 32 22 24 22 0 8 6 26 14 4 1 26 32 18 16 32 26 2 26 2 20 20 12 32 28
split_gain=1163.92 395.019 194.532 124.337 98.639 92.5399 77.8632 58.1964 50.1398 41.9963 41.5986 54.2675 37.9836 36.1072 34.7523 34.5738 32.8397 32.7334 29.8516 35.7007 28.7917 28.4681 25.6916 25.0483 23.9562 23.4574 22.8673 24.6941 22.5553 21.5273 21.1149 21.076 21.047 22.2765 20.0254 20.0042 19.384 41.1568 19.4533 19.1691 25.1401 18.7846 18.3885 18.3655 30.6681 20.8484 18.213 17.8662 23.7392 16.9353 18.9956 35.0322 43.489 17.8025 17.7748 19.3724 18.2288 20.3495 19.524 19.3061 23.6269 17.7749
threshold=42.500000000000007 0.48474165797233587 3.5000000000000004 65.500000000000014 5.5000000000000009 97.500000000000014 73.500000000000014 14.500000000000002 73.500000000000014 15.500000000000002 60.500000000000007 3.5000000000000004 41.500000000000007 3.5000000000000004 0.3496843427419663 60.000000000000007 3.5000000000000004 17.500000000000004 2.5000000000000004 26.500000000000004 0.46705517172813421 70.500000000000014 50.500000000000007 3.5000000000000004 57.500000000000007 0.60913810133934032 22.500000000000004 87.500000000000014 0.42825570702552801 2.5000000000000004 19.500000000000004 8.5000000000000018 18.500000000000004 18.500000000000004 50.500000000000007 10.500000000000002 11.500000000000002 0.19941610842943194 1.5000000000000002 11.500000000000002 2.5000000000000004 100.00000000000001 98.500000000000014 55.500000000000007 51.500000000000007 5.5000000000000009 47.500000000000007 0.0093025267124176043 82.500000000000014 0.39784535765647894 8.5000000000000018 6.5000000000000009 0.5675683617591859 72.500000000000014 15.500000000000002 64.500000000000014 10.500000000000002 4.5000000000000009 25.500000000000004 2.5000000000000004 0.55352750420570385 2.5000000000000004
decision_type=2 2 2 2 2 2 2 2 2 2 2 2 2 2 2 2 2 2 2 2 2 2 2 2 2 2 2 2 2 2 2 2 2 2 2 2 2 2 2 2 2 2 2 2 2 2 2 2 2 2 2 2 2 2 2 2 2 2 2 2 2 2
left_child=2 3 13 9 -4 17 7 14 10 -2 49 31 -7 -1 -5 39 -10 25 34 -20 41 -19 35 -18 -17 -3 27 -23 -21 -15 -24 -12 -8 -34 -11 -13 37 -9 -38 40 -14 -16 -40 -27 45 -45 -28 48 -25 -6 51 52 -51 54 55 56 57 59 -58 61 -61 -52
right_child=1 5 4 6 8 12 32 36 16 18 11 22 15 29 20 24 23 21 19 28 -22 26 30 47 -26 43 46 -29 -30 -31 -32 -33 33 -35 -36 -37 38 -39 42 -41 -42 -43 -44 44 -46 -47 -48 -49 -50 50 53 -53 -54 -55 -56 -57 58 -59 -60 60 -62 -63
leaf_value=0.037562367934183903 0.020421122100397489 0.026542065713531376 0.024617400067865391 -0.040841941165874723 0.043282338115594746 0.0040011334779600834 0.018473463040008669 -0.062337850937458909 0.035040749555399438 -0.12896559007339578 -0.13289718821629037 -0.053613385845891939 0.037544684055227442 0.031921034457349971 -0.10614217003232562 -0.030910593235262254 -0.12445771335718547 -0.0040519174610313072 0.01785073917752529 -0.03458181920225669 -0.1039912747128402 -0.11095958352081461 0.033859397865872908 -0.10897491660573425 -0.010883869164140931 0.0094405304920663971 -0.10747944485621547 0.075701971361557541 -0.012093315034999483 0.017501731070678282 -0.0096624194464027327 0.020201930397509886 0.045279528690561115 -0.025894524614701427 0.026145919708949184 -0.019579640867190849 0.031555485258927041 4.3000874585627086e-05 -0.031764394352079589 0.018087291942589973 -0.10882961115919759 0.019692867577206095 -0.048020130024644093 -0.1134852934184105 -0.10721943375755645 0.019187304027771895 0.022192077264936862 0.018325516223754553 0.021218306861081983 0.056128484322637152 -0.12505587660614881 0.020564444686085606 -0.10818822593077114 -0.072355761913139735 -0.0019831529506767185 0.029772507484029688 0.024125498351625706 0.0038821494200279522 -0.0092245414422829578 0.040196786720814476 -0.078758330319530487 0.026989781784462596
leaf_weight=743.99637670419179 84.885900317342021 217.75718395435251 810.14503211213741 60.060583593556657 30.666610105661675 188.48880644934252 58.903180664638057 42.739473048422951 206.58124690293334 2.1747528580017379 2.2818274227902284 53.067883549490944 4.9302919479086995 430.31582626607269 3.0760623067617408 481.75071093614679 4.2191379168070844 1097.1413266665768 53.293581321020611 272.28125959943281 5.3863997703883788 6.6298496238887292 32.796755576389842 7.342906804988159 216.40491237374954 190.31675692240242 2.7479758048430076 2.4180656429380178 188.81815375259612 649.59306568233296 185.46474532363936 151.31152141559869 12.311145224142818 102.73146581999026 48.172589630819857 231.62820706609637 8.1824557273648661 69.336754503776319 202.11641517723911 75.182492611231282 7.2427767915651184 82.720049032242969 1249.2514369388227 3.4752461169846347 9.4220338561572117 20.013658506795768 185.64625112968497 41.688961158972234 6.6924247168935835 6.1480394876562086 2.180008678231391 315.88957315240987 11.670641797361894 7.6714935055933884 707.61353501246776 96.234809790737927 205.87284197856206 526.77756364003289 55.774105098564178 5.1116812154650715 22.76213659811765 16.254439541138709
leaf_count=2380 2004 4874 8371 24114 849 35933 3368 30027 3305 199 125 10307 88 2045 475 271094 208 149188 3636 86025 1130 608 5268 1011 58553 3490 244 8 36764 9343 46836 6275 522 31646 2418 50994 871 10611 91339 7815 605 7563 860113 184 573 681 7454 1173 238 42 64 4530 425 297 41944 1471 4388 14108 3059 38 706 127
internal_value=-0.000233902 -0.0171093 0.0156966 -0.0312488 0.00917333 -0.00382106 -0.0377146 -0.0409335 0.00490843 -0.0123695 0.00284212 -0.00808524 -0.0161557 0.0290867 -0.0113105 -0.0209924 0.0255865 0.00310113 -0.0172983 -0.0208947 0.00814143 -0.000906542 -0.016029 -0.00699532 -0.024703 0.0148663 0.0165716 -0.0610741 -0.0253729 0.0232475 -0.00312268 0.0179274 -0.00583282 -0.0182779 0.0194459 -0.0259236 -0.0437842 -0.0237455 -0.0453229 0.00866259 -0.0495456 0.0151813 -0.0457564 0.00347665 -0.0310112 -0.000441961 0.0203006 0.00189829 -0.0468953 0.00641034 0.00583925 0.0167168 -0.0514935 0.00363428 0.00399005 0.00853018 0.00608119 0.00108862 0.0170164 -0.030689 -0.0569436 0.00900927
internal_weight=10823.8 5256.01 5567.75 2546.44 3743.85 2709.57 1896.82 1722.87 2933.7 649.626 2667.18 656.551 974 1823.91 151.243 785.511 266.525 1735.57 564.74 514.393 91.1825 1294.58 502.958 59.9434 698.156 440.985 197.442 9.04792 461.099 1079.91 218.262 153.593 173.946 115.043 50.3473 284.696 1571.63 112.076 1459.55 87.3556 12.1731 85.7961 1451.37 223.228 32.9109 23.4889 188.394 55.7243 14.0353 2010.63 1979.96 333.708 17.8187 1646.25 1638.58 930.968 834.733 573.086 261.647 46.3083 27.8738 18.4344
internal_count=1954144 1734217 219927 1192825 206159 541392 1061779 1026243 197788 131046 191853 119805 374088 13768 33282 338155 5935 167304 129042 126425 9168 157502 113405 2630 329647 9802 8314 616 122789 11388 52104 6400 35536 32168 2617 61301 992961 40638 952323 8508 693 8038 951452 4928 1438 865 7698 2422 1249 72048 71199 4997 467 66202 65905 23961 22490 15043 7447 935 744 191
is_linear=0
shrinkage=0.05


Tree=21
num_leaves=63
num_cat=0
split_feature=31 31 20 26 4 29 22 22 8 29 8 8 19 4 29 8 26 6 20 27 29 10 26 16 14 4 21 9 0 20 31 3 3 10 6 0 27 3 8 6 10 6 27 20 22 29 8 26 6 19 12 20 3 20 19 16 26 19 0 0 3 0
split_gain=1150.99 200.743 195.629 122.91 111.902 69.6808 69.2779 55.5893 54.7382 46.377 41.9425 39.3617 36.8103 35.085 27.8645 27.7072 26.5588 24.8993 24.8502 24.6109 24.3876 20.9446 20.5693 19.9483 27.007 24.1608 21.1731 21.5382 19.778 24.9424 31.5519 27.7173 24.2712 22.4521 22.259 19.1385 19.0312 18.6584 18.2525 18.0301 17.536 17.4997 19.0051 17.3557 18.5422 16.7042 16.7005 27.671 16.5089 16.3084 16.2699 16.2637 16.3406 16.2635 18.9066 16.199 16.1401 16.104 15.8119 15.2616 17.0993 14.9288
threshold=5.5000000000000009 1.5000000000000002 4.5000000000000009 69.500000000000014 35.500000000000007 5.3095490932464608 11.500000000000002 3.5000000000000004 92.500000000000014 5.4480543136596689 97.500000000000014 14.500000000000002 0.013606071937829258 19.500000000000004 22.721441268920902 2.5000000000000004 77.500000000000014 57.500000000000007 11.500000000000002 1.5000000000000002 7.3681252002716073 1.5000000000000002 39.500000000000007 12.500000000000002 10.500000000000002 3.5000000000000004 0.016001024283468727 0.014599318150430919 10.500000000000002 11.500000000000002 9.5000000000000018 0.01197647722437978 0.0089687905274331587 2.5000000000000004 47.500000000000007 18.500000000000004 3.5000000000000004 0.0088107436895370501 27.500000000000004 6.5000000000000009 65.500000000000014 100.00000000000001 1.5000000000000002 17.500000000000004 1.5000000000000002 32.964424133300788 44.500000000000007 1.0000000180025095e-35 34.500000000000007 0.014599318150430919 1.0000000180025095e-35 96.500000000000014 0.010256679728627207 69.500000000000014 0.013606071937829258 11.500000000000002 50.500000000000007 0.015268065501004459 35.500000000000007 81.500000000000014 0.0081634009256958979 1.0000000180025095e-35
decision_type=2 2 2 2 2 2 2 2 2 2 2 2 2 2 2 2 2 2 2 2 2 2 2 2 2 2 2 2 2 2 2 2 2 2 2 2 2 2 2 2 2 2 2 2 2 2 2 2 2 2 2 2 2 2 2 2 2 2 2 2 2 2
left_child=1 4 7 8 -1 10 38 21 14 11 56 28 13 17 43 -9 -12 -10 -15 -14 51 -2 50 46 26 -26 27 39 32 30 31 35 -8 34 -33 -30 -22 -19 -4 -25 -24 42 -5 48 -45 -11 -17 -48 -3 -43 -13 52 -20 -31 -55 -49 -6 -46 -50 -42 -61 -34
right_child=2 3 6 41 5 -7 9 15 12 45 16 22 19 18 -16 23 -18 37 20 -21 36 -23 40 24 25 -27 -28 -29 29 53 -32 33 61 -35 -36 -37 -38 -39 -40 -41 59 49 -44 44 57 -47 47 55 58 -51 -52 -53 -54 54 -56 -57 -58 -59 -60 60 -62 -63
leaf_value=0.015034664587980601 0.041957146486676845 -0.10218272892911029 0.019505858438056831 -0.086835236651251202 -0.03107105060678363 0.0027289819461330535 -0.12090940796959729 0.028475185391824743 -0.060056904008630799 0.012509492281987855 -0.043479892324427317 -0.11078343714327657 -0.055632619923379693 0.0052602992936677962 0.060692177805214902 0.027435163296194331 -0.0098947969846840747 0.022290513769514922 -0.028765959566674233 0.010376920801535312 -0.10319232561487356 0.026233894337159214 0.0023232050700414631 0.039090709232859046 0.021601628634651204 -6.0758949811316345e-05 -0.1199363270290041 -0.12590666031678122 0.024730509622789075 0.01071032869857152 -0.10958605102133567 -0.12408689379602972 -0.024689301291595581 0.0064829733326718687 0.042499177967793511 -0.1085933963941554 0.011464191810323255 -0.019635141898194802 0.0070847308320143897 -0.10803100523906439 -0.030756747129267521 0.01839655118994106 -0.00087866784711679552 0.049097542479095688 -0.010165777757026775 0.043632464716961944 0.046936144443067429 -0.11492842951909139 -0.10414636432291287 -0.084700553846590448 -0.014288886855514549 -0.038549213605597821 0.0050229718765966748 -0.0082066538505081322 -0.12003396118211739 0.037911578099266166 -0.011151344562356636 -0.10938104465840717 0.021484413954110826 -0.032764863833180509 0.028078550022257134 0.020790089608472076
leaf_weight=120.59377995773684 511.93511522002518 2.9717998381238422 1027.3803676151438 7.0989509937353423 286.4551119991811 116.51226336951368 3.1747212598565957 500.48098038998432 15.918838797835631 503.44329965719953 1210.4498649197631 4.4088117973878971 16.092340720118955 49.118555741966702 15.330930205993353 265.34460476902314 61.873665887629613 71.417956101242453 229.94305264193099 115.24827576882672 3.9263271088711909 361.26596809364855 544.75917966652196 11.553031028248371 247.67352573247626 267.99930127547123 6.61644004844129 3.5065822200849643 3.5606161896139374 384.18498392193578 8.9822126566432399 6.7199198249727488 19.209429663838819 82.783948205178604 2.8581164320930821 11.030575297540052 46.263094283873215 42.228025020565838 415.32457102648914 2.5404172297567156 84.525046849390492 382.41174665046856 68.304651315556839 13.187788365874438 763.34451620909385 47.150123184081167 7.8402647185139385 7.4482987318187961 2.5824855242390177 3.8746864122804245 476.2662394476356 528.52870907692704 42.375657737371512 81.74644128663931 3.9629359261598429 2.2595303449779722 157.65868469141424 4.1119677249807856 82.99686397286132 18.899689739570022 29.684760253643617 297.43721854512114
leaf_count=10751 1156 534 11801 1305 126578 13265 238 2691 5280 13259 883974 459 5148 8733 95 1985 14779 7132 103189 17193 690 1942 42313 96 2556 8078 224 109 85 11878 411 268 427 1937 23 836 3978 11827 12967 124 12948 27709 8738 133 147460 280 48 305 434 1457 60652 293289 12355 3624 222 30 38608 455 4951 2963 2645 4524
internal_value=-0.000199405 -0.0196031 0.0136409 -0.0102406 -0.0316195 -0.0346889 0.00713443 0.0256601 -0.0154999 0.00228144 -0.0372289 -0.00115764 -0.0226388 -0.0258184 -0.00612903 0.0191985 -0.0418466 -0.0014915 -0.0293199 0.00228919 -0.0313157 0.035452 -0.00726223 0.0135557 0.00792012 0.0103435 -0.0436844 -0.0150187 0.00665157 0.00119212 -0.0195783 -0.0120192 0.0166519 -0.0019023 -0.0743771 -0.076059 0.00249459 0.00671198 0.0159301 0.0125713 -0.00165204 0.0130616 -0.00897114 -0.00730763 -0.00968722 0.0151747 0.024311 -0.0229294 0.0136702 0.0173624 -0.0151739 -0.0334346 -0.023508 0.00631673 -0.0133772 -0.0793544 -0.0239996 -0.0106974 0.0176933 -0.017921 0.00441004 0.0180311
internal_weight=10714.8 4460.82 6253.96 2507.28 1953.54 1832.95 4057.49 2196.46 2045.59 2614.79 1716.44 2064.19 1161.06 1029.72 884.526 1323.26 1272.32 129.565 900.155 131.341 851.037 873.201 1158.54 822.782 539.889 515.673 24.2165 17.6 905.651 585.83 115.935 106.953 319.821 92.362 9.57804 14.5912 50.1894 113.646 1442.7 14.0934 677.869 461.69 75.4036 869.195 780.644 550.593 282.893 17.5481 88.5511 386.286 480.675 800.847 272.319 469.894 85.7094 9.70783 444.114 767.456 85.5793 133.109 48.5844 316.647
internal_count=1954144 1750040 204104 662085 1087955 1077204 184760 19344 622876 159992 1063939 146453 468814 446473 154062 16246 898753 24239 422234 22341 413501 3098 121980 13555 11187 10634 553 329 24473 19284 3560 3149 5189 2228 291 921 4668 18959 24768 220 60869 39209 10043 153967 148048 13539 2368 383 5919 29166 61111 408833 115544 15724 3846 335 165186 147915 5385 18556 5608 4951
is_linear=0
shrinkage=0.05


Tree=22
num_leaves=63
num_cat=0
split_feature=31 8 26 32 22 22 4 17 8 29 4 29 32 32 32 4 32 8 4 29 10 31 12 26 2 10 4 4 17 8 24 22 4 22 4 0 32 23 12 12 3 0 32 0 19 32 17 14 2 26 27 2 2 19 17 5 7 32 4 32 32 22
split_gain=1098.35 201.682 179.307 118.132 78.3703 72.1509 65.1767 62.6687 57.9932 40.4168 40.0313 44.5516 43.5574 34.0648 34.0287 32.7296 43.0576 31.2126 28.2867 27.7583 27.0663 24.4666 23.9401 23.3527 21.9826 21.4807 21.2782 21.1456 20.9234 20.4202 24.1061 24.9049 20.7854 20.3883 19.0276 19.4188 17.8495 17.4882 17.4445 25.1565 18.5044 18.0114 17.3413 17.1855 19.662 49.6679 26.7642 25.0086 16.8291 18.4765 35.9235 17.0642 16.2441 16.1694 16.096 16.0323 16.0104 36.5067 15.7483 18.7952 22.257 18.3018
threshold=4.5000000000000009 10.500000000000002 64.500000000000014 0.47237196564674383 17.500000000000004 5.5000000000000009 9.5000000000000018 0.013423423748463394 4.5000000000000009 10.499359607696535 3.5000000000000004 5.4480543136596689 0.62465584278106701 0.57187330722808849 0.35158470273017889 36.500000000000007 0.29575464129447943 98.500000000000014 1.5000000000000002 16.774769783020023 1.5000000000000002 1.5000000000000002 12.500000000000002 75.500000000000014 9.5000000000000018 5.5000000000000009 13.500000000000002 1.5000000000000002 0.015038444194942715 77.500000000000014 17.500000000000004 14.500000000000002 21.500000000000004 1.5000000000000002 17.500000000000004 21.500000000000004 0.5253502130508424 0.015504807699471714 90.500000000000014 65.500000000000014 0.007272823480889202 77.500000000000014 0.52701115608215343 75.500000000000014 0.014599318150430919 0.59800225496292125 0.014389234129339458 2.5000000000000004 100.00000000000001 85.500000000000014 3.5000000000000004 37.500000000000007 96.500000000000014 0.012579114176332952 0.014815627597272398 0.0067340831737965354 0.0086581707000732439 0.61810141801834118 39.500000000000007 0.5675683617591859 0.57630208134651195 1.5000000000000002
decision_type=2 2 2 2 2 2 2 2 2 2 2 2 2 2 2 2 2 2 2 2 2 2 2 2 2 2 2 2 2 2 2 2 2 2 2 2 2 2 2 2 2 2 2 2 2 2 2 2 2 2 2 2 2 2 2 2 2 2 2 2 2 2
left_child=2 5 3 6 18 20 -1 8 -8 17 52 12 22 29 -9 48 -17 53 -3 23 -2 -18 -12 58 54 -15 -27 -7 38 -5 36 37 -33 -19 -14 -36 -31 -32 39 -13 41 -41 -30 -29 46 -46 -45 -47 49 50 -4 -52 56 -10 55 -24 57 -6 59 61 -61 -20
right_child=1 4 15 13 10 27 7 14 9 -11 11 28 34 25 -16 16 21 33 19 -21 -22 -23 24 -25 -26 26 -28 43 42 30 31 32 -34 -35 35 -37 -38 -39 -40 40 -42 -43 -44 44 45 47 -48 -49 -50 -51 51 -53 -54 -55 -56 -57 -58 -59 -60 60 -62 -63
leaf_value=0.0080587613550991422 0.038266584104409501 0.032123840493485517 -0.10733748399275973 -0.0082826694903078805 0.010576771005115091 0.025727475119612403 0.018091800149167125 -0.031628868433348965 -0.032471650871699599 0.014846910417799189 0.0027484096779116208 0.010726255043082677 -0.011989713968920261 0.065308538049094284 0.026092763999118914 -0.041085397557385973 -0.012643008814621479 0.03268427217978797 -0.027546757297061859 0.028195877924697965 0.023716969906183293 0.0068324066291285141 0.0089672834714868369 0.037593340861566321 -0.019118933578686353 0.036795978530719982 -0.0077088448598578718 0.015623327548263153 0.013892666590885176 0.047704162673678746 0.04615677853415024 0.0041943085835087456 -0.032403697650580432 -0.046844460327049059 0.0222071550861196 -0.00032956755415511964 -0.095294812440228027 -0.10409333969799346 0.031746529576373826 0.042266431575805515 -0.10002440625541009 -0.099231068613034476 -0.11353708327607566 0.00077018449241558144 0.025120794400215647 0.042882373855018627 0.035850717657858189 -0.1173147568836853 0.031736369447279152 0.054771009333624443 0.046992634519573029 -0.095888079537959664 0.060047758624092201 0.023894549817547961 0.06568304194931622 -0.093606935614329215 0.015922390360652336 -0.11010877331730839 -0.0035233982539474712 -0.11022211491778909 0.0066076769389747051 0.034073209524421451
leaf_weight=84.701680311700329 589.06152102397755 173.19960758276284 9.554850259679375 248.76945049653295 23.539538491750136 372.64581432053819 43.072990723419935 45.353416261612438 451.05106753658038 32.11756922560744 125.82165593944956 244.58415622520261 227.77898890164215 11.556599899660794 58.427007881109603 75.515726991172414 275.48658020165749 8.1169584773015213 13.518766889348624 186.93009993713349 698.87375244731084 388.94870505016297 4.6370743005536559 59.524928583065048 597.43978433031589 29.315531271044165 320.28028917137999 1125.3810347322142 4.75593966944143 16.916056441026743 16.794001417234544 42.182168161263689 483.24772071256302 1125.4832762280712 128.42067041760311 373.80724682239816 2.505437570041976 2.1891214689239851 91.010157323908061 7.1012173052877188 9.1595929346512985 3.291416010353716 6.0866330247372389 301.63862116786186 18.944311246275902 2.9117953004315522 66.325380101567134 14.916736770654095 100.28051011834759 8.0564707121811789 10.851055415812882 2.5880756773985878 18.528233485296369 13.092551544541491 2.1956627150066188 21.343066068016924 255.92536275205202 8.5393150830641371 329.36746679618955 4.1108617873396716 489.29064481356181 110.92020412604325
leaf_count=3864 1581 1145 1492 52267 1019 2514 3416 19740 179115 1839 11110 7801 15452 529 5479 35394 68742 771 326 1731 4799 47589 504 929 100709 3089 122530 18623 135 984 1921 9203 289801 825311 8416 42834 604 467 2323 175 755 293 311 9523 237 24 614 496 2568 88 798 729 144 1052 14 3931 6019 852 15841 285 11073 2224
internal_value=-0.000140983 0.0121278 -0.0212195 -0.0269588 0.00387666 0.0212326 -0.0347919 -0.0368347 -0.0391735 -0.0406869 -0.0020658 -0.00484235 -0.00870165 -0.0145368 0.000867648 -0.00122596 -0.00530862 -0.0418033 0.0132411 0.0105012 0.0303715 -0.00124244 -0.017152 0.00721564 -0.0211543 -0.00175979 -0.00397687 0.0150467 0.0107793 -0.0202153 -0.0254802 -0.0274329 -0.0294656 -0.046275 -3.20808e-06 0.00543312 0.0292568 0.02883 0.0128681 0.00636346 -0.0482119 -0.00254677 -0.0576418 0.0124455 0.0036096 -0.0312511 0.00709344 -0.091151 0.0217767 -0.0103888 -0.0332191 0.019477 0.0146681 -0.0308817 -0.0643126 -0.0752989 0.0117487 -0.0215494 0.00530663 0.0100139 0.00563429 0.027379
internal_weight=10618 6711.53 3906.45 3035.17 3520.83 3190.7 1861.42 1776.71 1672.93 1629.86 2153.97 1847.43 1481.44 1173.76 103.78 871.282 739.951 1597.74 1366.86 1193.66 1287.94 664.435 751.437 1006.73 625.616 361.152 349.596 1902.76 365.989 812.604 563.835 544.413 525.43 1133.6 730.007 502.228 19.4215 18.9831 355.147 264.136 19.5522 10.3926 10.8426 1530.12 404.737 36.7728 367.964 17.8285 131.331 31.0505 22.994 13.4391 306.532 464.144 28.1758 25.9801 288.004 32.0789 947.208 617.84 493.402 124.439
internal_count=1954144 274762 1679382 1521982 236351 38411 1040587 1036723 1011504 1008088 202797 194763 182970 481395 25219 157400 151725 1006249 33554 32409 6380 116331 116268 30678 105158 126148 125619 32031 11793 355247 302980 301392 299004 826082 66702 51250 1588 2388 11347 9024 1223 468 446 29517 10894 757 10137 520 5675 3107 3019 1527 8034 180167 4449 4435 7890 1871 29749 13908 11358 2550
is_linear=0
shrinkage=0.05


Tree=23
num_leaves=63
num_cat=0
split_feature=31 20 4 29 9 9 29 10 0 16 27 16 22 20 10 22 0 20 22 14 4 0 9 12 12 2 19 9 24 20 9 10 5 31 20 22 27 14 6 4 6 2 0 12 12 0 10 6 27 31 27 27 22 0 9 20 31 9 10 20 31 10
split_gain=1035.02 252.1 104.748 111.449 105.369 96.3995 70.4702 54.9744 47.3243 47.0529 40.4242 36.2546 36.1926 29.1014 25.5205 27.222 23.4905 22.9151 21.7398 21.3877 20.1482 19.7925 19.0832 18.7431 28.2566 18.0789 17.7945 17.6037 17.575 17.4056 27.0152 17.0476 16.4888 16.1902 16.1533 15.9065 14.9251 19.9769 14.5859 14.0547 21.002 25.2442 21.6793 19.1764 32.7315 22.257 26.8114 20.5465 19.2737 19.7369 17.324 17.1728 22.1568 31.551 17.3666 16.0511 15.8172 15.6359 24.6402 15.2299 14.7637 19.051
threshold=3.5000000000000004 4.5000000000000009 34.500000000000007 3.5120395421981816 0.0062696540262550124 0.011299795936793091 3.5120395421981816 1.5000000000000002 2.5000000000000004 4.5000000000000009 1.5000000000000002 12.500000000000002 12.500000000000002 10.500000000000002 38.500000000000007 8.5000000000000018 68.500000000000014 26.500000000000004 3.5000000000000004 60.000000000000007 3.5000000000000004 5.5000000000000009 0.012903762981295587 81.500000000000014 61.500000000000007 58.500000000000007 0.016001024283468727 0.0093898782506585139 7.5000000000000009 3.5000000000000004 0.015504807699471714 4.5000000000000009 0.0093025267124176043 1.5000000000000002 97.500000000000014 1.5000000000000002 1.5000000000000002 1.5000000000000002 1.5000000000000002 19.500000000000004 56.500000000000007 7.5000000000000009 2.5000000000000004 77.500000000000014 32.500000000000007 49.500000000000007 13.500000000000002 4.5000000000000009 7.5000000000000009 6.5000000000000009 2.5000000000000004 3.5000000000000004 3.5000000000000004 1.0000000180025095e-35 0.011561079882085325 39.500000000000007 7.5000000000000009 0.014599318150430919 8.5000000000000018 14.500000000000002 7.5000000000000009 10.500000000000002
decision_type=2 2 2 2 2 2 2 2 2 2 2 2 2 2 2 2 2 2 2 2 2 2 2 2 2 2 2 2 2 2 2 2 2 2 2 2 2 2 2 2 2 2 2 2 2 2 2 2 2 2 2 2 2 2 2 2 2 2 2 2 2 2
left_child=2 7 10 4 12 6 8 18 32 -7 25 -9 19 -14 23 36 -5 -6 -2 26 -13 -17 27 24 -10 -1 -4 -18 -11 -20 -31 -19 -3 -21 -15 -25 37 -16 -23 51 42 -42 -41 44 -44 46 -46 -47 49 55 56 -30 53 -53 -55 -45 -49 58 -43 -48 -54 -62
right_child=1 5 3 16 17 9 -8 11 14 28 -12 20 13 34 15 21 22 31 29 33 -22 38 -24 35 -26 -27 -28 -29 39 30 -32 -33 -34 -35 -36 -37 -38 -39 -40 40 41 57 43 48 45 47 59 50 -50 -51 -52 52 60 54 -56 -57 -58 -59 -60 -61 61 -63
leaf_value=-0.061146468744004805 0.040902202529713438 -0.083197476665966122 -0.064137032365058397 0.046812854914503432 0.016668538043164087 0.022573274742672345 0.01334249374169709 0.026204787356999677 -0.0045133283367288562 0.019394683843245657 -0.012097687738505969 0.019609122925619532 0.01491666619058709 -0.028585328207306249 0.011374887166815298 -0.086489616397280034 -0.0031994536443599787 0.049748797863787449 0.027791449835947408 -0.0337275992543409 0.0014430025145521859 0.053271784442146392 -0.10584477741949903 -0.11130384019230061 -0.056778703495355479 0.028747583278115725 0.032520327410963175 0.040606651383567921 0.016126544450413231 -0.11789279084770693 0.015085790422526189 -0.018051286700601705 0.028835482764297017 0.05216971657787705 -0.040592392900751471 0.014398086585257118 0.0074954530966163009 -0.082560783661157197 -0.019112785278705993 -0.10961777728364348 -0.10878467931778753 -0.075722233093872965 -0.00083354165398572856 -0.10226935662945993 -0.10019721060400653 0.032412032733764903 -0.097780012728843013 0.017297235786241188 -0.074137566402003238 0.039050379473016789 -0.08842024053272457 0.0521717707969271 -0.013016644598874742 0.042936104102976824 -0.1158416202086035 0.0036677107247005056 -0.092321831329432211 0.022103554309762252 0.0056978798691894586 0.0069116003640847697 -0.0026409133573624915 0.018711085260609727
leaf_weight=5.8435710316989562 498.0524174827151 3.3995242950040838 14.761856001918206 30.894817740423605 52.603805705904961 618.02948710275814 481.52476668253075 629.99551738530863 454.13909154105932 252.82174996286631 161.1787613327615 266.38230897672474 26.21525414462667 351.25189346866682 11.245635209721515 10.841294080018995 183.49750689102802 9.3726570713333768 421.17259728140198 7.1774881274905082 357.44924600492232 7.0220567414071402 4.1621013861149541 2.5581396869383743 27.421637665829621 130.47145851852838 7.0289013409055761 26.209328135941178 496.70125561347231 5.218808548990638 14.242448682896793 857.68983914254932 96.871168034616858 23.273444334510714 1382.9887601498049 155.33962540398352 158.55731849628501 11.394858127227051 781.86887308699079 4.9553502243943504 4.4617710756137958 9.6972290724515897 315.96740027843043 3.9991590660065404 7.6041917661204925 5.7789311408996573 3.7231288165785363 9.1710784896276873 5.7051802771165958 57.039360400522128 31.409799288026989 5.3534942511469152 91.891404497553594 2.0328318551182738 11.269071106333284 33.760632793768309 5.1323869226034722 174.56104090064764 222.50255262944847 51.888398280018009 189.99739860976115 232.06511587358546
leaf_count=2260 1156 944 10581 1466 4168 5566 16304 4075 42442 3612 35260 2815 8521 208056 861 2991 20594 509 2546 4692 11179 729 388 163 5430 4244 357 829 8903 199 91 269368 3736 1741 993127 18135 10036 3288 180297 373 446 723 13765 633 520 171 292 512 714 1440 3723 15 4600 13 413 2236 374 4868 14628 2558 3859 5609
internal_value=-0.000110079 0.0104374 -0.023437 -0.0262639 -0.0291593 0.00429044 -0.00356519 0.0245947 -0.00829679 0.0103657 0.00485232 0.0177443 -0.036153 -0.0373701 -0.0103595 -0.0154258 0.00605857 -0.0153744 0.0337451 0.00485991 0.00920012 -0.0193906 0.000171341 -0.00258779 -0.00748949 0.024894 -0.0329589 0.00227547 0.00698173 0.0256553 -0.0205743 -0.0173184 0.0250372 0.0319231 -0.0381605 0.0123616 0.00207292 -0.0359025 -0.0184685 0.00539408 0.000999374 0.00949983 -0.00552059 -0.00454947 -0.00913881 -0.032016 -0.0121383 -0.0564193 0.0151165 0.020488 -0.0676491 0.00943888 0.00320209 -0.0503256 -0.0915768 -0.00755214 -0.0220364 0.0107973 0.00229758 -9.73847e-05 0.00514502 0.00909918
internal_weight=10516.8 7242.22 3274.62 2977.13 2732.36 5049.7 2202.18 2192.51 1720.66 2847.52 297.494 1253.83 1812.7 1760.46 1620.39 980.93 244.764 919.666 938.686 52.2417 623.832 799.732 213.869 639.458 481.561 136.315 21.7908 209.707 2229.49 440.634 19.4613 867.062 100.271 30.4509 1734.24 157.898 181.198 22.6405 788.891 1976.67 947.358 411.223 536.135 531.18 430.675 114.708 63.2157 51.4922 100.504 94.7992 45.7133 1029.31 532.609 18.6554 13.3019 37.7598 14.3035 406.761 232.2 55.6115 513.954 422.063
internal_count=1954144 387983 1566161 1524397 1501120 365922 285356 22061 269052 80566 41764 18069 1227075 1209704 264372 198202 23277 274045 3992 17371 13994 184017 21811 66170 47872 6504 10938 21423 75000 2836 290 269877 4680 6433 1201183 18298 14185 4149 181026 71388 47976 20665 27311 26938 21915 8150 3370 4780 5023 4309 4609 23412 14509 441 426 2869 886 20219 15351 2850 14068 9468
is_linear=0
shrinkage=0.05


Tree=24
num_leaves=63
num_cat=0
split_feature=31 20 26 32 16 4 16 10 8 8 26 26 4 16 32 8 8 29 2 29 22 4 32 32 18 26 2 26 32 12 20 31 29 4 18 2 4 29 32 22 20 4 4 29 8 20 32 0 8 29 22 32 12 32 29 32 12 15 25 2 10 15
split_gain=978.599 202.44 168.324 112.576 72.3964 55.8195 58.137 52.0965 48.5854 43.3111 38.6984 33.0152 31.7876 31.0275 29.898 29.217 28.8502 26.1415 25.3218 23.8765 21.8674 21.5215 22.0125 21.424 20.4153 25.1132 21.0781 22.5263 19.2419 19.1168 28.5782 20.9097 18.6044 20.9756 22.9061 17.7598 17.2592 17.2145 19.7149 23.0859 19.4717 16.996 21.4336 16.8762 26.4481 23.7098 19.8165 17.755 28.7213 23.6192 16.7476 16.7229 24.0659 23.223 18.5758 16.6883 16.3365 16.1566 16.1333 15.6169 15.2368 15.3933
threshold=4.5000000000000009 4.5000000000000009 64.500000000000014 0.47237196564674383 15.500000000000002 33.500000000000007 13.500000000000002 1.5000000000000002 98.500000000000014 36.500000000000007 47.500000000000007 80.500000000000014 14.500000000000002 12.500000000000002 0.25699475407600408 71.500000000000014 2.5000000000000004 9.0587944984436053 95.500000000000014 13.608949661254885 3.5000000000000004 36.500000000000007 0.18594219535589221 0.39334934949874883 14.500000000000002 74.500000000000014 62.500000000000007 47.500000000000007 0.63576439023017894 80.500000000000014 30.500000000000004 5.5000000000000009 8.3067231178283709 26.500000000000004 8.5000000000000018 60.500000000000007 1.5000000000000002 4.4911658763885507 0.59283393621444713 14.500000000000002 5.5000000000000009 41.500000000000007 43.500000000000007 4.0723452568054208 63.500000000000007 22.500000000000004 0.53708884119987499 87.500000000000014 91.500000000000014 4.2591924667358407 1.5000000000000002 0.64844030141830455 31.500000000000004 0.58091098070144664 6.604438543319703 0.58795285224914562 5.5000000000000009 0.012903762981295587 0.012579114176332952 27.500000000000004 21.500000000000004 0.013606071937829258
decision_type=2 2 2 2 2 2 2 2 2 2 2 2 2 2 2 2 2 2 2 2 2 2 2 2 2 2 2 2 2 2 2 2 2 2 2 2 2 2 2 2 2 2 2 2 2 2 2 2 2 2 2 2 2 2 2 2 2 2 2 2 2 2
left_child=2 7 3 5 19 23 14 20 16 24 18 21 59 -9 -7 -14 -8 50 60 41 -2 -4 -23 -1 26 -26 51 -28 32 -27 31 -31 33 35 -35 -12 -15 38 39 -17 -41 -3 -43 44 45 -24 -46 -45 49 -49 -10 52 -6 57 -53 -39 -56 -54 -21 -5 61 -11
right_child=1 4 11 12 9 6 8 13 17 10 28 -13 15 36 -16 37 -18 -19 -20 58 -22 22 43 -25 25 29 27 -29 -30 30 -32 -33 -34 34 -36 -37 -38 55 -40 40 -42 42 -44 47 46 -47 -48 48 -50 -51 -52 54 53 -55 56 -57 -58 -59 -60 -61 -62 -63
leaf_value=0.0099769676384010852 0.040241819150241422 0.01410771235916123 0.016217161729552065 -0.024054319574793516 0.045725704174689852 -0.047816654553659313 0.020199946980396326 0.025140626341019746 0.023775577628878872 -0.0049027127541274732 -0.0084877487917695352 0.015482429107497607 -0.003302217399972589 0.023222171163571545 0.014959633455434038 0.025065871500515452 -0.02916192904608866 0.0022772735935013945 0.011359444177434733 -0.096859275454189264 0.024850820814661896 -0.056472967660382761 -0.11565668665394027 -0.029990380497872633 0.00089657309905585522 0.035009728793644453 0.00057028800305854751 -0.10959647339439599 0.012958033200472797 0.051634834083500836 -0.1150990923918449 -0.11447548446951122 0.017799673734969705 0.041316952195935897 -0.031468399039542259 0.043089709598947534 0.0042156124344343128 0.028699447798329669 -0.0068231772653443191 0.030837587928769446 -0.03037784161326279 -0.10347396257033972 0.0030514923136238953 0.041337154297521606 -0.032871247674809971 0.0070030004500037935 -0.0012358376695243017 0.073098239374984109 0.0074931345545683958 -0.10654426162113265 -0.046935364802161969 -0.00063771222751622973 0.042857412144242796 -0.10297820990547052 -0.10740163867432545 -0.094689258685884584 0.045711191978875756 -0.11547273075458726 0.026227223178268873 0.030469893474484328 -0.028537932508044733 -0.10569934825192162
leaf_weight=94.228428600239567 491.91713335318491 964.96147840644699 87.857642621616833 17.074085260741413 96.660088539356366 25.008134016301483 31.62198752257973 628.14577819406986 8.4438888269942236 124.93439427379053 56.226374341873452 228.9991016642598 319.58159362978768 163.10589807666838 78.510686293127947 20.523867895943113 463.13495458051329 28.412898242240772 64.182501262752339 2.6830572297330937 434.74070407520048 24.812779630767182 4.0547581259161225 52.051330047892407 1373.7986392733874 91.740932207554579 18.780594563344497 6.1627258737571529 218.89245515409857 10.201289640273901 5.5983540578745297 2.3265702794305971 60.137508762069046 11.80999110243283 127.59041494724806 23.735667587956414 446.15893419762142 26.645597751485187 152.57222600793466 13.306157343438825 547.35360635991674 4.7804932994768015 386.05068572750315 29.721921264426783 169.86278390232474 138.8594414802501 69.860366138163954 2.2336534946225575 85.743308671051636 10.118094403296707 1008.2236981430906 107.026411450468 11.084948145551609 5.472509470768272 1.8230187045410264 3.0544401621446005 39.253046697936952 1.8852879428304721 342.69193042069674 56.891514053102583 297.93321319110692 3.9061693749390534
leaf_count=9929 1156 16231 4984 4538 942 14769 1787 4071 768 13321 5716 19135 63962 1496 10412 2619 180795 3135 11158 128 2820 15504 444 12154 66215 1318 580 424 15309 68 415 138 1857 678 23927 1147 11294 2447 69073 1608 331779 339 14343 936 75764 14013 18928 13 6535 1144 806838 2422 210 404 41 708 300 133 3283 4661 72400 478
internal_value=-9.18176e-05 0.011507 -0.0203243 -0.0259842 0.00542096 -0.0338422 -0.0364768 0.0240564 -0.0389152 0.000422049 -0.00795822 -0.00075235 -0.0138295 0.0173431 -0.000205897 -0.0159953 -0.026007 -0.0450261 -0.0179216 0.0135347 0.0330211 -0.00671865 -0.0104833 -0.00424478 0.00510144 0.00273618 0.0172801 -0.0266485 0.00185649 0.025739 -0.0211825 0.0207862 -0.00683777 -0.0135921 -0.025302 0.00682233 0.00930385 -0.0213086 -0.0228191 -0.0270184 -0.028925 0.010545 0.00174851 -0.00824777 -0.0135022 0.0035229 -0.023652 0.00748224 -0.0027755 -0.0740582 -0.0463481 0.0214431 0.0357391 -0.0166015 0.0103324 0.0160098 0.0389158 0.0198433 0.025271 0.0178836 -0.0223252 -0.00795865
internal_weight=10425.2 6626.4 3798.76 2946.64 4462.33 1789.64 1643.36 2164.07 1539.84 2761.16 989.349 852.124 1157 1237.41 103.519 1083.04 494.757 1045.08 490.956 1701.17 926.658 623.125 535.267 146.28 1771.81 1483.67 288.149 24.9433 498.392 109.867 18.1262 12.5279 279.5 219.362 139.4 79.962 609.265 763.456 733.756 581.184 560.66 1355.79 390.831 510.454 382.637 142.914 239.723 127.817 98.0951 12.3517 1016.67 263.205 115.103 18.4427 148.102 29.7 41.0761 12.9702 345.375 73.9656 426.774 128.841
internal_count=1954144 274762 1679382 1521982 253925 1040587 1018504 20837 993323 219601 145991 157400 481395 16861 25181 472196 182582 810741 97357 34324 3976 138265 133281 22083 73610 68154 5456 1004 48634 1939 621 206 33325 31468 24605 6863 12790 408234 405079 336006 333387 30913 14682 117777 109149 14457 94692 8628 7692 1157 807606 4452 1689 747 2763 3155 341 343 3411 9199 86199 13799
is_linear=0
shrinkage=0.05


Tree=25
num_leaves=63
num_cat=0
split_feature=8 32 31 4 26 12 16 16 26 26 8 24 32 32 16 2 0 0 32 24 32 24 4 32 14 32 31 4 24 11 3 14 6 8 32 2 0 31 32 32 26 32 4 26 6 2 12 31 1 20 22 10 20 26 2 2 4 2 20 4 20 20
split_gain=954.477 210.164 172.398 123.558 81.7556 71.9838 67.202 60.5058 58.1536 53.9983 53.6693 41.2484 37.6928 35.7972 28.7949 28.1279 26.3181 30.3997 23.8426 23.075 28.3733 22.5334 21.3551 20.2988 20.24 20.0354 19.4868 30.6017 20.5424 18.929 18.7572 21.5015 18.5973 24.0241 18.5729 18.9163 18.4944 18.4881 21.2898 18.1639 17.5996 17.3177 17.1413 17.7576 23.1545 17.0782 38.1667 20.6169 24.632 17.0779 16.7791 16.717 16.5561 16.384 16.1194 15.7975 21.4343 15.7934 15.5394 15.1758 15.4427 18.9086
threshold=45.500000000000007 0.47773122787475591 8.5000000000000018 39.500000000000007 62.500000000000007 3.5000000000000004 60.000000000000007 7.5000000000000009 57.500000000000007 70.500000000000014 6.5000000000000009 17.500000000000004 0.54241874814033519 0.57187330722808849 16.500000000000004 56.500000000000007 6.5000000000000009 7.5000000000000009 0.17915332317352298 18.500000000000004 0.44056776165962225 1.5000000000000002 1.5000000000000002 0.31373141705989843 1.0000000180025095e-35 0.40229311585426336 7.5000000000000009 61.500000000000007 7.5000000000000009 1.0000000180025095e-35 0.012579114176332952 7.5000000000000009 1.5000000000000002 65.500000000000014 0.68809932470321666 3.5000000000000004 100.00000000000001 6.5000000000000009 0.38103862106800085 0.34203957021236425 41.500000000000007 0.21130235493183139 4.5000000000000009 16.500000000000004 79.500000000000014 29.500000000000004 19.500000000000004 10.500000000000002 0.0070176301524043092 40.500000000000007 13.500000000000002 5.5000000000000009 100.00000000000001 78.500000000000014 85.500000000000014 42.500000000000007 1.0000000180025095e-35 1.0000000180025095e-35 87.500000000000014 22.500000000000004 1.5000000000000002 3.5000000000000004
decision_type=2 2 2 2 2 2 2 2 2 2 2 2 2 2 2 2 2 2 2 2 2 2 2 2 2 2 2 2 2 2 2 2 2 2 2 2 2 2 2 2 2 2 2 2 2 2 2 2 2 2 2 2 2 2 2 2 2 2 2 2 2 2
left_child=2 3 9 15 7 24 53 37 13 10 26 21 14 42 49 -2 55 30 -6 20 -20 -12 -17 -9 -4 -21 28 -28 -1 54 -18 40 33 -15 -30 59 57 38 -5 -16 -32 -24 43 -8 -45 -31 47 -47 -49 -13 -22 -23 58 -3 -19 -7 -57 -34 -10 60 -36 -62
right_child=1 6 5 4 18 16 8 23 52 -11 11 12 -14 32 39 22 17 29 19 25 50 51 41 -25 -26 -27 27 -29 34 45 31 -33 36 -35 35 -37 -38 -39 -40 -41 -42 -43 -44 44 -46 46 -48 48 -50 -51 -52 -53 -54 -55 -56 56 -58 -59 -60 -61 61 -63
leaf_value=-0.12231167526295994 -0.039474057875943706 0.0073618587130795336 0.043077818787615886 -0.023428536753387422 -0.057799970722118649 0.025551037566255465 0.043842182569554043 -0.051029578020906297 0.0048942131654374794 0.022174601526324458 -0.046445460001358546 -0.11240313717434561 -0.00070710885656294169 -0.11356422607657453 -0.048946950464025855 0.035867471237152108 0.034866702685117733 -0.12149645560795211 0.01885079795572922 -0.033685129928091515 0.023476284899391735 -0.11541501405042631 0.034117096244741761 -0.03754970422840357 0.027420624883172363 -0.0050347403298502029 0.021162461514692772 -0.06000808744430397 0.0081597831837336553 0.016086577728071479 -0.1085257423402658 -0.10788707158721832 -0.11759107040451602 0.031885120742661664 -0.14574843237969656 -0.073450873097586952 -0.0011991907879319828 -0.10820897482514379 0.025875842078319358 -0.018183092941408931 0.021151169139528758 -0.0066175145951507218 -0.026899836269226499 -0.1155285603008994 0.011154617402081761 -0.089777957272433387 0.010739606076904828 -0.11598090865691797 0.00053817471627932165 0.026368427558432869 -0.10797899690204614 0.032430539835156959 -0.007192826579690623 0.039545315853976803 0.025588255656037052 0.064424917176207269 -0.11892314484523665 -0.017737126572838307 0.037692888289320887 0.047524453529511512 0.034697181247885338 -0.12147210706988112
leaf_weight=3.2214499204419544 34.132644294993952 404.30306066863704 259.83425919385627 38.375283091096207 27.321388715063222 546.92517087724991 17.900024326751009 397.56206310226116 303.00060530868359 360.64619115827372 10.564599748933686 2.3347523285774505 906.52033786138054 3.0411945008672765 55.034027483547106 56.576654461212456 7.1062873448245254 4.8116826103068888 95.831846201908775 109.46608867385658 3.5836949581280351 1.9453003299422551 31.72728034039028 938.68797230639029 1003.7931176000275 137.8811992945848 423.66471181809902 11.938731348607687 337.03089129575528 1105.040317265084 3.5917164105922028 11.340558615745973 4.0100244916975489 42.698489395901561 2.5641109440475693 14.610027265734969 268.46849881240632 3.7787510016933075 50.982841736986302 374.38300108368276 9.6361950314603728 146.8924150824314 639.79536158673 5.1907821574714044 11.821018154034391 13.804728452581911 229.08157811872661 5.367411996703594 29.271276462357491 43.975782062625512 7.5237626358866674 111.62097724364139 305.34014105889946 43.832551438361406 3.0393736232072106 2.5331730451434851 4.2996115614660075 316.80039841576945 40.999252161476761 9.5061405529268068 7.1086840126663438 2.6648238021880415
leaf_count=200 10769 19411 680 10898 17774 4818 598 321987 30896 11400 454 191 65456 240 21727 520 120 319 5921 54445 84 144 1256 634265 6096 35733 5440 551 15829 15751 104 417 504 975 63 830 86644 340 2613 73632 88 23860 312765 790 930 953 5771 201 526 1023 807 2185 66630 732 63 6 194 74104 4318 103 35 98
internal_value=0.000374218 -0.0170165 0.0135595 -0.028656 -0.0333552 0.0213201 -0.0069575 -0.0388444 -0.0109531 0.00417648 0.00137708 -0.00420898 -0.00668842 -0.0170188 -0.0180861 0.00294171 0.0153596 0.0117587 -0.0127946 -0.00932394 0.0100826 0.0234006 0.00909726 -0.0415602 0.0306401 -0.0177143 0.0117361 0.0189378 0.00340841 0.0128621 -0.036676 -0.0573693 -0.00849824 0.0222143 0.00449279 -0.0294101 -0.0108821 0.000120816 0.00470184 -0.0221258 -0.0140594 0.000617961 -0.0250382 0.00907863 -0.0275 0.0133017 0.00221285 -0.0381089 -0.017517 0.0193722 -0.0655664 0.0298981 0.00128141 0.0105098 -0.0645557 0.0246071 -0.050949 -0.0189853 0.00880329 4.61697e-05 -0.0365359 -0.0078836
internal_weight=10406.3 4487.53 5918.81 2080.32 1810.99 3239.48 2407.2 1429.39 1959.07 2679.33 2318.69 1506.38 1382.25 1309.73 475.728 269.329 1975.85 1422.09 381.608 354.287 106.939 124.131 235.196 1336.25 1263.63 247.347 812.31 435.603 376.706 1390.42 31.6748 24.5685 635.019 45.7397 373.485 36.4538 589.279 93.1369 89.3581 429.417 13.2279 178.62 674.707 34.9118 17.0118 1382.57 277.525 48.4434 34.6387 46.3105 11.1075 113.566 649.34 448.136 7.85106 553.758 6.83278 320.81 344 21.8438 12.3376 9.77351
internal_count=1956277 1720809 235468 1121272 1084867 36107 599537 970103 579394 199361 187961 164812 162029 477550 96573 36405 29331 24313 114764 96990 6812 2783 25636 956252 6776 90178 23149 5991 17158 23584 729 609 162467 1215 16958 1129 161252 13851 13511 95359 192 25116 315083 2318 1720 23202 7451 1680 727 1214 891 2329 101844 20143 382 5018 200 74608 35214 299 196 133
is_linear=0
shrinkage=0.05


Tree=26
num_leaves=63
num_cat=0
split_feature=31 26 8 32 4 17 12 32 22 8 4 29 20 26 20 15 18 12 29 18 29 27 17 26 0 32 25 8 25 10 6 4 32 12 32 29 17 17 32 4 6 29 25 29 32 10 26 8 4 10 17 17 26 26 32 12 26 8 32 32 20 8
split_gain=890.01 223.607 164.971 85.138 73.3654 61.3407 54.9347 54.6036 51.3069 48.1519 39.227 44.8021 36.9823 31.2655 33.93 28.5208 27.6241 25.1394 25.1147 24.9884 24.5265 24.3004 24.4955 23.4358 23.1837 21.8692 23.6035 21.4286 20.1954 20.7611 22.0081 20.3628 19.4161 17.9151 17.7091 17.5691 17.3223 17.2509 17.0435 25.2616 16.9774 16.8629 16.4484 33.8431 18.4446 16.4432 16.402 21.3733 16.2858 15.7266 22.2529 18.3194 18.6684 15.6109 20.4275 21.5605 15.59 18.5712 18.2042 15.3195 15.0476 16.6553
threshold=5.5000000000000009 51.500000000000007 9.5000000000000018 0.55157047510147106 1.5000000000000002 0.014815627597272398 3.5000000000000004 0.4296440482139588 16.500000000000004 54.500000000000007 40.500000000000007 7.0843327045440683 42.500000000000007 62.500000000000007 2.5000000000000004 0.013072453904896976 60.000000000000007 30.500000000000004 4.2591924667358407 60.000000000000007 5.4480543136596689 4.5000000000000009 0.014389234129339458 77.500000000000014 5.5000000000000009 0.66278219223022472 0.012739370577037336 56.500000000000007 0.015749008394777778 65.500000000000014 57.500000000000007 24.500000000000004 0.68079262971878063 1.0000000180025095e-35 0.77654108405113231 10.487998008728029 0.015268065501004459 0.016261236742138866 0.36263500154018408 33.500000000000007 2.5000000000000004 14.195662975311281 0.015504807699471714 17.665527343750004 0.54966765642166149 18.500000000000004 61.500000000000007 45.500000000000007 46.500000000000007 25.500000000000004 0.015749008394777778 0.016001024283468727 31.500000000000004 70.500000000000014 0.7328988015651704 9.5000000000000018 84.500000000000014 97.500000000000014 0.65762609243392955 0.39784535765647894 6.5000000000000009 6.5000000000000009
decision_type=2 2 2 2 2 2 2 2 2 2 2 2 2 2 2 2 2 2 2 2 2 2 2 2 2 2 2 2 2 2 2 2 2 2 2 2 2 2 2 2 2 2 2 2 2 2 2 2 2 2 2 2 2 2 2 2 2 2 2 2 2 2
left_child=1 3 6 4 -1 13 37 10 15 19 -3 27 -9 14 -4 -6 -16 23 32 -10 38 33 28 -8 48 26 -18 59 29 -23 31 -31 56 -15 36 45 -19 -2 39 -11 -38 53 -20 -44 -45 -5 47 -13 -7 -17 -51 -52 -53 54 -35 -56 57 58 -14 -12 61 -21
right_child=2 7 5 35 8 24 17 12 9 20 11 46 18 21 16 49 25 34 42 60 -22 22 -24 -25 -26 -27 -28 -29 -30 30 -32 -33 -34 41 -36 -37 40 -39 -40 -41 -42 -43 43 44 -46 -47 -48 -49 -50 50 51 52 -54 -55 55 -57 -58 -59 -60 -61 -62 -63
leaf_value=0.030660364606817116 0.026403123494582511 0.015498759927259229 0.014688466793521296 0.021693537737238543 0.025601514637216934 0.033928465076115195 0.017306341397646297 0.021689251162633927 0.035194992948424438 -0.0061540278700637115 0.0014861800013718635 0.040623894130210385 0.0017241732401669957 -0.11943506157219802 0.0049118233319194919 0.059144981934202007 -0.019217325829176016 0.0007827505652916758 0.020577008943982743 -0.12746148435419158 0.0037466113992340837 0.010931725591973813 -0.11151311728622743 0.05300641864236845 0.012011968567979231 -0.0015284523502232684 0.0098719975990784643 -0.036227311161976861 -0.088478749303650919 -0.11610055861434282 -0.10126993521250766 0.028026412714935767 0.0389878404183258 -0.011272085097599333 -0.054800465369237987 0.059266407760154849 -0.12999310755153276 0.042102276503520192 -0.035862114699151959 -0.050488720354510158 0.030263348709510574 0.055732124066833179 -0.10553923983769474 -0.1130595097855181 0.062678075756318508 -0.011728034887989179 0.016864056858210325 -0.094214738999019304 -0.12007970656545225 -0.050897773668273465 0.043311276038576901 0.0060107218846282154 -0.11261059311186693 0.026948036563066127 -0.11182509922277795 0.049120430108648527 0.028343756082925543 -0.016200798192543501 -0.10228975162149843 -0.054939490516589577 -0.024043127095190617 0.046209031248417305
leaf_weight=47.083796337945387 1030.3957224106416 83.408693903125823 252.1953263990581 40.39544228289742 53.914812925737351 177.64665557863191 1269.4443349338835 216.66665890230797 20.069281067932025 34.58997026598081 72.56217510800343 4.6640550582669675 316.04911282786634 2.2750133024528614 488.1916548004956 5.5995552379172286 549.5115069913445 308.23404173331801 161.26811368716881 1.5442920383065928 33.224290974903852 140.07581361709163 5.0482678650878361 47.698025634512305 615.22400032263249 501.32060305948835 79.870480431476608 284.397272198461 6.1801571114920071 3.0987902646884313 8.9935999196022731 11.717477920930834 23.859230269445106 76.646791133796796 12.288357703480868 9.6955798577982915 1.6882386528886844 210.77992777898908 967.33420770493103 451.81188055186067 78.387122495565563 32.012318451888859 8.1246868744492549 1.8176055317744602 8.3621809962205571 413.71792097610887 83.0136868362315 7.9453474770998564 1.7333182236179698 42.9598499914282 15.386269068112597 9.6578495746944082 5.0517690060660252 166.64206159720197 2.247310928534719 28.093252738006413 30.105873345630243 360.90109264838975 4.2633170590270302 14.419384148553943 364.83910403889604 13.016645359806715
leaf_count=910 6243 5198 4821 4705 10122 1209 16048 19305 807 5608 12218 151 42565 103 18672 82 79134 8391 7979 114 5198 5418 276 235 11394 35979 2624 175982 318 388 1188 674 3002 4960 393 340 38 530 638303 391950 547 238 1057 111 86 156479 4898 2490 97 16824 794 569 939 3792 105 406 1813 138781 1031 3639 97514 492
internal_value=0.000383873 -0.0172988 0.0125775 -0.0266922 -0.0310381 0.0046116 0.0210545 -0.00316877 -0.0324769 -0.0345899 -0.0160857 -0.0217268 0.00311502 0.000557099 -0.00237061 -0.0024101 -0.00502812 0.0152633 -0.00128445 -0.0191777 -0.0387303 0.011898 -0.00297317 0.0185992 0.0166236 -0.00931979 -0.0155258 -0.0295852 0.000248751 0.00359468 -0.0395699 -0.00211743 -0.005379 0.0203553 0.00429523 -0.0073331 0.00616536 0.0290692 -0.0397011 -0.0473359 0.0268846 0.0213959 0.0154788 -0.0294379 0.0313 -0.00875503 0.00879339 -0.0443397 0.0324403 -0.0216109 -0.0278006 0.00516904 -0.0347278 0.0173788 0.00247392 0.0371993 -0.00686716 -0.00842329 0.000339761 -0.0078678 -0.0220538 0.02779
internal_weight=10319.4 4211.72 6107.64 2529.89 2066.08 3148.72 2958.92 1681.83 2019 1886.43 550.411 467.002 1131.42 2354.12 1871.09 132.57 1618.89 1717.74 914.751 399.469 1486.96 483.031 175.114 1317.14 794.604 1130.7 629.382 371.379 170.066 163.886 23.8099 14.8163 735.179 307.917 400.598 463.809 388.309 1241.18 1453.74 486.402 80.0754 305.642 179.573 18.3045 10.1798 454.113 95.6231 12.6094 179.38 78.6553 73.0557 30.0959 14.7096 273.629 106.987 30.3406 711.319 681.214 320.312 86.9816 379.4 14.5609
internal_count=1956277 1752056 204221 1331750 1170226 171796 32425 420306 1169316 1139986 204576 199378 215730 159096 141230 29330 136409 25652 196425 98927 1041059 17866 8262 16283 12700 117737 81758 191839 7986 7668 2250 1062 187192 9604 9369 161524 8976 6773 1035861 397558 585 9501 9233 1254 197 161184 7539 2641 1306 19208 19126 2302 1508 9263 5471 511 184190 182377 43596 15857 98120 606
is_linear=0
shrinkage=0.05


Tree=27
num_leaves=63
num_cat=0
split_feature=31 31 26 32 29 20 4 32 18 8 26 10 27 8 27 8 10 31 26 4 25 32 26 17 4 17 12 25 3 0 25 8 14 29 3 22 0 5 4 10 14 26 12 0 8 10 12 12 4 12 14 20 25 0 12 29 4 32 5 12 12 10
split_gain=824.142 186.166 168.534 84.8602 74.7128 71.2449 53.0883 57.525 65.6343 47.2356 49.1416 36.0986 36.0966 30.4494 29.7515 28.8015 35.234 25.5754 25.1866 24.1228 22.0365 21.7387 21.1693 20.9272 20.732 20.5982 20.5731 22.6539 20.1573 19.6241 31.7325 20.0737 19.3493 19.1371 18.0795 17.9537 17.3682 17.361 17.193 24.9468 16.9589 17.8606 16.956 16.3074 17.6932 24.6973 16.1428 23.9711 18.7788 23.5452 19.8869 16.12 18.5693 16.0249 15.5944 15.544 25.571 15.1151 23.8093 17.1901 17.0203 22.5433
threshold=4.5000000000000009 8.5000000000000018 63.500000000000007 0.54966765642166149 8.6680073738098162 6.5000000000000009 19.500000000000004 0.37946680188179022 60.000000000000007 22.500000000000004 62.500000000000007 12.500000000000002 4.5000000000000009 25.500000000000004 1.5000000000000002 1.0000000180025095e-35 7.5000000000000009 1.5000000000000002 51.500000000000007 25.500000000000004 0.016001024283468727 0.2168710678815842 68.500000000000014 0.014815627597272398 6.5000000000000009 0.015038444194942715 93.500000000000014 0.016261236742138866 0.0081634009256958979 16.500000000000004 0.016001024283468727 14.500000000000002 4.5000000000000009 4.7049660682678232 0.015038444194942715 17.500000000000004 6.5000000000000009 0.0084389690309762972 98.500000000000014 15.500000000000002 2.5000000000000004 42.500000000000007 1.5000000000000002 3.5000000000000004 69.500000000000014 25.500000000000004 24.500000000000004 20.500000000000004 3.5000000000000004 10.500000000000002 60.000000000000007 100.00000000000001 0.014815627597272398 14.500000000000002 9.5000000000000018 18.304391860961918 1.0000000180025095e-35 0.57406258583068859 0.0062696540262550124 13.500000000000002 33.500000000000007 34.500000000000007
decision_type=2 2 2 2 2 2 2 2 2 2 2 2 2 2 2 2 2 2 2 2 2 2 2 2 2 2 2 2 2 2 2 2 2 2 2 2 2 2 2 2 2 2 2 2 2 2 2 2 2 2 2 2 2 2 2 2 2 2 2 2 2 2
left_child=2 9 3 4 6 15 14 -8 -9 24 11 35 34 -10 -1 16 -3 19 -18 -4 -6 -21 25 -22 -2 29 -24 -28 -17 30 37 57 -27 -12 40 -11 -30 -7 -33 -40 41 -13 -32 -14 45 -45 47 48 49 50 54 -5 -53 -49 -39 56 -34 59 -59 -31 -60 -62
right_child=1 5 17 51 20 22 7 8 13 10 33 12 43 -15 -16 28 18 -19 -20 21 23 -23 26 -25 -26 32 27 -29 36 31 42 38 55 -35 -36 -37 -38 46 39 -41 -42 -43 -44 44 -46 -47 -48 53 -50 -51 -52 52 -54 -55 -56 -57 -58 58 60 -61 61 -63
leaf_value=0.018425495561007053 0.016937015099836913 0.041108502307525434 0.027616045445427801 0.0063814333834355573 0.030711439614286757 -0.10304264200617347 -0.043616383602602164 0.018457493025339444 -0.006357921439259312 0.039657903968947097 0.002491360769924204 -0.052769456956452909 0.031076264669352888 -0.031851720513657387 -0.026578877531818992 -0.10986982228251932 -0.1206526506795163 0.0071109372962909331 0.018492665240356712 -0.05597220118343238 -0.11484220148058195 -0.010281220890226924 0.030309460009974917 0.050615847478837843 0.0042727179902449161 0.0073595310489295964 -0.11424658824479605 0.072473300879831115 0.028169636451443089 -0.050647154265696881 0.048235911517491827 -0.016272676432316044 -0.12033737033835412 0.025346236308014736 -0.076964076963085326 0.0015906703507683482 0.017178658132466423 -0.076638819569057215 -0.10742293718356094 0.039434497045485711 -0.025595882411228916 0.053348125041540045 -0.10952467756311435 -0.037176003280825508 -0.018596254902856588 0.0075784396559569374 0.0320644286071399 -0.10359037340179152 0.019273558917292696 -0.10953780342139674 0.024099016469177365 -0.014727924250546399 0.060524006880866288 0.025158356856868722 0.051931090531838975 0.044013816349556527 0.02045634677364578 -0.11457728174551424 0.010752580925333993 0.046083267397139291 -0.10229081506692779 0.0044129449886722459
leaf_weight=82.151123434305191 471.76175770931877 358.1441461504437 38.659781341440976 174.31259944988415 64.707507523940876 3.0712184081785372 753.85130619158735 77.267783418647014 131.43184991751332 35.705419812351465 241.3640632533934 5.5861470876261619 29.304921343922615 1076.00105460349 66.409278408507816 2.8689071494154623 5.7507633175700885 528.60356011299882 7.4851402537897229 28.359407750773244 5.3486859524855372 317.23654939740663 186.3684006636031 2.9734712080098689 1025.9433330463944 312.1306568547152 5.0666485195979467 2.3910262621939182 735.25606341671664 5.1989795258268705 2.1796226194128394 230.64568245445844 3.2674576002173117 147.60486693819985 16.289482559659518 233.71777972008567 703.20655102899764 11.265884449705478 3.2371607683599022 27.10294624697417 364.99447893025354 13.664622679119928 7.7921188869513553 35.859193581738509 198.71767803444527 219.62004832096864 112.98888719012029 7.5630165138281882 198.55630808108253 5.8981290203519157 25.359414396807551 298.31342041864991 8.429495533462612 3.5518841031007451 2.982928268611432 79.326927911955863 247.83242624439299 4.2533721595536909 157.04673457052559 39.402539415517822 8.1407214002683776 12.628699823282657
leaf_count=3404 6580 936 635 47781 4472 245 582770 12736 24422 682 17384 355 1905 686560 13505 201 129 64083 48 18261 1093 88974 2335 36 40215 3878 256 7 3995 164 15 11587 91 3721 2926 14591 6592 309 238 625 67914 281 301 4921 42050 24719 2011 381 3514 223 282 132323 425 88 19 352 3464 247 2739 424 485 372
internal_value=0.000396584 0.0109992 -0.0186323 -0.024829 -0.0288876 0.0188304 -0.0305488 -0.0326517 -0.0262177 0.00193703 -0.00420439 -0.009387 -0.0142701 -0.0290767 -0.0016923 0.0257317 0.0381478 -2.45607e-05 -0.0419635 -0.00984055 0.0208615 -0.0140306 0.0114942 -0.0557247 0.00826184 0.00949921 0.0270509 -0.0543818 0.0225325 0.00447959 0.0129785 -0.00216416 0.0162867 0.0111643 -0.0253707 0.00663555 0.0227966 0.0153428 -0.0116182 0.0237654 -0.0231835 0.0225552 -0.0750414 -0.00507432 -0.00740676 0.00129668 0.0163303 0.00936353 0.0126339 -0.0163368 -0.00245809 -0.00576022 -0.01266 -0.0624474 -0.0497233 0.0247196 0.0186243 0.00872106 0.00233057 0.0348079 0.00512702 -0.0374103
internal_weight=10212.2 6558.1 3654.06 2741.2 2260.14 3517.96 2187.11 2038.55 1284.7 3040.13 1542.43 1153.46 884.037 1207.43 148.56 1812.71 371.38 912.859 13.2359 384.256 73.0297 345.596 1705.25 8.32216 1497.71 1511.42 193.826 7.45767 1441.33 868.866 381.209 487.657 642.557 388.969 400.535 269.423 1438.46 371.238 260.986 30.3401 384.245 19.2508 9.97174 483.502 454.197 255.479 368.166 255.178 244.063 45.5064 39.6082 481.056 306.743 11.1149 14.2488 330.427 251.1 226.671 182.07 44.6015 177.816 20.7694
internal_count=1956277 274797 1681480 1509527 1328998 46553 1323397 1306488 723718 228244 181449 160344 145071 710982 16909 11901 1113 171953 177 107870 5601 107235 34652 1129 46795 32054 2598 263 10788 24269 7388 16881 7785 21105 71476 15273 10587 7072 12450 863 68550 636 316 73595 71690 29640 6827 4816 4347 833 610 180529 132748 469 328 3907 3555 4431 3843 588 3596 857
is_linear=0
shrinkage=0.05


Tree=28
num_leaves=63
num_cat=0
split_feature=31 26 31 31 12 4 29 4 9 9 29 1 26 18 26 29 9 1 2 9 9 25 7 4 7 9 26 29 12 18 2 3 3 20 14 10 9 10 20 9 12 12 10 4 26 26 29 10 10 2 2 16 4 14 1 26 1 7 12 14 18 31
split_gain=785.55 200.532 150.348 78.384 59.8608 53.418 49.2701 40.0039 42.4888 38.353 37.2017 27.6659 27.5522 26.7863 25.0903 24.4243 23.3309 22.0722 32.1732 27.2482 21.3372 20.0177 20.3591 19.7264 24.2209 19.5364 19.2873 18.8638 17.8722 17.6959 17.917 29.0776 17.3248 17.1336 17.1099 15.997 15.8458 15.1916 15.1246 14.7323 17.4511 14.6627 14.9576 22.5134 15.9459 14.587 14.6874 13.9919 18.6256 22.8434 19.3566 21.2597 18.8433 14.9659 13.834 13.5214 25.5217 17.6198 13.3775 13.359 18.1912 13.0277
threshold=5.5000000000000009 51.500000000000007 8.5000000000000018 2.5000000000000004 3.5000000000000004 14.500000000000002 1.0000000180025095e-35 26.500000000000004 0.007272823480889202 0.015749008394777778 9.0587944984436053 1.0000000180025095e-35 80.500000000000014 18.500000000000004 78.500000000000014 14.761805534362795 0.01197647722437978 0.012903762981295587 76.500000000000014 0.013986697886139156 0.016261236742138866 0.015749008394777778 0.0066445916891098031 6.5000000000000009 0.011696306522935631 0.0085838492959737795 66.500000000000014 32.964424133300788 27.500000000000004 60.000000000000007 55.500000000000007 0.011050061322748663 1.0000000180025095e-35 6.5000000000000009 6.5000000000000009 82.500000000000014 0.0093898782506585139 49.500000000000007 42.500000000000007 0.015504807699471714 37.500000000000007 1.5000000000000002 19.500000000000004 9.5000000000000018 73.500000000000014 85.500000000000014 26.607325553894047 3.5000000000000004 37.500000000000007 60.500000000000007 39.500000000000007 3.5000000000000004 1.5000000000000002 7.5000000000000009 0.015504807699471714 65.500000000000014 0.010362972505390646 0.014599318150430919 7.5000000000000009 13.500000000000002 14.500000000000002 2.5000000000000004
decision_type=2 2 2 2 2 2 2 2 2 2 2 2 2 2 2 2 2 2 2 2 2 2 2 2 2 2 2 2 2 2 2 2 2 2 2 2 2 2 2 2 2 2 2 2 2 2 2 2 2 2 2 2 2 2 2 2 2 2 2 2 2 2
left_child=1 3 9 5 20 -1 7 -3 12 14 16 21 37 -8 15 23 -7 19 26 27 35 22 47 29 25 -25 -19 -6 32 -2 31 -31 -13 -10 -11 -4 61 -9 -35 55 -41 -27 44 -44 54 -16 -47 -5 49 -49 -50 53 -53 -52 -43 -26 -57 -58 -17 -54 -61 -15
right_child=2 6 4 11 17 10 13 8 33 34 -12 28 -14 36 45 58 -18 18 -20 -21 -22 -23 -24 24 39 41 -28 -29 -30 30 -32 -33 -34 38 -36 -37 -38 -39 -40 40 -42 42 43 -45 -46 46 -48 48 50 -51 51 52 59 -55 -56 56 57 -59 -60 60 -62 -63
leaf_value=0.0069654179143818235 0.037355020560006856 0.013603040180691254 0.023840680784231003 -0.10908946240002609 -0.0001742952097413631 -0.037578162786147978 -0.064404304906706886 0.0013523562220046624 -0.10591514097478932 -0.13157821620249019 0.020673739089071625 0.041670310533123159 0.007256168472153969 -0.00047513396189974885 0.02775453723395388 -0.10706456739826936 -0.0097015352733617263 0.016733316535904468 -0.10791046960018763 0.017398508437149872 0.038537204155445946 0.04638992273992628 -0.023372875144915331 -0.011088159969285279 -0.010841888391888347 -0.10382410057086289 0.036190853845866837 0.03808313290150387 -0.029564576217732997 -0.10632274134690248 0.041641775493251709 0.002325782258729626 -0.045400387363655349 0.022233751640804243 0.017272186825956867 -0.12753463451635383 0.034618690954540524 -0.025103405870740187 -0.0022438726928452504 -0.11533503859982402 0.020605960491929396 0.018984372194393181 -0.075544913375559117 0.0011857138707458597 -0.11463570543113394 -0.10513631227412286 0.074084642545543561 -0.049222686228621734 0.020752751715903458 0.028006079665398583 -0.0086134226113324351 0.056449210362185614 -0.054630658162509671 0.047353881305088288 -0.10666439375713668 -0.10343342396919127 0.0054363811745662127 -0.11011909048497025 0.026184369101148727 0.021311539167570441 -0.024028011709363545 0.022773440324301855
leaf_weight=80.785660079447553 42.296851318329573 192.95981152507011 963.83086396800354 3.0939404568634918 596.79098635981791 1321.9745789137669 10.605381728149949 60.212630369467661 3.7073951472993931 1.9396664379164565 29.571786120417528 17.711210047826174 89.252224773867056 136.47064508020412 102.23065527668223 1.9226539046503592 79.575122840120457 911.9793691894738 4.9819219373166552 514.14201151812449 315.87127601774409 16.568788720527664 179.45220322650857 319.77050449501257 426.57171735202428 3.1420199335552743 148.03401050815592 34.059804752469063 292.30388178589055 6.2603524534497401 28.5020323661156 377.26117192325182 8.4332684876862896 76.444706036709249 412.23492589383386 1.7484644032083441 87.18971885740757 549.14325622410979 361.73083938326454 7.4318441359791905 3.4598994711413962 192.48186786484439 9.7626973909791541 459.69280938280281 2.3083973182365289 4.0650930351112029 1.5903976093977688 10.964804153190924 49.60236326046288 75.546818870236166 26.252453240682371 7.8127566594630471 28.255044592660852 21.916546135558747 2.2158608455210915 11.697368373395873 20.191296687349681 3.9430328886955968 92.706634411355481 25.704045903054066 158.80058520217426 107.90175205562264
leaf_count=5010 536 12735 6627 584 19681 1044272 1407 19106 478 85 2193 2431 13182 14506 1901 145 22459 11672 312 5807 900 527 61184 50690 35693 368 1265 188 105313 816 512 11557 3316 4023 5414 101 1997 292981 54902 471 123 7643 904 36071 151 284 5 2525 8590 7680 2793 58 11901 593 217 1345 837 311 1589 2592 47729 4989
internal_value=0.000433834 -0.0164204 0.0119307 -0.0255835 0.018659 -0.0325915 -0.00310831 -0.00745147 -0.0110137 0.00265893 -0.0348244 -0.0140968 -0.018689 0.0138173 -6.04418e-05 -0.00132028 -0.0359954 0.0136737 0.0188548 0.00885455 0.0272568 -0.00780915 -0.00933794 -0.00254437 -0.00537114 -0.000920959 0.0194506 0.00189123 -0.0260221 0.00655635 0.00339467 0.000552275 0.0135844 0.0011209 0.0165751 0.0235666 0.0163193 -0.0224892 0.00202653 -0.0146738 -0.0721517 0.00393441 0.00444243 -0.00040996 0.0160054 0.0234303 -0.054737 -0.00316413 -0.00235464 0.0182178 -0.00794531 -0.0132422 -0.0198141 0.0168513 0.0175544 -0.0133199 -0.0428206 -0.0134429 0.0234771 -0.0226145 -0.0177116 0.00979019
internal_weight=10135.1 4109.94 6025.12 2434.33 3491.44 1511.91 1675.62 1333.45 1140.49 2533.68 1431.12 922.419 698.608 342.167 2119.51 2011.62 1401.55 2209.99 1065 1144.99 1281.45 603.97 587.402 1916.99 1462.67 989.374 1060.01 630.851 318.448 454.32 412.024 383.522 26.1445 441.883 414.175 965.579 331.562 609.356 438.176 473.295 10.8917 669.604 666.462 469.456 197.006 107.886 5.65549 407.949 404.855 86.5116 318.344 268.741 220.572 48.169 194.698 462.403 35.8317 24.1343 94.6293 212.76 184.505 244.372
internal_count=1956277 1752056 204221 1331750 46553 1073934 420306 397407 384672 157668 1068924 257816 325269 22899 152169 149979 1066731 38925 13249 25676 7628 146756 146229 148245 134824 96044 12937 19869 111060 13421 12885 12373 5747 59403 5499 6728 21492 312087 58925 38780 594 45354 44986 36975 8011 2190 289 85045 84461 10205 74256 65666 62280 3386 7860 38186 2493 1148 1734 62222 50321 19495
is_linear=0
shrinkage=0.05


Tree=29
num_leaves=63
num_cat=0
split_feature=9 32 22 26 5 16 16 9 20 26 26 9 24 32 20 5 2 32 32 32 18 27 0 26 27 5 2 12 26 9 32 9 5 32 26 5 26 18 2 12 12 14 16 26 5 13 9 1 32 5 24 32 32 24 20 18 6 32 2 3 24 22
split_gain=723.1 165.752 147.06 95.2089 73.9554 50.572 47.4153 47.3684 46.9514 61.5573 44.9135 34.9239 32.0803 40.4622 31.8724 21.1172 29.0447 21.0661 20.6493 20.4541 20.1758 26.4839 20.0693 19.8008 19.4697 19.3423 18.6616 28.8309 22.3372 18.4967 24.8518 28.6881 21.3896 25.0678 21.4065 19.5317 19.1252 18.7237 18.6116 26.0415 19.8616 20.1041 17.7715 17.6275 21.7512 22.8956 18.0385 17.5291 16.749 17.8922 17.1591 16.5628 16.3475 16.2594 20.8748 19.4563 16.2146 16.1338 16.08 15.8974 15.4785 15.3463
threshold=0.0093898782506585139 0.47773122787475591 15.500000000000002 73.500000000000014 0.0099504948593676108 60.000000000000007 7.5000000000000009 0.016001024283468727 17.500000000000004 52.500000000000007 57.500000000000007 0.01197647722437978 12.500000000000002 0.1929658651351929 11.500000000000002 0.014815627597272398 4.5000000000000009 0.27124743163585668 0.31373141705989843 0.53708884119987499 17.500000000000004 1.5000000000000002 6.5000000000000009 57.500000000000007 6.5000000000000009 0.016261236742138866 1.0000000180025095e-35 34.500000000000007 66.500000000000014 0.014599318150430919 0.75162878632545482 0.010471491608768703 0.009756329935044052 0.60066705942153942 32.500000000000007 0.0077221228275448093 14.500000000000002 10.500000000000002 9.5000000000000018 12.500000000000002 11.500000000000002 60.000000000000007 12.500000000000002 21.500000000000004 0.009756329935044052 0.014389234129339458 0.013986697886139156 0.015268065501004459 0.66278219223022472 0.012270400300621988 5.5000000000000009 0.54606422781944286 0.4564975649118424 16.500000000000004 54.500000000000007 60.000000000000007 47.500000000000007 0.64399379491806041 30.500000000000004 0.0063492704648524531 16.500000000000004 17.500000000000004
decision_type=2 2 2 2 2 2 2 2 2 2 2 2 2 2 2 2 2 2 2 2 2 2 2 2 2 2 2 2 2 2 2 2 2 2 2 2 2 2 2 2 2 2 2 2 2 2 2 2 2 2 2 2 2 2 2 2 2 2 2 2 2 2
left_child=1 3 7 4 6 -3 23 22 26 11 14 53 13 -8 -7 19 -17 -6 -14 -16 -19 -22 -2 -1 -23 59 27 -4 29 30 31 -28 33 35 36 -31 -35 47 39 43 41 -40 -13 46 -45 -46 -39 -33 49 -12 -50 -42 -30 54 -10 -55 -15 -51 -43 -9 -24 -11
right_child=2 5 8 -5 17 10 12 25 9 61 48 42 18 56 15 16 -18 20 -20 -21 21 24 60 -25 -26 -27 28 -29 52 32 -32 37 -34 34 -36 -37 -38 38 40 -41 51 58 -44 44 45 -47 -48 -49 50 57 -52 -53 -54 55 -56 -57 -58 -59 -60 -61 -62 -63
leaf_value=0.0078392861444808344 0.023971471362263248 0.0090890636016536398 0.028337837246433267 0.0037572322032952341 0.025824047875975781 0.0038947808734477105 -0.05774733489151828 -0.12379875707855924 -0.048075159888566865 -0.065329939293367487 -0.0071458703264773646 0.027060363665848814 -0.04945826258359709 -0.10333262790188912 -0.029875692958042727 -0.077426931264786836 0.021158603899234324 0.035293777668554405 -0.034995455642594632 -0.015001497160732522 0.0063860532520454167 -0.059332984715818562 0.021336085318480996 -0.067649422331455031 -0.0099231764068871495 0.043855526440577004 0.021875324145921637 -0.12952520917044363 -0.11340533811125322 0.019980545830341031 0.017693664249718171 0.030172774105881268 0.01618409614303792 -0.12850410076181251 -0.11722030421186003 -0.11934143056720013 0.018910479847277357 0.028555614420392329 0.039895326530029945 -0.087517497203625561 -0.04431306418688525 -0.089479348035602618 -0.0043454377275042632 0.028632659696511149 -0.0081395479054372291 -0.11531714437921861 -0.11454160917762635 -0.14099975389500044 -0.10813103967561631 0.020386970040767512 0.021650951518560415 0.0052485142817264982 0.028294002082702236 0.010536583285052548 0.041438042170197295 -0.029012723738238988 0.011395535599223315 -0.078343671219283553 -0.0083963606475548173 0.026678630146643074 0.0094018771605600474 0.010367909991695479
leaf_weight=84.755579931195825 621.86639088403899 438.1658115836326 192.87854211451486 235.19774103967939 49.722961777588353 183.77637210860848 33.818096115661319 1.7614621464163054 9.4681253323797154 6.7527777508366844 435.63761311722919 48.791079966817051 336.31383747240761 3.2017077191267154 366.4798820677679 8.5686656080652011 58.322274569422007 20.312710532918572 927.21104452112922 625.80704256496392 62.777964874752797 44.001669032615609 390.30657080956735 9.6788003315450606 36.456180017907172 223.93118948210031 64.321821135701612 2.9362857248634091 2.0616001863963893 33.069055560976267 129.87443876604084 29.165895489975814 484.45911932853051 2.8795770038850632 9.089614575263111 2.7227160786278537 9.3258938263170403 19.241640343097973 5.7389732217416158 21.452037733281031 19.832501338678412 18.658999554347247 586.64286853076192 6.9659555028192726 8.1865863800048846 12.733233081176875 2.4869578364305189 1.5764972795732308 2.6081939758732906 97.04203181178309 108.30440746829845 112.36075992987026 160.29547997988993 34.829762142384425 20.868389829876833 290.18654369795695 80.810115568514448 4.3221379336901 9.0950099898036587 492.61793117108755 894.04859864071477 788.24536944791907
leaf_count=12684 4422 20143 1343 37683 2754 14487 32710 114 546 387 89293 1076 310899 499 214929 2008 5342 513 676324 240784 6669 16107 3662 3188 9275 479 2979 178 205 842 3058 441 6090 177 600 184 187 331 79 1532 2180 1443 54817 181 276 867 121 61 207 4639 7216 5226 2379 2090 422 72853 11967 489 569 2353 15180 45538
internal_value=0.000454603 -0.0151883 0.0119821 -0.0260474 -0.0301976 -0.00621648 -0.0341749 0.0207219 0.0046938 -0.000638469 -0.00976319 -0.00895396 -0.0365182 -0.0115664 -0.0153268 -0.0186619 0.00852989 -0.00267569 -0.038845 -0.020495 -0.0113403 -0.0179537 0.0165985 0.000102272 -0.036945 0.0316645 0.0116882 0.0259706 0.00928885 0.00650437 -0.000848492 -0.00810597 0.012773 -0.0161747 -0.0591295 0.00938218 -0.0158683 -0.0153153 -0.0200821 -0.0414876 -0.0109008 -0.0452931 -0.00193398 -0.0215854 -0.0478933 -0.0733752 0.0121773 0.0213949 0.000910055 -0.00274343 0.018599 -0.00218704 0.0264947 -0.0215069 0.0135007 -0.0247745 0.00702322 0.0161771 -0.0629084 0.0261425 0.0130286 0.00972493
internal_weight=10025 4253.29 5771.73 1924.26 1689.06 2329.03 1475.79 2624.53 3147.19 1785.78 1890.87 990.787 1381.35 117.83 1242.95 1059.18 66.8909 213.271 1263.52 992.287 163.549 143.236 1906.22 94.4344 80.4578 718.311 1361.41 195.815 1165.59 1003.24 461.691 331.817 541.546 57.0869 21.2951 35.7918 12.2055 267.495 236.753 71.0664 165.686 33.493 635.434 49.6144 27.8858 20.9198 21.7286 30.7424 647.914 537.002 110.913 132.193 162.357 355.353 30.3365 325.016 84.0118 101.364 27.754 494.379 1284.36 794.998
internal_count=1956277 1720809 235468 1121272 1083589 599537 1048271 26210 209258 177729 579394 131804 1032399 45176 477550 463063 7350 35318 987223 455713 32564 32051 23264 15872 25382 2946 31529 1521 30008 27424 19344 16286 8080 1990 964 1026 364 13307 12805 3308 9497 2091 55893 1776 1324 1143 452 502 101844 94421 7423 7406 2584 75911 968 74943 12466 5128 2012 2467 18842 45925
is_linear=0
shrinkage=0.05


Tree=30
num_leaves=63
num_cat=0
split_feature=11 29 32 20 4 18 26 11 18 26 16 32 4 32 29 0 20 2 16 27 16 32 26 26 20 26 26 4 32 0 25 29 29 4 1 27 4 32 4 2 0 32 20 2 27 20 2 26 32 5 27 26 2 20 12 26 20 25 20 11 12 6
split_gain=617.466 173.862 145.67 125.137 82.6969 76.726 79.1183 69.1141 55.5424 49.042 35.5211 31.4846 29.6257 33.4476 25.0337 24.4265 23.6956 22.6127 22.4374 22.4276 21.5527 21.1029 20.9321 20.4589 19.4777 20.5279 20.7397 19.3821 23.2712 19.6871 18.9309 18.8524 22.7526 18.7288 24.0695 20.2958 17.8684 32.3547 17.8088 19.7593 17.7505 17.3763 16.6118 23.077 16.5799 22.962 17.2739 16.2482 17.3473 28.3602 15.9247 15.7908 15.6761 15.5972 15.5043 33.4555 16.9171 15.3279 14.9629 14.7512 14.7202 14.6961
threshold=0.0086581707000732439 1.0000000180025095e-35 0.42825570702552801 17.500000000000004 33.500000000000007 18.500000000000004 51.500000000000007 0.015749008394777778 60.000000000000007 70.500000000000014 4.5000000000000009 0.5675683617591859 25.500000000000004 0.61810141801834118 22.721441268920902 1.5000000000000002 7.5000000000000009 56.500000000000007 3.5000000000000004 1.5000000000000002 2.5000000000000004 0.46300013363361364 35.500000000000007 4.5000000000000009 25.500000000000004 75.500000000000014 55.500000000000007 1.5000000000000002 0.63194787502288829 10.500000000000002 0.016001024283468727 27.378644943237308 24.424163818359379 2.5000000000000004 0.0069687257055193194 3.5000000000000004 26.500000000000004 0.7328988015651704 38.500000000000007 60.500000000000007 3.5000000000000004 0.25699475407600408 27.500000000000004 7.5000000000000009 6.5000000000000009 20.500000000000004 51.500000000000007 75.500000000000014 0.38416744768619543 0.011561079882085325 2.5000000000000004 62.500000000000007 21.500000000000004 1.5000000000000002 7.5000000000000009 41.500000000000007 20.500000000000004 0.014599318150430919 22.500000000000004 0.013423423748463394 2.5000000000000004 7.5000000000000009
decision_type=2 2 2 2 2 2 2 2 2 2 2 2 2 2 2 2 2 2 2 2 2 2 2 2 2 2 2 2 2 2 2 2 2 2 2 2 2 2 2 2 2 2 2 2 2 2 2 2 2 2 2 2 2 2 2 2 2 2 2 2 2 2
left_child=1 2 4 7 17 27 11 18 22 20 41 33 19 24 40 -9 -12 -1 36 -8 -10 59 30 -13 25 26 -14 -4 -29 -30 42 32 -20 34 -7 -35 -2 53 -31 -40 -3 -6 43 -5 45 -11 -46 48 -19 -50 -17 -18 54 -38 55 -24 -57 -33 -28 -22 -42 -25
right_child=3 14 5 8 10 6 12 15 9 44 16 23 13 -15 -16 50 51 47 31 -21 21 -23 52 61 -26 -27 58 28 29 38 -32 57 -34 35 -36 -37 37 -39 39 -41 60 -43 -44 -45 46 -47 -48 -49 49 -51 -52 -53 -54 -55 -56 56 -58 -59 -60 -61 -62 -63
leaf_value=-0.078808324166118854 0.02383189412075222 -0.10871731181510805 0.053928312084405544 -0.1179280569623187 -0.064474574489642097 0.038680536952698436 0.036065634053116205 0.034521226645781229 0.030782090087932534 -0.1149901486319138 0.038637812292119406 0.012451615850440266 0.032424713212424641 0.014919313503805166 0.041241454931506882 0.030826324429351355 -0.042221752871211334 0.0076032614215142888 0.0072929996445011804 0.00016650626404629464 -0.035699380673177149 -0.0069815579931355627 0.024455110953762134 -0.094349936450915384 -0.016561418513889075 0.038740979529001109 -0.074690624240173573 0.01476034513905617 0.031647030723564347 -0.10584339169415385 -0.11958105932117027 -0.098621298159108944 -0.10985240128715873 -0.040091973876470559 -0.11126946613801073 -0.023544363617652244 -0.13744189630057957 -0.12409960673292009 0.0117383079410091 -0.10079920036902475 0.066136064270630721 0.017923352511941611 0.0088980829801790697 -0.011906945455993131 0.011503728142716075 0.023712186395129009 -0.070634183947809223 0.040858087601456802 0.037274939177798776 -0.087735546778245466 0.016221386186347619 -0.02569339377795395 0.024387929520847704 0.012759322994089753 0.012954477885227323 -0.0060848104828279031 -0.11410642706295007 0.037682178405989156 0.02050547067117706 -0.000450982275712667 0.0071938909517731816 -0.015461084341019688
leaf_weight=8.0969080657232535 416.82817709748633 3.2505266652442506 25.973678446840495 5.8942000474780789 7.5899856712203464 18.582192829344425 73.618050470482558 464.97611650614999 34.02153658750467 3.0291654625907531 9.7814580840058607 72.142775253742002 13.360585378017275 130.637826327933 62.962976072914898 262.27750849304721 891.03187330678338 94.465775024145842 1589.2753597727278 106.36711317300797 116.33876772527583 1028.6829032432288 16.705539814196527 6.0089296107180408 500.265567723196 34.881054236320779 14.589668101165442 227.34706583723892 10.353974536526946 9.2470985830295813 3.3229550290852776 2.1273837033659211 4.1557977464981368 303.81898616021499 3.12643122463487 475.00884719146416 1.8069807486608613 5.3788643758743993 13.351813997840511 5.5101561939809498 10.835891257040201 40.751066131517291 148.24732154759113 39.720244720112532 16.674084288766611 199.6291038300842 10.389184021041727 28.506173201836646 6.9984746441477936 12.898628500290213 647.21700254734606 172.47713828081032 331.65888618095778 39.737982773920521 149.64022541837767 5.5449976148083833 10.46469130925834 67.704766727052629 5.7564467105548855 39.848319040378556 471.71179627557285 336.53745181986596
leaf_count=3415 2926 272 135 270 4942 478 1762 1743 465 194 2709 17954 1551 21052 698 1505 733052 8195 44074 9904 61882 125265 210 1518 154399 762 3657 17801 208 843 131 54 143 152585 663 298998 49 157 707 925 99 3319 4114 1254 615 7047 1521 296 1531 2804 6050 80816 8218 532 2664 91 430 444 667 10183 32433 111416
internal_value=-0.000160143 -0.0146667 -0.0186027 0.0106221 -0.0322643 -0.0113176 -0.0146636 0.0164604 0.00115703 -0.00446113 -0.0369404 -0.0229303 -0.00324104 -0.00789605 0.0115777 0.0251991 -0.0388287 0.00247772 0.0108135 0.0148501 -0.00845502 -0.00958164 0.0126004 -0.0117483 -0.0131356 0.0118515 -0.0159749 0.0127035 0.00867521 -0.0272928 -0.001249 0.00810185 0.00698747 -0.0287227 0.017085 -0.0299995 0.0205389 -0.00871285 -0.0490033 -0.0211373 0.00773304 0.00498613 0.000779311 -0.0256068 0.0167303 0.021639 -0.0200278 0.0070845 -0.00133393 -0.0437652 0.0204331 -0.0395412 0.0179133 0.00622638 0.00613756 -0.0250432 -0.0766929 0.0335298 -0.0477572 -0.0267064 0.00851747 -0.0168449
internal_weight=9869.14 4207.84 3659.08 5661.3 1272.6 2386.49 2094.7 3501.49 2159.81 1448.61 1121.63 1215.23 879.476 699.491 548.761 1374.47 1073.29 150.966 2127.02 179.985 1218.89 1184.87 711.199 414.689 568.853 68.5878 33.7067 291.784 265.81 38.463 197.185 1663.26 1593.43 800.536 21.7086 778.828 463.752 46.9238 28.1091 18.862 485.798 48.3411 193.862 45.6144 229.722 202.658 27.0633 142.869 114.363 19.8971 909.495 1063.51 514.014 41.545 182.355 32.7152 16.0097 69.8322 20.3461 156.187 482.548 342.546
internal_count=1954797 1672566 1639064 282231 841079 797985 777366 57677 224554 207172 824838 583612 193754 182088 33502 9298 816577 16241 48379 11666 197795 197330 17382 130888 161036 6637 5875 20619 20484 2683 5769 44715 44217 452724 1141 451583 3664 738 2475 1632 32804 8261 5638 1524 9377 7241 2136 12826 12530 4335 7555 813868 11613 581 3395 731 521 498 4324 72065 32532 112934
is_linear=0
shrinkage=0.05


Tree=31
num_leaves=63
num_cat=0
split_feature=31 4 8 32 4 24 8 18 32 8 18 24 20 24 31 14 4 12 27 10 30 30 32 4 2 20 22 6 9 32 27 20 32 12 13 6 10 12 20 12 27 32 8 32 3 27 20 32 10 20 4 27 32 6 8 2 20 3 4 8 32 22
split_gain=680.102 154.186 94.9092 78.6726 77.6047 64.8051 39.8655 39.0986 36.1155 34.7192 33.2818 33.0781 30.7801 29.9034 26.0281 24.2822 23.7046 23.0505 21.9 25.4825 23.6338 22.7291 20.1264 19.8966 19.0579 18.9097 18.6096 24.2757 17.7916 17.4572 17.3334 16.2261 20.0433 19.9715 27.1525 18.5606 16.6876 22.3311 16.1651 17.0255 16.0559 15.8024 20.4892 19.0112 16.2841 15.6494 23.6757 19.7476 15.785 18.7228 15.1623 24.1141 20.3149 16.3962 15.2691 15.1173 22.1151 15.9077 15.0929 14.9599 24.7855 17.8484
threshold=3.5000000000000004 2.5000000000000004 18.500000000000004 0.41831213235855108 34.500000000000007 60.000000000000007 66.500000000000014 60.000000000000007 0.56976062059402477 1.0000000180025095e-35 1.5000000000000002 11.500000000000002 97.500000000000014 60.000000000000007 1.5000000000000002 12.500000000000002 25.500000000000004 39.500000000000007 3.5000000000000004 20.500000000000004 1.0000000180025095e-35 1.0000000180025095e-35 0.25699475407600408 3.5000000000000004 5.5000000000000009 26.500000000000004 1.0000000180025095e-35 2.5000000000000004 0.0086581707000732439 0.39334934949874883 3.5000000000000004 23.500000000000004 0.5675683617591859 100.00000000000001 0.0065574476029723891 66.500000000000014 77.500000000000014 73.500000000000014 30.500000000000004 2.5000000000000004 3.5000000000000004 0.60913810133934032 11.500000000000002 0.68809932470321666 0.0071685509756207475 5.5000000000000009 6.5000000000000009 0.52701115608215343 10.500000000000002 8.5000000000000018 28.500000000000004 1.5000000000000002 0.69665622711181652 6.5000000000000009 21.500000000000004 34.500000000000007 3.5000000000000004 0.012422839645296337 6.5000000000000009 60.500000000000007 0.68809932470321666 3.5000000000000004
decision_type=2 2 2 2 2 2 2 2 2 2 2 2 2 2 2 2 2 2 2 2 2 2 2 2 2 2 2 2 2 2 2 2 2 2 2 2 2 2 2 2 2 2 2 2 2 2 2 2 2 2 2 2 2 2 2 2 2 2 2 2 2 2
left_child=3 9 10 4 40 17 -5 22 15 -2 18 -8 -13 -12 -6 -9 24 38 -3 21 29 -20 -7 -14 -17 -16 -24 28 -28 -21 -25 32 -15 34 -33 36 -36 -38 45 -40 -1 42 -34 44 -43 -4 47 -47 49 -48 59 53 -53 -52 -54 56 57 -11 -37 -29 61 -61
right_child=1 2 5 6 14 7 11 8 -10 55 13 12 23 31 25 16 -18 -19 19 20 -22 -23 26 30 -26 -27 27 50 -30 -31 -32 33 41 -35 35 58 37 -39 39 -41 -42 43 -44 -45 -46 46 48 -49 -50 -51 51 52 54 -55 -56 -57 -58 -59 -60 60 -62 -63
leaf_value=0.015744520867852604 0.037634380310984622 0.038108099078779996 0.023463907180579349 -5.4844611557657866e-05 -0.038959808363047077 -0.056034618989801659 0.016018128897865587 0.032527790842570035 -0.0044372433914381853 -0.11944269670589119 0.020226376207937349 -0.0057284065219294382 0.018865483468938703 0.023606334631768783 0.022120424979551741 -0.094829128905033144 -0.02855908406116044 0.022003321824242108 0.024649797174532046 0.04501301153643103 0.04449783051073751 -0.042245990984467491 0.02728517215371969 -0.035056830299889749 -0.00031793945387803324 -0.025260443518136534 -0.010358245747034436 0.019789292479677825 -0.11251739056847593 -0.12758667143330307 -0.020246209822802078 -0.10793053578267445 -0.0048681738629609457 0.013670483820577598 -0.0087452445193644552 -0.12796403885863689 -0.10538795716362392 0.021807193702223227 0.048474726258433923 -0.026277116142173845 -0.022850215082353222 -0.11777104607369865 -0.080309547095117048 0.0032498012810423093 0.018310616736392324 0.057500116172420006 0.037163014558013872 -0.11826187427954056 0.017336936790912621 -0.10772414555217702 0.044065169195345158 0.0052023519038334682 0.025445419691644263 -0.060269798558861346 -0.068280539570752016 0.040025191446371511 0.0078351354921116622 0.023319403055684935 0.012924352400521281 0.03482593909044765 -0.1098707593749698 -0.026852405922582846
leaf_weight=100.76335057488177 315.57961855595931 174.26939672557637 92.745968785369769 420.85521499812603 817.91955237835646 13.645240397192536 67.776460449327715 20.780729964724742 929.71839559229556 1.9571608835831273 477.96070388040971 285.92225644388236 25.458536565303802 209.13575288490392 22.860644120781217 5.5662695972714564 406.03704014827963 318.03673510835506 142.65492157428525 1.8011229988187532 4.3954200018197289 13.938315832987426 84.055059512844309 323.35735218541231 127.79556236031931 267.0713242252823 9.459742378676312 190.38943216833286 7.7562938239425412 7.8498291433788836 507.75459293520544 6.4512061756104222 78.856497596250847 179.53711197944358 286.40728717297316 1.9286873498931516 10.16193850035779 5.2249574200250199 8.5973349870182556 66.814935960108414 36.785148177878 2.2115803728811434 10.159630096284671 635.24875750241335 368.47984020540025 2.0253459066152555 3.5504849017597735 7.5758600383996964 42.448551067616791 5.9939477406442148 4.3915467537008253 257.75474541587755 5.8543963003903654 26.413927081855945 16.859421718632802 78.455353549681604 389.37016982329078 650.8108305009082 131.99560324626509 21.70474817045033 5.5872728442773214 25.521114982897416
leaf_count=5766 1032 812 1482 82000 670709 8283 3840 1305 126255 64 6025 132072 1126 4360 4782 1307 109466 8460 920 18 22 171 1757 173224 18634 139101 452 4052 473 355 345906 733 1849 7510 12299 147 1438 224 120 2782 7747 219 846 11037 6533 23 40 279 878 281 64 18725 115 4513 1325 1063 7885 3821 5411 269 567 1823
internal_value=-0.000114636 0.00840867 0.00457161 -0.0205358 -0.029999 -0.00207358 -0.0133105 -0.00597009 -0.0104799 0.0229849 0.0111163 -0.0179199 -0.0199332 0.00903216 -0.0343969 -0.0205087 -0.022552 0.0132858 0.0256409 0.0129085 -0.0516057 0.0186954 0.00406758 -0.0246748 -0.00426266 -0.0215245 0.00531822 0.00208846 -0.0563837 -0.095375 -0.0260085 0.00625388 0.00942279 -0.00039323 -0.00610361 -0.00459597 -0.0114704 -0.0621961 0.00121843 -0.0177551 0.00542298 0.00671375 -0.0134785 0.00850057 0.0174987 0.0104891 -0.00904787 -0.0811854 0.0042733 -0.0538268 0.00390397 -0.00340446 0.00120772 -0.0453961 -0.044123 0.0188594 0.017266 0.0228914 0.0108954 0.013258 -0.0102871 0.00149462
internal_weight=9768.45 6891.92 5455.75 2876.52 1245.4 2707.08 1631.12 2159.29 1489.9 1436.17 2748.67 1210.27 1142.49 2403.76 1107.85 560.18 539.399 547.789 344.909 170.64 14.0464 156.593 669.393 856.57 133.362 289.932 655.748 571.693 17.216 9.65095 831.112 1925.8 1304.09 621.707 442.17 435.718 301.794 15.3869 229.752 75.4123 137.548 1094.96 89.0161 1005.94 370.691 154.34 61.5942 9.60121 51.993 9.54443 554.477 311.274 280.469 30.8055 22.7138 1120.59 1042.14 652.768 133.924 243.203 52.8131 47.2259
internal_count=1954797 388524 374659 1566273 828105 313730 738168 299385 256967 13865 60929 656168 652328 58631 814592 130712 129407 14345 2298 1486 395 1091 42418 520256 19941 143883 34135 32378 925 373 519130 52606 24844 27762 20252 19519 13961 1662 5885 2902 13513 20484 2695 17789 6752 2983 1501 302 1199 321 31453 24742 20165 4577 1440 12833 11770 3885 5558 6711 2659 2092
is_linear=0
shrinkage=0.05


Tree=32
num_leaves=63
num_cat=0
split_feature=31 31 26 32 20 8 29 29 4 8 27 10 2 26 8 14 32 4 29 4 27 4 19 32 27 16 19 27 10 32 16 22 9 20 29 20 20 4 4 0 25 15 7 0 12 32 0 25 27 4 8 25 19 32 27 8 22 12 32 20 22 26
split_gain=641.887 140.423 111.95 59.1733 55.5009 50.4279 50.0661 48.9666 37.0308 35.5864 34.0744 31.6964 29.7774 28.2687 26.787 32.9112 33.7595 26.0833 25.0418 24.1189 30.1711 28.2036 22.2566 21.8306 20.6837 20.5936 20.4475 29.1764 23.1377 22.6485 19.4316 17.4247 19.9408 16.9814 16.8193 18.9404 19.657 16.2988 15.9394 20.9751 25.46 21.0307 16.0308 21.6721 20.6256 17.5471 15.8061 15.6622 14.8169 14.8149 14.1603 14.7337 15.4272 15.4759 14.4956 14.1151 14.0687 18.4818 14.0583 14.5756 13.8068 19.0515
threshold=3.5000000000000004 8.5000000000000018 63.500000000000007 0.46966674923896795 4.5000000000000009 1.0000000180025095e-35 16.517488479614261 7.8148722648620614 6.5000000000000009 21.500000000000004 3.5000000000000004 1.5000000000000002 79.500000000000014 76.500000000000014 68.500000000000014 1.0000000180025095e-35 0.63979858160018932 9.5000000000000018 17.201234817504886 16.500000000000004 3.5000000000000004 13.500000000000002 0.012739370577037336 0.28993071615695959 1.5000000000000002 2.5000000000000004 0.015038444194942715 5.5000000000000009 1.5000000000000002 0.46432569622993475 7.5000000000000009 3.5000000000000004 0.010050504934042694 11.500000000000002 13.608949661254885 26.500000000000004 49.500000000000007 3.5000000000000004 37.500000000000007 66.500000000000014 0.015749008394777778 0.015749008394777778 0.016261236742138866 6.5000000000000009 1.0000000180025095e-35 0.7328988015651704 3.5000000000000004 0.012903762981295587 1.5000000000000002 1.5000000000000002 71.500000000000014 0.012739370577037336 0.012579114176332952 0.62822863459587108 7.5000000000000009 1.5000000000000002 9.5000000000000018 100.00000000000001 0.38255397975444799 22.500000000000004 18.500000000000004 46.500000000000007
decision_type=2 2 2 2 2 2 2 2 2 2 2 2 2 2 2 2 2 2 2 2 2 2 2 2 2 2 2 2 2 2 2 2 2 2 2 2 2 2 2 2 2 2 2 2 2 2 2 2 2 2 2 2 2 2 2 2 2 2 2 2 2 2
left_child=2 5 3 6 11 -2 9 8 12 -1 37 31 60 14 22 -16 26 58 -6 20 -4 -22 25 -21 -24 -10 28 48 -17 -29 -19 -3 -33 -32 35 -25 -37 49 42 41 -41 -40 -13 56 45 -45 -9 -27 -28 -5 -12 52 53 -52 -53 -26 -44 -58 -11 -60 61 -7
right_child=1 4 19 10 18 7 -8 46 13 17 50 38 -14 -15 15 16 -18 30 -20 23 21 -23 24 34 55 47 27 29 -30 -31 33 32 -34 -35 -36 36 -38 -39 39 40 -42 -43 43 44 -46 -47 -48 -49 -50 -51 51 54 -54 -55 -56 -57 57 -59 59 -61 -62 -63
leaf_value=-0.0039222268629937286 0.025729192414703769 0.036565627318474313 0.039754820954348673 -0.12163376580266978 0.0072444787246688201 0.047534911204508312 0.046908892732295801 -0.10698776333276089 0.050340272629633143 0.010487479265169769 0.0061962121639927321 0.019685882295572069 0.040642788312832447 0.014845004762143676 0.033524205494874774 0.033333159516146953 0.0037855842044459669 0.0066017510115753105 0.022878122929379376 -0.033346016795963516 -0.12128443422241966 0.037239248064971552 -0.11731883053216759 0.026144180106117479 -0.14052721796523979 -0.0053905322589471449 -0.041521262309245091 -0.0094388396387949432 -0.028612905212332534 -0.11872511975404916 0.023312465464636528 -0.12734570471152826 0.021180343516874131 -0.03920658623170048 0.029338097652110692 -0.058610318023751745 -0.0060893819749327782 -0.031288468230666291 0.030296937886535077 -0.0992234679583478 0.038877687319321619 -0.13760256160146014 0.021750528373902549 0.033874076178571536 -0.1290904622701386 -0.15364114734940088 0.018060373284122758 -0.10628454192575523 0.034644727415078125 0.063654468562216571 -0.020260688263595887 0.040762733773852457 0.041763180460758956 0.015790036654408771 -0.1217448584510553 0.018451657439695849 -0.12766065136324237 0.062802388942003295 0.060625012327122807 -0.070484007362753065 0.0029326826719570428 -0.12700250121578363
leaf_weight=93.38981908839196 198.45861956034787 444.55882752174512 57.303083749487996 1.2562258369289336 1552.1460451838793 28.21606844896451 19.577015478163958 2.5449735927395514 16.609351714141667 44.285482575185597 137.84591838927008 687.43734590429813 64.51724551920779 163.68907650816254 33.958508550887927 15.592395428335292 153.68982703937218 24.299778997665271 306.77010061545298 66.271779736445751 6.2009029160253686 5.1245801304467022 2.9162718290463081 44.154154204879887 1.4086117525584985 1278.7966331884963 7.5223160131135947 13.725385160767475 453.5213740230538 7.24226279137656 10.969065475917885 2.2819650014862409 233.04646626417525 1107.2616330583114 37.464842475950718 18.483519678818993 492.78001438488718 273.80676993017551 21.085857797879729 11.412262534257026 4.7166920322924843 2.046045597176998 34.866870784666389 5.833964467048645 6.3290306939743441 1.5869611511006949 358.48165508452803 3.8580596669344223 42.23928880575113 7.6384689323604089 311.28733582195127 18.808473427547145 11.619954770663751 32.917302414542064 1.480230873916297 158.34011140360963 3.7566338460892439 1.9270557165145863 2.5914357295259807 11.648395152296871 533.92588947922923 1.655194813851266
leaf_count=21082 2390 1149 623 124 34196 213 344 223 186 1513 33524 5416 890 6524 1439 864 27838 7019 3199 35254 675 190 188 3326 84 117134 2132 1997 143042 1033 5610 94 1192 947120 811 4793 113080 135489 228 397 25 55 162 37 155 45 10773 364 2093 190 234381 1170 2506 15559 312 5019 86 1 30 1548 17529 132
internal_value=-0.00010554 0.00816796 -0.020103 -0.0259338 0.0155556 0.00124163 -0.0324524 -0.000212325 -0.00231826 -0.0336527 -0.0151819 0.0228483 0.00846556 -0.0051977 -0.00669616 -0.0145362 -0.0168894 -0.0359644 0.00982444 -0.0031927 0.0250164 -0.0495553 -0.00279478 -0.00612972 0.0146409 -0.00497769 -0.0227755 0.00228537 -0.0265539 -0.0471865 -0.0376321 0.0307418 0.0197401 -0.0385933 -0.00308751 -0.00527473 -0.00798815 -0.0291246 0.0159766 -0.0150708 -0.0588377 0.015446 0.01762 -0.00853395 -0.0627798 -0.00622596 0.0171789 -0.00569401 0.0231309 0.0374856 -0.00751275 -0.0125371 -0.0149002 -0.0168131 0.0289064 0.0170498 0.00985985 -0.0630841 -0.00340838 -0.0466241 0.0047834 0.0378636
internal_weight=9699.18 6860.71 2838.47 2110.68 3319.8 3540.91 1314.02 3342.45 2981.42 1294.45 796.661 1460.89 628.314 2353.11 2189.42 727.491 693.533 1201.06 1858.92 727.783 68.6286 11.3255 1461.93 659.154 162.665 1299.26 539.843 70.7293 469.114 20.9676 1142.53 679.887 235.328 1118.23 592.883 555.418 511.264 282.701 780.999 39.2609 16.129 23.1319 741.738 54.3005 13.75 7.42093 361.027 1282.65 49.7616 8.89469 513.959 376.113 355.825 344.205 20.2887 159.749 40.5506 5.68369 58.5253 14.2398 563.797 29.8713
internal_count=1954797 388524 1566273 1407521 46437 342087 984266 339697 328701 983922 423255 9042 18764 309937 303413 180438 178999 962840 37395 158752 1488 865 122975 157264 5291 117684 151161 7255 143906 3030 959749 2435 1286 952730 122010 121199 117873 135803 6607 705 422 283 5902 486 237 82 10996 117498 4225 314 287452 253928 252446 249940 1482 5103 249 87 3091 1578 17874 345
is_linear=0
shrinkage=0.05


Tree=33
num_leaves=63
num_cat=0
split_feature=31 20 26 24 10 8 8 26 18 26 20 22 3 20 0 26 20 26 12 18 24 26 20 12 0 3 22 3 20 20 8 16 6 14 26 11 27 24 6 9 20 27 31 3 26 3 26 18 14 18 31 14 26 22 22 3 16 10 6 3 20 6
split_gain=584.457 138.106 107.877 68.7033 51.4916 46.2731 44.933 32.207 31.842 36.0683 28.6116 22.5538 21.806 21.6144 21.2584 27.2734 21.0964 21.0671 19.9057 19.6739 22.2785 19.184 17.7942 17.6113 17.433 17.4006 17.1302 16.9522 17.3305 16.9757 16.6654 16.3008 15.4149 28.272 14.9403 14.9061 14.5513 14.349 14.0969 14.0487 13.8587 24.2523 20.6861 18.4401 17.8151 17.8108 43.0417 23.5917 23.4854 17.9595 19.739 17.404 16.7332 15.7519 18.5888 15.7292 14.5789 20.4266 14.1689 13.6981 17.9637 25.7951
threshold=3.5000000000000004 4.5000000000000009 63.500000000000007 17.500000000000004 1.5000000000000002 21.500000000000004 66.500000000000014 73.500000000000014 60.000000000000007 48.500000000000007 9.5000000000000018 3.5000000000000004 0.011299795936793091 14.500000000000002 12.500000000000002 61.500000000000007 20.500000000000004 82.500000000000014 18.500000000000004 18.500000000000004 12.500000000000002 74.500000000000014 18.500000000000004 7.5000000000000009 60.500000000000007 0.0098524559289217013 18.500000000000004 0.0073801742400974044 31.500000000000004 50.500000000000007 32.500000000000007 9.5000000000000018 3.5000000000000004 5.5000000000000009 27.500000000000004 0.0064725596457719812 7.5000000000000009 18.500000000000004 22.500000000000004 0.011428944766521456 42.500000000000007 3.5000000000000004 11.500000000000002 0.0068729333579540261 49.500000000000007 0.012579114176332952 62.500000000000007 6.5000000000000009 11.500000000000002 1.0000000180025095e-35 11.500000000000002 1.5000000000000002 79.500000000000014 9.5000000000000018 17.500000000000004 0.012422839645296337 1.0000000180025095e-35 19.500000000000004 5.5000000000000009 0.015268065501004459 6.5000000000000009 17.500000000000004
decision_type=2 2 2 2 2 2 2 2 2 2 2 2 2 2 2 2 2 2 2 2 2 2 2 2 2 2 2 2 2 2 2 2 2 2 2 2 2 2 2 2 2 2 2 2 2 2 2 2 2 2 2 2 2 2 2 2 2 2 2 2 2 2
left_child=2 4 6 -3 11 17 25 8 14 22 -9 -2 -13 23 18 -16 37 40 31 -8 -21 -4 -10 36 -12 -1 -6 28 -23 -30 -26 39 -14 -34 -24 -25 -11 -15 -32 -7 41 44 52 -44 59 46 47 51 -49 50 58 55 56 -50 -55 -43 57 -42 -47 -5 -61 -62
right_child=1 3 21 5 26 7 19 10 9 13 24 12 32 16 15 -17 -18 -19 -20 20 -22 27 34 35 30 -27 -28 -29 29 -31 38 -33 33 -35 -36 -37 -38 -39 -40 -41 42 45 43 -45 -46 49 -48 48 53 -51 -52 -53 -54 54 -56 -57 -58 -59 -60 60 61 -63
leaf_value=-0.01329709788842027 0.036040942658457385 0.015132697794887975 -0.010486870226311187 0.012179319869117246 0.016943410661328345 0.019943391191416748 -0.00033189469099451167 -0.10911605813977754 -0.0043537596950263676 -0.10478624837329756 0.028770051990818155 -0.1240413287720247 0.026290349387384809 0.066747737579269384 0.00068653616550413304 -0.052005210852475017 -0.0033691512836786577 0.042590167650610751 0.035663745837990563 -0.0052892205497238522 -0.031638219799789265 0.03775424901443486 -0.013279412509793849 -0.042854205535540202 -0.11162796429206256 0.03922090059441969 0.0045268918710642935 -0.052017240016224778 -0.087528232270068215 0.0051906318149767964 -0.10229857372795825 -0.062067204181563022 -0.12162387446911747 0.0094846761561702894 -0.029819794434388154 0.034679794297600708 0.055267357837015411 -0.067739606651195119 0.0081716881753255716 -0.11696240431751424 -0.13916393878729155 -0.12345348013418896 0.062533034990870526 -0.11447734785235371 0.02483204996457862 0.026670351402683423 -0.11282283382976124 -0.11510288877986768 0.040347748433487457 0.0077413766156243201 -0.12821773543935369 0.033106141624280758 -0.12417490395836051 -0.10439791975023248 -0.013724254645521329 0.062685515707139663 -0.0020291145574104284 0.051841193739322479 -0.12656824110698459 0.014675675402569017 -0.063648685158551099 0.026180802479839435
leaf_weight=446.80319738580147 438.16734186536632 968.4263974269852 377.66345706675202 340.2638730808394 688.23303292016499 28.634193008998412 57.210032283037435 4.5551598889287552 164.93524952966254 4.6812908882275215 120.53077898907941 2.6176896886900058 312.02707615424879 2.2080034590326276 409.57193655020092 26.124466936453246 379.75959551392589 38.159010275267065 80.280422408715822 84.885849174694158 1460.3813977550017 42.55638725112658 231.72782905946951 6.7771171692293128 3.3999549834989002 16.349155001225881 465.77354328031652 12.213869379018432 5.0238605259219176 284.33709847694263 3.0498924853745839 10.171583526767789 4.2875989126041523 100.3001370774582 332.29806637822185 72.663562591886148 2.0384422102943063 19.493429455440491 54.347987109562382 2.0050462703220537 1.4993578051216925 3.5247967755421987 1.8582885898649673 7.0654008681885898 255.47118885815144 7.2282414669170976 9.9737062123604101 5.8386402321048072 12.680284546688197 488.0177391647594 5.0851692743599406 44.991041144821793 2.7317459261976174 5.9525474794208995 112.07650600769557 1.6739201284945009 451.93695515103173 21.067059548571706 1.9063075738958994 33.337377591989934 25.788410607492551 11.580396616132928
leaf_count=142635 1157 18916 112887 7527 5483 356 28055 367 17909 529 3658 218 1617 12 32788 3767 60488 337 1468 38311 1197002 1290 60345 1235 316 1518 12832 2904 1178 40493 501 583 80 960 94416 3200 101 3144 3932 60 43 129 12 284 3881 32 987 350 154 10877 161 522 185 410 7766 6 23087 94 57 303 686 196
internal_value=-5.20789e-05 0.00782334 -0.0193457 0.00322873 0.0188276 0.00023361 -0.0251603 -0.0051505 -0.007226 -0.0117586 0.0146501 0.0281087 0.0198182 -0.00123233 0.00267769 -0.00247287 -0.0061091 0.00581587 0.0212098 -0.0291248 -0.0301908 -0.00270575 -0.0187998 0.0214908 0.0177593 -0.0114432 0.0119319 0.00583357 0.00796236 0.00358085 -0.00406947 -0.00722293 0.0207221 0.00410985 -0.0230242 0.0280653 -0.0562337 -0.0540562 0.00230174 0.0109842 0.00505798 0.0076392 -0.00219143 -0.0776163 0.0144635 0.00113227 -0.0116212 -0.006216 -0.0169905 0.00612742 -0.0492631 0.0230976 -0.000781085 -0.012608 -0.0182972 -0.0635191 -7.06989e-05 0.0391504 -0.00530932 0.00801814 -0.012007 -0.035811
internal_weight=9616.22 6828.79 2787.42 4817.39 2011.41 3848.96 2065.63 1959.25 1773.37 1216.58 185.884 857.4 419.233 487.621 556.788 435.696 401.461 1889.71 121.091 1602.48 1545.27 721.795 728.961 86.1604 181.329 463.152 1154.01 344.131 331.917 289.361 60.7978 40.8108 416.615 104.588 564.026 79.4407 6.71973 21.7014 57.3979 30.6392 1851.55 1365.39 486.159 8.92369 666.441 698.949 196.711 186.738 136.548 502.237 14.2197 50.1898 477.235 130.709 118.029 5.19872 474.503 22.5664 9.13455 410.97 70.7062 37.3688
internal_count=1954797 388524 1566273 366177 22347 347261 1407521 289175 280401 241379 8774 4032 2875 68709 39022 36555 63644 58086 2467 1263368 1235313 158752 172670 5065 8407 144153 18315 45865 42961 41671 4749 999 2657 1040 154761 4435 630 3156 4433 416 57749 34044 23705 296 12593 21451 10324 9337 8680 11127 250 657 23409 8330 8176 135 23224 137 89 8712 1185 882
is_linear=0
shrinkage=0.05


Tree=34
num_leaves=63
num_cat=0
split_feature=8 4 22 29 18 20 26 2 8 26 4 8 11 26 26 29 16 29 20 2 18 24 8 20 11 18 8 27 4 16 20 13 14 6 16 20 6 4 16 6 11 13 2 13 0 8 8 27 27 20 26 6 26 2 4 2 27 6 8 26 18 6
split_gain=483.316 150.059 127.72 107.484 64.2556 57.3344 51.25 62.7327 47.3113 38.6686 41.7006 29.3682 27.4501 26.2451 25.1948 25.0854 23.4547 22.169 20.1635 19.1981 19.067 19.6618 36.1611 17.6171 17.5172 17.4301 22.3724 20.7343 17.3941 27.1336 23.0045 24.0792 26.5644 21.0437 21.74 19.7589 38.0243 28.3105 28.1356 19.9592 18.4793 17.2514 21.3819 17.1463 16.9548 23.5452 18.2116 16.7074 16.0515 16.0192 15.8326 15.3946 15.0871 17.7562 16.1906 27.3587 15.9497 40.4683 15.0853 15.0446 14.955 15.0636
threshold=65.500000000000014 45.500000000000007 15.500000000000002 6.4633295536041269 8.5000000000000018 90.500000000000014 49.500000000000007 14.500000000000002 1.5000000000000002 73.500000000000014 1.5000000000000002 22.500000000000004 0.014389234129339458 58.500000000000007 80.500000000000014 16.059928894042972 1.0000000180025095e-35 23.617717742919925 54.500000000000007 1.0000000180025095e-35 1.5000000000000002 11.500000000000002 52.500000000000007 7.5000000000000009 0.014389234129339458 18.500000000000004 84.500000000000014 6.5000000000000009 17.500000000000004 1.0000000180025095e-35 15.500000000000002 0.013606071937829258 60.000000000000007 38.500000000000007 6.5000000000000009 41.500000000000007 94.500000000000014 45.500000000000007 3.5000000000000004 35.500000000000007 0.012422839645296337 0.013986697886139156 13.500000000000002 0.012270400300621988 100.00000000000001 17.500000000000004 1.0000000180025095e-35 4.5000000000000009 6.5000000000000009 1.0000000180025095e-35 82.500000000000014 100.00000000000001 84.500000000000014 15.500000000000002 2.5000000000000004 2.5000000000000004 1.5000000000000002 58.500000000000007 68.500000000000014 79.500000000000014 60.000000000000007 16.500000000000004
decision_type=2 2 2 2 2 2 2 2 2 2 2 2 2 2 2 2 2 2 2 2 2 2 2 2 2 2 2 2 2 2 2 2 2 2 2 2 2 2 2 2 2 2 2 2 2 2 2 2 2 2 2 2 2 2 2 2 2 2 2 2 2 2
left_child=2 9 8 4 23 14 7 18 17 10 25 -9 47 -7 58 52 -5 49 -4 -19 -10 22 50 -3 -12 -2 -27 -28 33 -30 31 32 -31 -23 43 -32 37 -37 -38 48 -34 -29 -43 -35 46 -46 -20 -11 -39 -1 -22 -16 54 -54 56 -56 -8 -58 -6 -51 61 -13
right_child=1 3 6 16 5 13 15 11 20 12 24 60 -14 -15 51 -17 -18 19 44 -21 21 28 -24 -25 -26 26 27 41 29 30 35 -33 40 34 -36 36 38 39 -40 -41 -42 42 -44 -45 45 -47 -48 -49 -50 59 -52 -53 53 -55 55 -57 57 -59 -60 -61 -62 -63
leaf_value=0.040961850547768706 0.045030760745254507 -0.13287552047321741 0.0090681539626287274 -0.11684310657378393 0.026114190222242352 -0.036844895786071336 0.046254421901117337 -0.0031608012013262746 0.0216456545380126 0.03770790703739256 -0.011405840177661542 -0.072493525935655251 -0.12436455224330112 -0.02124878493597852 -0.095855785928899553 0.028592115469557217 0.0078632628566080529 0.03198991048464804 0.023127922366004978 -0.11454731301787278 0.022323474538259266 0.0081886282913065152 -0.11086188300916361 0.0067692077009489197 0.011364650891610213 -0.12163678823333275 0.022941328597746863 -0.12782342637288854 0.038101765031080911 -0.096302096167748125 0.014879585467811591 -0.0075065020899255167 0.034649290965829728 -0.10864427439815401 0.048222007296802524 -0.10186381198708171 -0.1342192758047884 0.017459180479424921 0.0255336982674256 -0.066978651128752315 -0.10974954016101678 -0.13179205096933466 0.066310801608415224 0.020077737748423828 -0.10700973087485033 0.043902777110771535 -0.08097288860887733 -0.0046718956675061768 -0.11390197338729741 0.021684726663268542 -0.11712905272997221 0.030509231540690407 -0.11404827284443041 0.039439459266608912 -0.046763549869777377 0.0050451251041289747 0.017046371926770422 -0.13887267262126657 -0.018960811107572056 0.061523423115469281 -0.021883203551368951 0.013746318507530617
leaf_weight=208.05927308020182 52.809797579888254 2.2906487053260198 788.02769444184378 3.8182033565826705 19.263019037782215 1104.2854597749538 44.868233267683536 614.01498278719373 468.77445703069679 112.8721496895887 530.9242267345544 5.6195014874683684 2.9797373786568633 356.93566181225469 2.5662765942979595 146.9814292897936 301.47277607419528 4.0323349251411855 5.5580716766417018 5.0149044787976873 379.28192615881562 689.41098342894111 5.224835062865167 161.06068074080395 100.4405020873528 3.1748176906257859 73.874764276202768 4.3824198045767826 36.363474912010133 21.448028418468311 116.42717678565532 46.497292808722705 8.6322322143241745 4.1269543031230551 61.162725876551121 15.016267414903266 2.9228350133635095 23.784692399669439 48.320113828405738 15.434279665816577 2.9806783236563197 2.0201988932676613 4.1811830038204789 6.9332993365824223 3.2730937174055716 12.286956782918422 17.21011227613781 29.290686987573281 2.5775480684824279 401.17090844898485 2.0463340366259208 39.633593957172707 1.9594129333272565 49.130782537860796 26.047582225408405 1173.2791055063717 103.69937973725609 4.335557483136653 509.96054053865373 25.185700416564941 491.94173495849827 51.178601274965331
leaf_count=503 309 199 18332 290 2625 1007300 206 54211 3814 1988 124008 502 180 166754 347 1918 22575 20 49 102 3365 8424 247 23099 4351 285 1991 609 300 1073 3057 928 157 132 476 1173 184 713 1356 1093 176 102 33 68 413 792 2305 1821 190 2198 68 2030 103 1027 1028 86820 1254 280 255420 45 136453 2926
internal_value=-8.2831e-05 -0.0151518 0.00830596 -0.0214947 -0.0253593 -0.0277839 0.00212442 -0.00318724 0.0167183 0.00215072 -0.00230194 -0.0106728 0.0258281 -0.0330352 -0.0143554 0.00893952 0.00630359 0.02848 0.00734566 -0.049236 0.0128518 0.0100825 0.019785 0.00481099 -0.0077834 0.0223401 0.00866617 0.0135643 0.00667916 -0.00271696 -0.0075989 -0.0307014 -0.063323 0.0108787 0.0365566 0.000588777 -0.0148092 -0.0429781 0.0164216 -0.0218222 -0.00241346 -0.0518873 0.00177564 -0.0279528 -0.0280688 0.012158 -0.0555602 0.0289761 0.00461544 0.0295883 0.0215751 0.0228247 0.00688114 0.0335529 0.00587343 0.00391992 0.0211962 0.0107892 -0.0173201 0.0240381 -0.0190785 0.0052139
internal_weight=9558.48 3418.24 6140.24 2501.29 2196 2032.64 3539.41 1989.11 2600.83 916.95 771.808 1162.75 145.143 1461.22 571.423 1550.3 305.291 643.463 826.356 9.04724 1957.37 1488.59 386.553 163.351 631.365 140.443 87.6334 84.4586 1102.04 340.405 304.041 79.5582 33.0609 761.634 72.223 224.483 108.056 56.8128 51.2429 41.7965 11.6129 10.5838 6.20138 11.0603 38.3282 15.5601 22.7682 142.163 26.3622 634.416 381.328 42.1999 1403.32 51.0902 1352.23 1199.33 152.903 108.035 529.224 426.357 548.74 56.7981
internal_count=1954797 1616316 338481 1480639 1457774 1434476 308619 215983 29862 135677 131688 194092 3989 1174054 260422 92636 22865 2868 21891 122 26994 23180 3680 23298 128359 3329 3020 2735 19500 10400 10100 2334 1406 9100 676 7766 4709 3169 1540 1996 333 744 135 200 3559 1205 2354 3809 903 2746 3433 2377 90718 1130 89588 87848 1740 1534 258045 2243 139881 3428
is_linear=0
shrinkage=0.05


Tree=35
num_leaves=63
num_cat=0
split_feature=8 29 23 32 4 16 20 26 26 8 18 10 26 32 14 18 0 2 32 4 26 18 29 23 16 29 20 18 16 16 32 32 23 21 14 4 5 20 2 20 27 4 29 0 3 32 26 12 14 20 18 8 14 13 21 26 0 32 32 8 14 12
split_gain=478.99 131.261 127.835 114.62 118.017 57.8291 55.5519 37.5778 36.3632 35.685 32.687 32.14 28.0768 24.5582 23.6351 21.7448 22.0302 20.9058 20.3941 19.7619 19.0224 19.4128 21.2203 21.4909 18.1006 18.0401 17.8152 17.7914 19.8615 17.4678 17.292 23.6222 17.0248 19.2472 16.106 16.0781 16.118 15.647 18.27 17.4166 16.5728 15.4024 15.2337 14.8861 15.9264 16.4938 15.052 30.6697 16.4822 14.9619 14.5582 14.4929 14.4723 14.4469 14.7213 19.0495 14.3593 22.3282 16.4243 14.351 17.5166 14.3177
threshold=65.500000000000014 6.4633295536041269 0.013072453904896976 0.48750007152557379 35.500000000000007 8.5000000000000018 27.500000000000004 51.500000000000007 57.500000000000007 2.5000000000000004 6.5000000000000009 12.500000000000002 65.500000000000014 0.25699475407600408 12.500000000000002 6.5000000000000009 65.500000000000014 1.0000000180025095e-35 0.27789157629013067 1.5000000000000002 26.500000000000004 10.500000000000002 16.226455688476566 0.015038444194942715 1.0000000180025095e-35 9.1103243827819842 21.500000000000004 60.000000000000007 2.5000000000000004 12.500000000000002 0.58795285224914562 0.63979858160018932 0.015749008394777778 0.0094788861460983771 6.5000000000000009 21.500000000000004 0.015268065501004459 4.5000000000000009 15.500000000000002 50.500000000000007 1.5000000000000002 41.500000000000007 23.031772613525394 3.5000000000000004 0.015749008394777778 0.75162878632545482 41.500000000000007 12.500000000000002 60.000000000000007 1.5000000000000002 1.5000000000000002 3.5000000000000004 1.0000000180025095e-35 0.0093898782506585139 0.010152545757591726 30.500000000000004 1.5000000000000002 0.56538283824920665 0.80978047847747814 7.5000000000000009 5.5000000000000009 10.500000000000002
decision_type=2 2 2 2 2 2 2 2 2 2 2 2 2 2 2 2 2 2 2 2 2 2 2 2 2 2 2 2 2 2 2 2 2 2 2 2 2 2 2 2 2 2 2 2 2 2 2 2 2 2 2 2 2 2 2 2 2 2 2 2 2 2
left_child=2 3 6 4 19 13 12 18 10 24 50 -12 17 -6 52 -9 -17 -1 -8 -2 30 22 23 25 -4 43 -7 -20 -29 -18 -11 35 33 -33 -13 36 -32 -25 39 40 -39 -27 -30 44 45 -22 47 -45 -49 -48 -5 -40 -15 -42 -55 -56 57 -14 -59 60 -19 -31
right_child=1 -3 9 8 5 26 7 15 -10 20 11 34 56 14 -16 16 29 59 27 -21 21 -23 -24 37 -26 41 -28 28 42 61 31 32 -34 -35 -36 -37 -38 38 51 -41 53 -43 -44 46 -46 -47 49 48 -50 -51 -52 -53 -54 54 55 -57 -58 58 -60 -61 -62 -63
leaf_value=0.022322497701620311 0.032337763869345046 0.011481544396355528 0.038945184534382365 -0.018350829350436117 -0.059561228965227621 -0.0049109776869751456 -0.05261200622797077 -0.10578266759896114 0.0029726912232826441 0.038079325643406187 0.0056857144167039081 -0.10234535745118067 0.040827246669137188 0.026620294180512923 0.045329475129104235 0.01424497540945574 -0.058470411455204555 -0.12007510293632362 0.010924461205148632 -0.0030875201339938159 -0.1264308973878619 0.018103866664070378 0.021239392930811774 0.016983584716525845 0.021542481747034763 -0.10474852425036077 -0.038592297827935267 0.049568827837568309 -0.013427999626759935 -0.056958656805145537 0.010657618997059609 -0.09782881152975044 0.032581964161971289 0.011856061629194439 -0.020261078756572834 -0.11499056289371837 -0.12210589734604832 -0.078477506378237305 -0.11786035006279026 -0.11488425429876606 -0.12186310967804746 -0.0026267806741652011 0.042003988425255837 0.0021471233701330097 -0.12035361313164683 0.0164562623265141 -0.11456367141752828 -0.10724059288705723 -0.004617462017368121 0.011850046756039387 0.024118293943532407 0.011886803000202678 -0.032934404113542821 0.052990859149084503 -0.11335748235780133 -0.0049713343445566506 0.026253802706342561 -0.12342660794632615 0.043459801798658403 -0.00090358095954481206 0.010116993583262811 0.00069504132269844823
leaf_weight=175.17006694641896 50.766786556690931 416.07927558606025 195.26373103447258 27.561381477629766 13.016494074487126 40.690634185739327 27.881642982305493 4.4839054248295716 461.89802863402292 120.24355397722684 133.26174401189201 6.022865936974994 6.9873844636604172 16.552028294187039 34.739802346099168 347.01778488024138 13.432992647401987 2.5946238874457768 98.095323601737618 175.32962220348418 2.6588040320202735 469.47670428932179 168.53003729553893 214.3564276790712 636.36681778659113 9.4391832393594068 1116.7770878288429 13.064208342228083 803.44303509232122 11.025683673564343 13.771618725033482 4.0907939570024601 139.5802776098717 179.36524726054631 767.64406748209149 4.8423619773238888 2.741112742573022 8.7515382659621519 2.1831806451082221 4.3177949842065564 2.6524887355044475 6.064409219659864 12.58857838436961 37.247517735697329 5.7719826591201118 8.4012839174829406 2.4013478395063421 13.034270208561795 5.5908382725901893 92.61752542341128 75.336849627550691 152.04709258582443 26.586324253468774 10.281297082081435 4.2621544222347429 82.982763496460393 259.01023032830562 5.9263953883200884 1.9625030076131222 708.19379960768856 606.72841712192167 461.79417796683265
leaf_count=1621 821 25868 569 1169 10025 18443 15796 337 85656 1318 10174 1176 56 621 3884 14730 705 106 4452 32077 123 8644 1190 1357 3542 300 1030238 114 165666 1059 249 245 775 2218 389877 331 77 186 63 164 97 151 142 606 136 76 92 855 136 2073 3045 2826 4148 60 133 1219 4892 207 16 37806 10151 50239
internal_value=0.000371414 -0.0148068 0.00865774 -0.0185195 -0.0283724 -0.0343925 0.00250184 -0.00369868 -0.00864816 0.0170873 -0.0139636 -0.0169936 0.0087945 0.00400985 0.0146351 0.00403038 0.00462129 0.00609441 -0.0104783 0.00486673 0.013069 0.00997182 0.00539188 0.00137604 0.0256286 -0.0131993 -0.0374082 -0.00921131 -0.0115937 -0.00224672 0.0217551 0.0160556 0.0194225 0.00941025 -0.0209001 -0.034875 -0.0113811 0.00691862 -0.00114742 -0.0163972 -0.0124934 -0.0648024 -0.0125729 -0.0084294 -0.0530285 -0.0178933 -0.00345433 -0.0240483 -0.0764354 0.00865528 0.0127429 0.0100502 -0.0100835 -0.00672905 -0.00359767 -0.0102663 0.0235101 -0.0242607 -0.0819107 0.00393681 0.00956261 -0.000649385
internal_weight=9521 3362.26 6158.73 2946.18 1474.46 1248.36 3559.4 1792.83 1471.72 2599.33 1009.83 906.929 1766.57 90.8946 77.8782 837.755 833.271 1492.69 955.073 226.096 1767.7 1303.07 833.592 665.062 831.631 183.227 1157.47 927.191 829.096 486.253 464.635 344.391 323.036 183.456 773.667 21.3551 16.5127 481.835 267.478 113.248 108.93 15.5036 816.032 167.724 16.8321 11.0601 150.891 55.8726 18.6251 95.0189 102.898 154.23 43.1384 100.179 97.5262 87.2449 273.887 14.8763 7.8889 1317.52 609.323 472.82
internal_count=1955128 1617222 337906 1591354 1100257 1067359 308095 253240 491097 29811 405441 401227 54855 18678 8653 67070 66733 49684 186170 32898 25700 20487 11843 10653 4111 4548 1048681 170374 165922 52003 5213 3895 3238 2463 391053 657 326 6105 4748 1859 1695 451 165808 4097 335 199 3762 1597 991 2165 4214 2889 4769 1509 1412 1352 5171 279 223 48063 10257 51298
is_linear=0
shrinkage=0.05


Tree=36
num_leaves=63
num_cat=0
split_feature=31 8 26 17 17 29 32 10 26 17 8 4 32 29 10 12 4 29 17 26 18 26 2 4 26 8 32 2 27 32 32 26 27 32 6 8 20 4 10 24 26 15 2 10 0 8 2 12 20 6 20 26 29 29 29 2 10 22 20 24 6 10
split_gain=505.108 136.636 94.8464 51.3532 45.9747 44.0489 38.7265 35.808 47.2588 31.9544 31.246 29.9139 36.3772 40.4669 25.5434 25.2317 24.6982 24.3934 21.7656 21.5059 20.5558 31.2912 23.1073 42.9059 21.3622 20.5161 19.591 22.4909 18.9573 18.6637 18.6564 18.4226 18.2683 38.1056 17.391 17.3668 16.9174 16.7901 17.9145 16.3459 16.2051 15.7795 15.7373 16.5922 32.5518 15.7251 15.3601 15.194 16.8153 16.1621 15.0778 26.7664 15.5388 15.0508 20.9391 14.9259 14.6697 14.2181 15.8522 16.7714 19.1027 14.0151
threshold=3.5000000000000004 16.500000000000004 53.500000000000007 0.012739370577037336 0.015749008394777778 5.4480543136596689 0.52868160605430614 43.500000000000007 80.500000000000014 0.014599318150430919 98.500000000000014 16.500000000000004 0.53028753399848949 7.469628334045411 55.500000000000007 1.5000000000000002 14.500000000000002 8.0843310356140154 0.013423423748463394 69.500000000000014 60.000000000000007 60.500000000000007 9.5000000000000018 2.5000000000000004 71.500000000000014 11.500000000000002 0.47639712691307073 96.500000000000014 3.5000000000000004 0.30898465216159826 0.50482434034347545 75.500000000000014 2.5000000000000004 0.50194659829139721 88.500000000000014 65.500000000000014 40.500000000000007 1.5000000000000002 1.5000000000000002 1.5000000000000002 73.500000000000014 0.014185110572725536 17.500000000000004 61.500000000000007 16.500000000000004 5.5000000000000009 74.500000000000014 33.500000000000007 1.0000000180025095e-35 47.500000000000007 1.0000000180025095e-35 63.500000000000007 15.583258628845217 8.7189040184021014 23.88088417053223 41.500000000000007 8.5000000000000018 7.5000000000000009 46.500000000000007 2.5000000000000004 23.500000000000004 9.5000000000000018
decision_type=2 2 2 2 2 2 2 2 2 2 2 2 2 2 2 2 2 2 2 2 2 2 2 2 2 2 2 2 2 2 2 2 2 2 2 2 2 2 2 2 2 2 2 2 2 2 2 2 2 2 2 2 2 2 2 2 2 2 2 2 2 2
left_child=2 4 5 7 15 6 9 20 17 10 29 46 13 14 -13 25 -12 26 30 50 24 28 23 40 -3 -2 -9 -28 -22 -1 39 42 -6 -34 -35 -29 -21 -27 -39 -15 -23 -25 -19 44 -44 -16 -4 48 -10 -49 51 -17 -52 -14 -55 -45 -38 -30 -59 -60 -61 -62
right_child=1 3 11 -5 32 -7 -8 8 47 -11 16 12 53 18 45 19 -18 31 -20 36 21 22 -24 41 -26 37 27 35 57 -31 -32 -33 33 34 -36 -37 56 38 -40 -41 -42 -43 43 55 -46 -47 -48 49 -50 -51 52 -53 -54 54 -56 -57 -58 58 59 60 61 -63
leaf_value=-0.04575748098420121 0.023353746039991574 0.018772782318565745 -0.049974258393930548 0.0087863042116903649 0.035656494082916372 0.017815657538790532 -0.010835237069152272 -0.039656148204599923 0.06518542672026377 0.025487198180825982 -0.0071254958266236236 0.010181625168986186 0.0091912565770314123 -0.093385165136995518 0.019333454056866373 0.024982960777048223 -0.039514428470775687 0.04894566447454133 -0.11005181273907634 0.030335462518363956 -0.019013108969058966 0.032529842865308391 0.019744848337721152 -0.11044694618165057 -0.11205175932673471 -0.1299361483678749 -0.019064843622388149 0.023333659519183578 0.053071677348497451 -0.015696793514639554 -0.11099758109397583 -0.11467493021546792 -0.1186767484693885 0.021438030330823584 -0.13827898349819315 -0.017641253287921602 -0.12178845216606729 0.035558606468208902 -0.072876364582848949 0.024006711900346471 -0.12786795739228993 0.048996785865053336 0.061024482340874014 -0.061848118163521849 -0.097863415786549279 -0.025682525134654566 0.028690430880179602 -0.10330704763354781 -0.11397461379475296 0.040147193553201593 0.0049782932203611243 -0.13230867999753224 0.020833755280265352 -0.1029098917952017 0.059929775370484467 0.018848601187325998 0.0036903322505115518 0.0027255177630310361 0.043478208456750787 -0.069637027920466665 0.02537673282666424 -0.026469744491215738
leaf_weight=60.866852337203454 497.61380040762015 184.51711533556227 6.7420309372246257 1097.9903955510817 269.66448909800965 57.017465852899477 303.38115737377666 92.411891149065923 2.0402291975915432 24.829269807785749 63.522411502781324 61.78723360132426 260.29858697147574 3.0558415416162452 20.20959572121501 158.05241877585649 801.73096644802717 21.537347926292568 3.4764597364701322 187.41735987039283 226.71333862026222 20.519224467221651 213.7976671254728 12.556899083079768 3.1740526580251744 3.4055513865314451 565.15669887152035 61.24711114144884 11.742695685010402 340.419291281607 2.7684350288473061 3.0066855247132471 4.9399803215637794 491.78647966543213 1.7102952171117056 44.756937686237507 2.4504329436458638 9.5697869108989835 6.3273651762865457 100.11924130120315 1.7055740589275945 1.7705293935723592 4.7417428195476523 6.3138305044267318 10.067975475220008 484.20553570427001 77.970555451931432 2.0294722130056462 3.6575141088105729 60.31650186679326 1773.5673651676625 2.7517865570262066 169.27315752371214 6.6955018136650306 2.7995913829654455 61.987467171857134 47.106375040952116 324.06284317548852 9.496248373994602 19.956763369380496 16.967723311623558 56.231471309089102
leaf_count=41779 3243 6484 1249 43775 963 6326 167903 34724 3 5922 6512 15067 59640 813 1170 1220 867070 333 461 2014 27294 227 10242 1206 199 99 125078 7457 185 146297 380 169 168 3012 96 14591 174 87 361 5737 72 12 74 445 871 237606 1973 251 333 1186 46685 72 1619 802 16 2160 1297 26257 179 6068 1919 15501
internal_value=0.00042184 0.00770037 -0.017941 6.59071e-05 0.0143132 -0.0253666 -0.0269105 -0.00462197 -0.0117968 -0.0306871 -0.0317883 -0.00603442 -0.0085849 -0.0147827 -0.0201621 0.0113941 -0.0371366 -0.0149312 0.0130532 0.00918614 0.0014867 -0.00160357 0.0134639 -0.0232742 0.0165604 0.0213919 -0.0180726 -0.0151008 -0.00727449 -0.0202564 0.0170928 0.00735054 0.0251731 0.0195013 0.0208845 0.00603327 0.0234658 -0.0291841 -0.00760055 0.0205298 0.0202206 -0.0907435 0.0108565 0.000986084 -0.046991 -0.0238789 0.0224297 0.0283349 -0.0498216 0.0354775 0.00757755 0.0222913 0.00635973 0.00693573 -0.0548972 0.0113889 -0.00251421 -0.0012048 -0.00269842 -0.0198213 -0.026274 -0.0144516
internal_weight=9448.01 6766.11 2681.9 3140.47 3625.64 1651.77 1594.75 2042.48 939.271 1291.37 1266.54 1030.13 945.416 675.622 566.202 2857.54 865.253 871.228 109.42 2340.62 1103.21 915.521 250.35 36.5522 187.691 516.917 763.573 671.161 665.171 401.286 105.944 107.655 768.101 498.437 493.497 106.004 236.974 19.3027 15.8972 103.175 22.2248 14.3274 104.648 83.111 14.8097 504.415 84.7126 68.0437 5.69774 62.346 2103.64 160.804 1942.84 269.794 9.49509 68.3013 49.5568 438.458 426.715 102.652 93.156 73.1992
internal_count=1955128 388405 1566723 327295 61110 1241809 1235483 283520 187675 1067580 1061658 324914 321692 261234 253843 56871 873582 185902 7391 53081 95845 89162 11759 1517 6683 3790 181850 147126 77403 188076 6930 4052 4239 3276 3108 22048 3485 547 448 6550 299 1218 3883 3550 945 238776 3222 1773 336 1437 49596 1292 48304 60458 818 2605 1471 50109 49924 23667 23488 17420
is_linear=0
shrinkage=0.05


Tree=37
num_leaves=63
num_cat=0
split_feature=31 8 29 32 4 29 12 22 8 17 32 32 2 4 17 32 32 17 12 10 29 29 0 20 32 4 10 32 31 13 10 0 2 22 8 8 0 4 32 22 32 32 10 0 32 22 8 20 12 0 12 17 7 19 0 17 3 8 2 0 10 11
split_gain=474.146 118.085 83.6749 68.8727 75.4747 51.7586 45.411 43.6856 39.5408 35.8179 27.9888 27.1601 25.2555 25.0161 24.6561 24.4176 22.4803 17.4582 17.4412 16.6274 16.6067 15.7112 17.2311 14.5336 16.5292 15.566 14.5226 14.3684 15.7249 18.9522 17.036 14.6925 27.6588 14.3358 14.334 14.0068 13.8963 13.4087 13.2795 13.1785 12.958 12.9512 12.6787 12.5701 21.772 15.548 15.452 25.3268 25.394 18.1946 17.0232 17.0218 16.2935 14.7269 13.3591 13.0833 12.1498 12.0398 14.5644 16.4395 12.4357 12.6338
threshold=3.5000000000000004 16.500000000000004 1.0000000180025095e-35 0.52868160605430614 16.500000000000004 5.5348787307739267 1.5000000000000002 60.000000000000007 93.500000000000014 1.0000000180025095e-35 0.66278219223022472 0.27459469437599188 74.500000000000014 5.5000000000000009 0.015749008394777778 0.40083403885364538 0.63576439023017894 0.012739370577037336 55.500000000000007 12.500000000000002 16.372968673706058 28.227865219116214 7.5000000000000009 4.5000000000000009 0.59283393621444713 27.500000000000004 1.5000000000000002 0.54783472418785106 7.5000000000000009 0.0089687905274331587 65.500000000000014 100.00000000000001 31.500000000000004 1.5000000000000002 5.5000000000000009 92.500000000000014 22.500000000000004 41.500000000000007 0.52701115608215343 60.000000000000007 0.1929658651351929 0.25699475407600408 29.500000000000004 10.500000000000002 0.60630142688751232 1.0000000180025095e-35 21.500000000000004 18.500000000000004 11.500000000000002 15.500000000000002 5.5000000000000009 0.015268065501004459 0.015038444194942715 0.015749008394777778 1.0000000180025095e-35 0.012579114176332952 0.010929288342595102 77.500000000000014 96.500000000000014 65.500000000000014 70.500000000000014 0.0078432578593492525
decision_type=2 2 2 2 2 2 2 2 2 2 2 2 2 2 2 2 2 2 2 2 2 2 2 2 2 2 2 2 2 2 2 2 2 2 2 2 2 2 2 2 2 2 2 2 2 2 2 2 2 2 2 2 2 2 2 2 2 2 2 2 2 2
left_child=2 6 3 4 12 7 33 23 34 15 13 -11 -1 -9 21 37 39 19 26 -15 40 22 -8 38 25 -25 -19 28 41 30 -30 32 -29 -2 -6 57 -37 -10 -3 -5 -4 -27 -40 45 -45 -26 -46 48 51 -49 -51 52 -48 54 -47 -55 -56 58 -21 -60 61 -61
right_child=1 5 20 16 8 -7 14 10 9 11 -12 -13 -14 17 -16 -17 -18 18 -20 35 -22 -23 -24 24 43 27 -28 31 29 -31 -32 -33 -34 -35 -36 36 -38 -39 42 -41 -42 -43 -44 44 46 53 47 49 -50 50 -52 -53 -54 55 56 -57 -58 -59 59 60 -62 -63
leaf_value=-0.078855645305933073 0.034058361200654468 -0.11744354134349949 -0.083599922824335274 0.050671933377180206 0.0065783968203376566 0.012057780827598922 0.014524360175806919 0.0075033983045708578 -0.0082469407685748161 -0.044163303609731169 0.0023929550528942667 0.029378959824154185 0.013975768427428535 -0.00062960815249217929 0.020648630580758581 -0.028167004653414651 0.022582640604103071 0.061094116479881194 0.03459620938757698 -0.022305433451991041 0.037764315455065652 0.030351479533591394 0.0049707078452969934 0.026863020773857556 0.048814986501038604 -0.043296857715105247 -0.042229289965298594 0.043472015356067532 0.015602638960948942 -0.097879229363626807 -0.10676887021940758 0.034762740838860995 -0.093741422998974949 0.01957879546164179 -0.01984173945524231 -0.0068736460898451189 -0.033400046301574914 -0.045095006548936535 0.013687841950947775 -0.0096623391203332493 0.0055494597915289575 0.0072389849120902076 0.047339846777990496 -0.080363233938621187 0.016058342322161655 -0.11803238063003139 0.028218046255636672 -0.10213096488380101 -0.10266682292886281 -0.10457713039192307 0.0027234641607045878 -0.12096354442900746 -0.11916896407514221 0.039514525353912089 -0.10584470524152477 -0.11805994064984149 0.015309864343449329 0.0065241126676027789 0.02798023884534669 0.063428455279079268 -0.045559842828810503 -0.010611959691903518
leaf_weight=7.7277744734892613 261.174616193166 1.7417306629940856 4.1559352293843395 9.2321239835582656 57.097726528299972 729.4823446504306 673.36460482544499 141.33610824774951 25.996482819493394 18.675754516210873 465.6004423815757 38.302882825140841 141.15878149832133 138.56977829115931 519.43592831247952 559.53325996547937 66.510268007637933 4.2024283446371582 33.977597165154293 329.03227760485606 43.28568897373043 80.182615759549662 1578.0242921627359 101.85927797644399 20.077890341635793 14.056578184477983 17.829438143526204 7.7520499988459051 14.054919447749855 9.1429949251469207 3.5656393184326616 54.336512474576011 6.9791079739807156 494.79649845813401 508.91572568716947 62.265579669503495 238.42901007604087 490.73879557725741 122.57612026203424 460.41765814728569 212.09275318635628 129.26908990077209 36.271692452952266 11.165536389686165 47.959248822182417 2.0842896106187245 12.93519039929379 4.6486761153209946 15.172047304804435 3.8329045437276354 103.77090745489113 3.1466105084400615 2.1930622768122694 1.8429569359868754 2.1491253366693845 4.6184647243935615 55.727528935763985 61.27222239843104 33.536029999144375 6.6975000412203363 22.159993316046894 41.22552420583088
leaf_count=3287 793 138 2467 1405 5619 20092 8395 7616 10071 19657 43133 12481 7008 13928 3383 472696 22293 32 2370 55367 856 519 44167 2111 102 8222 1990 159 495 1011 393 2061 860 3853 211177 16015 91790 572763 1349 204322 20621 12710 267 1134 1126 108 310 372 1277 353 5814 155 155 44 186 184 1135 14137 4278 569 6175 7572
internal_value=0.000473667 0.00752588 -0.0174661 -0.0204008 -0.0249779 0.000400647 0.0136863 -0.00315877 -0.0279688 -0.0333591 -0.00792427 0.00527418 0.00915747 -0.0121733 0.0107974 -0.0354044 -0.00462348 -0.0149847 0.0121286 -0.0166121 0.00949477 0.00860267 0.0078281 0.00643397 0.00302265 0.0104944 -0.0225211 0.00352283 -0.00428683 -0.0394684 -0.00916006 0.0227552 -0.0215349 0.0245812 -0.0171766 -0.0193992 -0.0279072 -0.0432412 0.0198664 -0.00847632 0.00383616 0.00228271 0.021372 -0.00572355 -0.012473 0.0102585 -0.00855875 -0.0166619 -0.054852 -0.00528266 -0.00109864 -0.0151555 0.00685214 -0.00139619 0.00633235 -0.0731158 0.010811 -0.0142196 -0.0171573 -0.000809998 -0.0145867 -0.000264414
internal_weight=9369.37 6725.52 2643.84 2384.31 1848.15 3118.55 3606.98 2389.06 1699.26 1133.25 1596.13 56.9786 148.887 1130.53 2851.01 1076.27 536.16 989.197 56.0095 933.188 259.534 2331.57 2251.39 792.93 632.341 341.016 22.0319 239.157 170.089 26.7636 17.6206 69.0677 14.7312 755.971 566.013 794.618 300.695 516.735 160.59 469.65 216.249 143.326 158.848 291.324 204.824 86.5003 193.659 145.699 33.4469 112.252 107.604 18.2749 15.1283 66.4224 59.9609 6.46142 57.8767 493.924 432.651 103.619 70.083 47.923
internal_count=1955128 388405 1566723 1542779 1314759 327295 61110 307203 1304464 1087668 264972 32138 10295 221839 56464 1055530 228020 214223 4392 209831 23944 53081 52562 42231 40477 28022 2022 25911 22831 1899 888 3080 1019 4646 216796 195903 107805 582834 1754 205727 23088 20932 1616 12455 10696 1759 9562 8436 1897 6539 6167 620 465 1657 1429 228 1321 88098 73961 18594 14316 8141
is_linear=0
shrinkage=0.05


Tree=38
num_leaves=63
num_cat=0
split_feature=31 31 26 26 9 10 16 9 4 32 29 10 23 4 32 31 0 24 32 16 12 4 26 26 29 29 24 2 32 29 4 4 27 32 32 4 23 4 20 2 23 0 20 12 32 26 26 9 0 9 7 16 2 6 12 23 0 26 5 27 2 9
split_gain=440.675 115.653 91.5582 40.5479 42.4557 39.8031 37.8781 34.0625 28.9264 27.3681 27.3228 26.5996 26.9201 25.8164 25.7938 24.8013 28.276 26.1431 24.1984 22.3692 25.8111 22.309 22.2774 22.2626 21.7837 21.7789 22.6965 20.8668 20.7709 20.681 24.3479 22.9998 19.2019 18.9904 18.4013 16.5888 16.2318 16.2009 21.1422 16.148 16.0664 16.0496 15.6342 15.5623 15.4491 14.804 14.7823 14.6918 14.6633 22.5736 15.26 14.287 15.534 14.2132 17.9814 13.8809 13.6671 17.7498 13.3801 13.1214 30.4144 13.1056
threshold=3.5000000000000004 8.5000000000000018 53.500000000000007 80.500000000000014 0.013606071937829258 1.5000000000000002 8.5000000000000018 0.0064725596457719812 14.500000000000002 0.49321897327899938 11.891654014587404 4.5000000000000009 0.014389234129339458 3.5000000000000004 0.53708884119987499 12.500000000000002 12.500000000000002 7.5000000000000009 0.4296440482139588 1.0000000180025095e-35 7.5000000000000009 44.500000000000007 54.500000000000007 63.500000000000007 6.9728245735168466 7.2806668281555185 3.5000000000000004 85.500000000000014 0.30898465216159826 10.569746971130373 55.500000000000007 6.5000000000000009 3.5000000000000004 0.80978047847747814 0.56538283824920665 10.500000000000002 1.0000000180025095e-35 37.500000000000007 47.500000000000007 97.500000000000014 0.013245614245533945 46.500000000000007 13.500000000000002 2.5000000000000004 0.27459469437599188 68.500000000000014 26.500000000000004 0.011696306522935631 19.500000000000004 1.0000000180025095e-35 0.0073261056095361718 5.5000000000000009 97.500000000000014 77.500000000000014 18.500000000000004 0.016261236742138866 28.500000000000004 35.500000000000007 0.009569597430527212 3.5000000000000004 5.5000000000000009 0.013423423748463394
decision_type=2 2 2 2 2 2 2 2 2 2 2 2 2 2 2 2 2 2 2 2 2 2 2 2 2 2 2 2 2 2 2 2 2 2 2 2 2 2 2 2 2 2 2 2 2 2 2 2 2 2 2 2 2 2 2 2 2 2 2 2 2 2
left_child=2 3 6 4 10 15 44 8 -8 24 11 61 14 -4 21 19 17 -17 29 -3 -21 39 36 46 -10 37 -27 48 -9 30 31 -15 -30 55 -18 -20 59 -14 -39 45 -24 -40 -34 -29 -1 -13 -7 -43 50 -50 -25 -23 -53 54 -38 -22 -41 -58 -55 60 -16 -2
right_child=1 5 13 -5 -6 23 7 28 9 -11 -12 12 25 18 22 16 34 -19 35 20 33 51 40 27 -26 26 -28 43 32 -31 -32 -33 42 -35 -36 -37 53 38 41 56 -42 47 -44 -45 -46 -47 -48 -49 49 -51 -52 52 -54 58 -56 -57 57 -59 -60 -61 -62 -63
leaf_value=-0.059051491171348981 0.012415167320138962 0.04145156784428701 0.036328590149616223 0.025187302651714406 0.0076142516346874413 0.015610550021617584 -0.0012301945850106387 -0.043195259115534082 -0.040118980431852851 -0.020083907236182624 0.016804234468170563 -0.011107563907531563 0.038543013175074893 -0.12312246385927475 -0.09343746428033603 0.023356131887582954 0.050147290636163577 -0.11716685288256226 -0.095211060774604978 0.025009130513178126 0.0021943207993001738 -0.097789180650838151 0.00405866470600829 -0.12471840440296787 0.0040845233643448655 0.013375096378026575 -0.118632223689438 0.05793544719884347 -0.024989908895156152 0.018191450943061016 -0.026873582380254592 0.018794021036656637 0.048730988498390491 -0.12390450376805462 -0.11650259596630291 7.4041002134064076e-05 0.028828956490171212 -0.084242376567273125 -0.10458864206957325 0.045423868731762997 -0.10402632311075449 0.0045017475672000156 -0.0056391960047993657 -0.10539576521660794 0.038679723556624891 -0.082350591287342623 0.0061000077272800541 0.048851994721620579 -0.1144218545441734 0.014694184741059222 0.032765840575398227 -0.039098608428421291 -0.014997607747140783 0.045970138920396107 -0.086790178873266954 -0.13826319260787789 0.030296323216986578 -0.05730157729512117 -0.11283684679786628 -0.0081091348655698298 -0.018077496152667322 -0.11097519494452997
leaf_weight=4.639072830497752 205.48055436857976 177.34786398429424 36.073560475371778 164.32645037176553 1126.9356392745394 568.47436931263655 77.709233543719165 56.083833878976293 670.5155860093364 293.20164888823638 142.67508553038351 121.58967143826885 47.737829888239503 3.0324493679217985 14.234529563807881 32.987928582821041 2.0608955956995478 3.6789248674176624 4.6025500220712265 514.21554175997153 63.253468921640888 7.3491597776301196 417.35724060563371 1.5489557068794955 29.080194020993076 6.4207686334848404 6.6064267705660296 1.9966572392731903 153.09015789435944 37.602601496269926 275.55131806066493 48.774848094210029 13.93517477205023 3.3430593619123092 8.4406973579898459 604.54260144184809 7.418524371692909 6.3421902868431053 3.0415334242861709 23.838725288514979 3.4667327038478097 118.25225658575073 258.30280182452407 5.4098077933304003 31.506584635586478 7.7569851109292349 1452.5639535231167 22.175099241547287 3.4585805032402268 159.49156583379954 222.03635559685063 134.55814878415549 132.88470708299428 27.732354220002893 6.151124763302505 1.8093203785829235 13.11359091254417 10.344830111600457 1.3929731373209495 457.12345234956592 225.31340723857284 2.1747403163462868
leaf_count=4454 8173 448 475 3708 30012 8348 8890 38781 793009 225479 3189 25322 832 210 2414 130 5 61 806 2492 902 1254 35848 73 3936 240 674 10 58565 1557 162644 5401 684 104 120 153821 379 773 467 1232 606 11868 104961 406 3050 1154 28439 195 250 2585 1970 44145 35177 1164 1359 49 1405 2187 228 86373 41458 177
internal_value=0.000498328 0.00728908 -0.0169759 0.000946549 -0.000260736 0.0141073 -0.0244618 -0.0256403 -0.0306078 -0.0329073 -0.00434565 -0.00583223 -0.00776442 -0.00520763 -0.00996118 0.0237199 -0.0114609 0.00925693 -0.00674582 0.0259035 0.0211707 -0.0201017 -0.00601543 0.0108946 -0.0382816 0.00904828 -0.0535692 0.0217682 -0.0145942 -0.016927 -0.0209609 0.0104872 -0.0108228 -0.00768332 -0.0837982 -0.00064591 -0.0112425 0.0131775 0.00509474 -0.0062385 0.00316826 0.00904398 -0.00285612 -0.0613644 0.0261365 -0.01538 0.00877512 0.0115052 0.0233611 0.0119537 0.0316748 -0.0290134 -0.0271235 0.0186835 -0.0235812 -0.00171164 0.0187615 -0.00833311 0.0383749 -0.0130765 -0.0225556 0.0111229
internal_weight=9284.16 6685.91 2598.24 3463.79 3299.47 3222.12 1588.06 1551.92 1070.51 992.797 2172.53 2029.86 1822.2 1010.18 1611.63 807.138 47.1684 36.6669 974.106 759.969 582.621 451.436 1160.19 2414.98 699.596 210.576 13.0272 393.942 481.412 364.961 327.359 51.8073 425.328 68.4058 10.5016 609.145 739.366 197.549 149.811 176.644 420.824 143.469 272.238 7.40647 36.1457 129.347 2021.04 140.427 386.535 162.95 223.585 274.792 267.443 42.695 13.5696 65.0628 47.2971 23.4584 29.1253 696.671 239.548 207.655
internal_count=1955128 388405 1566723 342013 338305 46392 1241809 1234305 1031314 1022424 308293 305104 296754 324914 281705 4311 316 191 324439 3995 3547 111876 169829 42081 796945 15049 914 5294 202991 169812 168255 5611 164210 1055 125 154627 133375 14135 13303 31300 36454 12530 105645 416 7504 26476 36787 12063 4878 2835 2043 80576 79322 3130 1738 951 4824 3592 1392 130245 43872 8350
is_linear=0
shrinkage=0.05


Tree=39
num_leaves=63
num_cat=0
split_feature=20 29 8 22 16 26 32 26 8 10 32 10 32 32 12 26 26 14 18 0 27 14 14 10 2 2 2 16 30 8 29 2 27 16 29 12 32 10 0 16 9 10 0 12 10 32 0 2 32 3 21 27 29 26 0 18 20 25 26 20 25 22
split_gain=364.867 122.896 96.3546 66.0513 64.4626 56.1427 41.286 33.6464 30.3742 42.6268 29.5293 28.569 28.5628 26.7456 23.1064 21.7654 23.1171 21.4771 19.4459 19.4381 22.5875 19.0662 17.0763 16.7741 16.2335 22.6627 17.7846 19.7178 16.2435 22.133 17.4443 15.5972 15.142 15.1288 15.1065 15.0668 14.9343 14.8582 15.9016 14.7872 17.416 17.9091 14.2208 14.0827 19.7493 21.2043 15.1287 14.9888 14.2221 14.7701 13.9381 13.858 28.4371 15.617 13.7219 13.4726 25.4766 13.2152 18.1235 14.7933 13.1257 12.9798
threshold=44.500000000000007 4.7049660682678232 98.500000000000014 15.500000000000002 60.000000000000007 82.500000000000014 0.53028753399848949 63.500000000000007 1.0000000180025095e-35 20.500000000000004 0.24519496411085132 54.500000000000007 0.54966765642166149 0.42112487554550176 66.500000000000014 29.500000000000004 69.500000000000014 17.500000000000004 12.500000000000002 5.5000000000000009 1.5000000000000002 60.000000000000007 60.000000000000007 62.500000000000007 28.500000000000004 32.500000000000007 20.500000000000004 1.0000000180025095e-35 1.0000000180025095e-35 5.5000000000000009 9.2478270530700701 1.0000000180025095e-35 7.5000000000000009 60.000000000000007 22.446662902832035 1.5000000000000002 0.58553785085678112 91.500000000000014 20.500000000000004 1.0000000180025095e-35 0.015504807699471714 44.500000000000007 3.5000000000000004 31.500000000000004 92.500000000000014 0.7328988015651704 17.500000000000004 1.0000000180025095e-35 0.68079262971878063 0.012579114176332952 0.010256679728627207 3.5000000000000004 5.6495091915130624 82.500000000000014 1.5000000000000002 14.500000000000002 1.0000000180025095e-35 0.016001024283468727 40.500000000000007 72.500000000000014 0.013793759513646366 1.5000000000000002
decision_type=2 2 2 2 2 2 2 2 2 2 2 2 2 2 2 2 2 2 2 2 2 2 2 2 2 2 2 2 2 2 2 2 2 2 2 2 2 2 2 2 2 2 2 2 2 2 2 2 2 2 2 2 2 2 2 2 2 2 2 2 2 2
left_child=3 2 12 8 10 6 19 11 9 61 -4 31 17 -9 35 36 21 -2 -16 32 -21 24 -12 33 26 -26 27 -17 29 -27 -31 -5 -6 -19 57 -13 50 -25 -39 40 41 -14 -38 48 45 47 -47 -45 -29 -50 -10 -15 53 -53 -54 56 -33 -3 -59 -60 -51 -1
right_child=1 34 4 7 5 -7 -8 13 15 -11 22 14 39 51 18 16 -18 23 -20 20 -22 -23 -24 37 25 28 -28 43 -30 30 -32 55 -34 -35 -36 -37 42 38 -40 -41 -42 -43 -44 44 -46 46 -48 -49 49 60 -52 52 54 -55 -56 -57 -58 58 59 -61 -62 -63
leaf_value=0.040587920915005127 0.011112172852248012 0.0082044102321802009 -0.044204926231752151 0.017756431586497128 -0.029333197566492893 0.022059830651381312 -0.014150094433142611 -0.06381072190395147 -0.11354880115415233 -0.12546548211246375 4.0296510292152902e-05 0.038853145954419577 0.054892939760826126 0.024385654966843247 0.055392904340248045 0.021349143443049931 0.027833352664061974 -0.0785969882073244 -0.0056055088294707615 -0.019716400425631636 -0.037204852818523017 0.020018934731712557 0.0320180513544885 -0.041800859390977135 -0.089650162085995327 -0.12092138960785506 0.027189651963360852 0.014601401472681227 0.036484890615711189 -0.003352725192382422 -0.10845889237149542 -0.13803776445652455 0.055388524984761114 -0.00075598255587213151 0.027191528773993036 -0.032839810905862736 0.029021989060978831 0.022349119647750233 -0.017496347018472674 8.1315392044491153e-05 -0.14430678432380989 -0.12359573532444899 0.011867642120709782 -0.00078816470578140202 0.041108853673818328 -0.10897474585746146 0.031060032494946002 -0.12205012752457355 -0.10524700129037151 -0.0082255765830033835 0.039436856106283696 -0.0070628277324488514 -0.12114236296790606 -0.12394248872006744 0.027051897671340558 0.00071700962893274823 0.016967945037867069 -0.11505459850144564 -0.11383264158378018 -0.00068471180499248474 0.01110727283723781 0.02121702793726904
leaf_weight=182.15284760273062 95.680875067482702 547.8492953395471 28.054293301072903 187.58254452166148 10.078041218221188 59.624042670009658 425.16860139754135 10.408090894925406 1.5089630323927838 4.3860469039063892 123.98916593950707 7.8072724509984246 25.784226010087881 290.94797912135255 13.875045056571251 130.02397612854838 155.27267339173704 6.408520975848659 223.98509521526285 235.87729528645286 849.8340155647893 234.00940299208742 62.940893048187718 60.103974150144495 9.3285776455886644 4.8895422788336864 90.451842901762575 155.37828490720131 16.793612256180495 58.342837194679305 4.2341412897221735 2.6881586946547023 11.063614794868045 240.2827242075 98.649845735402778 119.47568400338059 179.01479339785874 26.244979172828607 545.03963343135547 763.92955568456091 1.2692835964262474 1.486394196748736 371.5941014502896 3.3323553386144331 7.1417719442397347 2.4986590165644875 8.4556668226141465 10.831398734124379 3.5112315174192181 284.5828944244422 111.55907876952551 108.69348384393379 1.5832739756442595 2.935152164194732 116.47082390077412 1349.2484649767866 191.04799491958693 4.5074385183397672 3.1294645383022717 37.558264239691198 126.96376327029429 164.64595317479689
leaf_count=439 3545 32701 25593 2006 5495 6972 217060 3110 127 113 14607 432 134 7827 398 795 1483 617 79991 147582 879405 3454 15061 19540 485 189 1276 1896 138 2454 211 97 1067 35047 1118 23783 911 2521 222593 90747 27 109 4513 34 72 96 110 586 155 3830 968 8366 71 309 1883 72023 3923 641 235 2334 1024 799
internal_value=0.000501553 -0.0102166 -0.0139512 0.00973987 -0.0220699 -0.0255411 -0.0273936 0.00430949 0.0158859 0.0294324 0.00362865 0.00146091 -0.0056468 0.0155512 -0.0112482 0.0134706 0.00972391 -0.0113828 -0.0020473 -0.0324808 -0.0334054 0.00728041 0.0108075 -0.013834 0.00402882 -0.0157036 0.00627226 0.00369007 -0.0075169 -0.0184697 -0.0104645 0.00414248 0.0150024 -0.00277813 0.00907434 -0.0284423 0.0208437 -0.0181537 -0.0156658 0.00140146 0.0367378 0.0451644 0.0174449 -0.000119647 -0.0322589 -0.0531194 -0.00088161 -0.0935204 0.00169792 -0.00313254 0.0373952 0.0171377 0.00795655 -0.010136 0.0250644 0.00248742 0.0148172 0.00606064 -0.0199259 -0.0093874 -0.00226132 0.0313914
internal_weight=9212.21 4264.55 3572.86 4947.65 1806.63 1591.65 1532.02 2626.75 2320.9 351.185 214.984 2095.71 1766.23 531.039 365.143 1969.72 1306.04 973.761 237.86 1106.85 1085.71 1150.77 186.93 878.08 916.761 93.5887 823.172 732.72 84.2601 67.4665 62.577 1730.57 21.1417 246.691 691.694 127.283 663.677 631.389 571.285 792.469 28.5399 27.2706 550.609 602.696 32.2599 25.1181 10.9543 14.1638 570.436 415.058 113.068 520.631 229.683 111.629 118.054 1542.98 193.736 593.044 45.1952 40.6877 411.547 346.799
internal_count=1955128 1724751 1687722 230377 1312842 1257581 1250609 204219 26158 1351 55261 182653 374880 21566 104604 24807 18288 283863 80389 1033549 1026987 16805 29668 280318 13351 3477 9874 8598 2992 2854 2665 78049 6562 35664 37029 24215 6519 244654 225114 91017 270 243 5424 7803 898 826 206 620 6905 5009 1095 18456 10629 8675 1954 76043 4020 35911 3210 2569 4854 1238
is_linear=0
shrinkage=0.05


Tree=40
num_leaves=63
num_cat=0
split_feature=10 32 29 22 4 4 16 9 26 26 26 20 28 9 9 32 29 32 1 29 12 2 9 9 29 24 2 26 1 26 12 20 32 22 1 26 6 9 6 16 32 20 29 1 32 24 18 2 2 4 9 28 20 2 10 12 26 16 16 12 26 32
split_gain=380.558 119.435 73.2244 62.414 52.717 46.4709 45.5834 34.8236 32.8364 31.598 31.2133 29.5529 25.103 19.2438 18.4427 21.6586 18.3971 17.9814 17.9023 17.8975 17.2938 17.2587 17.0079 16.8117 15.8804 33.2916 15.6303 15.4937 15.1674 16.4473 15.0003 19.2786 14.9819 14.9722 14.7878 17.6497 16.9287 15.9189 16.3417 14.6049 16.4769 25.3785 22.8442 14.2869 20.4733 17.5598 17.0817 15.3914 15.6812 14.6627 20.4462 14.2445 33.3653 13.9127 13.6252 19.806 13.4879 14.089 13.4831 16.6748 13.2647 13.1218
threshold=36.500000000000007 0.46705517172813421 13.608949661254885 15.500000000000002 15.500000000000002 9.5000000000000018 14.500000000000002 0.016001024283468727 82.500000000000014 59.500000000000007 44.500000000000007 43.500000000000007 3.5000000000000004 0.0062696540262550124 0.015749008394777778 0.80978047847747814 17.665527343750004 0.5675683617591859 0.016261236742138866 15.583258628845217 20.500000000000004 7.5000000000000009 0.011561079882085325 0.0087337908335030096 5.7857818603515634 5.5000000000000009 33.500000000000007 58.500000000000007 0.0099504948593676108 43.500000000000007 76.500000000000014 14.500000000000002 0.44056776165962225 1.5000000000000002 0.013986697886139156 55.500000000000007 6.5000000000000009 0.0066007319837808618 28.500000000000004 18.500000000000004 0.80978047847747814 7.5000000000000009 6.006066322326661 0.01197647722437978 0.50194659829139721 5.5000000000000009 12.500000000000002 74.500000000000014 2.5000000000000004 15.500000000000002 0.010695492848753931 2.5000000000000004 1.5000000000000002 53.500000000000007 9.5000000000000018 86.500000000000014 12.500000000000002 11.500000000000002 1.0000000180025095e-35 100.00000000000001 77.500000000000014 0.38416744768619543
decision_type=2 2 2 2 2 2 2 2 2 2 2 2 2 2 2 2 2 2 2 2 2 2 2 2 2 2 2 2 2 2 2 2 2 2 2 2 2 2 2 2 2 2 2 2 2 2 2 2 2 2 2 2 2 2 2 2 2 2 2 2 2 2
left_child=3 2 4 7 32 26 22 -1 13 11 17 14 20 24 -5 27 19 -7 39 43 -13 -20 56 -10 33 -26 -3 -16 60 -30 31 -19 -2 -8 35 37 -36 -14 -39 -11 41 42 51 44 46 -45 -12 48 -48 50 -47 -41 -53 -32 55 -22 57 -6 -56 -60 -15 -35
right_child=1 5 -4 9 6 10 8 -9 23 18 16 12 34 28 15 -17 -18 30 21 -21 54 -23 -24 -25 25 -27 -28 -29 29 -31 53 -33 -34 61 36 -37 -38 38 -40 40 -42 -43 -44 45 -46 49 47 -49 -50 -51 -52 52 -54 -55 58 -57 -58 -59 59 -61 -62 -63
leaf_value=0.012056463715569798 0.01122323576119362 0.006245520075319368 0.024207991490475117 0.0010899884686733682 -0.094782844871233188 -0.019658284579881141 0.040301161889404108 0.025926118865554938 -0.01357037543704352 0.031467568774540308 -0.10301597289024032 -0.058906125909741959 -0.033659434559550651 -0.023601082441035679 0.018209755718514502 -0.034021668932112441 0.021370439882057078 -0.062558179286070034 -0.13004174613102015 -0.061278067412940118 0.029583169965562657 0.0094028497422769045 0.033555607844863708 0.041820255713346147 -0.08342649240216235 0.0060481877806816348 0.03016789676043187 -0.1371030979414071 -0.059848019476381291 0.039129571094128554 0.01583737554514281 -0.01102811787170823 -0.048399317865951447 -0.044768285118350716 -0.10646486506224273 -0.069756342687219489 0.037978822050767531 -0.021645295415270504 0.017839203217774408 0.0084893127850112181 0.052409337080925156 0.01411426419683354 -0.11750396880030001 -0.11602048145972443 -0.0015905702142589935 0.003829597430722911 0.062816126447860304 -0.010797656500403282 -0.066413852404399634 0.018438232383274397 -0.10787779460985869 0.0092679375680807929 -0.12185097826980057 -0.0078902394949325865 0.073216133764822375 -0.046847959206505092 -0.0043503173307081044 0.031838682612743995 -0.051832673125185851 -0.010751887342861879 -0.082155759449889926 -0.03121242794324532
leaf_weight=1758.2054475456243 125.3412649044767 199.92504233133513 84.863746426068246 1118.9129786616541 8.3129807911463995 513.02909746073419 6.0601517705945289 609.43610340962186 36.635923661000561 114.20727265870664 6.0574486888945094 31.54746109386906 31.228741543774959 403.8419877589331 326.58961229375564 21.798508737934753 82.571139918640256 20.11606124904938 4.1763213921803981 13.030266108689828 28.207330635399558 4.734379430767147 28.296758805401623 21.879941727500409 13.03346086386591 51.377977793687023 103.69610963133164 1.6136954021640111 5.4616582622984451 18.129522678325884 106.76045434304979 185.78566340939142 11.503167224349452 393.55611912687891 2.1566747066099188 10.140097482246345 34.121112673077732 37.14018179231789 89.002439930045512 34.364650935400277 23.347417077515274 375.89561353466706 5.5541183245368293 2.6797484611161044 931.97708362247795 15.127983084297741 2.616000943118709 135.7687810541247 22.865675940003712 149.5715748379007 5.6172727898228905 11.822520142421126 8.2288294762838632 146.63032073015347 3.2049865322187534 12.117245371802708 129.05999073170824 2.9859892314998424 48.679987499373965 50.147514383250382 9.9093012958765012 326.71401534305187
leaf_count=24217 6689 12041 1952 53812 3144 270986 852 2716 7288 1650 1168 5102 22545 188102 3441 310 1195 3007 196 596 1883 120 364 764 3160 8181 4534 59 2058 1627 21001 37191 2040 506893 305 2295 1562 3978 9335 657 158 18690 281 181 184854 1374 24 49010 9439 13929 395 279 724 59879 8 3939 31275 1011 10820 20303 2475 325723
internal_value=0.00015434 -0.0106086 -0.0210464 0.00984964 -0.0234585 -0.00398794 -0.0262485 0.0156265 -0.0294525 0.00421852 -0.00637566 0.00101602 -0.0114581 -0.0311961 0.00422343 0.0142406 -0.00150718 -0.0132247 0.0143738 -0.00297689 -0.0254121 -0.0559529 -0.0018072 0.007141 -0.0358508 -0.0120567 0.0144158 0.0174461 -0.02278 0.016215 -0.00603849 -0.0160625 0.00621135 -0.0379609 0.000449553 -0.00581844 0.0293918 -0.00169865 0.00621378 0.0154667 0.0114872 0.00929523 -0.0209107 -0.00237979 -0.00448168 0.0109764 -0.0205864 -0.0174899 -0.0531468 0.0129746 -0.0264178 -0.0110517 -0.0445417 0.00210685 -0.0179896 0.00661616 -0.00893644 -0.0613205 -0.0277141 -0.0309873 -0.0250035 -0.0386194
internal_weight=9117.37 4320.79 1676.96 4796.58 1592.1 2643.83 1455.26 2367.64 1286.6 2428.94 2340.2 1846.61 377.694 1228.08 1468.91 350.002 1367.88 972.322 582.331 1285.31 173.905 8.9107 168.656 58.5159 790.742 64.4114 303.621 328.203 437.342 23.5912 459.292 205.902 136.844 726.33 203.789 167.511 36.2778 157.371 126.143 573.42 459.213 435.866 59.9701 1272.28 1099.28 172.997 167.308 161.25 25.4817 170.317 20.7453 54.416 20.0513 253.391 142.357 40.3246 140.359 11.299 102.032 98.8275 413.751 720.27
internal_count=1953787 1764402 1093598 189385 1091646 670804 1082917 26933 1047123 162452 654229 139697 82075 1039071 57622 3810 262165 392064 22755 260970 42055 316 35794 8052 844809 11341 16575 3500 194262 3685 121078 40198 8729 833468 40020 38153 1867 35858 13313 22439 20789 20631 1941 260374 244495 15879 59641 58473 9463 15698 1769 1660 1003 80880 36953 5822 35430 4155 31131 31123 190577 832616
is_linear=0
shrinkage=0.05


Tree=41
num_leaves=63
num_cat=0
split_feature=31 29 4 9 11 26 9 16 20 16 26 20 12 9 7 26 12 12 9 22 11 26 5 20 9 27 9 18 29 29 20 9 7 16 22 26 3 26 9 20 11 9 14 7 27 16 18 4 7 16 9 7 9 2 9 27 14 26 26 26 26 26
split_gain=390.397 86.5093 72.4769 69.6085 53.1569 41.4667 34.4308 32.1769 31.3332 31.0732 32.3698 28.6332 27.1075 21.8665 21.8535 20.4269 20.3928 29.6042 25.5958 20.0773 19.2286 18.6367 18.2818 18.1426 17.7557 17.7441 16.3908 18.7239 18.4106 16.3082 19.4439 16.2952 16.225 24.9833 20.4008 15.1721 18.5515 15.0173 14.2409 13.8979 18.2651 15.4478 13.6278 13.6181 13.5348 13.0287 13.0176 15.8266 27.1746 15.63 15.1085 14.2841 15.9798 14.5074 15.9077 13.5508 12.9163 12.8065 12.483 12.2933 12.0917 22.2358
threshold=6.5000000000000009 3.5120395421981816 5.5000000000000009 0.0062696540262550124 0.015749008394777778 80.500000000000014 0.016261236742138866 4.5000000000000009 42.500000000000007 15.500000000000002 48.500000000000007 97.500000000000014 8.5000000000000018 0.0099504948593676108 0.016001024283468727 70.500000000000014 10.500000000000002 22.500000000000004 0.01197647722437978 4.5000000000000009 0.015268065501004459 12.500000000000002 0.012422839645296337 24.500000000000004 0.0078432578593492525 1.5000000000000002 0.0078432578593492525 60.000000000000007 6.3838932514190683 22.721441268920902 21.500000000000004 0.010582306887954475 0.014599318150430919 8.5000000000000018 8.5000000000000018 14.500000000000002 0.007272823480889202 43.500000000000007 0.0074907417874783286 72.500000000000014 0.013245614245533945 0.014389234129339458 6.5000000000000009 0.016261236742138866 1.5000000000000002 17.500000000000004 6.5000000000000009 31.500000000000004 0.011561079882085325 16.500000000000004 0.014389234129339458 0.015504807699471714 0.01197647722437978 4.5000000000000009 0.013793759513646366 1.5000000000000002 1.0000000180025095e-35 40.500000000000007 80.500000000000014 83.500000000000014 47.500000000000007 35.500000000000007
decision_type=2 2 2 2 2 2 2 2 2 2 2 2 2 2 2 2 2 2 2 2 2 2 2 2 2 2 2 2 2 2 2 2 2 2 2 2 2 2 2 2 2 2 2 2 2 2 2 2 2 2 2 2 2 2 2 2 2 2 2 2 2 2
left_child=1 2 60 5 9 7 16 21 14 -2 13 -9 20 42 31 39 58 18 -18 57 24 -4 -20 -8 -12 -22 27 56 -28 30 -30 -5 -24 34 -34 36 -33 -21 -29 41 -41 -10 -11 -25 -19 -44 -15 49 -49 -48 -50 -51 -53 54 -54 -55 -3 -13 -6 -32 61 -1
right_child=4 26 3 8 6 -7 23 11 15 10 12 19 -14 46 -16 -17 17 44 22 37 25 -23 32 43 -26 -27 28 38 29 -31 59 35 33 -35 -36 -37 -38 -39 -40 40 -42 -43 45 -45 -46 -47 47 48 50 51 -52 52 53 55 -56 -57 -58 -59 -60 -61 -62 -63
leaf_value=0.01284336751775104 0.011276764928918595 0.04738525328206912 -0.10407424098992422 -0.010309373472989309 0.016578910489357071 0.0096270492390203282 0.033281675895055693 -0.015733720237013967 -0.024841189252728116 -0.097271210152621024 -0.082341898944999312 0.041010165132969276 0.013051979409519777 0.017519528711650825 -0.12509586223820016 0.0038907371065791934 -0.11930332809996735 -0.079519377286240825 -0.11821635065725766 -0.036210803667303719 0.022077765501591802 0.012951565259677347 0.0105286981563531 -0.12354512586947085 0.00060566727429548005 -0.094205420605743231 0.046097606872605362 0.0057012271535359545 -0.11066961284709581 0.0440783603447851 0.0077556816550639496 0.010885668742341066 -0.12615791306260105 -0.13063138450955414 0.053601646127174975 0.01780110870460247 -0.08132978052420356 -0.024586592139494406 -0.10532979790014015 -0.014775667369723225 0.012989035517923898 -0.083298253105786757 0.028617725766906878 0.042949609718657078 0.018780283633830455 -0.018574926664720902 -0.072181932570799454 -0.0033735531041370185 -0.031263269610679177 0.0055364773760342304 -0.096411078208209683 0.027359870195027638 -0.11518149646440011 0.012012205206962431 -0.0049287868297792029 -0.085606941332593292 -0.061231760004027393 -0.039982825612637982 -0.10640848107253525 -0.12128844068936284 0.0252062347559278 -0.050181889960430805
leaf_weight=73.505359074799344 1740.8317803690443 3.238781041000041 3.5699030263349405 101.05832976382226 833.53559265867807 94.64693886670284 332.84857807308435 491.20094677153975 83.531036054308061 5.1869600752834222 6.8617113868240258 15.901052357046867 744.42698357865447 95.663357395445928 3.1842804863117626 172.98166176473023 7.3641063075046977 3.6616961513645938 4.2645551706664255 631.47281081738765 4.5280048400163677 72.373781590955332 30.619402102660388 3.2498544268310061 107.95172073651338 11.909164493205024 49.846989729907364 287.42569334723521 3.7576609801035366 27.976125050801784 95.078371969051659 14.0253016743809 2.1777555153239518 6.0843531754799169 5.7344894870184362 214.38132395420689 8.9243066085036826 496.15308190733776 2.9172563663450992 824.17013654968468 63.821582733769901 13.069691724376751 15.713834319962187 1.9742622394114731 80.175247445702553 211.03007861186052 7.0898964065127066 123.15366123931017 33.602348388987593 536.75869429833256 12.105463416082783 16.981421669945121 3.5135803250595918 4.6350243492051986 47.516485744388774 15.256029655691234 17.668425139971077 7.0421125084976657 2.068303126608952 1.8821157477796067 116.01321355067194 17.285744428634644
leaf_count=4203 29563 100 1089 17558 6452 12867 1193 280937 22148 765 871 2141 29815 1502 247 16417 568 198 253 696949 54 8997 331 87 3129 522 914 24865 240 170 3668 1006 46 208 22 10722 1095 388516 396 291694 5581 1498 614 12 1607 34756 326 9523 3251 19585 864 488 229 70 641 800 2371 3272 63 124 3259 2335
internal_value=0.000190504 -0.0114653 -0.014206 -0.0159994 0.00942602 -0.0225925 0.0180795 -0.0243678 -0.00802886 0.00639011 0.00214494 -0.0258396 0.0093581 -0.00345368 0.00527822 -0.0119555 0.0133148 -0.00433999 -0.0324029 -0.030154 -0.0115928 0.00745051 -0.0193109 0.0318306 -0.00435161 -0.0621725 0.00822235 0.0012948 0.0202991 0.0103066 0.000925948 0.00650505 -0.00985718 -0.054454 0.00412487 0.0136648 -0.0249737 -0.0310962 0.00458563 -0.0147395 -0.0127802 -0.0327502 -0.0171375 -0.0606246 0.0144869 -0.0153044 8.73031e-05 -0.00199563 -0.0155932 0.00163887 -0.0485173 0.00247673 -0.016207 -0.0266387 -0.01252 -0.0628597 -0.0444057 0.0161504 0.0162745 0.00525079 0.0145107 0.000843971
internal_weight=9066.58 4008.1 3518.31 3311.51 5058.47 1812.36 1313.76 1717.71 1499.15 3744.72 2003.88 1641.77 875.678 1128.21 341.574 1157.57 975.686 140.082 56.2447 1150.57 131.251 75.9437 48.8806 338.073 114.813 16.4372 489.791 311.25 178.541 128.694 100.718 338.389 44.616 13.9966 7.91225 237.331 22.9496 1127.63 290.343 984.592 887.992 96.6007 231.931 5.22412 83.8369 226.744 896.276 800.613 168.861 631.751 45.7078 624.661 87.9025 70.9211 51.0301 19.8911 20.9072 22.9432 835.604 96.9605 206.804 90.7911
internal_count=1953787 1805379 1772531 1762734 148408 1394768 11040 1381901 367966 137368 107805 1371815 34391 73414 30628 337338 9748 3233 1428 1090878 4576 10086 860 1292 4000 576 32848 27732 5116 4202 4032 30381 607 276 68 12823 2101 1085465 25261 320921 297275 23646 36135 99 1805 35370 37279 35777 13638 22139 4115 21813 2228 1740 870 870 2471 5413 6515 3792 9797 6538
is_linear=0
shrinkage=0.05


Tree=42
num_leaves=63
num_cat=0
split_feature=31 32 9 4 24 20 18 18 0 32 31 4 2 18 9 16 4 32 16 9 2 22 24 9 0 14 2 32 21 4 4 2 12 2 9 21 32 24 20 21 1 12 5 18 6 9 12 18 4 24 32 4 7 6 27 4 27 3 20 12 0 24
split_gain=366.844 87.7248 70.5272 48.1775 33.9011 33.8487 33.7874 30.9998 30.9743 25.5255 22.9265 20.1465 20.8064 19.7935 19.1989 17.3265 17.5289 26.9428 20.7231 20.4832 15.0489 16.3613 18.1791 14.7828 14.4567 19.679 16.6158 15.817 27.0373 14.2628 14.1691 14.1517 14.1134 13.8541 12.9801 12.9378 12.7876 20.524 12.5215 21.8328 15.7101 12.2603 12.0642 11.9108 11.708 23.0591 16.3359 13.1158 11.6204 11.5935 14.5576 17.1965 32.5484 29.1101 31.2998 22.8351 12.7864 11.5965 11.5048 11.1465 11.0993 15.3315
threshold=5.5000000000000009 0.43245914578437811 0.014185110572725536 40.500000000000007 60.000000000000007 45.500000000000007 1.5000000000000002 18.500000000000004 5.5000000000000009 0.59537991881370556 1.5000000000000002 19.500000000000004 28.500000000000004 60.000000000000007 0.0082988981157541292 13.500000000000002 3.5000000000000004 0.52053159475326549 15.500000000000002 0.0065147271379828462 32.500000000000007 17.500000000000004 5.5000000000000009 0.016261236742138866 22.500000000000004 17.500000000000004 1.5000000000000002 0.75162878632545482 0.010256679728627207 1.0000000180025095e-35 83.500000000000014 71.500000000000014 1.5000000000000002 18.500000000000004 0.010256679728627207 0.0063492704648524531 0.17915332317352298 11.500000000000002 24.500000000000004 0.010362972505390646 0.013423423748463394 1.5000000000000002 0.0098524559289217013 12.500000000000002 12.500000000000002 0.013986697886139156 1.0000000180025095e-35 2.5000000000000004 2.5000000000000004 60.000000000000007 0.56325554847717296 29.500000000000004 0.0064725596457719812 43.500000000000007 2.5000000000000004 36.500000000000007 7.5000000000000009 0.0077822189778089532 81.500000000000014 1.5000000000000002 80.500000000000014 11.500000000000002
decision_type=2 2 2 2 2 2 2 2 2 2 2 2 2 2 2 2 2 2 2 2 2 2 2 2 2 2 2 2 2 2 2 2 2 2 2 2 2 2 2 2 2 2 2 2 2 2 2 2 2 2 2 2 2 2 2 2 2 2 2 2 2 2
left_child=1 3 8 29 13 -6 38 58 20 11 36 12 -9 -3 -13 -10 24 18 30 31 21 -2 -23 -16 27 26 -26 28 34 -1 -18 41 -8 -20 -17 -24 -5 -38 -4 40 -40 -19 -37 -44 45 46 -21 -48 -11 60 -51 57 56 54 -54 -55 -53 -52 -7 -35 -34 -62
right_child=2 4 6 10 5 7 32 9 15 48 -12 14 -14 -15 23 16 17 19 33 44 -22 22 35 -25 25 -27 -28 -29 -30 -31 -32 -33 49 59 -36 42 37 -39 39 -41 -42 -43 43 -45 -46 -47 47 -49 -50 50 51 52 53 55 -56 -57 -58 -59 -60 -61 61 -63
leaf_value=0.036585579651061843 0.019832240931251272 -0.11178203586640197 0.02795353490118288 -0.050402480622725378 0.0047087968417891674 -0.088565583138340911 0.019086147898145892 -0.036556275451132936 0.0059620547621649428 -0.10521486733625068 -0.017413324557647113 -0.023218688018425762 0.015363989516920647 0.01608882570741459 -0.0080367205484541474 -0.096327479340782007 0.054640665211426215 0.030898425676428434 -0.088340840346117583 -0.10839397186803085 0.036591320522849073 -0.11354209057680238 -0.097582842293794478 -0.11307865506669584 0.0060848785770644658 0.029137049560395215 -0.12465273649418129 0.023402056217863836 -0.085077575219149076 -0.0040764292333081587 -0.091026103380041579 0.011400294383078749 0.022727014854991179 0.039679583380960746 0.041943882506437401 -0.091236659903936881 -0.00052664848123415528 -0.032666104771234765 0.018772457221333111 -0.13737654620403766 -0.12498477818543269 -0.032228006819847332 -0.068465912439499441 0.0077036484924283364 0.0026003316825025926 -0.10072364350286289 -0.11058939366679435 -0.0039295395929455886 0.00088131289769726926 0.018675399492380156 -0.12810490045249159 -0.11855768278126365 -0.10698725980107765 -0.11666311170460318 -0.011496980730521918 0.029827690195386138 0.0067337811007989225 0.0076720880300394177 0.018148470509773359 -0.030737416589804441 -0.012111522461837944 0.036044355415992956
leaf_weight=25.59928026702255 232.04323459649459 3.0776745101902625 460.31896558066364 85.891387047275202 392.61043496767525 2.5933393988525486 461.98057195614092 24.896693553659134 904.94545902777463 2.6044281620997927 407.87073714501457 749.07126077945577 85.772446450777352 181.47321614215616 347.69250367034692 2.0502896620892015 11.45428606844507 8.283369296230374 10.037510451162232 3.9329192577861241 64.989286185707897 3.4441403991077086 3.1878979934845111 3.3820025394670656 6.4467167793773115 102.85509514017031 3.9008675497025234 19.013262773631141 13.580755607574245 136.87367619958241 1.9542201734147955 28.876942346221767 252.96896368742455 5.9300433837342998 9.8579872115515155 3.2715141770895562 54.538061787141487 556.89927439627354 26.382144500734292 2.8228502804413429 2.0479962234385303 107.67190987244248 5.2782281688414505 185.7041542949155 887.50135992665309 6.853852357948198 2.9251169851049772 196.68352718756068 284.95529226376675 228.16101443883963 1.5751973167061795 9.0451926318928582 9.4972195758018625 2.7868542671203604 89.00144962198101 58.55798478377983 2.6279308495577416 950.81446417846018 96.798992317810189 107.42476371518569 58.438113293610513 23.046457468764856
leaf_count=238 2428 480 1962 117023 75951 697 3025 6706 21495 524 193976 536948 9514 8266 69583 332 180 434 1894 374 2011 187 720 534 84 2501 220 324 823 22925 259 4700 2251 255 134 529 10247 591046 234 80 54 22401 237 6451 70353 461 187 11463 92628 4364 123 641 572 211 3001 1326 83 13261 12176 20491 995 214
internal_value=0.000198115 -0.0126376 0.00811693 -0.0230922 -0.0065441 -0.00844494 0.0140489 -0.0116771 0.00279031 -0.0134709 -0.0268295 -0.0166512 0.00368374 0.0139564 -0.0186968 0.000473022 -0.00275828 -0.00456352 -0.0256241 -0.00224515 0.0141561 0.0107882 0.000341486 -0.00904862 0.0130331 0.0225248 -0.043201 -0.0111115 -0.0368564 0.00233029 0.0334105 -0.0199189 0.0113433 -0.0320391 0.0181372 0.00232805 -0.0323371 -0.0297994 0.0258742 -0.00475168 0.00841675 -0.0277185 0.00396769 0.00559853 8.63338e-05 -0.0105183 -0.00748087 -0.00549256 -7.96001e-05 0.0092223 0.00716048 0.00482287 -0.00975115 -0.00386505 -0.0207041 0.0231727 -0.0903512 0.00744752 0.0153641 -0.0270536 0.0175574 0.00150851
internal_weight=9022.77 3442.6 5580.17 1267.67 2174.93 1990.38 2640.07 1597.77 2940.1 1498.37 1105.2 1210.81 110.669 184.551 1100.15 2442.18 1537.23 1379.53 136.801 1242.73 497.918 432.929 200.886 351.075 157.705 113.203 10.3476 44.5023 25.489 162.473 13.4085 144.832 2148.5 123.392 11.9083 197.442 697.329 611.437 491.572 31.253 28.4301 115.955 194.254 190.982 1097.9 210.395 203.542 199.609 287.56 1686.52 1352.07 1123.91 171.517 159.844 98.4987 61.3448 11.6731 952.39 99.3923 113.355 334.454 81.4846
internal_count=1953787 1749462 204325 935455 814007 805261 32397 729310 171928 716437 912292 623285 16220 8746 607065 159365 137870 133452 23079 110373 12563 10552 8124 70117 4418 2805 304 1613 1289 23163 439 27535 30067 22640 466 7937 718316 601293 2330 368 288 22835 7217 6688 82838 12485 12024 11650 93152 27042 23582 19218 5834 5110 3573 1537 724 13384 12873 20746 3460 1209
is_linear=0
shrinkage=0.05


Tree=43
num_leaves=63
num_cat=0
split_feature=31 29 8 4 8 20 18 18 0 29 26 6 2 29 0 10 16 20 26 27 24 26 6 10 27 16 5 2 20 2 29 18 26 26 4 2 26 4 26 10 24 29 21 10 9 26 31 10 4 26 4 3 4 16 8 27 26 7 2 18 0 6
split_gain=351.606 76.2972 62.6431 52.441 53.3168 30.2302 29.8358 29.7564 28.3074 26.2366 26.0372 24.0414 16.8422 15.6899 17.9489 26.4897 38.7186 15.4536 15.152 14.9296 21.2522 15.8654 14.797 14.597 14.0346 13.5551 16.0208 13.9203 13.5164 14.7459 18.8169 13.066 12.4775 12.3365 12.3127 12.1969 19.7991 11.9554 11.9166 11.8825 11.8256 25.5855 17.0613 13.7845 11.8558 11.6895 11.4526 12.9086 11.33 17.0832 12.6939 11.2063 11.1587 17.6089 24.9232 17.3132 22.4105 20.3977 16.8695 20.5317 16.4548 14.3054
threshold=5.5000000000000009 3.5120395421981816 9.5000000000000018 15.500000000000002 98.500000000000014 97.500000000000014 18.500000000000004 1.5000000000000002 5.5000000000000009 20.037433624267582 75.500000000000014 29.500000000000004 15.500000000000002 16.226455688476566 65.500000000000014 77.500000000000014 13.500000000000002 28.500000000000004 48.500000000000007 4.5000000000000009 8.5000000000000018 82.500000000000014 39.500000000000007 70.500000000000014 1.5000000000000002 1.5000000000000002 0.01197647722437978 32.500000000000007 1.0000000180025095e-35 23.500000000000004 18.706548690795902 15.500000000000002 85.500000000000014 12.500000000000002 1.0000000180025095e-35 97.500000000000014 74.500000000000014 17.500000000000004 23.500000000000004 10.500000000000002 10.500000000000002 1.0000000180025095e-35 0.0062696540262550124 1.0000000180025095e-35 0.0086581707000732439 79.500000000000014 2.5000000000000004 44.500000000000007 100.00000000000001 69.500000000000014 51.500000000000007 0.0079682543873786944 3.5000000000000004 17.500000000000004 97.500000000000014 2.5000000000000004 68.500000000000014 0.0070672258734703073 1.5000000000000002 1.5000000000000002 39.500000000000007 14.500000000000002
decision_type=2 2 2 2 2 2 2 2 2 2 2 2 2 2 2 2 2 2 2 2 2 2 2 2 2 2 2 2 2 2 2 2 2 2 2 2 2 2 2 2 2 2 2 2 2 2 2 2 2 2 2 2 2 2 2 2 2 2 2 2 2 2
left_child=1 3 7 11 17 12 24 34 25 10 52 -1 39 14 48 16 -16 22 -8 -12 -21 -22 -5 -14 -7 26 -4 40 29 -9 -31 -19 35 -26 -2 36 46 -20 -35 -6 44 42 -42 -43 -27 -25 -13 -48 50 -50 -3 -47 55 -54 -55 58 57 -57 59 -10 61 -59
right_child=2 13 8 4 5 6 18 28 9 -11 19 32 23 -15 15 -17 -18 31 37 20 21 -23 -24 45 33 27 -28 -29 -30 30 -32 -33 -34 38 -36 -37 -38 -39 -40 -41 41 43 -44 -45 -46 51 47 -49 49 -51 -52 -53 53 54 -56 56 -58 60 -60 -61 -62 -63
leaf_value=-0.074513274969054091 0.038628030367705096 0.013507241037212146 -0.1138034406408043 -0.087105785795517046 -0.11751144980032846 -0.046297121405217918 -0.035239763183840318 0.022786858823813042 0.042768657785421223 0.01771749848904336 0.028132050638784052 -0.084382208665558081 0.0044695468746197928 0.027400813785407818 0.037990345837243401 0.0023819208153603947 -0.094320832026240226 0.014599388815209648 0.032862429434011492 -0.12107068284565894 0.015787820913361023 -0.10843672567944887 0.0094136115499388051 -0.022064038791340643 -0.06608191420127707 -0.1191528535610055 0.036985918256278442 0.03307849013035611 0.0094988599816125518 -0.14878591072222899 0.063902283221997855 -0.012477600925732808 0.054528581042983387 0.046409313608489475 0.020183194561440528 0.01446928958021056 -0.12210758340836306 -0.024026039634739208 -0.0011535936153765007 0.032797408792922672 -0.10414235154341255 0.047004520837966343 0.0070926572628186406 -0.10060388437728654 0.033808099069376533 0.021648343891655784 -0.065694173602714512 0.0063804755856652412 -0.0394685674443776 0.049211258795171159 -0.10160738194122027 -0.10596330959973761 0.0023531959524814524 -0.0048782205740242803 -0.02833031806951224 -0.11380241118246229 -0.12842944316949781 -0.043659171721900543 0.040154243322669876 -0.11415648740679157 0.015942790364453605 0.012299080153472489
leaf_weight=8.9834364379057643 119.89505835087039 9.8965401032473874 1.8048576535657037 4.0916806095046914 1.3830318376421953 17.585022063460201 623.98895879197516 273.48326387349516 4.1467671068385243 207.49931419454515 113.59023424447514 4.193577106576412 80.29735300943139 81.895052143605426 8.178521840367468 239.84543486998882 17.06927572528366 46.696445109555498 9.4681968337390554 3.792613393161445 27.957160776481036 2.8304810898844144 134.47245086717885 304.14389661201858 6.3117598477401762 1.3017348833382119 73.320309036178514 57.997841353178956 1862.0707487856271 2.775189254898577 1.6631342172622678 970.83301374682924 14.040104041807352 15.464631148905026 368.7625717431074 156.45752232999075 3.6900384193286291 375.61464565288043 88.718506997363875 26.674316279473715 3.4868309991434208 1.9384783650748421 303.48514404823072 8.5922350769396854 47.216120388940908 24.462212269718297 6.778973657405003 74.319788854219951 6.2138984685298047 43.089581277919933 3.1593412011861792 1.8505036801798258 744.09341804939322 978.10548852372449 128.12743407150265 3.7016317253001025 3.355844620615243 26.70429686002899 55.626812876434997 4.1910246212501061 105.30115108308382 19.956458047498018
leaf_count=2866 332 486 74 1089 278 8060 761518 1529 19 2397 1947 1664 26897 1449 152 23527 2347 2634 805 200 956 303 10688 230580 4511 136 362 1945 28402 135 1 321501 54 1251 1998 7519 357 283306 33834 4212 760 10 8454 393 429 2251 1427 11717 971 787 412 312 23161 93515 31590 387 171 927 719 193 2170 710
internal_value=0.000217031 -0.0124223 0.00797308 -0.0151848 -0.0172569 -0.0232394 -0.0275412 0.0135761 0.00294309 0.000714517 -0.000873661 0.00590189 -0.0120916 0.00782685 0.00293145 -0.00274617 -0.0514613 -0.00910174 -0.0304266 0.019375 -0.00939032 0.00436716 0.00656348 -0.0146518 -0.00480849 0.013788 0.0333633 0.0103197 0.011034 0.0213197 -0.0690871 -0.011235 0.00868594 0.00179433 0.0247087 0.00606356 -0.0087162 -0.0226273 0.0059065 0.0253882 0.00671349 0.00320027 0.00582916 -0.0734323 0.0297042 -0.019298 -0.0038105 0.00035582 0.0270673 0.0380346 -0.0143489 0.0126738 -0.00232075 -0.00359413 -0.00759452 0.0082458 -0.000590438 0.00216556 0.0302131 -0.0361104 0.00499041 -0.0197262
internal_weight=8966.64 3409.87 5556.77 3000.52 2732.06 1575.96 1137.15 2628.65 2928.12 2428.98 2221.48 268.463 438.811 409.348 327.453 265.093 25.2478 1156.09 1009.07 148.17 34.5803 30.7876 138.564 410.754 128.08 499.144 75.1252 424.018 2139.99 277.922 4.43832 1017.53 259.48 110.495 488.658 245.44 88.9824 385.083 104.183 28.0573 366.021 317.503 306.972 10.5307 48.5179 330.457 85.2923 81.0988 62.3594 49.3035 13.0559 26.3127 2073.31 1850.33 1106.23 222.984 159.019 155.664 63.9646 8.33779 151.962 46.6608
internal_count=1953787 1749462 204325 1719331 1693727 1357815 1093285 32397 171928 159365 156968 25604 264530 30131 28682 26026 2499 335912 1045629 3406 1459 1259 11777 260040 47656 12563 436 12127 30067 1665 136 324135 22738 39596 2330 22684 15165 284111 35085 4490 10182 9617 9214 403 565 233143 14808 13144 2656 1758 898 2563 153562 148266 125105 5296 4365 4194 931 212 3807 1637
is_linear=0
shrinkage=0.05


Tree=44
num_leaves=63
num_cat=0
split_feature=10 32 8 26 17 5 17 22 26 27 32 24 8 20 5 27 6 10 10 26 8 5 17 5 2 2 6 26 0 26 8 0 5 20 26 17 11 26 22 12 24 6 2 2 18 20 6 18 5 6 17 17 22 10 14 26 22 27 27 5 32 5
split_gain=315.143 99.9202 48.0874 45.0613 38.1564 35.4023 35.2456 34.3625 34.3391 32.211 30.663 29.0677 27.6598 23.2791 21.863 19.8655 20.1611 20.3129 24.3307 19.4125 19.8723 18.8926 18.4097 17.2645 16.8444 16.4239 15.9159 15.7678 15.323 19.4285 15.4206 15.2981 18.2055 16.6069 31.6228 21.8085 17.6146 17.7242 15.3946 15.2898 15.2137 15.126 15.0009 21.8349 18.3634 14.8217 17.4325 14.801 14.3574 13.7011 17.9652 14.0436 17.5502 17.1444 15.9206 28.8023 21.5459 20.6356 21.9905 20.3741 25.3661 19.9407
threshold=36.500000000000007 0.4296440482139588 1.0000000180025095e-35 80.500000000000014 1.0000000180025095e-35 0.013072453904896976 0.015749008394777778 18.500000000000004 58.500000000000007 1.5000000000000002 0.53028753399848949 17.500000000000004 18.500000000000004 40.500000000000007 0.011561079882085325 3.5000000000000004 12.500000000000002 9.5000000000000018 3.5000000000000004 62.500000000000007 98.500000000000014 0.0063492704648524531 0.016261236742138866 0.016261236742138866 2.5000000000000004 100.00000000000001 1.5000000000000002 32.500000000000007 10.500000000000002 54.500000000000007 90.500000000000014 1.0000000180025095e-35 0.015749008394777778 9.5000000000000018 71.500000000000014 0.013245614245533945 0.013072453904896976 67.500000000000014 60.000000000000007 1.0000000180025095e-35 13.500000000000002 4.5000000000000009 95.500000000000014 18.500000000000004 10.500000000000002 7.5000000000000009 43.500000000000007 60.000000000000007 0.016261236742138866 31.500000000000004 0.013986697886139156 0.015038444194942715 1.0000000180025095e-35 7.5000000000000009 5.5000000000000009 6.5000000000000009 5.5000000000000009 3.5000000000000004 7.5000000000000009 0.015504807699471714 0.56325554847717296 0.013986697886139156
decision_type=2 2 2 2 2 2 2 2 2 2 2 2 2 2 2 2 2 2 2 2 2 2 2 2 2 2 2 2 2 2 2 2 2 2 2 2 2 2 2 2 2 2 2 2 2 2 2 2 2 2 2 2 2 2 2 2 2 2 2 2 2 2
left_child=2 5 23 4 10 6 19 24 13 21 11 -3 -13 -9 25 16 -15 18 -18 20 40 -6 -19 -1 -4 -14 -12 -16 -17 30 41 38 33 34 35 36 -33 -38 -10 -36 -2 -30 43 44 -28 -25 -47 -44 -45 51 -51 52 53 -26 55 -54 57 61 -59 -57 -61 -56
right_child=1 3 7 -5 9 -7 -8 8 31 -11 26 12 14 15 27 28 17 22 -20 -21 -22 -23 -24 45 49 -27 42 -29 29 -31 -32 32 -34 -35 39 -37 37 -39 -40 -41 -42 -43 47 48 -46 46 -48 -49 -50 50 -52 -53 54 -55 56 59 -58 58 -60 60 -62 -63
leaf_value=0.017675552393913416 0.023732379315530881 0.01365303002125999 0.018854191984396827 0.018099826615473626 -0.0093447742063761299 0.005465565708133076 0.013801668622888424 0.0021664400442498355 0.072635782083810704 0.0089574920372297705 0.040136973507465638 0.0030227627576979894 -0.038439599028040443 -0.088469576198643374 -0.035564502687546046 0.024895137697618377 -0.096171781828442049 -0.043391681010396053 0.027116040558222781 -0.014662748806478849 -0.036646245043736807 -0.10337346447696479 0.074012170269828093 0.040573800040983772 -0.11762261375120918 -0.020734011417720976 -0.10443228589176053 0.01178370741833689 -0.098875703115813465 -0.076561236045319225 -0.036380473025662295 -0.099921885084012146 0.036118750460284822 0.014281766671761544 0.037615663497323204 0.048152789086932941 0.0090434087885881993 -0.11940380082089658 -0.1179241617767213 -0.11192644734993872 -0.023044390795161997 0.0039850426001735283 0.035966753347009557 -0.014267684667615367 0.0057155860811160981 -0.14218059274235925 0.052222956193193698 -0.00013626963020721034 0.048834496334571605 0.032294483980633004 0.0074788594501908577 0.011765090333015945 -0.1117367485836631 -0.002640900165446651 -0.072600396035846351 0.027802590160763602 0.0019677266440467833 -0.097592520682246123 0.027038932345742658 0.044880351940550699 -0.11772733338737357 0.01452356599302935
leaf_weight=386.92964004050009 18.701242020004429 74.915301900648046 604.43046612851322 198.88957745081279 11.31733715592418 106.16844831581693 56.028705992328469 1171.9599026960204 1.425040667876601 465.90210000646766 19.681633785250597 123.90853458654601 183.96866195288021 12.881139901583081 23.415112444432452 38.098364615347236 4.6492008954519397 66.250772524508648 28.737946358334739 244.60972022532951 505.41514819537406 10.118129178648813 3.5162711506709448 143.71684209257364 6.0900318282656372 454.71332152769901 3.8442006589611983 70.600013211951591 3.6699326254893085 10.329160895198582 33.659768301295117 5.6832419158890835 81.097558049717918 397.81879892398138 2.0641631702892473 18.136619437718764 26.750896605430174 2.9854175145737818 4.1357481270097187 9.9422881160862726 246.51644289668184 136.83763177937362 30.412856628303416 670.67506600444904 241.24527066480368 2.4411320891231298 2.185635194182395 426.5126160508953 9.1370180081576091 132.5111473944271 162.21335459849797 631.35981808102224 4.1622393517754963 6.932162143988533 8.8158974417019618 115.82490443903953 378.59817384544294 16.368960058200177 4.5157070495188227 4.2269545588642341 5.5439202405977994 25.752307287650183
leaf_count=3060 441 4104 4033 8969 1186 6024 5329 51352 5 22806 915 12794 116565 2702 7638 2332 1594 24615 3267 93910 647150 867 7 414 148 339474 415 9830 644 3053 27754 633 724 20324 21 121 788 261 306 639 138508 15956 3344 158669 26446 66 5 158852 166 2979 2662 6342 170 156 387 1610 9066 674 65 13 173 264
internal_value=0.000240104 -0.00972027 0.00912772 -0.00490232 -0.00652441 -0.0220747 -0.0248041 0.00731591 0.0027248 0.00620024 -0.00918242 -0.0162134 -0.0188254 -0.00117002 -0.0225203 -0.0127171 -0.0294905 -0.0221256 0.00994806 -0.0269347 -0.0308299 -0.0537289 -0.0374745 0.0232356 0.0118052 -0.025834 -0.0045092 -8.68935e-06 -0.00397346 -0.0099348 -0.00598345 0.0134213 0.014264 0.0104391 -0.0128772 0.00356444 -0.0192671 -0.00385222 -0.0690901 -0.086217 -0.019746 0.00129841 -0.00514511 -0.00880675 0.00398793 0.037738 -0.0503464 0.00226674 -0.0134196 0.00897035 0.0186362 0.00661248 0.000972777 -0.0564139 0.00229823 0.0176651 -0.00229566 -0.0314034 -0.0706446 0.0219535 -0.047382 -0.00769558
internal_weight=8899.95 4196.7 4703.25 3019.26 2820.37 1177.44 1071.27 4167.98 2060.63 487.338 2333.03 931.521 856.606 1510.59 732.697 338.63 116.035 103.154 33.3871 1015.24 770.633 21.4355 69.767 535.273 2107.35 638.682 1401.51 94.0151 222.595 184.496 174.167 550.04 544.479 463.381 65.5626 53.5562 35.4196 29.7363 5.56079 12.0065 265.218 140.508 1381.83 924.902 245.089 148.344 4.62677 456.925 679.812 1502.92 294.725 1208.19 576.831 13.0222 563.809 129.758 434.051 55.4529 20.8847 125.596 9.77087 34.5682
internal_count=1953787 1764402 189385 873040 864071 891362 885338 185840 157098 24859 839212 490405 486301 133276 473507 81924 32185 29483 4861 880009 786099 2053 24622 3545 28742 456039 348807 17468 49739 47407 44354 23822 23511 22787 2463 1803 1682 1049 311 660 138949 16600 347892 185696 26861 485 71 162196 158835 24709 5641 19068 12726 304 12422 1966 10456 1390 739 1796 186 651
is_linear=0
shrinkage=0.05


Tree=45
num_leaves=63
num_cat=0
split_feature=10 29 8 10 26 4 26 29 27 24 8 18 20 2 26 29 29 8 8 10 2 0 2 4 0 8 21 18 11 20 31 0 14 14 27 4 17 26 8 13 26 20 12 8 17 14 26 27 26 12 10 31 4 10 12 2 12 26 14 14 30 26
split_gain=290.099 84.2247 63.4832 48.9943 45.6436 40.5531 27.6163 26.6385 26.5805 35.5197 24.0731 23.8769 24.2048 20.886 20.3041 19.7745 24.71 17.9713 17.0844 17.0523 15.9167 25.1766 17.0487 20.084 15.5625 15.2069 32.587 14.9471 18.2921 14.9428 14.6032 16.4395 16.0166 14.8491 14.4778 14.2312 13.6024 13.4871 15.9885 18.9193 14.7001 13.8299 22.5508 13.1215 18.3649 18.2904 22.92 16.3485 20.2733 12.8011 21.0527 13.391 16.6686 13.096 22.4501 21.6964 21.176 18.5994 24.3505 24.1866 18.4676 17.7537
threshold=36.500000000000007 4.0723452568054208 58.500000000000007 2.5000000000000004 54.500000000000007 56.500000000000007 69.500000000000014 18.106333732604984 7.5000000000000009 16.500000000000004 1.0000000180025095e-35 18.500000000000004 10.500000000000002 82.500000000000014 51.500000000000007 6.0553550720214853 6.3167793750762948 24.500000000000004 63.500000000000007 37.500000000000007 6.5000000000000009 7.5000000000000009 69.500000000000014 5.5000000000000009 60.500000000000007 3.5000000000000004 0.013986697886139156 6.5000000000000009 0.0082305916585028189 1.5000000000000002 11.500000000000002 1.5000000000000002 9.5000000000000018 15.500000000000002 5.5000000000000009 3.5000000000000004 0.016001024283468727 21.500000000000004 81.500000000000014 0.012579114176332952 50.500000000000007 22.500000000000004 1.0000000180025095e-35 40.500000000000007 0.014815627597272398 60.000000000000007 56.500000000000007 2.5000000000000004 65.500000000000014 42.500000000000007 27.500000000000004 11.500000000000002 95.500000000000014 26.500000000000004 30.500000000000004 40.500000000000007 1.5000000000000002 33.500000000000007 2.5000000000000004 3.5000000000000004 1.0000000180025095e-35 46.500000000000007
decision_type=2 2 2 2 2 2 2 2 2 2 2 2 2 2 2 2 2 2 2 2 2 2 2 2 2 2 2 2 2 2 2 2 2 2 2 2 2 2 2 2 2 2 2 2 2 2 2 2 2 2 2 2 2 2 2 2 2 2 2 2 2 2
left_child=3 2 20 10 7 6 13 17 24 36 -1 -7 -13 27 -14 18 -17 29 -3 -18 -2 -22 -23 -24 -6 26 -9 28 -4 -5 32 -32 -19 34 -33 -29 -10 41 -39 -40 -41 -12 -43 44 45 46 -26 48 -47 53 51 -51 -53 54 57 -55 -57 60 61 -60 -31 -59
right_child=1 15 5 4 8 11 -8 25 9 -11 37 12 14 -15 -16 16 19 30 -20 -21 21 22 23 -25 43 -27 -28 35 -30 49 31 33 -34 -35 -36 -37 -38 38 39 40 -42 42 -44 -45 -46 47 -48 -49 -50 50 -52 52 -54 55 -56 56 -58 58 59 -61 -62 -63
leaf_value=0.028615934077605289 -0.031199959830495679 0.053372667723759815 0.0308669115494178 0.0156741099415195 0.020643284319554388 -0.0046143656062735136 0.015734672589588071 0.031852969658514925 0.020836474129226321 -0.058066947526199779 0.024396251573834488 0.013989921563801674 -0.029464725001373683 0.0012605506611226116 -0.016884534444200835 -0.089028591386751066 -0.10858156322307909 0.014101644110605122 8.5342002965070162e-05 0.0058080166209365132 0.026697124775498144 0.0026239319544904193 0.040281897360712152 -0.011223602231451026 0.035619065103082555 0.02591687643403125 -0.11416401295383544 0.0044706331138989084 -0.11398514958702173 0.0058964765947905244 0.028401513686663216 -0.039991538228800659 -0.0085531736844616929 0.017264971701955914 -0.11265283955250954 -0.028824278776643054 -0.1242004586939341 0.010996353051998727 -0.092244564163913689 -0.051613583792019538 0.026841462151253659 0.046019370540254956 -0.11299336087809662 0.01958196530541825 0.021265488445618319 -0.0089083721014747222 -0.10627441971476069 0.0042202867439592069 -0.10663693074191108 0.019523390478369769 -0.025579778235765595 -0.12276471448384572 0.07617712292774094 0.022843494878128853 -0.03822734598062924 0.056658916141485716 -0.093429479101130988 -0.076548169889977841 0.036202965158223278 -0.0090843139663832392 -0.10436407850372863 -0.0098988067294373764
leaf_weight=326.81527038174681 50.489347028546035 39.916859124321491 22.346916076960046 200.60832808748819 657.26992523838999 180.04053855163511 113.49127542844508 9.7560933949425834 38.184730160981417 28.949289346695878 267.6848841260653 40.906571621657349 909.30972054126323 185.41170954881818 495.52029500622302 7.0455379193881518 3.2762923692353061 93.48514264007099 24.136700542876497 583.52721300208941 69.385825553908944 499.27276247786358 19.515129351988435 628.11481045407709 3.9810305377468458 148.4058955819346 6.2809631677810094 37.611681017675437 2.4150258074514559 496.12089472124353 9.2078137500211579 26.515749648679048 471.51770614946145 7.8245143485255531 9.2459487426094693 218.78109706542455 1.6880537276156236 684.0799892465584 7.8753905353951259 9.7266840506345051 15.461487331427632 4.1819310311693698 4.776125163654795 128.464356839424 62.297503921436146 15.462996956659483 9.9816342173144204 92.512575491797179 8.0793713806197029 199.70201560074929 32.926611989503726 3.5150624932721257 1.5031536817550648 97.126933446386829 43.534367866814137 3.3072995063848785 8.1202556411735696 21.914730028365739 32.168678167508915 353.05090327118523 3.82690623064991 18.364717225311324
leaf_count=1327 3018 661 544 2008 14053 53387 6942 87 537 3702 1772 10721 1015336 56391 296338 1281 240 2646 3477 31002 2584 43101 208 149467 73 1439 122 3529 223 10313 81 875 93146 191 471 87066 53 8323 1920 613 361 29 988 12293 614 744 481 3603 604 6769 2611 167 2 2556 2195 22 929 453 216 10002 92 211
internal_value=0.000145697 -0.00950475 -0.0126125 0.00868954 0.00547004 -0.0177356 -0.00638572 0.00152786 0.0141237 -0.0159109 0.0168441 -0.0217851 -0.0239234 -0.0117665 -0.0250274 0.00689869 0.00405176 3.3344e-05 0.0332929 0.00516935 -0.00369158 -0.00254968 -0.00431906 -0.00967158 0.0162371 0.0209186 -0.025335 -0.0203573 0.0167395 0.00296294 -0.00715455 -0.0323026 -0.00480472 -0.0451266 -0.0587776 -0.0239401 0.0146962 0.0129728 0.00935503 -0.0246036 -0.0034548 0.0223511 -0.0387607 0.007209 -0.001056 -0.0117513 -0.0658178 -0.00524648 -0.0424473 0.00102408 0.011528 0.0174963 -0.0631738 -0.00129252 -0.0031375 0.0151761 -0.0499917 -0.00148682 -0.00917028 -0.00530249 0.00505247 -0.0461605
internal_weight=8796.02 4130.52 3472.61 4665.5 3344.9 2205.83 580.058 2298.03 1046.87 68.8221 1320.6 1625.78 1445.74 466.566 1404.83 657.903 593.849 2133.59 64.0536 586.804 1266.78 1216.29 1146.9 647.63 978.049 164.443 16.0371 281.155 24.7619 1515.79 617.797 52.794 565.003 43.5862 35.7617 256.393 39.8728 993.786 717.144 33.0636 25.1882 276.643 8.95806 320.779 192.315 130.018 13.9627 116.055 23.5424 1315.18 237.647 204.72 5.01822 1077.54 968.981 108.554 11.4276 925.447 425.499 385.22 499.948 40.2794
internal_count=1955210 1765516 1728855 189694 174361 1530477 154695 137604 36757 4292 15333 1375782 1322395 147753 1311674 36661 32523 135956 4138 31242 198378 195360 192776 149675 32465 1648 209 91362 767 38546 97410 1618 95792 1537 1346 90595 590 14006 11217 2894 974 2789 1017 18412 6119 5505 554 4951 1348 36538 9549 6938 169 26989 23482 3507 951 21287 10882 10218 10405 664
is_linear=0
shrinkage=0.05


Tree=46
num_leaves=63
num_cat=0
split_feature=10 32 26 22 18 26 4 29 22 12 29 21 6 26 4 24 32 9 6 9 9 9 9 18 29 14 4 21 26 26 29 10 14 21 29 32 26 4 12 4 4 29 18 9 6 6 29 12 9 32 27 18 21 27 10 26 6 12 3 10 26 12
split_gain=278.741 110.737 50.5321 48.492 39.2845 36.2418 28.2925 35.8388 28.1731 27.2416 27.4401 27.023 24.3514 23.9414 29.4119 23.5785 21.6439 20.1291 29.254 24.1534 18.5841 18.1858 19.5072 17.4392 16.8021 20.3439 18.4019 21.1878 16.6546 16.1196 25.7417 16.0233 15.8488 15.3862 15.0594 14.564 18.6442 24.4937 20.6535 16.8292 19.8002 15.6679 21.3958 14.4629 14.3401 21.0829 18.0135 13.9812 24.1281 17.671 15.5504 14.2892 13.5077 19.4656 17.4347 15.8034 13.4408 17.3571 13.2554 13.227 15.2528 13.1063
threshold=36.500000000000007 0.41831213235855108 48.500000000000007 15.500000000000002 60.000000000000007 59.500000000000007 52.500000000000007 7.0843327045440683 7.5000000000000009 5.5000000000000009 13.608949661254885 0.015749008394777778 73.500000000000014 74.500000000000014 55.500000000000007 16.500000000000004 0.57187330722808849 0.0079052620567381399 25.500000000000004 0.015268065501004459 0.0062696540262550124 0.010050504934042694 0.0064309346489608296 1.0000000180025095e-35 17.201234817504886 2.5000000000000004 8.5000000000000018 0.010811126790940763 80.500000000000014 57.500000000000007 18.706548690795902 11.500000000000002 7.5000000000000009 0.015749008394777778 11.891654014587404 0.63576439023017894 70.500000000000014 28.500000000000004 40.500000000000007 25.500000000000004 90.500000000000014 7.3681252002716073 12.500000000000002 0.0070176301524043092 77.500000000000014 61.500000000000007 16.226455688476566 20.500000000000004 0.016001024283468727 0.61810141801834118 6.5000000000000009 7.5000000000000009 0.013072453904896976 4.5000000000000009 3.5000000000000004 58.500000000000007 64.500000000000014 7.5000000000000009 0.014389234129339458 84.500000000000014 87.500000000000014 17.500000000000004
decision_type=2 2 2 2 2 2 2 2 2 2 2 2 2 2 2 2 2 2 2 2 2 2 2 2 2 2 2 2 2 2 2 2 2 2 2 2 2 2 2 2 2 2 2 2 2 2 2 2 2 2 2 2 2 2 2 2 2 2 2 2 2 2
left_child=3 6 4 11 -3 9 -2 8 32 29 34 13 -9 24 -15 -6 -17 33 19 -19 -10 22 -13 -23 44 26 -26 -28 -20 30 -5 -31 -8 35 47 39 37 -37 -38 -4 -41 -42 -43 -39 45 46 -1 50 49 52 56 -51 54 55 -49 -54 -11 -58 -35 60 -44 -52
right_child=1 2 17 5 15 -7 7 12 20 10 -12 21 -14 14 -16 16 -18 18 28 -21 -22 23 -24 -25 25 -27 27 -29 -30 31 -32 -33 -34 58 -36 36 38 43 -40 40 41 42 59 -45 -46 -47 -48 48 -50 51 61 -53 53 -55 -56 -57 57 -59 -60 -61 -62 -63
leaf_value=0.0053143945167207288 -0.0030218861374019758 0.0056863047422744386 0.0098467718468708779 0.011746749946456397 0.017165220491490552 0.014242221158578178 -0.017051617604389363 -0.099970694316461328 -0.039642629025387267 -0.016046301383578921 0.024790338225762605 0.015945222224057812 0.0045892731854604817 0.04214454215882351 -0.10848990742347681 -0.0220454167387861 -0.0078047156660645354 -0.013979329459627815 0.0075724537082955462 -0.12162921973073804 -0.022746706591466808 0.035598028268865906 -0.068772536029518008 0.018264069574866607 -0.080046728002643966 0.027389079191949606 -0.11812655680390086 0.022285980891598219 0.030284458668356329 -0.13194128562949264 -0.11019115711325159 0.017296416473192328 0.036012974773201638 0.046331562407325305 -0.11032815535892891 -0.062821470504200935 -0.10485289374054663 0.020039533051399244 0.042107335807626524 -0.029086050381731812 -0.011469286250212212 -0.11255763153908996 -0.098269151787767836 -0.056563607590598766 0.026141929228118817 -0.0821484809809363 -0.10072632906657777 -0.076233072627085383 0.02313706871584411 0.04574628470617921 0.0074413448831905545 0.00097713121551276346 -0.082065399226016827 -0.010249625764870663 -0.005692443435182582 0.046210032703320233 0.010024169865480624 -0.096204189449991998 -0.12165325081230521 0.020784614847029287 0.064437500185878391 -0.049511517265136973
leaf_weight=1090.1427429715986 144.73180744244019 278.06764005945297 112.06843860691879 502.82383722014492 53.790900394611526 592.85790460975841 39.88873574353056 5.8693198333494356 453.60919092324912 299.46923952974612 77.468391695525497 16.825508697424088 108.61856989364605 79.006083183689043 3.3791212018113574 712.29007000583806 426.62651271175127 71.903709800448269 607.74403512990102 5.6177360804285845 253.81439212750411 193.39376474078745 11.398048911709337 581.07928407308646 8.1612770396750403 186.70555140287615 3.0402157511562136 23.102881384082139 93.078642669366673 3.9708926314488053 4.3657055974472305 3.2877856884151688 21.740015415183734 21.147920900257308 3.4444730998948208 14.727064733160658 2.5192509931512168 46.758568518096581 46.8681899625808 123.22148074914003 342.59311268344754 3.3751728904899201 4.9342037786263964 7.0969179484527549 81.221292462432757 6.996288987575098 4.019686641637235 9.0701941516308562 88.242610692279413 18.961177062708884 113.00213498069206 297.01053239312023 22.203163683414463 34.691262804553844 255.65571799021563 2.6921911737881592 5.7325154938735094 11.68077220051782 1.2433857689611603 88.181882314151153 2.0342167317867279 11.093232650426215
leaf_count=18303 28838 18534 9716 11198 2957 22798 9735 830 638567 15814 1291 182 9721 521 224 494472 129646 4402 46958 394 139829 580 289 3293 106 1231 78 153 1723 224 150 122 4499 623 272 3028 338 11479 2061 45090 156080 363 514 1403 1502 408 142 3250 1346 312 5388 22016 2466 2911 69171 31 346 2463 132 3574 10 1113
internal_value=0.00019718 -0.00931482 -0.00455261 0.00857902 -0.0112376 0.00354653 -0.0235138 -0.0268706 -0.030756 -4.63877e-05 -0.00403089 0.0137638 -0.000771083 0.00977021 0.0359661 -0.0151832 -0.016711 0.00161125 0.007365 -0.0217804 -0.0335806 0.0211558 -0.0182679 0.0225925 0.00823239 0.0208866 -0.0145038 0.00595722 0.0105889 0.00963834 0.0106972 -0.0643447 0.00166733 -0.0038718 -0.00593441 -0.00502396 0.0111873 -0.0056805 0.0346109 -0.0078513 -0.0113658 -0.0064159 0.0111557 0.009945 0.00586707 0.0043716 0.00492483 -0.00562695 -0.00137364 -0.00475166 -0.0126537 0.00366369 -0.0129506 -0.0344587 -0.00810935 -0.0681937 -0.0185294 -0.0612334 0.0370034 0.0155441 -0.0507719 0.00235017
internal_weight=8740.36 4094.16 3065.89 4646.2 1470.78 2357.72 1028.27 883.54 769.052 1764.87 1250.42 2288.47 114.488 1485.78 82.3852 1192.71 1138.92 1595.11 778.344 77.5214 707.424 802.697 28.2236 774.473 1403.39 221.01 34.3044 26.1431 700.823 514.448 507.19 7.25868 61.6288 816.77 1172.95 794.378 117.97 68.5826 49.3874 676.409 564.34 441.119 98.5255 53.8555 1182.38 1101.16 1094.16 1169.5 728.527 640.284 440.978 315.972 324.313 59.5866 264.726 24.8954 316.883 17.4133 22.3913 95.1503 6.96842 124.095
internal_count=1955210 1765516 933497 189694 645609 162682 832019 803181 792630 139884 128190 27012 10551 22668 745 627075 624118 287888 53477 4796 778396 4344 471 3873 21923 1568 337 231 48681 11694 11348 346 14234 234411 126899 233656 18309 15910 2399 215347 205631 160541 4461 12882 20355 18853 18445 126627 101503 100157 25124 22328 77829 5408 72421 2497 18623 2809 755 4098 524 6501
is_linear=0
shrinkage=0.05


Tree=47
num_leaves=63
num_cat=0
split_feature=10 32 26 10 26 18 24 22 4 22 16 32 32 26 20 0 32 32 12 8 4 8 16 8 26 16 24 4 8 32 10 4 14 26 26 4 21 22 8 27 16 6 20 22 26 10 22 3 6 32 8 27 3 8 32 0 3 6 4 7 4 26
split_gain=257.664 105.047 50.8297 45.0663 35.333 34.627 33.8289 25.6806 25.3437 26.3347 22.68 21.7522 20.1333 20.1797 19.6433 18.9458 27.3416 18.6626 17.8116 16.9226 19.6736 16.6985 16.4361 15.8628 18.4574 15.2566 14.6487 13.7872 13.2503 13.1202 13.1019 14.4254 14.3976 12.9757 12.937 21.8991 16.9895 14.0381 12.7806 12.7568 13.2973 12.5742 22.696 19.7659 18.2457 17.7914 18.6908 16.7188 18.7739 16.7105 13.2473 13.2157 12.9878 12.5566 20.3109 14.577 16.2358 16.0826 14.8715 14.3642 14.118 13.8902
threshold=36.500000000000007 0.41831213235855108 48.500000000000007 2.5000000000000004 67.500000000000014 60.000000000000007 17.500000000000004 1.0000000180025095e-35 52.500000000000007 12.500000000000002 2.5000000000000004 0.57187330722808849 0.68079262971878063 80.500000000000014 30.500000000000004 12.500000000000002 0.58553785085678112 0.5785638988018037 45.500000000000007 38.500000000000007 59.500000000000007 15.500000000000002 17.500000000000004 98.500000000000014 61.500000000000007 8.5000000000000018 1.5000000000000002 21.500000000000004 96.500000000000014 0.2168710678815842 40.500000000000007 16.500000000000004 15.500000000000002 76.500000000000014 34.500000000000007 74.500000000000014 0.011561079882085325 8.5000000000000018 1.0000000180025095e-35 6.5000000000000009 1.5000000000000002 77.500000000000014 93.500000000000014 18.500000000000004 53.500000000000007 7.5000000000000009 13.500000000000002 0.014599318150430919 96.500000000000014 0.55539536476135265 58.500000000000007 7.5000000000000009 0.011696306522935631 10.500000000000002 0.64844030141830455 3.5000000000000004 0.0077822189778089532 22.500000000000004 58.500000000000007 0.0082305916585028189 100.00000000000001 55.500000000000007
decision_type=2 2 2 2 2 2 2 2 2 2 2 2 2 2 2 2 2 2 2 2 2 2 2 2 2 2 2 2 2 2 2 2 2 2 2 2 2 2 2 2 2 2 2 2 2 2 2 2 2 2 2 2 2 2 2 2 2 2 2 2 2 2
left_child=3 8 5 7 6 15 -5 -1 33 29 -8 22 13 53 -15 -3 17 34 19 -14 -21 26 27 -11 25 -25 -18 -7 -22 -10 32 -32 -23 -2 -17 36 37 -36 -13 -6 -41 42 -12 44 -43 50 -47 48 51 -49 -44 -45 -48 54 55 -4 58 -58 59 -57 -60 -56
right_child=1 2 12 4 39 11 10 -9 9 23 41 38 18 14 -16 16 21 -19 -20 20 28 30 -24 24 -26 -27 -28 -29 -30 -31 31 -33 -34 -35 35 -37 -38 -39 -40 40 -42 43 45 47 -46 46 52 49 -50 -51 -52 -53 -54 -55 61 56 57 -59 60 -61 -62 -63
leaf_value=0.031325488587684767 -0.010259385011560956 0.033430233783771968 -0.12895903040163476 0.01424155248091612 0.021163789575880859 -0.11204539126172589 0.013117324427456549 0.012897921308104777 -0.043912673226815455 -0.019558943436190832 -0.0017895390072017892 -0.11552677712122308 0.01289817004143232 0.037675200021071914 0.0039225698216228157 0.015414116061633315 0.037287391405450551 0.053930504670324092 0.031154109220243489 -0.081290610544195452 -0.084361745241598646 -0.094087334630513136 -0.021590621737333567 0.007569546122685105 -0.018548230355187406 -0.042568052938110966 -0.10854992831203983 0.030906479548543239 0.076332973371521964 0.0059626495441967749 -0.10686084768856206 -0.018392408943084824 0.056717767070563474 0.030087636408030277 0.048011534623911001 -0.047138018995876989 -0.10348765583035496 -0.047802941938922316 -0.0055384465534635196 -0.12361496223282108 0.0010120982674535603 0.035235323315475624 0.023900762338296189 0.026953914857302298 -0.11504751843922262 -0.10982097305089718 -0.045034537698234012 -0.12342146436131324 -0.01082173266706267 0.042480498863762359 -0.08020496779651673 -0.085797021714174873 0.0001253178814053352 -0.0044783728480384784 -0.0012739591174652245 0.045958429029438086 -0.057070948479355746 0.035355853985947795 -0.11372526273887809 -0.11199735212792589 -0.012777115387265918 -0.12205640155394791
leaf_weight=229.52924815576989 121.1374242855527 47.635491888853721 1.7235165308229614 550.46180552407168 404.00444529857486 1.8232687916606689 306.54432113922667 1072.4342818227306 15.666414386854738 268.89712766191224 1549.1263306944165 2.6569741724524638 52.003210888244212 63.018145019421354 136.42393343872391 87.038874951133039 2.1013168012723318 21.032606233842671 102.8459851120133 11.779997280798854 1.8195455810055134 1.9001576234586526 705.50263660177006 15.859643117844824 131.31415451722569 350.4247633095074 9.5356827501673234 22.517809308308642 4.3488115947693577 83.279206372826593 5.1980971563607374 40.574624452739961 9.4734449239913356 23.850722768111154 19.644832343095921 27.427656997053418 2.6698288284242144 4.7464887328678733 444.45651196799008 2.2235646494664243 57.169278234359808 68.302980318316258 22.653532951371748 55.278162069094833 2.0812158660264677 8.067826970946042 46.228153696167283 1.5944281411357213 191.21222697084886 31.598636852228083 3.5322057079174547 2.7271104571409515 24.28461367537966 1069.9236433781625 4.9111901093274337 16.247047963552181 4.9839015451725563 84.56905695120804 3.9172764848917714 1.579189286334439 29.900437341304496 4.6191788199357688
leaf_count=803 28173 821 99 8257 9216 158 3238 14530 13932 140549 67498 260 1351 782 8723 5944 13 404 6188 1587 266 173 492938 6812 72083 556974 585 3301 336 12831 456 3808 175 665 259 5137 167 592 130418 93 2604 1117 914 4713 216 848 15732 341 53523 934 1587 775 2755 262880 178 205 307 1399 445 141 2647 354
internal_value=0.000196049 -0.00899609 -0.00436791 0.00826013 0.00517399 -0.0111225 0.00310126 0.0161466 -0.0229689 -0.02621 0.000450294 -0.0148766 0.00179922 -0.000159387 0.0145875 0.00471556 -0.00119702 0.00998417 0.017915 -0.00154963 -0.0434104 -0.0276223 -0.0201969 -0.0293437 -0.0346313 -0.0403972 -0.0822158 0.0201987 0.0289312 -0.00193429 -0.0165051 -0.0284392 0.0315232 -0.00362225 0.00345325 -0.0156527 0.016259 0.0293663 -0.00619205 0.017983 -0.00365372 -0.00148474 -0.00331274 0.0070849 0.0307916 -0.0258356 -0.0377299 0.00117657 -0.00326326 0.0345114 0.00985789 0.0216529 -0.0294815 -0.00256548 0.0108595 0.0155723 0.0173365 0.030212 -0.00499015 0.0319655 -0.0244704 -0.0598148
internal_weight=8690.03 4060.98 3050.55 4629.05 3327.09 1455.94 2863.69 1301.96 1010.43 865.441 2313.23 1176.96 1594.61 1421.82 199.442 278.979 231.344 162.56 172.798 69.9516 17.9484 68.7833 729.844 766.496 497.599 366.284 11.637 24.3411 6.16836 98.9456 57.1463 45.7727 11.3736 144.988 141.528 54.4888 27.0611 24.3913 447.113 463.397 59.3928 2006.69 1653.89 352.795 70.3842 104.766 78.5806 282.411 249.217 33.1931 26.1857 58.0053 70.5128 1222.37 152.451 142.92 141.197 89.553 51.644 17.8262 33.8177 9.53037
internal_count=1955210 1765516 933497 189694 174361 645609 162448 15333 832019 803181 154191 627075 287888 278160 9505 18534 17713 12503 9728 3540 2189 5210 496397 776418 635869 563786 598 3459 602 26763 4612 4264 348 28838 12099 6155 1018 851 130678 11913 2697 150953 89334 61619 1333 21836 19335 60286 59011 1275 2501 5488 18487 268655 5775 5243 5144 1706 3438 346 3092 532
is_linear=0
shrinkage=0.05


Tree=48
num_leaves=63
num_cat=0
split_feature=8 32 29 17 32 20 18 29 4 23 26 26 8 32 26 27 11 2 4 26 11 32 2 6 14 26 23 26 32 11 4 2 20 26 26 8 26 14 32 27 32 32 32 11 0 26 6 32 32 23 20 4 13 14 14 6 20 4 11 23 4 0
split_gain=242.229 110.532 72.4136 52.6797 39.9471 38.4891 27.6787 27.2546 32.3734 24.6957 24.5803 23.437 21.2107 24.0865 20.8732 30.8353 20.0373 18.1795 32.0752 17.0421 19.327 18.5969 17.2063 17.01 16.8019 16.3323 15.9029 25.9213 15.1029 23.4995 17.5828 17.0118 19.6259 14.9697 14.6513 19.6899 27.3182 26.9956 22.4374 14.5537 14.378 17.3117 14.9491 14.1596 14.0303 20.0302 16.1437 16.1581 14.1658 13.9926 13.3499 14.697 14.2334 13.6429 22.7127 13.2563 12.4133 20.0921 14.4006 16.093 12.5314 24.6147
threshold=27.500000000000004 0.4296440482139588 5.3095490932464608 0.014185110572725536 0.63576439023017894 1.0000000180025095e-35 60.000000000000007 7.0843327045440683 34.500000000000007 0.014389234129339458 73.500000000000014 79.500000000000014 30.500000000000004 0.80978047847747814 63.500000000000007 5.5000000000000009 0.0093898782506585139 100.00000000000001 19.500000000000004 26.500000000000004 0.013986697886139156 0.50639027357101452 1.0000000180025095e-35 73.500000000000014 12.500000000000002 87.500000000000014 0.014185110572725536 59.500000000000007 0.56325554847717296 0.0088107436895370501 40.500000000000007 42.500000000000007 100.00000000000001 37.500000000000007 26.500000000000004 21.500000000000004 47.500000000000007 2.5000000000000004 0.80978047847747814 6.5000000000000009 0.5785638988018037 0.62822863459587108 0.56120419502258312 0.0088890646584332007 64.500000000000014 70.500000000000014 4.5000000000000009 0.63576439023017894 0.66815695166587841 1.0000000180025095e-35 30.500000000000004 15.500000000000002 0.0098524559289217013 4.5000000000000009 1.0000000180025095e-35 94.500000000000014 1.5000000000000002 39.500000000000007 0.012903762981295587 0.015504807699471714 3.5000000000000004 22.500000000000004
decision_type=2 2 2 2 2 2 2 2 2 2 2 2 2 2 2 2 2 2 2 2 2 2 2 2 2 2 2 2 2 2 2 2 2 2 2 2 2 2 2 2 2 2 2 2 2 2 2 2 2 2 2 2 2 2 2 2 2 2 2 2 2 2
left_child=3 7 4 5 6 16 19 8 -2 -10 34 17 33 -14 26 -16 -1 56 -19 -3 40 -22 -23 25 -11 -9 -7 -28 31 -30 44 32 -17 -6 -5 -36 38 -38 -37 -13 42 -42 -21 -20 45 -31 -47 -48 -46 -15 51 52 -4 54 -53 -25 57 -8 59 60 61 -58
right_child=1 2 50 10 12 14 11 23 9 24 -12 39 13 49 15 28 -18 18 43 20 21 22 -24 55 -26 -27 27 -29 29 30 -32 -33 -34 -35 35 36 37 -39 -40 -41 41 -43 -44 -45 48 46 47 -49 -50 -51 -52 53 -54 -55 -56 -57 58 -59 -60 -61 -62 -63
leaf_value=-0.1295667455714597 -0.0025349095162604967 0.021602732753554506 -0.10950052594453866 0.022231381779257667 -0.081244633391354848 -0.0014441214950982344 -0.11961541616476699 -0.096402354049349659 -0.032092883729080965 -0.017179280676066135 0.040757613836389095 0.013658517519492123 0.0067464874558592338 -0.01480682467917714 0.018055123662998249 -0.10464606121751788 0.0243071154040784 0.023475410236626325 -0.015799831877568293 -0.0052512376041705085 0.021538604191224352 0.051100444243403348 -0.11672025103923411 0.059950142417203305 0.036114760763867132 0.05537872222155539 0.01294340602097329 -0.11338477957695781 0.032205208506794709 -0.11055569579669865 -0.11098190418874675 -0.084095428725245766 0.054373686453878425 -0.012530715343843597 0.012714501763546807 -0.11277157287382303 -0.10913512401733486 0.021604485163718334 0.015376380737816112 -0.054910145305799823 0.021984519336460659 -0.097028457108178173 -0.065831040303298768 0.0036228292853981666 -0.12771509570042872 0.0633782237642877 0.021191037509426393 -0.1197595949808255 0.048197729412304609 -0.099723718682211582 0.006516217132497829 0.035773594496529303 0.0051051737524457127 0.033667898928063093 -0.1076022092579845 -0.00028382330066073123 -0.063735590623755653 -0.0018094680946298702 -0.0030008946556426531 0.058429281971245417 -0.025130675353925117 0.029807274806764678
leaf_weight=2.1336938836611798 132.09740184113616 88.146242202317808 2.8731743644457302 416.60644530551508 11.480926608433945 1758.1714684054023 7.9870677185244858 7.9149875638540816 709.64410745844361 48.445440277282614 93.207735402742401 104.28914964897558 642.16778042307124 12.170620978577064 387.34757260978222 2.8367155778687447 250.52247596997768 66.583324217004701 607.59146542692906 102.10578124539461 5.3615460088476565 1.8053570971824235 9.9180533390026504 10.006168603431432 21.287589538376778 2.2837525908835232 287.6655131339794 4.1187996125081545 27.999397334875539 6.6488622478209463 5.4942520570475599 13.968396951211616 6.1400788649916649 25.599560376722366 1010.3047562445863 11.057816642103719 4.5115040314849457 31.632918497081846 4.9425248377956441 8.3588276698719692 71.826721584890038 3.1913201906718305 11.311758661875499 110.97646210185485 1.2838979307562137 5.307470439001917 4.0992950203362835 4.0343210184946656 10.534343404229729 8.0665433385875058 402.4349729976384 6.7294514705426991 47.46126875304617 146.97793727391399 4.6854127482511085 104.84696108778007 9.5483022117987257 6.6185580861056206 110.14255327632418 6.0700239590369156 589.890284527326 26.691446742741391
leaf_count=173 18167 4210 212 2953 1219 107585 769 1180 850421 13014 630 6758 80153 1064 10460 273 1831 5066 446001 12195 130 9 711 238 3942 22 3958 199 857 356 510 2407 80 1719 9525 569 140 437 68 1722 3878 457 1507 43256 125 34 70 156 78 456 17916 54 985 2681 162 10041 1454 777 12493 135 264921 1641
internal_value=0.000223953 -0.0081984 -0.00367519 0.00853987 -0.00725583 0.0044009 -0.0109355 -0.0224203 -0.0254235 -0.0293029 0.0158537 -0.013446 0.00299391 0.00505392 0.00253956 0.0119755 0.0230076 -0.0150543 -0.00972389 0.0032107 -0.0046775 -0.0555988 -0.0908766 -0.000531291 -0.000910065 -0.0624148 0.000349934 0.0111602 -0.0146798 -0.00243494 -0.0283665 -0.0495821 0.00412259 -0.033806 0.0142843 0.0111681 -0.0187931 0.00528572 -0.0731865 0.00857051 -6.06015e-05 0.0169216 -0.0112932 -0.0128002 -0.014141 -0.0395706 -0.00445666 -0.0487213 0.0290871 -0.0486547 0.0118382 0.0220992 -0.00143671 0.0295785 -0.0230773 0.00496385 -0.0205833 -0.0662315 -0.0196852 -0.022592 -0.0233774 0.00516098
internal_weight=8646.16 4295.59 3259.06 4350.57 2647.9 2778.31 1948.41 1036.53 911.475 779.377 1572.26 1654.75 699.485 662.405 2525.65 475.695 252.656 1542.1 785.151 293.667 205.521 17.085 11.7234 125.052 69.733 10.1987 2049.96 291.784 88.347 65.4018 37.4024 22.9452 8.97679 37.0805 1479.06 1062.45 52.1448 36.1444 16.0003 112.648 188.436 75.018 113.418 718.568 31.9082 20.0899 13.4411 8.13362 11.8182 20.2372 611.162 208.727 50.3344 158.393 11.4149 114.853 756.948 14.6056 742.343 632.2 626.13 36.2397
internal_count=1955210 1811736 914711 143474 892701 129152 808090 897025 885544 867377 14322 784993 84611 81673 127148 15406 2004 776513 494323 23097 18887 850 720 11481 16956 1202 111742 4157 4946 2186 1329 2760 353 2938 13692 10739 1214 577 637 8480 18037 4335 13702 489257 819 616 260 226 203 1520 22010 4094 1197 2897 216 10279 282190 1546 280644 268151 268016 3095
is_linear=0
shrinkage=0.05


Tree=49
num_leaves=63
num_cat=0
split_feature=31 8 32 32 26 19 26 28 22 6 4 26 11 32 8 6 26 16 21 6 8 19 6 11 16 11 32 8 24 32 11 6 7 22 4 26 32 26 0 22 9 13 19 32 26 11 20 31 22 32 32 12 28 8 20 12 11 20 0 24 4 4
split_gain=234.011 75.5888 54.9728 37.9873 32.8554 28.4618 28.4165 28.9036 25.2043 23.6978 21.6432 21.1641 24.8112 23.2545 17.3341 17.2623 15.6269 20.2425 23.1692 17.2464 15.1553 15.0211 16.4966 20.8724 20.518 16.0378 14.5124 16.5297 15.1249 22.8534 14.1446 13.9194 13.8047 13.5201 15.8074 15.7053 14.1155 13.953 14.123 13.5954 29.3978 17.6969 13.6227 13.191 12.9683 15.9683 21.64 12.8504 12.8181 12.8079 16.7265 14.9162 13.1911 12.6635 15.0729 30.4865 17.3727 18.2024 12.6552 16.1999 12.3768 14.1176
threshold=3.5000000000000004 7.5000000000000009 0.37785708904266363 0.66278219223022472 74.500000000000014 0.016261236742138866 64.500000000000014 2.5000000000000004 12.500000000000002 7.5000000000000009 32.500000000000007 75.500000000000014 0.014599318150430919 0.4268972128629685 9.5000000000000018 40.500000000000007 48.500000000000007 2.5000000000000004 0.0089687905274331587 84.500000000000014 3.5000000000000004 1.0000000180025095e-35 25.500000000000004 0.012739370577037336 17.500000000000004 0.0093898782506585139 0.62822863459587108 96.500000000000014 17.500000000000004 0.43386816978454595 0.0094788861460983771 21.500000000000004 0.0073801742400974044 12.500000000000002 2.5000000000000004 71.500000000000014 0.54241874814033519 41.500000000000007 1.0000000180025095e-35 60.000000000000007 0.015749008394777778 0.014389234129339458 0.012579114176332952 0.24125419557094577 38.500000000000007 0.013072453904896976 3.5000000000000004 2.5000000000000004 18.500000000000004 0.55157047510147106 0.5405327081680299 18.500000000000004 6.5000000000000009 1.0000000180025095e-35 23.500000000000004 100.00000000000001 0.011696306522935631 21.500000000000004 6.5000000000000009 6.5000000000000009 1.0000000180025095e-35 3.5000000000000004
decision_type=2 2 2 2 2 2 2 2 2 2 2 2 2 2 2 2 2 2 2 2 2 2 2 2 2 2 2 2 2 2 2 2 2 2 2 2 2 2 2 2 2 2 2 2 2 2 2 2 2 2 2 2 2 2 2 2 2 2 2 2 2 2
left_child=2 4 10 9 5 33 7 8 -4 -3 43 13 14 15 -13 -11 17 18 -5 32 -12 22 23 48 -24 -26 27 -9 29 -29 -20 -25 -19 -2 53 37 -37 -36 -39 40 41 -40 -41 -1 45 -27 -47 -22 -15 50 51 -46 -53 -35 56 -56 57 -55 59 -51 -45 -62
right_child=1 3 6 16 -6 -7 -8 26 -10 11 20 12 -14 21 -16 -17 -18 19 30 -21 47 -23 24 31 25 44 -28 28 -30 -31 -32 -33 -34 34 35 36 -38 38 39 42 -42 -43 -44 60 49 46 -48 -49 -50 58 -52 52 -54 54 55 -57 -58 -59 -60 -61 61 -63
leaf_value=0.020034696865720746 0.013162994458379266 0.010185174964924014 0.04573675685464984 -0.11154313434651691 0.03618653650297058 0.026896905453195119 0.0017153688758582307 0.0015139707262466083 -0.025070792479483728 -0.078763110113474546 0.019745199666589077 -0.12501723384586419 -0.11712043770417957 -0.095262970285666881 0.013972509297656036 -0.020515574106083338 0.012489601047319353 -0.074070976147241258 -0.11264973807827838 0.029024805919061814 -0.033470792351916981 0.0020944056901508459 0.016742183998904196 0.0012450623773175903 -0.013618468616981714 -0.028062314978512311 0.021867005427197782 -0.097448310406791791 -0.017553253956789611 0.02664929749325641 0.0235305031185024 -0.059191176800484163 -0.0020491456315623055 0.030036782594138257 -0.0053050569777425048 0.014447670268188995 -0.11872156010149558 -0.13155380426423371 0.023522317569754637 0.0074717614584265124 -0.11556453711317534 -0.10228838701367038 0.03414417148788354 0.037727981602636046 -0.083067036711711492 -0.12603945921106108 0.013450894205173654 -0.0073876346267091209 -0.03054525562385212 0.058421973376287753 -0.084066221316421816 0.0090871235186149747 -0.080518699798266397 -0.12243544258767224 -0.13012023081644958 0.044757796241889386 0.014019217861077708 0.062066283327500672 0.015944668106542416 -0.10078925831771229 -0.13601759935705687 -0.0233513690856577
leaf_weight=37.220209164428525 934.80447104584891 296.37402695592027 12.948552918969652 3.3282531667500725 135.63497430633288 244.9811231669737 467.31820986157982 257.64328074624063 427.29490028665168 14.239082328218499 15.162703508394769 2.26818375987932 3.7624218232231206 8.239768067840485 203.98032736917958 119.2191524747177 704.16941895813216 6.7169249411672345 1.9312127782031883 45.497389372438192 486.80643170408439 514.57330060913227 95.182825746946037 98.069968139287084 502.10550316859735 75.61642542964546 41.722900560940616 4.1210673634777768 389.05520985933254 37.185024206875823 150.79789323406294 10.552299215458332 702.68689454498235 93.405366488499567 355.08076622406952 3.2528056129813177 5.1251890189014375 1.7924132933840144 18.238372728461407 294.31716639001388 6.7171646570786825 3.3010350493714204 57.170762290945277 7.4816718078218392 5.4386763226939356 2.9244325715117148 56.458973031258211 52.293839328543982 107.06929511867929 2.3306315997615457 7.0803536220919332 61.387269435042981 4.4017335731768972 4.6351383747532964 5.580128722358495 4.5034783221781236 165.95438728434965 1.8786126375198353 179.91404296748806 5.0808555255644015 3.0431551889050743 32.206560560967773
leaf_count=1531 7194 14746 1159 176 1081 1075 86430 96906 288897 5014 1366 129 323 980 7407 29292 23120 1458 99 6017 600509 23076 4165 6603 124902 17511 17992 1206 440437 1969 1229 1309 36481 481 10050 91 251 102 318 7654 228 131 603 84 1174 292 4979 22287 22336 14 1358 7050 1115 178 246 49 1303 6 13739 713 317 6272
internal_value=0.000218312 0.00516015 -0.0135483 0.000979135 0.0123029 0.0108309 -0.00870718 -0.0128702 -0.0229882 -0.00304231 -0.026046 -0.00492716 0.0101228 -0.00661745 0.012444 -0.0267302 0.00689572 0.00257166 0.0189645 -0.000817172 -0.0295541 -0.00507163 -0.00808954 -0.020354 -0.00533742 -0.00766545 -0.00676609 -0.0085025 -0.014499 0.0142682 0.0218085 -0.00462612 -0.00273108 0.00881845 0.0048405 0.00105397 -0.0670178 0.00182819 0.00846681 0.00912772 -0.0242391 0.00424112 0.0118101 -0.00172637 -0.00020465 -0.0128233 0.00658146 -0.0309407 -0.0351699 0.00620837 -0.0107726 -0.00348689 0.00309188 0.0150629 0.00740131 -0.0520173 0.0108753 -0.0692238 0.013307 -0.0507234 -0.0206809 -0.033078
internal_weight=8599.27 6327.77 2271.5 3991.4 2336.37 2200.74 1637.29 1169.97 440.243 2376.27 634.215 2079.9 210.011 1869.88 206.249 133.458 1615.13 910.959 156.057 754.901 554.263 1736.43 1221.85 223.931 997.922 902.739 729.727 688.005 430.361 41.3061 152.729 108.622 709.404 1955.76 1020.95 744.996 8.37799 736.618 381.537 379.745 28.2566 21.5394 351.488 79.9516 400.633 135 59.3834 539.1 115.309 265.634 78.308 71.2277 65.789 275.957 182.552 10.0836 172.468 6.51375 187.326 7.41149 42.7314 35.2497
internal_count=1955210 387848 1567362 356807 31041 29960 934996 848566 290056 288227 632366 273481 7859 265622 7536 34306 68580 45460 1504 43956 624162 231316 208240 31228 177012 172847 558510 540518 443612 3175 1328 7912 37939 28885 21691 19428 342 19086 9036 8934 677 449 8257 8204 47945 22782 5271 622796 23316 25163 10697 9339 8165 2263 1782 295 1487 184 14466 727 6673 6589
is_linear=0
shrinkage=0.05


Tree=50
num_leaves=63
num_cat=0
split_feature=31 4 22 26 8 29 29 8 4 16 8 26 25 20 16 18 6 29 2 12 8 12 0 8 6 0 26 27 2 26 25 6 6 4 27 14 13 4 27 8 26 20 18 18 31 14 2 16 18 12 26 12 10 26 2 10 6 18 8 25 22 26
split_gain=242.332 87.7874 49.8118 46.7394 25.6711 25.0468 24.5238 21.4027 21.5959 19.2165 18.3025 17.1875 22.3533 16.7917 25.291 16.695 16.5631 16.4069 15.1168 14.8155 14.5251 14.6131 14.2403 16.5942 13.7691 13.7626 18.3205 18.9366 13.6523 12.9759 15.7414 12.753 21.6655 16.4199 17.6224 19.7352 17.463 16.7576 12.9521 12.7691 12.5999 12.4869 12.4633 12.0567 12.2802 14.2755 12.0263 12.0151 17.5375 11.9898 11.875 12.4997 11.8046 12.1864 13.5408 12.7345 11.6965 11.6245 18.6058 16.3163 13.3656 22.8024
threshold=3.5000000000000004 2.5000000000000004 3.5000000000000004 70.500000000000014 7.5000000000000009 6.6062858104705819 20.574560165405277 98.500000000000014 56.500000000000007 11.500000000000002 1.0000000180025095e-35 65.500000000000014 0.016261236742138866 4.5000000000000009 17.500000000000004 2.5000000000000004 1.0000000180025095e-35 11.306703090667726 76.500000000000014 2.5000000000000004 88.500000000000014 19.500000000000004 3.5000000000000004 100.00000000000001 74.500000000000014 18.500000000000004 62.500000000000007 3.5000000000000004 1.5000000000000002 52.500000000000007 0.013793759513646366 40.500000000000007 26.500000000000004 4.5000000000000009 5.5000000000000009 13.500000000000002 0.0094788861460983771 11.500000000000002 7.5000000000000009 14.500000000000002 66.500000000000014 94.500000000000014 2.5000000000000004 7.5000000000000009 1.5000000000000002 17.500000000000004 34.500000000000007 9.5000000000000018 60.000000000000007 23.500000000000004 87.500000000000014 100.00000000000001 4.5000000000000009 52.500000000000007 40.500000000000007 38.500000000000007 6.5000000000000009 8.5000000000000018 34.500000000000007 0.015504807699471714 6.5000000000000009 68.500000000000014
decision_type=2 2 2 2 2 2 2 2 2 2 2 2 2 2 2 2 2 2 2 2 2 2 2 2 2 2 2 2 2 2 2 2 2 2 2 2 2 2 2 2 2 2 2 2 2 2 2 2 2 2 2 2 2 2 2 2 2 2 2 2 2 2
left_child=3 10 -3 5 11 7 13 40 18 43 -2 12 -4 14 57 -8 -14 42 -9 -19 -17 -22 23 -16 -7 26 27 56 -28 -29 -31 32 33 -24 35 39 -37 -36 -33 -35 52 -26 -13 -10 -45 -46 -12 48 -21 -39 -27 -52 -1 54 -54 -55 -15 58 60 -59 -6 -62
right_child=1 2 4 -5 6 24 15 8 9 -11 46 17 16 25 22 20 -18 19 -20 47 21 -23 31 -25 41 50 28 29 -30 30 -32 38 -34 34 37 36 -38 49 -40 -41 -42 -43 -44 44 45 -47 -48 -49 -50 -51 51 -53 53 55 -56 -57 -58 59 -60 -61 61 -63
leaf_value=0.050024092143878922 0.028771695482165873 0.013115111964304246 0.0042920963632816266 0.0010161790427807367 0.032048179145039206 0.043274786686118623 -0.11404054371104091 -0.031968302967679135 -0.10718268875867568 -0.027916923132403161 0.012344735378880704 -0.12170589697554729 0.085375700504277938 -0.049000731556663117 -0.095576917765722455 0.019891901898711425 -0.10885513694529331 0.049509868954583015 -9.3559826896414652e-05 -0.11114133385145447 0.026363113075102793 -0.09983892197738739 0.028263335243938981 0.012533784331080454 -0.099046001126388505 -0.0074517125697272342 -0.11653443493304441 0.0081462548351259861 0.016644607962359125 -0.010934751873146539 -0.10776692672294966 0.021409313723634027 -0.094924541956529565 0.05810973385380569 -0.072254447442663447 0.018689718385642113 -0.088510089265365743 0.029836536981052431 -0.095852018376756193 -0.10841196929070773 -0.04371829761319948 0.00036783683711201487 0.026232884558445781 -0.032084170187120856 -0.058176947807612733 0.054437049576589805 0.033178137465153877 -0.10754373330341205 0.034744534153245375 -0.093532521237612409 -0.099879479546801375 0.056724393365166048 0.031043465294076474 -0.068171823585107635 -0.016714585680623558 0.0048795861947156793 -0.011721350506512546 0.035728486815180642 -0.10903394607435482 -0.1258626054637276 -0.10881282968227364 0.072715369119115247
leaf_weight=8.1099173026159388 263.04157955606934 874.04717873386107 977.34102779766545 423.81202658207621 21.352235066704452 19.266183947911486 2.4742881190031758 49.827745830465574 2.0318351866444564 861.1571945558826 911.49641521379817 1.43571540666744 1.3028491735458372 24.601711704628542 8.7706104398239386 177.3201552676037 6.9673734279349429 5.2086240136995938 146.73929307036451 3.0926340236328542 4.1026242438238114 5.2024158369749767 26.363560092519037 5.9623684706166378 3.2625817707739762 1866.7940230835229 1.9459473462775339 253.39117064507445 173.00630398455542 38.940812244662084 4.7040384537540367 61.581951655214652 7.2434907716233274 5.9600405436940491 5.7496050966437897 4.7264067512005594 19.361320002004504 27.537850114982575 2.4485233195591709 1.4268224150873745 28.872782925493084 99.145868867402896 169.59234930295497 8.6608502510935086 3.2962551244418163 19.24028722679941 74.968175454996526 5.4472597585990998 6.1700441753491759 2.1211203783750561 1.4271828233031545 11.886701189447193 15.397854270180686 6.2322000825079149 411.14340854011243 139.52249069791287 145.35497922834475 94.583167200209573 3.5808367407880715 1.5883955983445037 4.9342696006642681 2.6639103647321463
leaf_count=499 1068 15529 21103 76712 159 1259 43 30969 467 1119137 11783 37 2 1705 585 1938 234 25 49313 76 57 284 417 226 567 276782 160 20003 5793 3341 232 3347 863 37 382 342 1566 757 428 105 8215 11096 2270 8936 2942 2310 1059 189 34 422 148 129 1886 1635 211957 38740 13160 990 184 50 184 9
internal_value=0.000168424 0.00518214 0.00225642 -0.0139396 -5.67552e-06 -0.0174187 -0.00244719 -0.018987 -0.0231793 -0.0264773 0.0170528 0.00625937 0.00359943 -0.00361205 0.00740984 0.0149859 -0.078257 0.0199892 -0.00817348 -0.0229577 0.0166965 -0.044196 -0.00473155 -0.051825 0.00449612 -0.00495789 0.0013631 -0.00380695 0.0151633 0.0038091 -0.0213713 -0.000514287 -0.0116264 -0.00515575 -0.0183287 -0.0455506 -0.0674757 0.0058688 0.0169252 0.0259449 -0.0114803 -0.00279934 0.024991 0.0108328 0.0185189 0.0379658 0.013928 -0.0486177 -0.013964 0.0210136 -0.00711613 0.0399372 -0.00987662 -0.0107255 -0.0149906 0.00175604 -0.0171176 0.02432 -0.00151661 0.0330596 0.0117821 -0.0451693
internal_weight=8564.94 6319.22 5069.71 2245.72 4195.67 1821.91 3019.11 1700.23 1090.95 894.386 1249.51 1176.56 985.611 2830.01 307.956 189.099 8.27022 190.947 196.567 19.9186 186.625 9.30504 179.254 14.733 121.675 2522.05 641.945 466.993 174.952 297.036 43.6449 164.521 100.49 93.2467 66.8832 31.4746 24.0877 35.4086 64.0305 7.38686 609.279 102.408 171.028 33.2292 31.1974 22.5365 986.465 14.7099 9.26268 29.659 1880.11 13.3139 580.406 572.296 426.541 145.755 169.957 128.703 32.5313 96.1716 28.9504 7.59818
internal_count=1954877 388237 374327 1566640 358798 1489928 334828 1477006 1214074 1133792 13910 23970 21339 332506 11053 2322 236 2631 80282 324 2279 341 9477 811 12922 321453 44394 38441 5953 23576 3573 8666 4891 4028 3611 2050 1908 1561 3775 142 262932 11663 2307 14655 14188 5252 12842 299 110 1179 277059 277 254717 254218 213843 40375 14865 1576 536 1040 352 193
is_linear=0
shrinkage=0.05


Tree=51
num_leaves=63
num_cat=0
split_feature=31 4 32 23 26 26 26 27 12 31 32 25 8 8 8 2 26 4 2 0 0 0 12 9 27 12 32 26 4 14 6 6 26 4 12 8 32 32 20 3 27 8 20 20 6 12 8 0 8 27 2 8 0 32 2 31 26 6 25 26 20 6
split_gain=226.678 65.2942 47.2389 37.3317 31.3801 30.0449 22.588 23.3323 22.823 19.8126 19.5618 19.291 17.5252 17.5042 17.4541 17.143 16.8899 16.6405 16.4668 16.1305 15.7711 15.6197 14.5096 17.3731 16.2316 18.6557 42.7009 17.5024 14.2103 14.5766 13.6274 13.5013 13.4263 13.3057 23.2974 15.5906 13.2865 13.0634 12.8049 17.7109 12.7536 12.2404 18.5307 13.1228 19.3624 12.0642 11.9267 11.8247 11.6772 16.5946 15.906 13.3814 12.8575 11.9415 14.2942 11.833 11.6465 11.4898 11.2509 11.0097 10.9411 15.4885
threshold=4.5000000000000009 2.5000000000000004 0.42825570702552801 0.014599318150430919 80.500000000000014 70.500000000000014 65.500000000000014 1.5000000000000002 48.500000000000007 1.5000000000000002 0.57187330722808849 0.012579114176332952 5.5000000000000009 21.500000000000004 1.0000000180025095e-35 100.00000000000001 64.500000000000014 90.500000000000014 36.500000000000007 5.5000000000000009 64.500000000000014 24.500000000000004 9.5000000000000018 0.0067797389347106227 5.5000000000000009 37.500000000000007 0.59800225496292125 82.500000000000014 57.500000000000007 1.0000000180025095e-35 11.500000000000002 2.5000000000000004 86.500000000000014 13.500000000000002 11.500000000000002 100.00000000000001 0.1929658651351929 0.71842601895332348 9.5000000000000018 0.014389234129339458 2.5000000000000004 21.500000000000004 27.500000000000004 100.00000000000001 13.500000000000002 12.500000000000002 2.5000000000000004 1.0000000180025095e-35 45.500000000000007 4.5000000000000009 11.500000000000002 51.500000000000007 6.5000000000000009 0.63576439023017894 25.500000000000004 9.5000000000000018 42.500000000000007 7.5000000000000009 0.013423423748463394 72.500000000000014 3.5000000000000004 2.5000000000000004
decision_type=2 2 2 2 2 2 2 2 2 2 2 2 2 2 2 2 2 2 2 2 2 2 2 2 2 2 2 2 2 2 2 2 2 2 2 2 2 2 2 2 2 2 2 2 2 2 2 2 2 2 2 2 2 2 2 2 2 2 2 2 2 2
left_child=2 14 5 6 10 9 7 8 -3 17 12 -6 20 -13 60 59 48 -1 30 -18 56 -20 23 -8 25 26 31 38 -17 -30 57 -24 -5 34 -28 -36 -11 -21 39 -26 -39 42 -12 58 -45 -35 -19 -16 -9 50 -50 -52 55 54 -53 -51 -4 -10 -43 -14 -2 -62
right_child=1 3 4 32 11 -7 22 16 18 36 41 13 15 -15 47 28 19 46 21 37 -22 -23 24 -25 27 -27 33 -29 29 -31 -32 -33 -34 45 35 -37 -38 40 -40 -41 -42 43 -44 44 -46 -47 -48 -49 49 52 51 53 -54 -55 -56 -57 -58 -59 -60 -61 61 -63
leaf_value=-0.0074958839644347092 0.032339844672956648 -0.0064229369976258575 -0.11874292414926686 0.0096313899836638784 0.020811084221350893 -0.0012136059137759329 -0.089089051468883615 0.0021493477480681203 -0.10151599510986237 -0.058693931843534587 -0.11017211591930041 0.037698207618809591 -0.022372429082587918 -0.079865485038562445 0.023006626552770856 0.008920450150694469 0.029549009862935873 0.024091999447363472 0.044225023974036416 -0.092601824110494474 -0.0031321407349543286 -0.033697431888591166 0.051315782647791512 0.028293631984978768 0.045071025340315998 0.017865138773427245 0.035409535376750963 -0.11248151790357597 0.046852073700442261 -0.013121210603819418 -0.092521787851907247 -0.083783827070429084 0.063290200230543756 -0.095887541239480387 -0.1036103372208062 0.043358870885861003 -0.011715581311224566 0.056050408648228661 -0.0158260160670298 -0.11557386680029968 -0.09905804312651964 0.010850691134683217 0.02729891807704158 0.060831221878761846 -0.013543939635987781 0.02177319652758785 -0.034536634671276732 0.0098645925063234035 -0.057510686139335014 0.031229987279898598 -0.055465578706851051 -0.073457988205400712 -0.0029916006699868044 0.0072527452263793524 -0.012915125773399629 -0.11036504251552502 0.063957966620620754 0.042742413153234723 -0.1127941774218611 -0.071181288138367813 0.028613780721551213 -0.02912265789094913
leaf_weight=71.437380232615396 212.47714107751381 187.86365265521454 0.9203342753462519 1297.7100099995732 137.26465682149865 172.17232634522952 3.2441953227389595 1784.6930816008244 2.1026174215367064 15.857200065249343 2.5610937348101279 4.7656575022265306 253.51798898234847 9.4337038514204306 222.01481911237352 88.697370534908259 6.0191366518847671 8.8430117602692899 7.4822676907060659 12.838128054281698 36.67895171395503 45.779329199402127 2.0476722903549698 111.13132950628642 17.363803094252948 249.75836095644627 8.3115948499180394 4.1401692961808285 10.276546858018262 718.5534262136207 19.14786215336062 19.089615000877529 11.763455377425997 2.2488184350077054 9.1586269908584637 2.2472233234439036 295.92045223969035 3.5704867579042903 87.540336689446121 1.9038407532498229 2.107518567238003 135.00703886302654 57.221644598059356 9.1239712492097151 213.9029581786599 69.762370193144307 455.09379593799531 747.25291163357906 21.919546912191436 41.205063849803992 16.554592965752818 10.925829960266126 329.20309322793037 71.42418991366867 90.535910075879656 1.5302931610494841 16.704611364286393 4.0178757266839993 1.8652346986345936 12.105275784968397 29.777229073690251 19.045152749866247
leaf_count=30820 700 11902 164 21198 7298 45236 591 82543 265 18509 321 24 152219 636 1774 24527 118 790 268 1702 3506 7861 54 1889 381 8368 81 436 214 439807 3728 1853 59 178 378 67 163500 27 5459 166 132 37263 4327 1489 98296 1565 647453 10274 4249 3034 3134 3669 59788 11695 24762 115 135 155 180 3178 133 234
internal_value=0.000145731 0.00574691 -0.0117364 0.00298679 -0.00665433 -0.020255 0.000112595 -0.00184847 -0.0158851 -0.0241249 -0.00876767 0.0150719 -0.0121718 -0.0404082 0.0159666 -0.0135614 -0.00028558 -0.0299601 -0.038521 -0.0415571 0.0155463 -0.0227508 0.00898129 0.0249641 0.00512116 0.0102414 -0.006629 -0.0116139 -0.00997593 -0.0122756 -0.0717621 -0.0706961 0.0101134 0.00813415 -0.0282583 -0.0746539 -0.0141049 -0.0646719 -0.00770396 0.0291977 -0.00152156 0.000458427 0.0214097 -0.00302177 -0.0105013 0.0180988 -0.0334191 0.0128748 0.000142043 -0.00599962 -0.0171871 -0.0125214 0.000357851 -0.00840931 -0.0194346 0.0261597 0.0544177 -0.00681572 0.00916571 -0.0245968 0.0274355 0.00609134
internal_weight=8514.83 5786.91 2727.92 4556.34 1708.6 1019.32 3246.87 2658.92 266.394 847.152 1557.14 151.464 1137.45 14.1994 1230.57 1083.15 2392.53 535.374 78.53 24.5353 54.3039 53.2616 587.948 114.376 473.572 362.624 112.866 110.948 817.527 728.83 25.2684 21.1373 1309.47 91.7286 19.7174 11.4059 311.778 18.5161 106.808 19.2676 5.67801 419.682 59.7827 359.899 223.027 72.0112 463.937 969.268 2367.99 583.299 211.36 189.441 371.938 172.886 101.462 42.7354 17.6249 6.12049 136.872 265.623 261.3 48.8224
internal_count=1954877 274985 1679892 261870 773584 906308 240613 219147 24179 861072 765626 7958 623750 660 13115 619945 194968 679063 12277 1979 3805 8129 21466 2480 18986 12544 4176 6442 464548 440021 4148 1907 21257 2269 526 445 182009 1861 6006 547 159 141876 4648 137228 99785 1743 648243 12048 192989 110446 47509 43260 62937 40126 28431 3149 299 420 37443 155397 1067 367
is_linear=0
shrinkage=0.05


Tree=52
num_leaves=63
num_cat=0
split_feature=20 22 26 9 10 9 4 24 26 27 9 4 4 10 16 20 10 2 0 4 0 12 26 26 9 22 16 22 19 1 12 26 0 22 6 14 2 27 12 13 7 20 26 2 9 15 9 27 24 20 22 4 5 26 16 21 18 2 27 12 26 4
split_gain=184.008 82.2238 70.6524 45.829 43.5476 24.0364 21.1842 17.8659 16.9923 20.9882 15.3169 14.9228 14.8889 14.747 14.3794 13.8343 13.7264 13.351 13.3954 14.4101 13.0268 13.2298 16.0961 17.0437 15.503 12.9471 13.2312 18.2313 18.0849 14.8249 12.8674 21.5755 24.6901 18.8555 16.4714 15.7584 32.7393 14.4579 14.2579 13.7022 13.5413 13.0487 12.8805 12.6797 15.6284 12.5713 12.4642 12.4475 12.5853 12.8288 11.5349 13.9506 13.1869 14.2644 12.5048 16.1355 14.7536 11.7754 19.2841 11.4197 11.3693 27.0983
threshold=25.500000000000004 17.500000000000004 49.500000000000007 0.010811126790940763 3.5000000000000004 0.016261236742138866 71.500000000000014 1.0000000180025095e-35 64.500000000000014 1.5000000000000002 0.016001024283468727 75.500000000000014 1.0000000180025095e-35 2.5000000000000004 5.5000000000000009 36.500000000000007 2.5000000000000004 44.500000000000007 11.500000000000002 1.5000000000000002 69.500000000000014 67.500000000000014 73.500000000000014 68.500000000000014 0.011696306522935631 2.5000000000000004 9.5000000000000018 4.5000000000000009 0.014815627597272398 0.016001024283468727 4.5000000000000009 61.500000000000007 75.500000000000014 1.5000000000000002 85.500000000000014 7.5000000000000009 87.500000000000014 7.5000000000000009 5.5000000000000009 0.0093898782506585139 0.0091326101683080214 21.500000000000004 10.500000000000002 40.500000000000007 0.0088890646584332007 0.016001024283468727 0.014389234129339458 4.5000000000000009 12.500000000000002 97.500000000000014 1.5000000000000002 10.500000000000002 0.015504807699471714 57.500000000000007 60.000000000000007 0.013072453904896976 1.0000000180025095e-35 1.0000000180025095e-35 1.5000000000000002 7.5000000000000009 47.500000000000007 9.5000000000000018
decision_type=2 2 2 2 2 2 2 2 2 2 2 2 2 2 2 2 2 2 2 2 2 2 2 2 2 2 2 2 2 2 2 2 2 2 2 2 2 2 2 2 2 2 2 2 2 2 2 2 2 2 2 2 2 2 2 2 2 2 2 2 2 2
left_child=4 12 3 11 5 30 7 -4 9 -6 -10 17 -2 -5 15 -14 -8 -3 -19 -20 43 22 23 24 -22 -7 27 -27 29 59 41 32 34 -34 40 45 38 -33 42 -40 -32 60 -37 44 -18 -35 -45 -13 -49 -50 51 52 -42 -54 56 -56 -52 58 -57 -29 -1 -62
right_child=1 2 6 13 8 25 16 -9 10 -11 -12 47 14 -15 -16 -17 20 18 19 -21 21 -23 -24 -25 -26 26 -28 28 -30 -31 31 37 33 35 -36 36 -38 -39 39 -41 50 -43 -44 46 -46 -47 -48 48 49 -51 54 -53 53 -55 55 57 -58 -59 -60 -61 61 -63
leaf_value=0.018949697060062984 0.039846734556271579 -0.025343072812957852 -0.11676705354255774 -0.058901807018782962 -0.013729242626993994 0.037764989243842036 -0.10448473556532352 0.0041698088827641254 0.0092656140990242854 0.0038616017177756146 0.035966017177846969 -0.030952016171849707 0.03014240962147581 -0.0028681445692829142 -0.00068939507036031868 0.0077811341369680908 -0.0025193270067986745 0.031433292489153677 0.025383820883721972 -0.014233372824127672 -0.019411210594392332 -0.0072030620102433336 -0.073473804981794941 0.017721908455220051 -0.078397672944110805 0.021216796269286027 0.026106417973945934 0.019304753572954178 -0.14679822585446267 -0.13010734507184946 -0.11188111300693281 0.032512151398067665 -0.13101722264839757 0.023027682070406143 0.048765292764429459 0.041915241179604955 0.044191500307372601 -0.11496938251507156 -0.022013234623428191 -0.12090658225976925 0.012358390875232599 -0.10621147316576979 -0.12109541151947245 0.0022685609619977581 -0.10304001542247168 -0.12030864241068649 0.036440705344065398 0.0083756530520745828 -0.0068735334648484317 -0.026949699484809814 -0.11981549971772616 -0.1087652272995186 -0.12536108469331117 0.035638116225408266 -0.10093059739712279 0.018223063147143639 0.021061161898627931 0.0042764226146428273 -0.13645835564842357 -0.11992336323670208 0.011374176431864755 -0.053492705199986418
leaf_weight=582.30263689241838 33.499878025613725 167.98908180452418 3.0664583442267022 12.012489873217417 187.01465494662989 151.78540815052111 3.6185133422841309 742.99169681896456 363.70121145626763 1817.5318641090416 63.019477648311295 455.97444690641714 86.834062669775449 521.59375045489287 421.47884475276805 339.97699245280819 11.333692830929069 20.373908467183355 25.280271333176643 249.33503628140897 63.114359652041458 760.67505105221062 15.08690722263418 24.99891282315366 13.526373616303315 27.223253057221882 127.28060380218085 11.51331866160035 3.4123579086735836 2.5539504485204807 2.6247533247806123 67.605592565261759 4.4148425215389571 18.517179753514942 19.711211534217 4.1328815319575396 7.7510726917535093 1.7036468975711603 4.7116198102012303 13.650620112894101 15.76792529970408 2.199395286734215 1.7145618353970347 159.01333992328728 5.8690755118150255 1.667452061548828 32.065451162168756 37.786794681858737 107.2845383984677 308.06538642314263 1.8934927037917066 4.487687367014586 4.2532876986078909 2.0335509590804577 4.4041201081126919 4.0029211705550534 100.51682975061703 68.018903026240878 4.0572279749903828 1.6888335417024816 135.35942499362864 18.274008348351344
leaf_count=3895 199 59642 223 773 13176 421 812 78042 11655 94848 402 513737 1002 71088 54870 13309 2677 4014 444 126114 31381 302358 3929 4285 1883 99 740 54 59 28 180 739 111 181 217 27 237 92 283 933 85 116 88 47703 663 27 540 13637 88996 399237 30 77 72 7 363 20 931 1333 133 18 1118 524
internal_value=0.000143122 -0.0065824 -0.00981983 -0.0165631 0.00821348 0.0151663 -0.00281814 0.00367273 0.00414907 0.00222046 0.0132088 -0.0213985 0.0071526 -0.00412957 0.00586147 0.0123305 -0.00726372 -0.0140916 -0.00768418 -0.0105863 -0.00693969 -0.00960816 -0.0252815 -0.0181281 -0.0298218 0.0270976 0.0177745 -0.00508484 -0.0424387 -0.0198372 0.0116226 0.00383872 -0.00218238 -0.0318007 0.00504548 -0.0234006 -0.045244 0.028887 -0.073878 -0.0955313 0.000981691 0.0153941 -0.00588203 0.00430147 -0.036814 0.0111867 0.00800308 -0.0251196 -0.0192507 -0.021764 0.00239614 -0.0284059 -0.0120545 -0.073284 0.0068663 -0.00788152 0.0184565 -0.00249503 -0.0596387 0.00149454 0.0157575 0.00365855
internal_weight=8475.35 4622.85 3741.06 1905.7 3852.5 1421.23 1835.36 746.058 2431.27 2004.55 426.721 1372.09 881.79 533.606 848.29 426.811 1089.3 462.978 294.989 274.615 1085.68 877.402 116.727 101.64 76.6407 325.458 173.672 46.3917 19.1685 15.7561 1095.78 357.641 288.332 56.5602 231.772 52.1454 31.9608 69.3092 24.2097 18.3622 212.061 738.135 5.84744 208.282 17.2028 20.1846 191.079 909.111 453.137 415.35 209.436 26.5425 22.0548 6.28684 182.893 80.4832 102.41 76.0791 8.06015 13.2022 735.936 153.633
internal_count=1954877 1821558 1752178 1277682 133319 13238 474496 78265 120081 108024 12057 1205821 69380 71861 69181 14311 396231 190214 130572 126558 395419 343836 41478 37549 33264 1419 998 258 159 100 11819 6166 5335 1887 3448 1776 1568 831 1331 1216 3231 5653 115 51583 3340 208 48243 1015607 501870 488233 3051 241 164 79 2810 1849 961 1486 153 72 5537 1642
is_linear=0
shrinkage=0.05


Tree=53
num_leaves=63
num_cat=0
split_feature=32 8 10 29 0 26 18 22 3 32 20 8 8 26 29 32 0 0 29 26 12 16 10 7 16 20 22 21 16 8 15 15 6 8 3 3 26 6 0 26 17 0 8 26 12 22 3 12 21 15 18 20 15 26 26 8 6 32 26 32 27 18
split_gain=174.761 91.1522 60.9822 60.067 39.2456 38.1426 32.5712 32.347 22.0804 21.6881 20.7803 18.0542 17.3026 17.2806 16.3663 20.761 24.3521 22.211 18.6522 20.5308 15.5224 14.8711 29.9704 16.9423 14.3302 14.2545 13.9528 20.163 13.9165 13.8036 13.7742 24.893 13.4669 13.5909 13.4418 12.928 13.329 20.0397 17.6993 14.4322 13.0482 12.8326 13.5619 15.9386 13.9113 12.6419 12.565 13.0055 12.5638 11.7922 11.7092 17.4159 16.9573 11.6561 15.0848 21.2637 35.0399 39.4643 17.8522 16.6702 21.7465 18.7521
threshold=0.53708884119987499 6.5000000000000009 3.5000000000000004 8.6062846183776873 10.500000000000002 80.500000000000014 60.000000000000007 5.5000000000000009 0.015749008394777778 0.17179919034242633 40.500000000000007 1.0000000180025095e-35 14.500000000000002 25.500000000000004 3.5120395421981816 0.63576439023017894 3.5000000000000004 1.5000000000000002 6.9728245735168466 65.500000000000014 3.5000000000000004 10.500000000000002 25.500000000000004 0.011173533275723459 17.500000000000004 11.500000000000002 2.5000000000000004 0.012739370577037336 3.5000000000000004 3.5000000000000004 1.0000000180025095e-35 0.015749008394777778 4.5000000000000009 92.500000000000014 0.015504807699471714 0.012739370577037336 40.500000000000007 27.500000000000004 100.00000000000001 43.500000000000007 0.013793759513646366 6.5000000000000009 21.500000000000004 45.500000000000007 42.500000000000007 6.5000000000000009 0.014815627597272398 16.500000000000004 0.011299795936793091 0.014389234129339458 12.500000000000002 1.0000000180025095e-35 0.013245614245533945 29.500000000000004 65.500000000000014 8.5000000000000018 16.500000000000004 0.58795285224914562 53.500000000000007 0.66278219223022472 4.5000000000000009 17.500000000000004
decision_type=2 2 2 2 2 2 2 2 2 2 2 2 2 2 2 2 2 2 2 2 2 2 2 2 2 2 2 2 2 2 2 2 2 2 2 2 2 2 2 2 2 2 2 2 2 2 2 2 2 2 2 2 2 2 2 2 2 2 2 2 2 2
left_child=1 50 10 4 8 7 -4 35 -3 -9 11 26 -7 -12 15 24 17 46 19 -16 -15 22 23 -20 30 -11 -2 -28 -27 34 -8 -32 33 48 -19 36 37 -6 -38 -40 -41 45 44 -44 -43 -34 -17 -48 -18 -30 -1 -52 -53 -13 55 56 58 -58 -55 -60 -61 -62
right_child=2 3 6 -5 5 12 14 9 -10 25 13 53 -14 20 18 16 32 29 21 -21 -22 -23 -24 -25 -26 28 27 -29 49 -31 31 -33 41 -35 -36 -37 38 -39 39 40 -42 42 43 -45 -46 -47 47 -49 -50 -51 51 52 -54 54 -56 -57 57 -59 59 60 61 -63
leaf_value=0.032692544474271099 0.036884727568421309 0.015315530793357127 0.0080818973687781324 0.0098314948130810292 -0.11725603842337498 -0.10947932653641818 0.025136272679842381 -0.047795575615257151 -0.12263193684678304 0.0010791488598692897 -0.11677562994710909 0.018693419415114272 0.0096048634000530982 -0.11351850907530521 -0.040551637909759554 0.023478537528687563 -0.092919898363220316 -0.12603629756092069 -0.10805220538511887 0.035837003359993361 -0.00010893582884690845 0.0062799677236598204 -0.091601222542128616 0.0090263155020531543 -0.0091034377773529986 0.014585282632929325 -0.13282361862014178 0.017741047254748465 -0.021181697439157675 -0.074392040087767189 -0.096817042497551686 0.047887530418791818 -0.11146227997646846 0.033071612685537481 0.019032559374359968 -0.12726036150471462 -0.10688357715838573 0.021608498189895083 -0.10613257952357064 -0.075160584897486227 0.010433262109398364 0.0039782619331882197 -0.013563578020986761 0.0061089446085753349 0.022990268526227486 0.026717666751934738 -0.0093166328148136315 -0.091471345791825379 -0.017643970890376958 -0.064119446583088241 -0.14784899653949873 0.012730569144669463 -0.12019785473951645 0.0056788398783673751 0.026471747075469051 0.016594213204852801 0.026802382882450557 -0.12916497794419862 0.013433966772170869 -0.10146213760408181 0.0042537612436004575 -0.13042495273840507
leaf_weight=76.60873877099948 148.09964727621991 117.05743306038494 1507.7716690475936 252.43554588325787 2.6806065404089159 3.1164564322680226 55.626043003518134 73.382939870512928 2.9745172581169745 76.349950074596563 4.1773525474127373 415.83217308099847 143.70793191541452 3.2973665264435104 9.8587082345038635 24.883616416947916 6.1016837148927143 1.9427892295643676 3.3875791956670573 81.606352333677933 35.50457730377093 340.83476052456535 12.048420567996798 35.174321495112963 1056.1949567712145 27.000398063741159 2.2550210915505877 159.40418758208398 1613.7722488683357 24.563292285660282 6.8195128752849978 5.2677951119840145 1.687735414598136 12.096705306321381 8.9661050671711546 1.8690904763061542 4.6935187405906609 84.36286928653135 3.3273078830097793 4.9677113664511117 42.933650055842008 298.99879837967455 182.56246796878986 236.13248418981675 141.87002855609171 85.978612842154689 28.54556938726455 5.7952725044451645 60.541586063918658 16.150252098916098 1.7324724671198044 221.69786647392903 2.4254107226151964 275.8066726999823 95.268625040422194 234.36964286537841 6.4054098664782968 11.056762934429569 16.619869889109395 12.010614151135089 16.918436525505971 3.0506355629768214
leaf_count=566 420 18428 35062 11913 259 271 2998 122438 603 14039 492 3438 16040 301 972 868 901 100 130 1387 1858 11407 616 528 281962 2883 69 911 1283141 1925 852 85 57 797 85 128 502 5499 802 3000 3764 10209 42564 31073 5274 2747 638 536 2111 7794 66 10993 104 2115 993 4117 53 381 158 242 115 97
internal_value=0.000179853 -0.0101075 0.00520674 -0.0132791 -0.0159089 -0.0174995 0.0021845 -0.0193486 0.011897 -0.0211712 0.0140951 0.0151486 0.00707721 -0.0201491 -0.00107563 -0.00287214 0.00194351 -0.022317 0.00727461 0.0276033 -0.00974642 0.0025246 -0.0227659 -0.00125878 -0.0076739 -0.020044 0.0257978 0.0156408 -0.0210174 -0.0536062 0.0146241 -0.033753 0.00418274 -0.0156859 -0.00680308 0.00338691 0.00509496 0.017332 -0.0139521 -0.00543785 0.00155657 0.00583435 0.00397579 -0.00246881 0.0100963 0.0240575 -0.00357655 -0.0231809 -0.024536 -0.0216072 0.0158009 0.0100713 0.011292 0.0121149 0.00804108 0.00499396 -0.00295865 -0.0719536 0.00075522 -0.0271867 -0.0482974 -0.0163208
internal_weight=8448.58 2773.25 5675.33 2470.78 2218.35 2098.31 4235.26 1951.49 120.032 1806.66 1440.08 1397.1 146.824 42.9793 2727.49 2244.58 1120.67 94.6966 482.91 91.4651 38.8019 391.445 50.6103 38.5619 1123.91 1733.27 309.759 161.659 1656.92 35.4722 67.7134 12.0873 1025.97 78.74 10.9089 144.835 142.966 87.0435 55.9222 51.2287 47.9014 947.23 859.564 418.695 440.869 87.6663 59.2245 34.3408 66.6433 1629.92 302.464 225.856 224.123 1087.34 671.507 576.238 341.868 17.4622 324.406 48.5996 31.9797 19.9691
internal_count=1954877 1503233 451644 1491504 1479591 1460560 435884 1444249 19031 1430295 15760 13109 16311 2651 400822 385782 99885 4152 15040 2359 2159 12681 1274 658 285897 1307857 1400 980 1293818 2110 3935 937 95733 3809 185 13954 13826 5758 8068 7566 6764 91924 89120 73637 15483 2804 2042 1174 3012 1290935 11729 11163 11097 11709 8271 7278 3161 434 2727 612 454 212
is_linear=0
shrinkage=0.05


Tree=54
num_leaves=63
num_cat=0
split_feature=31 10 32 22 26 26 26 29 32 8 4 32 32 22 15 8 16 8 8 15 12 26 0 32 2 4 32 32 24 24 26 10 15 28 22 32 22 28 32 24 32 21 26 8 29 18 12 26 28 32 5 32 16 8 29 4 5 18 32 26 0 32
split_gain=190.074 56.1928 43.8956 29.506 26.5887 24.7591 24.3779 23.4059 22.2208 18.6342 18.627 18.0927 16.9851 16.2432 17.1243 16.2077 16.3717 16.0875 15.9347 15.4144 17.1878 15.7086 14.9422 13.7628 18.9502 13.6042 22.5509 13.4098 24.9967 13.3543 12.8991 20.7894 14.1608 13.116 12.9542 12.8366 12.6248 12.5964 12.4351 14.0134 17.678 13.9653 21.5605 19.2082 12.2388 12.0299 18.8253 15.2558 11.941 17.0809 16.9991 12.899 11.326 11.2511 12.2015 11.8982 15.6183 11.1019 11.0168 11.0163 10.8686 10.7088
threshold=4.5000000000000009 3.5000000000000004 0.42825570702552801 18.500000000000004 70.500000000000014 48.500000000000007 80.500000000000014 13.456222534179689 0.57187330722808849 1.0000000180025095e-35 1.5000000000000002 0.16392260789871219 0.80978047847747814 16.500000000000004 0.012579114176332952 5.5000000000000009 3.5000000000000004 2.5000000000000004 18.500000000000004 0.016261236742138866 3.5000000000000004 76.500000000000014 64.500000000000014 0.46432569622993475 91.500000000000014 34.500000000000007 0.40083403885364538 0.4946438074111939 11.500000000000002 13.500000000000002 70.500000000000014 93.500000000000014 1.0000000180025095e-35 1.0000000180025095e-35 10.500000000000002 0.39937385916709905 1.5000000000000002 5.5000000000000009 0.57406258583068859 12.500000000000002 0.61505678296089183 0.0062696540262550124 75.500000000000014 16.500000000000004 36.734048843383796 18.500000000000004 4.5000000000000009 76.500000000000014 4.5000000000000009 0.46830070018768316 1.0000000180025095e-35 0.58795285224914562 9.5000000000000018 96.500000000000014 1.0000000180025095e-35 5.5000000000000009 0.016261236742138866 8.5000000000000018 0.68079262971878063 49.500000000000007 49.500000000000007 0.61810141801834118
decision_type=2 2 2 2 2 2 2 2 2 2 2 2 2 2 2 2 2 2 2 2 2 2 2 2 2 2 2 2 2 2 2 2 2 2 2 2 2 2 2 2 2 2 2 2 2 2 2 2 2 2 2 2 2 2 2 2 2 2 2 2 2 2
left_child=2 9 4 10 11 18 7 8 15 36 19 -1 23 14 59 22 57 35 61 21 -21 -3 -4 24 -7 26 37 -9 -29 -27 -12 -32 34 -34 -33 -15 -2 -19 -10 40 -40 43 58 -41 45 46 -25 -48 -8 -50 51 60 -6 54 -18 56 -55 -17 -43 -13 -51 -5
right_child=1 3 6 5 52 12 48 27 38 -11 30 13 -14 17 -16 16 53 25 -20 20 -22 -23 -24 44 -26 29 -28 28 -30 -31 31 32 33 -35 -36 -37 -38 -39 39 41 -42 42 -44 -45 -46 -47 47 -49 49 50 -52 -53 -54 55 -56 -57 -58 -59 -60 -61 -62 -63
leaf_value=-0.048528675632767131 0.036966902295385233 0.026999318604078355 0.05046446153022302 -0.0097085323444124176 -0.077013363494633003 -0.071314991041350737 0.02058889485612278 0.04742090468526966 0.038460657241208951 0.010657744925455218 0.0039259989339630449 0.050451966170453055 0.034939592078028422 0.028072423846114913 -0.017434185871287873 0.036225975209971222 -0.0069051130680150554 0.0095600145262331772 -0.011849241119096451 0.0051588679599692995 -0.12356961960252116 -0.1114247716133737 -0.0046634752118392695 -0.11638797519475735 5.0395076792995487e-05 -0.0016925188901316371 -0.079231298414463691 -0.10721265655197815 0.048755651957964739 -0.029647723396835787 0.02503804194833513 0.053203399459918414 0.029945448738301229 -0.11556050318828442 -0.11949788272665213 -0.11480927146966353 0.016539489517761071 -0.051139253336525595 0.051128287618608707 0.024958799139878852 -0.10315908918757577 0.006752840300725229 -0.097335494992812729 -0.017238574636953451 -0.097371441942633197 0.0022345025356053853 0.024351255983148367 -0.10957561902224058 -0.10215275061647562 0.062919974304066692 -0.10141711783749184 -0.10595036311499591 0.00072631614916717575 0.020644459760202856 -0.060775562214008608 -0.020990259591092259 -0.11899775440024925 -0.088550455983553322 0.048954218462731999 -0.051268817791237681 -0.0049504503282042818 0.0041292229771124379
leaf_weight=64.392604091932299 121.16307039104868 181.12342266447376 18.380661415401846 211.17494711314794 4.8203409831039599 14.661027883703353 118.31424630433321 29.193936017109081 20.942591173690744 1184.5033799369121 1443.8484954444575 20.5099004914664 42.461472565773875 21.653270561131652 36.464210219302913 22.45103424706031 371.55463748361217 70.490446526440792 622.48699567298172 9.1213415227830392 3.6230038003996006 2.0729906340129665 37.104386589955539 2.5141843394376329 25.448316672584042 46.505184569017729 9.5099222374847141 4.5179806712549162 5.9547867621295154 524.90716692985734 140.76982256735209 5.2807063534855843 2.0494708223268372 6.3389880289323628 1.3668812632095058 1.694993516197427 201.30383441946469 9.7264432476367784 20.52777779521421 31.381799668772146 2.041189298266544 125.72704975563101 4.6603392972610882 191.7620479936013 2.9826383590698233 989.5533348309109 115.44238986272831 2.166275687981396 4.6409835759550324 10.678360855672516 3.5581770450808099 2.0270288707688442 167.15682990415371 28.67207955848426 10.817214573733507 577.44260501582175 2.1526832550298414 1.936430730158462 17.633684068219736 3.0586161510436787 13.178081057965755 413.7437996387016
leaf_count=114668 358 1361 299 11213 2277 3510 5162 315 5445 15732 36845 3642 663 1065 13105 467 117028 7838 120921 49 70 27 3499 185 2426 13107 4042 415 123 697836 1839 67 50 634 95 308 1208 3359 413 2295 373 34061 679 96456 81 60838 3003 122 829 193 522 207 42959 1990 1518 497452 251 629 1918 2102 1045 13688
internal_value=0.000151051 0.00526601 -0.0109042 0.0023174 -0.0193062 -0.00125951 -0.00599058 -0.00789623 -0.0089086 0.0135587 0.00718324 -0.0231019 0.00388313 -0.0209028 0.00403496 -0.012715 -0.0141534 -0.0230899 -0.00618705 0.0217341 -0.0314365 0.025433 0.0135989 0.00273918 -0.0260355 -0.0245304 -0.0064306 0.0300087 -0.0185295 -0.0273726 0.00540091 0.0190689 -0.036815 -0.0800104 0.0176925 0.0176998 0.0242148 0.00220012 0.000917915 -0.00107897 0.0371742 -0.00340498 0.00850312 -0.0113042 0.00377646 0.00404833 0.0189904 0.0218844 0.013077 -0.0129998 0.00105362 0.0151402 -0.00145265 -0.0151498 -0.0084291 -0.0193746 0.0108924 0.0263184 0.0119437 0.0372511 0.025429 -0.000546885
internal_weight=8403.34 5745.2 2658.14 4238.23 980.89 2442.64 1677.25 1524.85 1485.19 1506.97 1795.6 808.913 1195.23 744.52 60.0327 1070.51 1015.03 684.487 1247.41 195.941 12.7443 183.196 55.485 1152.77 40.1093 661.139 89.7268 39.6667 10.4728 571.412 1599.65 155.806 15.036 8.38846 6.64759 23.3483 322.467 80.2169 414.676 393.734 22.569 371.165 148.021 223.144 1112.66 1109.68 120.123 117.609 152.397 34.0826 29.4416 25.8835 171.977 990.639 382.372 608.267 30.8248 24.3875 143.361 23.5685 23.8564 624.919
internal_count=1954877 274985 1679892 257687 906308 216650 773584 765626 764773 17298 41037 861072 70828 746404 18849 623133 619335 727555 145822 1507 119 1388 3798 70165 5936 726182 15239 853 538 710943 39530 2685 846 684 162 1373 1566 11197 141640 136195 786 135409 36658 98751 64229 64148 3310 3125 7958 2796 1967 1445 45236 618239 118546 499693 2241 1096 35979 5744 1238 24901
is_linear=0
shrinkage=0.05


Tree=55
num_leaves=63
num_cat=0
split_feature=20 26 16 32 8 29 18 4 14 29 10 29 27 4 4 16 29 26 26 10 8 4 10 0 27 10 32 32 2 31 2 26 31 20 20 32 14 8 4 5 18 4 10 14 10 27 18 24 29 26 8 32 20 20 10 18 8 2 2 26 10 26
split_gain=184.302 52.502 55.3746 50.3667 39.6253 34.6862 27.2016 26.8776 23.4162 23.1379 20.7053 19.875 30.8095 39.5338 30.381 19.3683 16.772 16.6669 16.6066 18.497 15.624 15.3072 15.5429 15.1833 15.074 14.8917 18.0557 14.7627 14.673 15.72 14.6138 22.0964 14.1222 13.4615 15.0428 21.5596 20.3822 16.3837 16.1764 16.0215 15.2131 18.2018 15.1496 19.9804 15.3186 14.4002 13.3241 13.3083 23.6328 19.6995 13.2298 24.3535 13.619 12.5993 15.1133 12.5659 14.573 12.9566 13.2566 12.4189 12.3926 12.1379
threshold=44.500000000000007 63.500000000000007 13.500000000000002 0.49321897327899938 2.5000000000000004 4.0723452568054208 1.0000000180025095e-35 33.500000000000007 4.5000000000000009 7.9847960472106942 30.500000000000004 4.2591924667358407 4.5000000000000009 13.500000000000002 23.500000000000004 9.5000000000000018 32.964424133300788 1.5000000000000002 65.500000000000014 1.5000000000000002 93.500000000000014 96.500000000000014 3.5000000000000004 2.5000000000000004 4.5000000000000009 15.500000000000002 0.56976062059402477 0.35719169676303869 17.500000000000004 7.5000000000000009 21.500000000000004 25.500000000000004 3.5000000000000004 12.500000000000002 37.500000000000007 0.62822863459587108 11.500000000000002 11.500000000000002 1.0000000180025095e-35 0.013606071937829258 5.5000000000000009 35.500000000000007 26.500000000000004 5.5000000000000009 8.5000000000000018 7.5000000000000009 6.5000000000000009 8.5000000000000018 9.4993648529052752 38.500000000000007 63.500000000000007 0.61505678296089183 48.500000000000007 26.500000000000004 4.5000000000000009 13.500000000000002 9.5000000000000018 58.500000000000007 66.500000000000014 73.500000000000014 5.5000000000000009 15.500000000000002
decision_type=2 2 2 2 2 2 2 2 2 2 2 2 2 2 2 2 2 2 2 2 2 2 2 2 2 2 2 2 2 2 2 2 2 2 2 2 2 2 2 2 2 2 2 2 2 2 2 2 2 2 2 2 2 2 2 2 2 2 2 2 2 2
left_child=4 2 17 7 18 6 10 -4 46 20 -6 12 14 -14 -3 -15 24 28 19 -1 60 30 27 -13 -7 32 59 -23 -2 -30 -21 -32 -16 -8 35 38 37 39 -35 -37 42 -42 43 -40 -45 -39 -5 49 -49 -10 -25 -52 -53 54 -43 -36 57 -57 -59 -27 -9 -19
right_child=1 11 3 8 5 16 33 9 47 -11 -12 23 13 15 25 -17 -18 61 -20 21 -22 22 -24 50 -26 26 -28 -29 29 -31 31 -33 -34 34 55 36 -38 45 40 -41 41 53 -44 44 -46 -47 -48 48 -50 -51 51 52 -54 -55 -56 56 -58 58 -60 -61 -62 -63
leaf_value=0.020591383951181784 0.029479542033741597 0.025859495686893698 -0.0032276965720642141 0.042575540331318752 0.024796234940482661 0.018838678574233748 0.0036686794168862588 0.030766462174023842 -0.10272414875780163 0.0045383767819766989 -0.07130499170710089 -0.11348456188606595 -0.11474625888311007 -0.096310581775152088 0.00087756703589945159 -0.011403832870090148 0.033950653842584458 0.041565528122293798 0.03055754972218265 0.0063513206326881845 -0.034093870476927239 0.067588348577870952 0.03660270027780934 0.023346710588309349 0.0039847071705902213 -0.021769070331373711 0.016515368122876628 -0.13296782711516061 -0.024581313739598445 -0.1144711530552871 -0.12016106849544067 -0.01089387203165048 -0.10898214619095443 0.036338819416437636 0.031835597321610017 -0.028035575315640285 0.0046318736778578132 -0.0018408198155431795 -0.11324192447199216 -0.11226476327223985 -0.03464154096189255 -0.10434102430476873 0.033996643855634362 0.051722031211370305 -0.1073456949551404 -0.11077036046969312 -0.086218552993624659 -0.0097142240706395173 -0.079282875735229658 0.018549889122859636 0.0077899472140029362 0.050810884479210484 -0.097799722756068075 -0.026425403870078468 -0.0004541369768762592 -0.10154196259333477 0.0065906930184274756 0.057061907430171623 -0.10122034069379154 0.0014755675800395066 -0.021958149260203425 0.0048181138283131166
leaf_weight=416.17599200003315 7.6788364998064962 116.67614844499622 147.1501627782709 30.127973908791319 158.10001916566398 321.49872118630446 1417.1524880168436 11.534677621908484 3.5314537975937119 56.960025311680511 5.8108354252763084 2.4200921619776627 10.316650693072004 6.959505714941769 5.3740766308037546 192.40843511628918 89.590708080912009 23.82670982790296 150.41428836318664 429.36965738993604 492.82862435972493 1.3942449092864979 57.769343417137861 150.04704390955158 364.3761387145496 107.1211681041168 95.816394389956258 2.6837240126915276 17.257015894123473 6.7725293326657257 5.2285377755761138 40.20347979827784 6.4196791057474911 15.100024636834858 46.193074011360295 17.558956938562918 461.90335178142413 57.421524247853085 4.7530512649100265 8.3212270028889161 129.684360390238 3.5836591341067097 27.335556833539158 6.5191201898269355 1.9711960337590406 3.2032632825430474 2.1515089785098089 1101.2199648637907 12.34439109964296 64.659743374679238 184.01780520542525 1.8826874494552601 8.5105247839819622 89.338300287578022 151.54903315001866 6.1447110229637474 139.8101264302677 3.8314245422370732 2.0204013762995583 123.95068473584251 329.77394033811288 395.03316777541477
leaf_count=1984 126 2771 28788 618 1065 4619 54454 748 533 5981 320 172 1284 2523 643 70574 514 1052 983 4344 846874 1 866 3066 7980 48354 10026 90 3881 536 312 1035 672 240 1005 367 28758 1874 225 300 15608 529 588 57 142 200 487 433853 1112 2100 12788 21 810 34197 35009 534 32202 33 268 23904 186268 33998
internal_value=0.000196831 -0.00810124 -0.0117383 -0.0149393 0.00684596 0.00426274 0.00163532 -0.0230246 -0.00802474 -0.0262937 0.0213893 0.00161347 -0.00344727 -0.0193064 0.00385561 -0.0143677 0.013605 0.0042626 0.0151179 0.0126806 -0.0283991 0.00654567 0.0299431 0.011316 0.0109474 -0.00372474 -0.00173328 -0.0643983 -0.0306888 -0.049916 0.00349794 -0.0234689 -0.0589222 0.000386804 -0.00356724 -0.00611111 0.00046041 -0.0218136 -0.0144954 -0.0551177 -0.0163463 -0.0195 0.0127321 -0.0311599 0.0147913 -0.00759639 0.0339911 -0.0091724 -0.0104854 0.0122694 0.0121929 0.00358428 -0.0708795 -0.0114678 -0.00285399 0.00900105 0.00205276 -0.0508333 0.00241338 -0.00930027 -0.0201763 0.00690848
internal_weight=8350.78 3714.77 2702.85 2252.28 4636.01 3532.77 2757.31 1038.25 1214.04 891.097 163.911 1011.92 665.043 209.685 455.358 199.368 775.466 450.568 1103.24 952.825 834.137 536.649 61.8473 346.878 685.875 338.682 326.888 4.07797 31.7084 24.0295 474.802 45.432 11.7938 2593.39 1176.24 978.243 548.408 86.505 429.834 25.8802 414.734 374.155 40.5789 13.2434 8.49032 60.6248 32.2795 1181.76 1113.56 68.1912 344.458 194.411 10.3932 244.471 155.133 198 151.807 11.9965 5.85183 231.072 341.309 418.86
internal_count=1955266 1724563 1546955 1507362 230703 221088 207975 1068659 438703 1039871 1385 177608 160751 74381 86370 73097 13113 39593 9615 8632 1033890 6648 957 16857 12599 83599 82284 91 4543 4417 5691 1347 1315 206590 152136 118094 31499 2741 86595 667 86355 85343 1012 424 199 2074 1105 437598 434965 2633 16685 13619 831 69735 35538 34042 33037 835 301 72258 187016 35050
is_linear=0
shrinkage=0.05


end of trees

feature_importances:
popularity=365
biencoder_cosine=338
rank_biencoder_nv_embed_top100=263
rank_biencoder_last2turns_top100=259
rank_e5_large_top100=200
pmi_sum=187
rank_biencoder_stella_top100=161
rank_biencoder_large_top100=148
rank_biencoder_top100=131
turn_number=127
rank_metadata_qwen3=120
rank_biencoder_current_only_top100=115
rank_biencoder_mxbai_top100=114
rank_cf_bpr=110
rank_decay_descending=102
n_legs_containing=93
score_biencoder_nv_embed_top100=90
rank_pmi_leg=70
rank_bm25_norepeat=69
score_biencoder_large_top100=52
score_biencoder_last2turns_top100=48
score_biencoder_stella_top100=44
score_cf_bpr=42
score_e5_large_top100=36
score_decay_descending=30
score_pmi_leg=28
score_metadata_qwen3=27
score_biencoder_current_only_top100=23
score_biencoder_mxbai_top100=21
score_biencoder_top100=21
score_bm25_norepeat=18
n_prior_accepts=16
is_in_all_legs=4

parameters:
[boosting: gbdt]
[objective: lambdarank]
[metric: ndcg]
[tree_learner: serial]
[device_type: cpu]
[data_sample_strategy: bagging]
[data: ]
[valid: ]
[num_iterations: 500]
[learning_rate: 0.05]
[num_leaves: 63]
[num_threads: 50]
[seed: 0]
[deterministic: 0]
[force_col_wise: 0]
[force_row_wise: 0]
[histogram_pool_size: -1]
[max_depth: -1]
[min_data_in_leaf: 10]
[min_sum_hessian_in_leaf: 0.001]
[bagging_fraction: 0.8]
[pos_bagging_fraction: 1]
[neg_bagging_fraction: 1]
[bagging_freq: 5]
[bagging_seed: 3]
[bagging_by_query: 0]
[feature_fraction: 0.8]
[feature_fraction_bynode: 1]
[feature_fraction_seed: 2]
[extra_trees: 0]
[extra_seed: 6]
[early_stopping_round: 0]
[early_stopping_min_delta: 0]
[first_metric_only: 0]
[max_delta_step: 0]
[lambda_l1: 0]
[lambda_l2: 0]
[linear_lambda: 0]
[min_gain_to_split: 0]
[drop_rate: 0.1]
[max_drop: 50]
[skip_drop: 0.5]
[xgboost_dart_mode: 0]
[uniform_drop: 0]
[drop_seed: 4]
[top_rate: 0.2]
[other_rate: 0.1]
[min_data_per_group: 100]
[max_cat_threshold: 32]
[cat_l2: 10]
[cat_smooth: 10]
[max_cat_to_onehot: 4]
[top_k: 20]
[monotone_constraints: ]
[monotone_constraints_method: basic]
[monotone_penalty: 0]
[feature_contri: ]
[forcedsplits_filename: ]
[refit_decay_rate: 0.9]
[cegb_tradeoff: 1]
[cegb_penalty_split: 0]
[cegb_penalty_feature_lazy: ]
[cegb_penalty_feature_coupled: ]
[path_smooth: 0]
[interaction_constraints: ]
[verbosity: -1]
[saved_feature_importance_type: 0]
[use_quantized_grad: 0]
[num_grad_quant_bins: 4]
[quant_train_renew_leaf: 0]
[stochastic_rounding: 1]
[linear_tree: 0]
[max_bin: 255]
[max_bin_by_feature: ]
[min_data_in_bin: 3]
[bin_construct_sample_cnt: 200000]
[data_random_seed: 1]
[is_enable_sparse: 1]
[enable_bundle: 1]
[use_missing: 1]
[zero_as_missing: 0]
[feature_pre_filter: 1]
[pre_partition: 0]
[two_round: 0]
[header: 0]
[label_column: ]
[weight_column: ]
[group_column: ]
[ignore_column: ]
[categorical_feature: ]
[forcedbins_filename: ]
[precise_float_parser: 0]
[parser_config_file: ]
[objective_seed: 5]
[num_class: 1]
[is_unbalance: 0]
[scale_pos_weight: 1]
[sigmoid: 1]
[boost_from_average: 1]
[reg_sqrt: 0]
[alpha: 0.9]
[fair_c: 1]
[poisson_max_delta_step: 0.7]
[tweedie_variance_power: 1.5]
[lambdarank_truncation_level: 20]
[lambdarank_norm: 1]
[label_gain: ]
[lambdarank_position_bias_regularization: 0]
[eval_at: ]
[multi_error_top_k: 1]
[auc_mu_weights: ]
[num_machines: 1]
[local_listen_port: 12400]
[time_out: 120]
[machine_list_filename: ]
[machines: ]
[gpu_platform_id: -1]
[gpu_device_id: -1]
[gpu_use_dp: 0]
[num_gpu: 1]

end of parameters

pandas_categorical:null
