tree
version=v4
num_class=1
num_tree_per_iteration=1
label_index=0
max_feature_idx=26
objective=lambdarank
feature_names=rank_biencoder_current_only_top100 score_biencoder_current_only_top100 rank_biencoder_large_top100 score_biencoder_large_top100 rank_biencoder_last2turns_top100 score_biencoder_last2turns_top100 rank_biencoder_top100 score_biencoder_top100 rank_bm25_norepeat score_bm25_norepeat rank_cf_bpr score_cf_bpr rank_decay_descending score_decay_descending rank_e5_large_top100 score_e5_large_top100 rank_metadata_qwen3 score_metadata_qwen3 rank_pmi_leg score_pmi_leg popularity turn_number n_prior_accepts pmi_sum is_in_all_legs n_legs_containing biencoder_cosine
feature_infos=[0:101] [0:0.016393441706895828] [0:101] [0:0.016393441706895828] [0:101] [0:0.016393441706895828] [0:101] [0:0.016393441706895828] [0:101] [0:0.016393441706895828] [0:101] [0:0.016393441706895828] [0:101] [0:0.016393441706895828] [0:101] [0:0.016393441706895828] [0:101] [0:0.016393441706895828] [0:101] [0:0.016393441706895828] [0:93] [1:8] [0:7] [0:58.093009948730469] [0:1] [1:10] [-0.33379989862442017:0.94556230306625366]
tree_sizes=7012 6978 7004 7048 7003 6995 6990 6970 6991 7022 6989 6992 7022 6975 6962 6998 7002 6977 6987 7015 6960 7013 6990 6981 6998 6976

Tree=0
num_leaves=63
num_cat=0
split_feature=25 25 20 14 14 10 4 26 20 20 23 4 14 4 26 4 10 2 26 23 23 26 6 2 25 4 14 2 23 26 2 4 4 4 8 20 26 2 12 14 10 20 21 12 26 0 10 20 26 10 8 21 2 12 12 21 0 26 10 16 20 6
split_gain=3995.45 568.671 335.742 319.786 233.375 156.692 144.819 142.907 130.871 87.3239 82.5864 69.8622 64.8337 61.703 64.7408 51.483 52.3545 44.885 44.7457 43.5008 37.2435 35.103 33.1662 31.4929 29.7787 27.773 26.8593 25.7227 25.2834 30.2341 24.3133 19.4524 18.2427 17.4921 17.126 16.8925 19.6669 16.54 17.1858 16.2847 15.6412 15.301 14.7871 14.7837 15.0867 14.7558 14.4393 14.1964 15.141 12.9221 12.8126 12.8112 12.6282 12.3889 12.2971 11.9564 11.0531 11.0286 16.16 13.5157 10.9298 10.8165
threshold=4.5000000000000009 2.5000000000000004 61.500000000000007 17.500000000000004 29.500000000000004 17.500000000000004 15.500000000000002 0.38127884268760687 57.500000000000007 49.500000000000007 4.5031340122222909 26.500000000000004 55.500000000000007 34.500000000000007 0.33871887624263769 12.500000000000002 3.5000000000000004 15.500000000000002 0.59439498186111461 3.5899987220764165 5.4918768405914316 0.5298743247985841 35.500000000000007 100.00000000000001 5.5000000000000009 57.500000000000007 14.500000000000002 96.500000000000014 6.2788207530975351 0.29661771655082708 26.500000000000004 30.500000000000004 26.500000000000004 34.500000000000007 3.5000000000000004 56.500000000000007 0.62407127022743236 19.500000000000004 18.500000000000004 3.5000000000000004 4.5000000000000009 64.500000000000014 1.5000000000000002 18.500000000000004 0.62966758012771618 61.500000000000007 13.500000000000002 80.500000000000014 0.5363391935825349 13.500000000000002 1.0000000180025095e-35 5.5000000000000009 40.500000000000007 18.500000000000004 18.500000000000004 4.5000000000000009 48.500000000000007 0.29661771655082708 11.500000000000002 11.500000000000002 75.500000000000014 28.500000000000004
decision_type=2 2 2 2 2 2 2 2 2 2 2 2 2 2 2 2 2 2 2 2 2 2 2 2 2 2 2 2 2 2 2 2 2 2 2 2 2 2 2 2 2 2 2 2 2 2 2 2 2 2 2 2 2 2 2 2 2 2 2 2 2 2
left_child=1 2 6 17 26 40 23 20 15 11 12 54 52 -4 -15 30 34 39 22 47 33 25 45 -1 35 -14 -3 31 29 -10 -6 -24 -31 -8 50 36 -19 51 -39 -2 -5 -28 -29 -34 60 -18 -27 48 -16 -33 -17 -23 -9 55 -7 -13 -38 -35 -59 -60 -45 -56
right_child=3 4 13 5 8 9 7 10 28 -11 -12 53 21 14 19 16 18 24 -20 -21 -22 37 27 -25 -26 46 41 42 -30 32 -32 49 43 57 -36 -37 56 38 -40 -41 -42 -43 -44 44 -46 -47 -48 -49 -50 -51 -52 -53 -54 -55 61 -57 -58 58 59 -61 -62 -63
leaf_value=-0.10000000000000001 0.091064550828789406 0.05668379395449466 0.07022780340948237 0.077771396992693032 -0.024054138302908441 0.06047531561411254 -0.0144295485109295 0.042359630709517967 -0.10000000000000001 0.042819399851797939 0.040739623789089345 -0.040726684659600408 -0.031863676547246957 -0.060933740377744641 -0.0265392338429805 0.03547596024761112 -0.069284904143874351 -0.031805158535514549 -0.016899412181935553 0.046821889508563218 0.014096040400659366 0.060100676339066142 -0.029951388820093402 0.058225251604205989 0.072671293014684057 0.00038556524805725099 0.010536093187547498 -0.082159000116541744 0.060272166000989148 0.051436561454247909 0.056457647539075874 0.079104622283450166 0.05298304056530994 -0.095448344947071037 0.078056486993811985 0.067592625181727692 0.046879001555541581 0.036671857313902871 -0.048889948476147652 0.076722562562436675 0.053708687412145933 0.066170001564647765 -0.023979903687613525 -0.030042554059255246 0.032205548770240379 0.0094563359030897173 -0.070065148496607485 0.026214320818339371 0.0052094589416527802 -0.078045461391534565 -0.099999999999999922 -0.09999999999999995 -0.026956294932999499 -0.033553555763390655 0.032300180734976973 0.036094927897556216 -0.042664709522658426 0.011872917185647787 0.024080734679897974 -0.083466390929792536 0.023917368702739122 -0.0042600856549606025
leaf_weight=3.5070799263776271 431.09129176539136 131.31613613836817 26.197237335611135 121.06144767714432 15.529551267740315 21.595594778074883 8.2477549501636513 6.8913100375793865 5.7864599203167009 173.68214471684769 23.265731139865238 8.051333033305129 54.554051861850894 51.026592326255923 99.704450835270109 4.4473865905310968 7.4690059098647898 15.058122350863412 149.73201637681632 42.770102860900806 9.3536862645996717 6.0927034934284157 26.844415291328914 30.449330803618068 124.34019844169961 7.3662595703499383 69.051521191577194 13.155449111334745 34.022522186758579 29.054024645593017 23.668588909087703 1.3209265758050595 13.942909788223913 239.8697320427018 12.905218157800844 23.155889695044607 30.427568170416635 5.9914128839154719 286.78718901812681 365.93758904363494 152.73741162286024 15.053100705903487 64.320056013952126 40.467425209004432 21.458697457564995 29.250400813034503 574.66050228530366 24.605617172375787 60.242833169482765 134.84557873696031 2.872427530644929 1.5718911357689647 141.25597203464713 116.10836381616537 52.635276848202921 13.654968994291265 3.8865052526816717 4.664315052679739 2.9585576943063634 232.12638939863245 12.217857134848598 32.860834577324567
leaf_count=2816 10346 20168 3792 7505 7655 2158 4939 2217 3439 20460 4942 1821 30069 39943 56438 729 5046 4126 43768 7896 4737 1513 12388 6089 6930 2460 20061 7195 3557 5782 4383 173 2852 197185 1360 2024 2944 1419 127392 19956 15177 2185 27876 16662 4946 10556 337669 7286 21219 64589 1905 1745 64152 26388 7994 1722 1240 1536 1079 159200 2824 7138
internal_value=0.000210899 -0.0363765 -0.0513444 0.0610255 -0.0024894 0.0349381 -0.0602994 -0.0624603 -0.0175729 0.0157009 -0.0524698 -0.00353089 -0.0544681 -0.00313291 -0.0100373 -0.0303839 -0.0352003 0.0791989 -0.038924 0.00138723 -0.084732 -0.0593277 -0.0508205 0.0418835 0.0578194 -0.0659761 0.0425544 -0.0575785 0.0221262 0.0115686 0.0245604 -0.068852 0.0170798 -0.0866267 0.0434051 0.0323577 0.0158322 -0.0452409 -0.047139 0.0844798 0.0643481 0.0204935 -0.0338588 0.00574775 -0.00313494 -0.00656023 -0.0691735 -0.00914224 -0.0145813 -0.076521 -0.0176873 0.0272665 -0.023732 -0.0270717 0.0267634 0.00760014 0.036737 -0.0878683 -0.0802844 -0.0821129 -0.0175291 0.0182481
internal_weight=4489.18 2802.89 1944.16 1686.28 858.732 692.387 1639.61 1605.66 643.311 418.589 1108.44 244.906 1085.17 304.547 278.35 486.361 447.163 993.897 426.938 227.323 497.22 937.024 277.206 33.9564 196.868 636.581 215.421 240.486 156.95 122.927 39.1981 163.011 117.141 487.867 20.225 72.5281 49.3722 300.443 292.779 797.029 273.799 84.1046 77.4755 88.0869 74.144 36.7194 582.027 184.553 159.947 136.167 7.31981 7.66459 148.147 137.815 107.092 21.7063 34.3141 479.619 239.749 235.085 52.6853 85.4961
internal_count=1495761 1357832 1087733 137929 270099 90363 951159 942254 227685 67681 573578 47221 568636 136574 132782 187623 175585 47566 171591 92839 368676 502267 127823 8905 17264 370198 42414 112221 40062 36505 12038 77150 33066 363939 3994 10334 8310 132069 128811 30302 22682 22246 35071 27284 24432 15602 340129 84943 77657 64762 2634 3258 66369 29931 17290 3543 4184 359000 161815 160279 19486 15132
is_linear=0
shrinkage=0.05


Tree=1
num_leaves=63
num_cat=0
split_feature=26 25 23 4 26 6 13 16 20 4 23 4 20 16 4 16 23 14 10 23 13 14 14 26 14 20 20 20 16 14 21 21 4 6 0 13 10 8 0 21 16 6 10 10 25 4 0 10 2 26 26 4 20 0 26 26 13 2 2 2 8 26
split_gain=3349.81 742.382 705.545 645.878 430.848 332.977 203.411 185.685 175.396 137.585 125.839 125.189 126.977 98.5123 88.516 86.0372 79.6238 73.0409 85.9304 72.5134 74.5789 66.3898 65.9779 125.167 62.3743 61.0313 57.9329 57.8856 53.945 53.5132 53.251 51.9247 48.272 53.0385 46.4243 46.3104 82.8309 45.3867 44.1316 40.7743 39.8389 39.659 38.4445 37.3492 37.3349 36.7158 40.3743 35.9635 35.6911 33.8921 50.1528 33.4459 33.3894 33.3596 37.89 33.2606 48.4264 33.1379 32.6819 31.9665 31.8214 31.4397
threshold=0.5298743247985841 5.5000000000000009 4.1021633148193368 19.500000000000004 0.37940447032451635 7.5000000000000009 0.012579114176332952 3.5000000000000004 73.500000000000014 3.5000000000000004 18.974839210510257 3.5000000000000004 70.500000000000014 13.500000000000002 37.500000000000007 2.5000000000000004 8.6628665924072283 53.500000000000007 60.000000000000007 10.606995582580568 0.015504807699471714 10.500000000000002 5.5000000000000009 0.63592511415481578 38.500000000000007 54.500000000000007 44.500000000000007 73.500000000000014 18.500000000000004 96.500000000000014 4.5000000000000009 1.5000000000000002 87.500000000000014 5.5000000000000009 16.500000000000004 0.012579114176332952 5.5000000000000009 60.000000000000007 71.500000000000014 3.5000000000000004 17.500000000000004 4.5000000000000009 8.5000000000000018 9.5000000000000018 4.5000000000000009 8.5000000000000018 2.5000000000000004 10.500000000000002 48.500000000000007 0.46481834352016455 0.34108430147171026 87.500000000000014 47.500000000000007 18.500000000000004 0.81944045424461376 0.29661771655082708 0.013072453904896976 66.500000000000014 8.5000000000000018 12.500000000000002 17.500000000000004 0.64216879010200512
decision_type=2 2 2 2 2 2 2 2 2 2 2 2 2 2 2 2 2 2 2 2 2 2 2 2 2 2 2 2 2 2 2 2 2 2 2 2 2 2 2 2 2 2 2 2 2 2 2 2 2 2 2 2 2 2 2 2 2 2 2 2 2 2
left_child=2 11 3 9 15 7 8 24 17 -1 14 -2 16 -11 25 -5 22 -6 -19 20 -4 57 32 29 -3 28 -20 55 53 39 -27 38 33 45 59 47 -37 41 -15 -24 61 -8 -18 -42 -34 -13 -47 -31 -9 50 -36 -10 -49 -7 -55 -17 -57 -14 -45 -33 -23 -16
right_child=1 5 19 4 6 10 37 48 51 13 -12 12 21 31 40 27 42 18 26 -21 -22 60 23 -25 -26 30 -28 -29 -30 35 -32 34 44 -35 49 36 -38 -39 -40 -41 43 -43 -44 58 -46 46 -48 52 -50 -51 -52 -53 -54 54 -56 56 -58 -59 -60 -61 -62 -63
leaf_value=0.047268806463022978 0.02376428023130274 0.061256827421426185 0.01262763162690806 -0.00012004940890194582 -0.02851129682985995 0.0281433486767327 0.06221720015409693 0.032544512049732952 -0.02885631611669618 0.055254613595294183 0.051180849986119027 0.016851009440549566 -0.05117000522691293 -0.034658188534140377 -0.0014278975027788867 -0.08671011889398958 -0.10303227676825073 0.0086558404949445191 -0.062067885463333111 0.04562787541494906 -0.10344505888161754 -0.1024354910614074 -0.01784553589507135 0.01148191823191585 -0.040156394573481198 0.0468608611891113 -0.040168628369798003 -0.025159000238677422 -0.007516869657136333 -0.10236944791961636 0.0093613885784764074 -0.10198443634108584 0.025377921718144954 -0.040727150799315076 -0.0086248333103722073 -0.064619441980351924 0.042569672086595532 0.034635358716360712 0.026845467558349906 0.0047302629463297019 -0.032512543241846832 -0.016371120980104983 0.040512077728150658 -0.10289925862747157 -0.077524271348570775 0.043981871647984755 -0.052768133747125225 -0.035027468842329018 -0.067225619193667568 -0.025631876887770008 -0.10145101825454655 0.029756292701147463 -0.0098531796710019919 0.012122010514592723 -0.058550068363512155 -0.07409057321690686 -0.020902481875372747 0.051752259355100444 0.036322017214366599 0.016601621480375833 0.037408658240467005 -0.032675910641894471
leaf_weight=161.81419877591543 624.66909834789112 1114.317949376069 228.60956472239923 38.600531011004932 439.52154258679366 488.32537015376147 17.554227039217949 1223.5021239302005 32.860603118198924 54.082564772339538 260.84723119228147 87.745128985028714 35.878404762130231 43.071235715295188 200.83601947128773 581.08832411142066 4.8486293018795541 56.211245947517455 868.82286064070649 211.49583886621986 14.730406076181678 4.1212405536789438 304.03830566426041 1037.536137161951 15.371152254519982 314.8262266718084 462.90272788703442 53.467716253828257 234.91206664405763 15.438816674752159 135.38145140488632 6.3535553622059515 74.538773589069024 286.896336695645 20.807723891339265 25.261405733879656 62.900669751223177 80.54696018260438 90.348323247628286 584.51259536563884 29.338343717157841 187.75917962938547 122.8077532669995 4.3873350508511058 9.996840068837626 13.616648777388034 51.81804437446408 330.42918541724794 9.0300914617255312 79.13769985397812 48.392022860352881 93.85360527515877 219.01982639334165 362.39372114895377 20.013071773108095 492.49308836460114 46.867535155033693 10.000647844048215 107.55238745012321 53.835138357360847 314.32064596901182 134.33966259390581
leaf_count=3329 9772 3743 20231 4031 74733 4790 127 9079 3377 560 2130 640 831 2932 3922 230494 147 6627 311692 5832 574 293 35853 84141 244 2895 143265 14606 5273 991 2026 563 2622 5699 1229 720 4245 8086 1930 74250 598 9864 4628 104 206 63 896 101777 341 6594 5379 12913 47948 5673 418 175992 6777 232 3065 2512 18159 3098
internal_value=0.000520207 0.0182909 -0.0348036 -0.0414969 -0.0495625 0.0320592 -0.0365675 0.0452344 -0.0423302 0.0084221 0.0184872 0.00310358 -0.000485713 -0.00745038 0.014291 -0.0735699 -0.00364061 -0.0462746 -0.0518998 0.0242134 0.00560126 0.0274972 -0.00523236 -0.00194454 0.0598769 0.0200654 -0.0544558 -0.0759851 0.0137463 -0.0109809 0.0355844 -0.0173679 -0.0213962 -0.0280436 -0.0329529 -0.0218472 0.0118564 0.00282697 0.00699052 -0.00299457 -0.00456548 -0.00965185 0.03506 0.0177041 0.0132091 -0.00428817 -0.0326349 -0.0271073 0.0318136 -0.0479807 -0.073539 0.0145564 -0.0249926 0.0194828 0.00842342 -0.0784105 -0.0694688 -0.0287352 0.0308654 0.0040836 0.0355988 -0.0139522
internal_weight=13341 8875.77 4465.23 4010.39 3452.55 4655.37 2240.03 2362.22 1954.17 557.842 2293.15 4220.4 3595.73 396.028 2032.31 1212.52 3231.41 1827.46 1387.94 454.836 243.34 364.321 3103.75 2579.14 1129.69 1555.85 1331.73 1173.92 1105.64 1541.6 450.208 341.946 524.612 440.076 208.526 653.05 88.1621 285.86 133.42 888.551 476.454 205.313 127.656 141.278 84.5356 153.18 65.4347 564.888 1232.53 148.337 69.1997 126.714 549.449 870.732 382.407 1120.45 539.361 45.8791 111.94 60.1887 318.442 335.176
internal_count=1495761 441512 1054249 1027612 1002584 47399 570684 13407 552607 25028 33992 394113 384341 21699 31862 431900 364826 536317 461584 26637 20805 19515 360051 349925 3987 21075 454957 427869 16154 265784 4921 21139 10126 7298 16277 155681 4965 18077 4862 110103 10787 9991 4775 3767 2828 1599 959 150716 9420 13202 6608 16290 149725 10881 6091 413263 182769 1063 3169 3075 18452 7020
is_linear=0
shrinkage=0.05


Tree=2
num_leaves=63
num_cat=0
split_feature=25 25 26 20 4 4 26 6 20 10 18 21 4 17 6 26 20 26 18 4 17 26 12 26 4 2 0 12 2 12 18 18 26 12 10 21 6 26 10 20 20 2 8 4 0 4 12 8 0 8 20 2 0 2 17 12 21 6 17 21 0 2
split_gain=3776.08 588.721 582.67 383.15 268.066 233.309 160.562 155.002 125.492 114.786 97.1098 76.3653 70.4286 67.9118 70.6837 60.3724 58.2529 78.336 50.1258 80.0462 48.8088 45.3976 44.0217 43.1659 44.3245 40.3602 38.4677 37.5609 36.9069 36.7457 36.71 45.2181 36.3576 36.317 36.0308 36.0742 34.9876 34.8539 34.8151 34.3813 32.4919 35.6663 32.4554 39.8825 32.2554 37.0433 38.8194 37.4214 32.1905 32.1728 31.8427 31.6664 31.3381 30.8904 38.632 44.0481 34.9807 30.1641 29.1803 30.3536 29.0491 35.1074
threshold=3.5000000000000004 5.5000000000000009 0.5298743247985841 64.500000000000014 2.5000000000000004 19.500000000000004 0.38127884268760687 10.500000000000002 48.500000000000007 13.500000000000002 12.500000000000002 4.5000000000000009 34.500000000000007 0.013423423748463394 17.500000000000004 0.22946026176214221 80.500000000000014 0.48338349163532263 60.000000000000007 9.5000000000000018 0.014389234129339458 0.56467956304550182 6.5000000000000009 0.62407127022743236 6.5000000000000009 29.500000000000004 15.500000000000002 8.5000000000000018 77.500000000000014 9.5000000000000018 18.500000000000004 1.5000000000000002 0.44299080967903143 15.500000000000002 8.5000000000000018 4.5000000000000009 1.5000000000000002 0.61347094178199779 17.500000000000004 44.500000000000007 52.500000000000007 4.5000000000000009 1.0000000180025095e-35 37.500000000000007 95.500000000000014 74.500000000000014 4.5000000000000009 6.5000000000000009 2.5000000000000004 60.000000000000007 40.500000000000007 36.500000000000007 21.500000000000004 67.500000000000014 0.014389234129339458 16.500000000000004 5.5000000000000009 39.500000000000007 0.012903762981295587 6.5000000000000009 6.5000000000000009 6.5000000000000009
decision_type=2 2 2 2 2 2 2 2 2 2 2 2 2 2 2 2 2 2 2 2 2 2 2 2 2 2 2 2 2 2 2 2 2 2 2 2 2 2 2 2 2 2 2 2 2 2 2 2 2 2 2 2 2 2 2 2 2 2 2 2 2 2
left_child=2 7 3 5 48 28 20 26 11 25 -8 44 51 14 -12 -14 17 42 27 40 34 38 37 24 -13 -6 -2 -11 -1 -22 31 -17 -32 -26 35 -7 52 -21 -4 -16 -20 -42 -10 -44 60 -46 47 -47 -3 50 -24 -5 -28 -19 55 -55 -57 -39 59 -25 -9 -62
right_child=1 4 21 12 9 6 10 8 16 18 13 23 15 -15 39 30 -18 53 19 22 29 -23 49 58 33 -27 36 -29 -30 -31 32 -33 -34 -35 -36 -37 -38 57 -40 -41 41 -43 43 -45 45 46 -48 -49 -50 -51 -52 -53 -54 54 -56 56 -58 -59 -60 -61 61 -63
leaf_value=-0.047586893716876105 0.032550916037747013 0.059189688613970073 0.042609535437194632 -0.10209242576385713 0.035488949544641261 -0.090595282398023863 0.012909932066427265 -0.0053570460924372339 0.045863642495398295 0.06391444972093889 0.0059650892362684629 -0.082545785104231675 -0.070617145840923157 0.030386640669600291 -0.058220659361670257 -0.10280869595196199 0.046642663819003977 0.016566137531486148 0.031510353650183259 0.047308085742985541 0.054373104426015118 -0.00070343488755262153 -0.059731190110516807 -0.0079530409865202524 0.020092076447665509 0.01941635661205144 -0.10287237900357814 0.020677758117644419 0.0033680687379518425 -0.056079934229367016 -0.035023318024679409 0.022197292550307814 -0.0023958104224415955 -0.017811178702482298 -0.075813831105397564 0.026880995360895606 0.0016797164505305457 0.0056866583441553681 -0.022063124883653862 -0.041382858135730984 -0.103287114754208 0.0090669963761759367 0.0055529609453156444 -0.064281129725699868 0.0080030567177355513 -0.043334130708577674 -0.072249945467154214 0.074232671564574873 0.043672750894338537 -0.0029107136606252026 -0.013866747835771293 0.038130295273119147 0.040246081223670953 -0.1026506548800874 0.037281724313845424 0.0065862158387466566 -0.055621207533935006 -0.10153213502183706 0.073846367289019749 0.023628053959717597 -0.10314405001585464 -0.034550975117349517
leaf_weight=43.281893911713269 502.51263497164473 715.58513813070022 21.741647387389094 4.220521275419741 1785.4875753744273 10.571302423486488 64.844995701452717 81.810922731645405 11.638851541792972 62.271117880009115 52.548668773029931 21.102731632301584 45.926835974678397 26.091362153878435 993.12648339674342 7.7528524012304834 104.81325362133794 751.10475513304118 272.58171316655353 56.405182373244315 12.796225169906394 932.20434203580953 65.863663509488106 138.80865331017412 85.998597285011783 499.96128060406772 3.9672780637629321 259.79225859348662 198.5806384999305 18.296521224081516 171.0061725959531 108.13778224820271 170.52305179892574 238.35567551269196 981.12994639296085 17.114615075057372 267.93347535131034 65.110142376855947 485.49134013312869 436.39228161267238 9.1816168823279423 30.618874024134129 29.665603733388707 65.777951173949987 128.90695715509355 16.083490640390668 36.61411785997916 11.686585436109452 627.18482162570581 196.77202830603346 88.957407995709218 87.473800997133367 106.59149725385942 14.351484518963842 37.982699492480606 85.72878120385576 30.68841755320318 7.2947129418607792 18.603465067222714 168.37525075301528 19.802614833693951 321.68448659812566
leaf_count=6598 7384 2422 1121 560 15316 4031 3218 3443 670 491 12240 1694 18194 3521 336101 555 1893 34189 2794 932 1080 157233 3140 10608 5572 9422 231 4575 9285 5914 40734 5596 27094 31041 375654 2644 12257 1068 95942 131239 221 433 1762 9353 9100 2062 8019 204 3409 5317 2742 2580 2182 1028 1114 5444 3086 459 317 8745 1510 38978
internal_value=0.000678609 0.0217424 -0.033975 -0.0451245 0.0330264 -0.0527321 -0.0570809 0.00552686 -0.0010114 0.0255567 -0.0470032 -0.011686 -0.00862654 -0.0495792 -0.050987 -0.0159684 0.0111354 0.00751138 0.0124035 0.00564597 -0.0723248 -0.00725339 -0.00716561 -1.67149e-05 -0.0123299 0.0319729 0.0234835 0.0290376 -0.00575045 -0.010623 -0.0104815 0.0138346 -0.0187326 -0.00776159 -0.0742265 -0.0179749 0.0114449 0.0178405 -0.019291 -0.0530805 0.0253485 -0.0168521 -0.0329629 -0.0425754 -0.0243897 -0.00746623 -0.0384381 0.00614195 0.051942 -0.0163269 -0.0333783 0.0316761 0.0351104 0.0122231 -0.00710766 -0.0200009 -0.00981211 -0.00511552 0.0130399 0.00935735 -0.0321176 -0.0385286
internal_weight=12932.9 8043.66 4889.25 3449.82 4743.07 2854.77 2612.91 3300.59 2419.59 3400.3 1573 1287.83 595.041 1508.16 1482.07 503.347 1131.75 1026.94 1114.85 792.785 1039.91 1439.44 480.403 671.244 345.457 2285.45 881.005 322.063 241.863 31.0927 457.42 115.891 341.529 324.354 1008.82 27.6859 378.492 128.81 507.233 1429.52 312.382 39.8005 107.082 95.4436 616.589 193.291 64.3842 27.7701 1342.77 351.593 154.821 91.6943 110.559 919.856 168.751 130.769 116.417 72.4049 325.787 307.184 423.298 341.487
internal_count=1495761 254627 1241134 986838 52741 891525 875642 201886 179832 46910 486319 121293 95313 483101 479580 92173 58539 56646 22172 17106 389323 254296 13658 57977 38307 24738 22054 5066 15883 6994 73979 6151 67828 36613 382329 6675 14670 2459 97063 467340 3448 654 11785 11115 63316 19385 10285 2266 5831 11199 5882 3140 2413 44861 10672 9558 8530 1527 19670 19353 43931 40488
is_linear=0
shrinkage=0.05


Tree=3
num_leaves=63
num_cat=0
split_feature=25 14 26 20 23 4 25 26 14 17 14 18 26 4 17 26 17 20 17 24 4 2 26 13 20 20 14 20 4 14 9 13 17 26 23 21 2 14 23 10 20 26 21 20 20 14 26 17 9 26 4 26 14 20 20 21 20 0 23 13 4 20
split_gain=3401.4 767.039 559.867 357.759 277.117 262.987 248.217 138.484 105.552 94.4856 89.7682 68.8473 68.31 61.352 60.5491 62.1635 58.3801 56.2607 55.9244 52.0746 48.9779 40.1116 36.0446 49.2133 37.3492 52.116 35.1406 34.8273 32.5642 31.7195 31.1889 31.0376 30.045 30.2675 29.6159 33.5754 29.2914 28.2533 33.4513 28.1181 27.6185 27.2564 26.7586 28.3474 26.7015 26.6588 25.8254 25.6839 25.5593 41.2483 25.3445 25.3435 25.297 24.7843 24.3638 24.1785 24.1461 31.8657 23.1552 23.128 24.0528 27.1275
threshold=3.5000000000000004 4.5000000000000009 0.5298743247985841 73.500000000000014 4.1021633148193368 34.500000000000007 5.5000000000000009 0.38127884268760687 63.500000000000007 0.014599318150430919 22.500000000000004 18.500000000000004 0.62966758012771618 1.0000000180025095e-35 0.013986697886139156 0.38862231373786932 0.013423423748463394 43.500000000000007 0.014389234129339458 1.0000000180025095e-35 17.500000000000004 77.500000000000014 0.46481834352016455 0.012739370577037336 51.500000000000007 2.5000000000000004 11.500000000000002 48.500000000000007 53.500000000000007 8.5000000000000018 0.014599318150430919 0.016001024283468727 1.0000000180025095e-35 0.56467956304550182 14.433103561401369 7.5000000000000009 1.0000000180025095e-35 20.500000000000004 11.997003555297853 1.0000000180025095e-35 59.500000000000007 0.60362091660499584 3.5000000000000004 38.500000000000007 59.500000000000007 56.500000000000007 0.42264652252197271 0.013423423748463394 1.0000000180025095e-35 0.58585363626480114 73.500000000000014 0.21713267266750338 82.500000000000014 37.500000000000007 83.500000000000014 4.5000000000000009 13.500000000000002 46.500000000000007 4.2815890312194833 0.016261236742138866 94.500000000000014 26.500000000000004
decision_type=2 2 2 2 2 2 2 2 2 2 2 2 2 2 2 2 2 2 2 2 2 2 2 2 2 2 2 2 2 2 2 2 2 2 2 2 2 2 2 2 2 2 2 2 2 2 2 2 2 2 2 2 2 2 2 2 2 2 2 2 2 2
left_child=2 9 3 4 5 21 11 18 -4 53 -9 29 13 -13 22 39 27 32 -7 -8 -5 -1 28 24 25 50 -27 45 -15 -3 -14 -11 33 -10 35 40 -21 -22 -39 -16 -6 -26 -23 -44 -43 -12 -29 -25 -17 59 -24 -20 -42 55 -40 -2 -35 -58 -19 60 -50 -62
right_child=1 6 8 20 34 7 19 10 17 31 16 12 30 14 15 48 -18 58 51 36 37 42 23 47 41 26 -28 46 -30 -31 -32 -33 -34 56 -36 -37 -38 38 54 -41 52 44 43 -45 -46 -47 -48 -49 49 -51 -52 -53 -54 -55 -56 -57 57 -59 -60 -61 61 -63
leaf_value=-0.045087499982947143 0.027764735709856221 -0.10592872763999023 0.016021574393682771 0.054919123523909368 0.024646987018922012 -0.075130000661715324 0.018402981537952168 -0.0014931068745425162 -0.048545824162223396 0.045222948746137109 -0.037436613251262615 0.04574745994674017 0.0058825781529690795 -0.020318478670180686 0.012170614753661727 0.06693037209419124 0.01348069036446937 -0.0086886224450482587 -0.071284659113557192 -0.10334928545660865 0.054861642249421944 0.012459853497285548 0.010209662615990416 0.031087811941811913 -0.00030288264455296605 -0.0026963327917729472 -0.043298332859981102 -0.06526816993184785 -0.077881181608797645 0.0284653653182271 -0.10537259770028912 0.060261322658172217 0.05521150284555492 0.0067678933014124164 0.039323178934697972 -0.065748948072200816 0.043184635261922066 -0.013158555578131849 0.052487574212236814 -0.075885430713830526 0.058366428423920362 -0.00017994190375455126 -0.051031232361117666 0.00043737731882923219 -0.06814252086903004 -0.061709688326981184 -0.033673955782538498 -0.10092132320150729 0.051001332253313061 -0.10440182595976746 -0.070782288291372994 0.018100029993425595 -0.036522032703938667 0.025711429050450457 -0.10199632453479979 0.048282104955981731 -0.09248932562180695 -0.022319281180062083 0.019087156328985333 0.065995852901204508 0.041066996708004622 -0.040713313653190607
leaf_weight=67.223859321791679 238.46969257819001 4.4803674598224452 400.23001312382985 45.162751012481749 75.520598759641871 976.00385036692023 2396.0863323281519 93.463440535240807 150.3906932643149 744.86024737381376 130.03681357821915 45.154532287968323 1186.9686590025667 53.106720226816833 14.650544224772601 34.452487882692367 33.140730406390503 430.33202791132499 11.857009226689113 3.4536558818072072 20.691679446725175 145.04958405299112 100.97111624968238 69.538474789587781 301.93952980975155 64.174077791860327 314.24288525315933 83.10781342536211 45.723367771483026 218.69717534771189 6.3330147922970346 636.12064226064831 10.396160967648028 62.526566322194412 53.494583082851022 19.205190242268145 272.25384491519071 217.38858822919428 31.515248452778906 23.782774444902316 8.2853788922075164 26.237579993437976 44.533848539926112 67.003621260169894 32.175109755946323 869.39870858378708 291.70694534992799 3.8907775240950278 23.559116444783285 6.5400931914336971 10.680963694117962 23.944631847087294 46.135873575229198 594.63172240334097 2.7771230288781217 360.90205348632298 17.955021383240819 163.5979236853309 90.879665842046961 25.583408350357786 15.760112103540449 28.437570310314186
leaf_count=15195 3148 214 47531 489 6305 396338 41507 17637 46773 3444 35601 671 60898 6429 827 481 3716 90044 4663 48 909 6898 9653 3040 16938 3519 50301 29020 11930 6069 302 1532 1066 13300 1284 3064 1850 33742 435 7477 302 1883 8674 7124 2432 319744 87851 633 402 596 2371 2814 4875 8189 158 3527 7107 44597 3878 518 688 3110
internal_value=0.000829973 0.0208369 -0.0329376 -0.0438049 -0.0490813 -0.0531169 0.0100094 -0.0585823 -0.00543445 0.0432442 -0.0489444 -0.000811563 -0.00324873 -0.011464 -0.0136249 0.0137529 -0.0520956 -0.0147073 -0.0728786 0.0207708 0.00669488 -0.0107068 -0.01825 -0.0151798 -0.0185708 -0.0275561 -0.0364128 -0.053677 -0.0469496 0.0257674 0.00529213 0.0521501 -0.0286902 -0.0309015 0.00740629 -0.00404134 0.0413491 -0.0013013 -0.00591867 -0.042319 0.00507894 -0.00635119 -0.00169929 -0.0201126 -0.0376154 -0.0585515 -0.0406794 0.0240931 0.0297954 0.0169861 0.00246174 -0.0115029 -0.0220757 0.0329438 0.0399769 0.0401189 -0.0200298 -0.0292589 -0.00384557 0.0254915 0.0101979 -0.0115519
internal_weight=12586.8 7903.86 4682.96 3356.65 3039.11 2836.47 5328.87 2512.66 1326.31 2574.98 1500.85 2657.08 2433.9 1240.6 1195.45 172.766 1407.39 926.078 1011.81 2671.79 317.535 323.811 1022.68 923.851 850.421 490.069 378.417 1374.25 98.8301 223.178 1193.3 1380.98 404.866 394.47 202.642 149.147 275.708 272.373 251.681 38.4333 129.942 360.352 256.587 111.537 58.4127 999.436 374.815 73.4293 134.333 99.8803 111.652 35.8016 54.4213 1194 34.2924 599.372 244.08 181.553 521.212 93.3402 67.7568 44.1977
internal_count=1495761 254627 1241134 986838 951105 935275 234787 897384 254296 19840 493569 191382 185099 123899 123228 14099 475932 206765 403815 43405 35733 37891 109129 90770 87097 65844 53820 472216 18359 6283 61200 4976 112843 111777 15830 14546 1898 35244 34335 8304 11482 21253 22696 15798 4315 355345 116871 3673 5795 5314 12024 7477 5177 14864 593 6675 65004 51704 93922 4718 4200 3798
is_linear=0
shrinkage=0.05


Tree=4
num_leaves=63
num_cat=0
split_feature=25 14 26 20 4 16 16 26 14 20 19 14 20 14 12 20 16 4 26 26 8 10 4 6 26 2 6 16 0 10 4 25 6 19 26 6 10 4 26 6 19 20 10 0 6 3 6 0 2 14 20 12 8 8 16 14 0 8 12 10 5 6
split_gain=3141.86 507.975 459.691 326.687 241.345 166.195 126.335 97.7574 86.4209 87.2138 80.3366 66.0504 57.4195 62.5746 55.6832 49.3456 43.2382 42.667 38.6899 37.6322 36.4217 35.9746 35.4441 35.0756 32.4751 36.6882 34.4031 31.3638 31.146 30.9503 30.3778 30.059 34.3509 29.8197 29.5467 28.055 27.9285 27.4771 26.4247 41.4644 25.7486 32.8298 29.753 51.9827 27.4067 25.1226 25.0778 40.4191 31.7149 25.0708 24.9576 26.37 24.5637 40.7745 41.5398 24.5103 30.4277 23.9767 32.6426 24.242 23.6261 23.4385
threshold=3.5000000000000004 5.5000000000000009 0.5298743247985841 64.500000000000014 15.500000000000002 15.500000000000002 2.5000000000000004 0.38127884268760687 25.500000000000004 51.500000000000007 0.012739370577037336 53.500000000000007 57.500000000000007 52.500000000000007 60.000000000000007 73.500000000000014 8.5000000000000018 9.5000000000000018 0.59439498186111461 0.24653187394142154 17.500000000000004 8.5000000000000018 10.500000000000002 32.500000000000007 0.58585363626480114 97.500000000000014 2.5000000000000004 14.500000000000002 1.5000000000000002 13.500000000000002 34.500000000000007 5.5000000000000009 33.500000000000007 1.0000000180025095e-35 0.5363391935825349 70.500000000000014 12.500000000000002 1.0000000180025095e-35 0.61347094178199779 8.5000000000000018 0.013606071937829258 26.500000000000004 5.5000000000000009 12.500000000000002 96.500000000000014 0.0080322581343352812 16.500000000000004 1.5000000000000002 21.500000000000004 28.500000000000004 45.500000000000007 1.0000000180025095e-35 11.500000000000002 3.5000000000000004 9.5000000000000018 68.500000000000014 12.500000000000002 14.500000000000002 1.0000000180025095e-35 9.5000000000000018 0.015038444194942715 74.500000000000014
decision_type=2 2 2 2 2 2 2 2 2 2 2 2 2 2 2 2 2 2 2 2 2 2 2 2 2 2 2 2 2 2 2 2 2 2 2 2 2 2 2 2 2 2 2 2 2 2 2 2 2 2 2 2 2 2 2 2 2 2 2 2 2 2
left_child=2 6 3 4 -1 19 28 16 33 24 11 23 13 -4 -13 49 -6 46 27 20 -3 -18 -17 -9 25 31 -26 -15 -2 -16 -23 32 -10 38 -14 -30 -27 -34 39 -7 41 -21 -43 -44 -42 -33 48 -48 -8 -5 51 -46 53 -45 -55 -28 60 58 -40 -59 -57 -24
right_child=1 5 12 15 7 8 17 10 9 -11 -12 14 34 18 29 22 21 -19 -20 40 -22 30 61 -25 26 36 55 -29 35 -31 -32 45 37 -35 -36 -37 -38 -39 57 -41 44 42 43 52 50 -47 47 -49 -50 -51 -52 -53 -54 54 -56 56 -58 59 -60 -61 -62 -63
leaf_value=0.0068738097993432685 0.064846511296051387 -0.071576697233999093 0.0050534935475773334 0.029900104990113169 -0.011804745985764323 0.028328570841178204 0.037322467408723609 0.019866455974428304 -0.016178672545509525 0.0074023102300363576 0.0030083252215380831 -0.00046295393157094945 -0.057784053055243735 0.050973177670870742 0.004690465372764456 0.049590813292422944 -0.011677153656047878 0.017251676718627467 -0.0071893140507072219 0.031354641735955403 0.074281795694456573 -0.01549935029899826 -0.055839689835338414 -0.032624396902350174 -0.10307598524245072 -0.10296805661220826 4.2215350863404223e-05 -0.035468409251901263 0.046342510472139463 -0.056522988847010791 -0.071032146487647455 -0.10248864943752144 0.049890664587136757 0.02993855132416284 0.010807064179092954 -0.10748126014572242 0.025122405080461891 -0.060617195391246242 0.074859908710291745 -0.014247724218489723 0.035704698559884548 0.022484146720540683 0.026857082007439151 0.013440766212890993 0.058569336152511156 0.024242242747136392 -0.05356685367038632 0.024735931314927254 -0.056664886833301634 -0.028756871186224914 0.015898944132967795 -0.10833598609264933 0.0073430945718548192 -0.063810205680993479 -6.4440869046427987e-05 0.036720444989078747 -0.036756292482578889 0.043424707942881779 -0.073038669075882856 0.012459044902846418 -0.10242366515029844 0.002905749439948552
leaf_weight=176.75479862210341 320.425975875929 19.468985457206148 285.21485042781569 19.747331124497578 35.73096171033103 76.443856501718983 1228.0666520735249 37.835777677362785 81.569108923315071 740.23187106300611 80.608149790205061 48.107347875135019 16.340144141810015 10.797660009935496 21.040314614074305 39.645797392353415 27.693842048523948 503.29431947297417 232.68897837749682 384.26170779892709 5.4859266770072272 25.319574844208546 18.182056142599322 200.35576361324638 9.4349037001375091 4.7369681659620246 367.96764860744588 372.62039288529195 606.34736494557001 1111.9512759552454 899.2692322031362 4.4985785549506536 5.8494101648684582 202.23203558218665 401.07075213931967 2.978737778030335 41.872051268292125 146.63772064668592 4.8488568607717779 226.9775477477815 478.44301657448523 548.2185334485257 188.94029522780329 59.755298309726641 3.2303365347906938 29.917526074452326 18.670877967495471 140.48613729560748 9.0417039347812516 235.02115702617448 53.253988802433014 8.8498183134943229 172.29548251524102 63.564668198581785 42.740607331739739 26.071997874416414 109.4453899578657 69.240590606350452 16.179015046451241 725.01865643204655 3.4549973164685062 256.69853032834362
leaf_count=11489 581 6750 30158 2021 6994 2338 7766 4019 10265 36240 4263 9278 3468 747 2990 268 6676 10397 60942 6730 73 5993 3939 53970 872 661 31141 111524 2148 415070 370783 336 120 3147 47457 79 4674 31562 15 16984 4087 9528 2655 2031 28 868 380 1914 228 57559 1100 364 6818 4734 2174 1758 17010 760 723 24162 426 31526
internal_value=0.0008776 0.020243 -0.0320898 -0.0422354 -0.0495808 0.0105371 0.0371248 -0.0535917 0.00284245 -0.00508058 -0.0455476 -0.0483053 -0.00720935 -0.0143094 -0.0531491 -0.00785417 -0.0658034 0.0297331 -0.0232731 0.0215095 -0.0395121 -0.0678295 0.00539442 -0.0242864 -0.0161939 -0.0288441 -0.00847501 -0.0330341 0.0522268 -0.0553862 -0.0695114 -0.0359531 -0.0423685 0.0122695 0.00812197 0.0455905 0.0121043 -0.0563781 0.00907539 -0.00352107 0.0222696 0.0188101 0.0143281 0.0058485 0.0315567 0.00767707 0.0342321 0.0155501 0.0366355 -0.0242103 0.0011805 -0.0637041 -0.00588283 -0.0196053 -0.0381809 -0.00671435 -0.0246042 0.0137634 -0.0389345 0.0151585 0.020439 -0.000979985
internal_weight=12303.1 7750.45 4552.69 3233.96 2664.67 4921.14 2829.31 2487.91 2892.63 1571.69 1499.9 1419.29 1318.73 901.322 1181.1 569.295 988.014 1899.56 616.107 2028.51 24.9549 952.283 314.526 238.192 831.456 315.081 516.375 383.418 929.752 1132.99 924.589 268.472 234.056 1320.94 417.411 609.326 46.609 152.487 1118.71 303.421 2003.55 1459.78 1075.51 527.296 543.777 34.4161 1396.27 159.157 1237.11 254.768 65.3341 12.0802 338.356 166.061 106.305 506.94 138.972 815.287 21.0279 794.259 29.527 274.881
internal_count=1495761 254627 1241134 986838 891525 231134 23493 880036 184062 135933 489590 485327 254296 203371 427338 95313 390446 20685 173213 47072 6823 383452 35733 57989 99693 48486 51207 112271 2808 418060 376776 43151 41947 48129 50925 2227 5335 31682 44982 19322 40249 34670 27940 18412 5579 1204 10288 2294 7994 59580 1492 392 15757 8939 6908 50335 19194 25660 738 24922 2184 35465
is_linear=0
shrinkage=0.05


Tree=5
num_leaves=63
num_cat=0
split_feature=25 14 20 26 4 23 16 23 23 26 4 4 16 14 11 20 4 4 21 20 21 6 18 26 14 23 26 26 2 26 4 12 2 14 16 4 6 20 4 2 2 12 14 26 4 18 2 14 18 2 11 11 1 26 12 1 2 14 6 21 23 26
split_gain=2645.74 509.442 426.803 264.7 208.463 177.758 174.81 117.678 93.5901 89.4075 132.89 83.2661 74.9679 70.2767 62.6799 60.8291 59.6306 57.5516 54.8478 51.3356 75.1815 52.953 50.4693 47.962 44.4944 42.0568 41.578 40.0122 38.1341 53.5191 45.6869 37.9441 36.946 36.4988 36.2012 33.9319 33.1521 30.9405 30.4162 34.2216 30.2704 29.1759 28.6892 28.5318 30.2927 28.2751 32.2814 31.4556 28.1376 27.7132 26.5672 26.5357 26.3135 34.9605 30.496 25.823 25.0209 24.9555 24.4173 24.3426 32.1289 24.2137
threshold=3.5000000000000004 6.5000000000000009 57.500000000000007 0.49287387728691107 15.500000000000002 5.4918768405914316 18.500000000000004 17.08902740478516 3.5899987220764165 0.40214096009731298 55.500000000000007 30.500000000000004 12.500000000000002 18.500000000000004 1.0000000180025095e-35 80.500000000000014 13.500000000000002 1.5000000000000002 1.5000000000000002 73.500000000000014 4.5000000000000009 28.500000000000004 1.5000000000000002 0.49018478393554693 59.500000000000007 3.5899987220764165 0.35043151676654821 0.21713267266750338 33.500000000000007 0.55426871776580822 1.0000000180025095e-35 3.5000000000000004 54.500000000000007 27.500000000000004 1.5000000000000002 3.5000000000000004 3.5000000000000004 60.500000000000007 56.500000000000007 6.5000000000000009 100.00000000000001 18.500000000000004 13.500000000000002 0.59211713075637828 14.500000000000002 1.5000000000000002 11.500000000000002 25.500000000000004 1.5000000000000002 22.500000000000004 0.016261236742138866 0.012739370577037336 0.010929288342595102 0.55078715085983287 17.500000000000004 0.0069687257055193194 37.500000000000007 23.500000000000004 4.5000000000000009 6.5000000000000009 10.875244140625002 0.7353976070880891
decision_type=2 2 2 2 2 2 2 2 2 2 2 2 2 2 2 2 2 2 2 2 2 2 2 2 2 2 2 2 2 2 2 2 2 2 2 2 2 2 2 2 2 2 2 2 2 2 2 2 2 2 2 2 2 2 2 2 2 2 2 2 2 2
left_child=2 6 3 4 -1 12 16 11 9 10 -4 19 27 40 25 23 36 -8 -16 21 -21 42 -10 35 61 52 -15 -6 29 31 -30 -23 -17 -22 45 -11 -2 -27 51 -40 -14 -26 49 44 -43 -9 47 -47 -44 -3 -36 56 53 54 -13 -20 -19 -56 -51 60 -45 -5
right_child=1 7 8 24 5 -7 17 34 22 15 -12 14 13 26 18 32 -18 38 55 20 33 28 -24 -25 41 37 -28 -29 30 -31 -32 -33 -34 -35 50 -37 -38 -39 39 -41 -42 43 48 59 -46 46 -48 -49 -50 58 -52 -53 -54 -55 57 -57 -58 -59 -60 -61 -62 -63
leaf_value=0.0054349841862458351 0.051677014118730318 0.024115635533834723 0.027888870966137708 -0.0094890783940926177 -0.080802859496199836 0.017269088721522639 0.03421916505992683 0.032512521835277162 -0.10247570951800516 0.050278117970861395 -0.059733313828209247 0.006999670979773308 -0.096020158779951445 -0.072832629990649142 -0.033010497970731481 -0.078206283570853879 0.021394294793857911 0.0095892849211765222 0.019269120984196933 0.051506289868996948 0.0093454622503340926 0.036464821834658413 0.024412408798789541 -0.0006786730124308739 0.015125786033826886 -0.017915295359508206 -0.056707537481499051 0.013068625955938929 0.073637512334379776 -0.0050871303345667454 0.005450643331204777 -0.078510457908602282 0.03786700246415458 -0.10614511027166934 0.038910310759820287 -0.037754318460164277 0.037248582743712871 0.030533900855986229 -0.10928135035829592 -0.0083370942064278399 0.0046765464398589324 0.0076104899534332254 -0.073087207056319034 -0.027664456461172562 -0.038706173887875776 -0.103217702159338 -0.10499250657542232 0.068442145594727402 0.0087935180147124866 0.027917542551187519 -0.10438176903303456 0.034179979081980887 -0.00069035556653107967 -0.013759502708037184 -0.011465901397844041 -0.0022115191902491497 -0.051084522697438385 -0.058704337025235177 -0.06461979510236969 0.017860350301629826 0.088863021548912624 0.053363367057595673
leaf_weight=150.5515459672315 1020.0490755834617 603.29443786211777 56.514380881097168 335.82465037936345 14.45184772624634 80.063091063639149 328.84302839357406 20.964125479571521 8.0810326228383911 11.7199046080932 184.66538375313394 29.950419037370011 8.6433351387968269 637.38067834940739 75.120185261010192 7.3432459014002225 287.46811705431901 496.48414119845256 423.85768560145516 143.63421633373946 16.838001779746268 8.6268844781443459 259.03501385380514 397.00653099350166 37.647127008996904 51.577621083473787 1072.2924859318882 52.920395143970381 28.358045989181846 422.66730411699973 183.69942532700952 42.66372476844117 103.22708020661958 11.522587071638553 364.08233193517663 165.80826636834536 652.96861612284556 91.257079124450684 9.7382809240370971 60.917948965332471 54.662821004516445 37.780933108995669 10.623413825407622 155.39160986291245 538.11212692759 4.00971299223602 11.99071831256151 7.979633966460824 848.98683575191535 12.299702124204488 3.2637492753565303 113.96636956976727 205.67099822917953 459.08548975270241 36.161004268098623 208.85058510373347 17.593987276311964 123.25771967216861 16.955625192029402 46.399581482168287 6.1494216984137884 16.056094225961715
leaf_count=8203 3388 9507 3574 50490 6733 6834 2157 99 1169 134 69919 1936 2044 275221 10390 824 2732 10058 18367 1538 349 91 15891 65895 3862 2997 403382 6322 127 21966 11662 6208 5864 664 3891 44538 3833 1882 425 2167 12188 4895 322 46599 190668 70 197 16 29661 214 61 1016 19789 50431 3264 6807 1357 24113 1088 14289 79 451
internal_value=-0.00050052 0.0176942 -0.0310673 -0.0404717 -0.0512219 -0.0556635 0.0336756 0.00700472 -0.0055007 -0.0130199 -0.0392013 0.00441707 -0.0588364 -0.0608036 -0.00399544 -0.00380314 0.042431 0.0169707 0.00738277 0.0105194 0.0368171 0.00844287 0.0205737 -0.0103391 -0.0214979 -0.0120738 -0.0627191 -0.00706751 -0.0030548 -0.0109401 0.0145691 -0.0591721 0.0301583 -0.0375771 0.0324548 -0.0319427 0.0460457 0.0130389 0.00885275 -0.0222499 -0.00907181 -0.0278703 0.0137289 -0.0299354 -0.0356676 -0.00990271 -0.0469834 0.0110323 0.0077816 0.021811 0.0376372 0.0123519 -0.0162734 -0.0212159 -0.0392922 0.0121786 0.00751276 -0.0479892 -0.0257147 -0.0140601 -0.0232286 -0.00662116
internal_weight=11893 7455.28 4437.73 3244.33 2070.97 1920.41 2988.03 4467.25 1193.4 926.285 241.18 4054.96 1840.35 1772.98 1704.79 685.105 1960.49 1027.54 707.828 2350.17 171.995 2178.18 267.116 574.535 1173.36 996.96 1709.67 67.3722 686.015 473.958 212.057 51.2906 110.57 28.3606 412.29 177.528 1673.02 142.835 698.701 70.6562 63.3062 821.481 1492.16 783.834 575.893 44.9442 23.9801 11.9893 859.61 632.55 367.346 628.044 854.126 648.455 189.369 632.708 514.078 159.419 29.2553 207.941 161.541 351.881
internal_count=1494908 254840 1240068 1032260 720927 712724 27133 227707 207808 190748 73493 223373 705890 692835 139976 117255 9953 17180 35564 83397 2551 80846 17060 110567 311333 104412 678603 13055 40054 28265 11789 6299 6688 1013 4334 44672 7221 4879 15023 2592 14232 260392 40792 256530 195563 382 283 86 29983 10809 3952 12431 99533 79744 29313 25174 11415 27377 1302 60967 46678 50941
is_linear=0
shrinkage=0.05


Tree=6
num_leaves=63
num_cat=0
split_feature=14 23 26 16 4 10 26 14 6 20 12 26 4 23 26 20 26 10 26 10 12 20 12 26 4 2 6 14 12 6 1 26 20 2 2 6 20 21 10 12 16 23 23 2 23 2 2 26 20 2 12 21 21 4 10 20 2 2 21 20 2 23
split_gain=2344.47 457.902 436.274 419.714 399.664 185.849 137.215 91.3894 85.4636 82.4847 78.5777 77.4898 66.7716 58.9605 52.8533 51.7608 49.4127 47.9375 41.344 40.05 38.6553 38.3475 38.2534 36.5391 35.5811 34.6789 38.5363 34.4944 32.8582 32.4416 31.7146 30.5942 28.7316 26.7831 26.0798 52.3828 25.9218 25.8918 46.9695 25.5215 24.8595 23.953 23.5342 42.0633 26.8546 24.2833 22.3615 22.3583 22.655 22.0749 22.0067 21.4662 21.288 21.0246 32.4495 21.2538 24.8236 23.3889 21.9968 20.9612 21.0365 20.3879
threshold=44.500000000000007 3.5899987220764165 0.48338349163532263 15.500000000000002 34.500000000000007 3.5000000000000004 0.43294264376163488 3.5000000000000004 3.5000000000000004 65.500000000000014 60.000000000000007 0.59439498186111461 19.500000000000004 22.613402366638187 0.61095020174980175 64.500000000000014 0.33871887624263769 60.000000000000007 0.25646434724330908 13.500000000000002 17.500000000000004 69.500000000000014 1.5000000000000002 0.28627133369445806 3.5000000000000004 29.500000000000004 26.500000000000004 51.500000000000007 12.500000000000002 11.500000000000002 0.012270400300621988 0.58585363626480114 54.500000000000007 59.500000000000007 27.500000000000004 42.500000000000007 58.500000000000007 6.5000000000000009 7.5000000000000009 1.0000000180025095e-35 5.5000000000000009 29.525183677673343 13.849359512329103 6.5000000000000009 10.721748352050783 1.0000000180025095e-35 1.5000000000000002 0.60133549571037304 22.500000000000004 24.500000000000004 14.500000000000002 2.5000000000000004 6.5000000000000009 36.500000000000007 15.500000000000002 49.500000000000007 52.500000000000007 49.500000000000007 1.5000000000000002 78.500000000000014 4.5000000000000009 3.5899987220764165
decision_type=2 2 2 2 2 2 2 2 2 2 2 2 2 2 2 2 2 2 2 2 2 2 2 2 2 2 2 2 2 2 2 2 2 2 2 2 2 2 2 2 2 2 2 2 2 2 2 2 2 2 2 2 2 2 2 2 2 2 2 2 2 2
left_child=3 2 4 8 15 18 29 24 39 14 27 12 33 -3 28 20 22 -14 -6 -18 -2 -21 -7 -22 -8 31 30 -4 -9 -5 -27 -10 40 59 35 -29 52 -28 -39 -1 -19 -30 44 -44 50 -46 -41 48 -33 -25 -16 -17 -13 -52 -55 56 57 -56 -57 60 -12 -11
right_child=1 13 10 6 5 16 7 9 25 61 11 36 17 -15 42 51 19 32 -20 21 23 -23 -24 49 -26 26 37 34 41 -31 -32 47 -34 -35 -36 -37 -38 38 -40 46 -42 -43 43 -45 45 -47 -48 -49 -50 -51 53 -53 -54 54 55 58 -58 -59 -60 -61 -62 -63
leaf_value=0.055933540444815105 0.047346298263781249 0.0060005952542214859 -0.051948233100856125 0.035877880781873171 -0.083727018177551321 0.033057850408535545 0.033677705335369644 0.030455408780051124 0.047971425414583428 0.016948140356829185 -0.10379305665382049 -0.017825231465484107 0.022349297731868958 0.046312845969033421 0.024790257896995148 0.050853210542501907 -0.0050502331712009019 0.073960071227089003 0.028982111548048015 -0.056094136044326448 0.02312823144985679 -0.024230830294112247 -0.069635872234572668 -0.090263705659648696 0.013159110412140303 -0.051771755712982086 0.029715717984890384 0.0037141443849003247 -0.014572510668056624 -0.047986560667178102 0.028239205669459696 0.035138361797601568 -0.020966355873079018 0.02611971711035796 0.015362280273502522 -0.10534545149287022 0.0085235082687931743 -0.1065844367168442 0.028384370124524522 0.04730892872845445 -0.040344817654846661 0.065083114343825132 -0.077067775754036449 0.040068298610092833 0.071000045431139594 -0.10275192778930778 0.031984074757063198 0.027359578001306114 -0.072722373401303539 -0.020230728185687233 0.0069096029023540759 -0.011138967237436889 0.0068118208449128876 -0.10174819014304744 -0.016121985055474724 -0.098434527769310748 -0.060528091180866099 0.058274404378683781 0.019954573097203776 0.057360872345259217 -0.015014866200633123 0.039577537064740882
leaf_weight=319.28333118651062 29.11304996535182 637.69637918588705 24.675371378194541 12.682958437129853 9.0863280278863368 9.190896599320693 462.4800677462481 45.860834574559703 191.11725334380753 285.70243800757453 7.3181687109172335 398.36319302860647 39.279744613450021 105.74498560721986 133.01678704540245 68.723852750146762 44.697024755645543 4.789809539448469 77.830922021064907 1067.1592144079041 50.745759680867195 103.59327545377892 679.41668456181651 12.137932656332849 388.99277424719185 40.005565774394199 132.52748556574807 52.123446338810027 624.99845167581225 127.01990583119914 17.938678327482194 8.5704069077037293 297.11504467250779 69.699791491730139 301.23551434837282 13.958976914640514 208.3525434496114 10.517630001995714 16.650901651242748 473.09975119191222 687.5575678513851 9.5824360572732967 8.3688234211876971 91.017091137357056 2.5153483618050805 10.026776179205624 479.09534077555872 1273.0200365775963 11.270103327464311 154.17825590271968 809.41993348347023 17.525467852596194 112.42341872770339 9.3312514009885472 91.278422920498997 4.1373622044920912 28.086485753534362 11.947205102536826 75.91081818449311 9.0327587029896659 75.65306684805546 152.74695434328169
leaf_count=734 373 34841 1325 728 3816 996 2967 1186 1590 11541 1127 75239 4117 1114 2772 1066 7019 213 3482 407656 2623 20792 301166 3416 10323 1528 2782 1173 81181 39230 274 89 60425 4428 15228 928 21596 458 572 1607 236133 46 215 1095 10 577 3201 12912 386 21345 29505 1302 21528 584 8520 379 5889 536 4975 135 9820 2094
internal_value=-0.000357139 -0.0246876 -0.0305422 0.0201857 -0.0458266 -0.0543002 0.00814656 0.0102351 0.0338933 0.00523122 -0.015113 -0.0192988 -0.0271272 0.0117345 0.000836507 0.00492417 -0.057564 -0.031822 0.0171995 -0.0515013 -0.00675413 -0.0532747 -0.0682652 -0.0140103 0.0243038 0.0265654 0.00792673 0.0052779 -0.0104159 -0.0403729 -0.0270015 0.029299 -0.0339725 0.00274063 0.00912219 -0.0193232 -0.00633982 0.0206001 -0.0238655 0.0437002 -0.039554 -0.0133697 0.00684144 0.0302048 0.0048664 -0.0679056 0.0395983 0.0265387 -0.0261303 -0.0253418 0.00565111 0.0382567 -0.0124027 0.0031797 -0.0105003 -0.00647182 -0.0188512 -0.00751144 0.0138355 -0.0149708 -0.0228452 0.0248318
internal_weight=11726.6 5368.42 4624.98 6358.22 2323.4 1990.97 3385.12 3245.42 2973.1 2393.95 2301.58 1909.59 1190.45 743.441 1955.5 332.424 1904.06 1028.74 86.9173 1215.45 246.175 1170.75 688.608 217.062 851.473 1701.62 217.64 391.993 680.442 139.703 57.9442 1483.98 989.462 161.704 367.318 66.0824 719.139 159.696 27.1685 1271.48 692.347 634.581 1275.06 99.3859 1175.67 12.5421 952.195 1292.86 19.8405 166.316 1163.13 86.2493 510.787 1030.11 220.692 211.36 131.312 103.226 80.0482 92.004 82.9712 438.449
internal_count=1494908 1264422 1228467 230486 775052 744927 204353 164395 26133 151105 453415 434761 316398 35955 137470 30125 737629 300888 7298 435467 27757 428448 302162 27384 13290 20591 5614 18654 82413 39958 1802 14977 296771 15510 17329 2101 118363 3812 1030 5542 236346 81227 55057 1310 53747 587 4808 13387 475 24761 53160 2368 96767 50388 20883 20299 14945 9056 5354 11082 10947 13635
is_linear=0
shrinkage=0.05


Tree=7
num_leaves=63
num_cat=0
split_feature=25 14 20 25 4 25 16 14 23 23 20 23 20 13 6 10 4 4 6 4 23 18 4 21 6 18 16 14 6 14 20 4 14 18 16 0 21 21 18 6 20 23 23 4 4 14 20 21 4 20 14 20 13 16 20 5 0 20 6 6 23 23
split_gain=2413.22 402.282 355.371 195.452 163.41 138.722 106.298 85.385 90.87 65.7297 63.3257 61.4951 59.2077 45.4315 53.0285 40.5831 39.8662 39.1234 39.1162 47.2395 34.6867 33.2441 32.5135 39.5951 40.5097 38.0938 37.2706 31.744 30.1124 28.8403 28.6815 28.1992 31.2398 25.5385 25.3467 25.0961 39.5975 25.0196 24.4216 24.2631 40.2541 24.0844 23.9964 24.6486 23.6261 22.5235 27.0655 23.1056 21.9101 27.9094 21.8207 21.4058 22.5698 20.9472 25.9585 23.4141 22.1937 20.8813 20.7125 19.8351 19.6563 25.8763
threshold=3.5000000000000004 5.5000000000000009 57.500000000000007 1.5000000000000002 7.5000000000000009 5.5000000000000009 5.5000000000000009 45.500000000000007 8.6910333633422869 16.310565948486332 75.500000000000014 5.4918768405914316 73.500000000000014 0.013072453904896976 28.500000000000004 5.5000000000000009 17.500000000000004 13.500000000000002 3.5000000000000004 10.500000000000002 12.727939128875734 11.500000000000002 42.500000000000007 1.5000000000000002 100.00000000000001 10.500000000000002 60.000000000000007 98.500000000000014 82.500000000000014 17.500000000000004 43.500000000000007 1.0000000180025095e-35 89.500000000000014 14.500000000000002 5.5000000000000009 16.500000000000004 6.5000000000000009 4.5000000000000009 18.500000000000004 26.500000000000004 47.500000000000007 4.2815890312194833 16.77118015289307 1.5000000000000002 14.500000000000002 100.00000000000001 42.500000000000007 2.5000000000000004 28.500000000000004 60.500000000000007 10.500000000000002 15.500000000000002 0.014185110572725536 17.500000000000004 51.500000000000007 0.014185110572725536 58.500000000000007 69.500000000000014 2.5000000000000004 38.500000000000007 26.890377998352054 8.3838915824890154
decision_type=2 2 2 2 2 2 2 2 2 2 2 2 2 2 2 2 2 2 2 2 2 2 2 2 2 2 2 2 2 2 2 2 2 2 2 2 2 2 2 2 2 2 2 2 2 2 2 2 2 2 2 2 2 2 2 2 2 2 2 2 2 2
left_child=2 6 3 4 -1 10 17 -5 13 12 20 30 16 14 -9 29 -4 -2 19 -8 22 -20 25 -24 -25 -3 -27 -18 -10 -7 -6 -14 38 -23 -16 36 -36 50 -33 51 59 -34 43 -31 -19 -17 47 -47 49 -48 -12 -28 -53 54 -35 56 -56 -55 -29 -41 61 -39
right_child=1 5 9 7 11 15 18 8 28 -11 37 -13 31 -15 34 45 27 44 21 -21 -22 33 23 24 -26 26 39 58 -30 42 -32 32 41 53 35 -37 -38 60 -40 40 -42 -43 -44 -45 -46 46 48 -49 -50 -51 -52 52 -54 57 55 -57 -58 -59 -60 -61 -62 -63
leaf_value=0.028662693511710836 0.04684219047534189 -0.10612848498046873 0.01698871807973569 -0.0019101416576579118 -0.057867457812120895 0.035156295537306266 0.036657895515333307 0.0021835455897610688 -0.10278565688018598 0.046556422643663692 -0.10478730045409712 -0.00054063653059908989 0.069792122104322299 0.0021535624101583443 0.016102681671778613 0.013184167370853025 -0.0063857834510018738 -0.11131013202660008 0.040729811071927358 -0.011394199317161638 0.02734203289054948 -0.10741054454820248 -0.040112021166243392 -0.017186656359353 0.0082532031728751766 0.040242790510895521 0.024449928008882425 0.074239341650088844 0.047541706613281588 0.05110417408149262 -0.042984058053422425 -0.1067371722307579 -0.018328347146431858 0.031324832259095228 -0.051888889359732619 -0.045509272117551493 0.030035725587577024 -0.00035268752488646531 0.025239655146946229 -0.04698523330528883 0.0055821070215038709 0.011844193352609396 0.038615100193352715 0.0071898258368486194 0.022643057859792381 0.0019325226481086946 0.055783925737900267 -0.10701969251360294 -0.031558427281104161 -0.10619627324396796 0.039942771591897346 -5.5315484798002491e-05 0.065741180664347296 0.0028777764785394419 0.03917622778650303 -0.075926803855869807 -0.10989096023950225 0.036549363580158332 -0.031110450816513174 -0.014520894758691026 0.066793751260269735 -0.10714014392712218
leaf_weight=64.682759426999837 1078.9685599063523 8.264980153180657 72.59779656957835 326.78133214823902 1242.1789836492389 413.78639266453683 610.08324785064906 75.564785616006702 3.6044790721498421 55.254211972933263 2.6524787126108995 55.596987933269702 16.266025036107749 77.084378600993659 18.582886925432831 1225.6559763201512 214.32357721764129 3.3669225592166176 119.09228032175452 55.827445046743378 91.579252807423472 4.4379340494051567 108.93569107324583 415.11154838604853 251.16492540820036 59.335230579134077 128.25524496589787 4.717464161803945 43.9499395203311 35.253870154730976 437.77415593375918 3.596777797676622 175.07675124937668 206.27762517891824 30.001166720641777 730.45853119983803 29.01355975586921 28.39701122767292 137.75147434370592 60.552432131022215 266.938823981327 106.29134759493172 102.24161383905448 341.32224925491028 147.41963754198514 7.9831102800089893 22.148807883262638 12.463086856529115 22.508836256107315 3.0221471465192726 143.39698955998756 505.90831682330463 13.378211960196493 406.9125802150229 15.779592257458722 11.144383236300198 2.9663091441616407 51.918609006330371 424.10910089896061 211.00153942173347 7.6260426035150877 7.0890282415784887
leaf_count=1292 3523 710 3380 45569 525108 3760 3478 17425 605 887 179 5481 40 11269 2431 28421 38648 55 952 1324 1945 123 19492 53588 24635 1435 5029 273 1522 183 175490 220 29734 1628 9557 232352 4159 2014 8427 7881 16916 5693 689 5955 1081 295 288 929 1104 177 2446 25002 124 10190 147 245 122 699 120506 27696 30 350
internal_value=-0.000301687 0.0174366 -0.0297351 -0.038618 -0.0493687 0.00826019 0.0326369 -0.0241213 -0.03132 -0.00671798 -0.000285106 -0.0522769 -0.00926717 -0.0346596 -0.0378711 0.017287 -0.0181339 0.0435083 0.0236308 0.0326294 -0.00275796 0.01631 -0.00411663 -0.0121658 -0.00759664 0.00086077 0.00157081 -0.0220985 0.0361474 0.0254883 -0.053989 0.00518973 0.00270384 0.012152 -0.0416168 -0.0429754 -0.0116121 0.0274346 0.0218813 -0.00036388 -0.00820609 -0.00693018 0.0171333 0.0113009 0.019652 0.0116288 -0.0163536 -0.0644799 0.00428406 0.0363358 0.0373143 0.00615767 0.00163978 0.0129155 0.0250147 -0.0185325 0.0155882 0.00668785 -0.0299515 -0.02176 -0.00603457 -0.0216856
internal_weight=11555.4 7210.17 4345.26 3135.27 1800.23 4495.97 2714.2 1335.04 1008.26 1209.98 2309.59 1735.55 1154.73 960.705 883.621 2186.39 715.748 1229.76 1484.44 665.911 2120.43 818.529 2028.85 775.212 666.276 1253.63 1245.37 643.15 47.5544 892.604 1679.95 438.982 422.716 699.437 808.056 789.473 59.0147 189.162 141.348 1186.03 538.493 281.368 478.818 376.576 150.787 1293.78 68.126 20.4462 47.6798 25.171 146.049 647.542 519.287 694.999 236.168 29.8903 18.7459 458.831 428.827 271.554 43.1121 35.486
internal_count=1494908 254840 1240068 1032260 707371 231273 23567 324889 279320 207808 189472 706079 206921 277193 265924 41801 162807 4659 18908 4802 184453 14106 182508 97715 78223 84793 84083 159427 2127 10587 700598 44114 44074 13154 248499 246068 13716 5019 8647 82648 52493 35427 6827 6138 1136 31214 2793 1224 1569 465 2625 30155 25126 13031 2142 514 269 10889 120779 35577 2394 2364
is_linear=0
shrinkage=0.05


Tree=8
num_leaves=63
num_cat=0
split_feature=25 14 20 26 5 16 23 18 16 12 23 26 5 26 14 14 20 5 26 23 5 14 26 22 0 5 26 20 20 26 7 12 18 7 26 5 26 12 23 22 8 12 26 2 10 5 14 10 26 0 2 10 20 2 23 20 2 5 5 18 5 20
split_gain=2245.97 392.294 333.974 202.158 191.394 142.9 120.285 103.059 89.3652 75.055 74.5606 72.7722 72.463 88.8522 62.927 46.9438 45.0108 42.5324 41.306 41.0451 39.683 38.3313 36.4547 36.0755 32.4233 39.8827 31.8331 29.667 28.7839 34.8043 28.7419 27.8344 27.6131 26.9326 28.0568 25.4385 25.324 23.8761 22.956 21.5209 20.8269 32.43 20.6574 20.5791 20.3292 20.0759 20.0402 19.9518 19.8172 19.7946 19.4419 19.3634 19.3236 19.2676 19.1532 26.7471 33.2846 37.9533 19.1476 18.9869 18.8065 19.6651
threshold=3.5000000000000004 17.500000000000004 57.500000000000007 0.55078715085983287 0.013072453904896976 18.500000000000004 5.4918768405914316 16.500000000000004 12.500000000000002 60.000000000000007 3.5899987220764165 0.36143051087856298 0.012739370577037336 0.4181825071573258 2.5000000000000004 11.500000000000002 71.500000000000014 0.015504807699471714 0.45820212364196783 27.876616477966312 0.0085838492959737795 86.500000000000014 0.21713267266750338 3.5000000000000004 52.500000000000007 0.009756329935044052 0.25646434724330908 62.500000000000007 80.500000000000014 0.62966758012771618 0.010929288342595102 1.5000000000000002 4.5000000000000009 0.012121656909585001 0.78981101512908947 0.012121656909585001 0.78981101512908947 16.500000000000004 21.787434577941898 5.5000000000000009 60.000000000000007 1.5000000000000002 0.48748077452182775 78.500000000000014 5.5000000000000009 0.011173533275723459 35.500000000000007 17.500000000000004 0.66542470455169689 1.0000000180025095e-35 77.500000000000014 12.500000000000002 64.500000000000014 18.500000000000004 9.5697569847106951 47.500000000000007 72.500000000000014 0.014599318150430919 0.0093025267124176043 13.500000000000002 0.012270400300621988 73.500000000000014
decision_type=2 2 2 2 2 2 2 2 2 2 2 2 2 2 2 2 2 2 2 2 2 2 2 2 2 2 2 2 2 2 2 2 2 2 2 2 2 2 2 2 2 2 2 2 2 2 2 2 2 2 2 2 2 2 2 2 2 2 2 2 2 2
left_child=2 5 3 4 6 14 8 -3 22 26 12 -10 13 20 31 -13 18 19 -11 36 -4 -5 -1 -14 39 -26 49 -25 29 37 42 -2 -23 34 54 44 38 -15 43 -18 41 -24 -17 47 -12 -36 -30 53 -20 -9 -6 -8 -35 -7 55 -16 57 -57 -55 -53 61 -33
right_child=1 7 10 21 50 17 51 9 11 16 35 15 23 28 33 30 24 -19 48 -21 -22 32 40 27 25 -27 -28 -29 46 -31 -32 60 -34 52 45 -37 -38 -39 -40 -41 -42 -43 -44 -45 -46 -47 -48 -49 -50 -51 -52 59 -54 58 -56 56 -58 -59 -60 -61 -62 -63
leaf_value=-0.07385370740643965 0.051653797505757784 0.021271736106541386 -0.053543508705765165 0.0022509314377899266 -0.032532394128148533 0.034357583167948812 0.047656594384706819 0.073358459540566745 -0.06595053985873954 -0.06047679173443591 -0.10460642511662606 -2.4954766072823784e-07 0.036857449302609945 0.039834749676482706 0.018953214387770645 -0.054021378131742376 0.031420346995603157 0.025822395347266932 -0.015877209090168116 0.058121254408597271 0.01451213910511324 0.049499703746854917 0.054842611247715493 0.024829586068312211 -0.09838464125048535 0.011206378800641313 0.010747101051470406 -0.079238414754873657 0.044537294920674757 0.019003511322843517 -0.020858049742600516 0.00068478109300309023 -0.02570029896453262 0.026985297958266083 0.025575171503054162 -0.10880841135809838 0.028906015095271739 -0.022064022416413934 -0.10538031300544087 -0.10058904147848208 0.042402145114359288 -0.052493262727572647 -0.040514116985904125 -0.044949241667321588 0.018977289783819466 -0.10411117180384077 -0.0015846986326184865 0.0031897882166826738 -0.0023407190516642399 -0.069721911163348999 0.014402583803547872 0.003422706038738111 0.046243519507505437 -0.10787924450311839 0.041123893797660689 -0.10670406188935654 0.037939416201264654 0.017484473132937051 0.0055323265026788393 -0.073005311534160594 0.038737519001176758 0.072094982685757758
leaf_weight=13.339505289332008 471.16608956689015 582.02526138722897 195.38735117204487 267.5066382905934 26.070471542654559 102.2885807963321 21.795288659166545 2.7792181968688991 664.9207092350116 43.84300983173307 3.3676990703679612 53.513949698302895 95.029195533366874 16.243303442606702 95.844768229871988 875.47066576289944 118.42724269721657 605.67873860069085 758.26219810440671 41.404059113003314 24.057133378693834 12.671008957084267 11.017022449988874 13.424504064954819 12.442065098555757 24.948476426536217 842.74453190760687 13.979754410684107 37.586813272442669 68.732651731465012 92.874320688541047 61.106857948936522 333.56500779488124 1037.3214116464369 4.4972808314487329 4.0427015922032288 120.71101920772344 380.90950730501208 4.724016888998448 3.170023155398666 36.101443853229284 19.480153846030589 418.31127591454424 20.073726680595428 279.79002578416839 8.8698036447167379 63.07428892632015 772.48929897492053 420.214411461493 18.561300257453695 143.57566706929356 68.030455298256129 148.96041531022638 4.4420523177832392 49.542571416590363 16.950201700907204 12.261226262897251 9.657320016063748 22.949170262552798 9.2285537691786867 676.60653228498995 11.446811729110776
leaf_count=6733 1123 11735 77127 41696 5509 1339 481 3 302455 9266 497 8009 1940 1450 1593 348960 2541 6227 94949 227 3278 301 220 726 1385 674 32107 1276 496 8700 28857 701 110658 9885 64 288 2123 90318 184 470 2620 4238 157429 2006 16275 250 5437 30410 30916 8275 6519 4963 1031 284 380 756 180 125 542 2612 3038 51
internal_value=-0.000185619 0.0169874 -0.0288929 -0.0376301 -0.0440497 0.0265012 -0.0478554 0.00252207 -0.0502984 -0.002338 -0.00647704 -0.0522689 -0.0134977 -0.0190711 0.0338551 -0.0459521 -0.00956814 0.0152009 -0.0128233 0.00929392 -0.0460827 -0.0119649 0.00159163 0.0222825 0.015458 -0.0252611 0.00921994 -0.0282587 -0.00860852 -0.0138472 -0.0477255 0.0421319 -0.0229482 0.0265566 0.00946703 0.0157294 0.00736427 -0.0195324 0.00455907 0.0279789 0.0167031 -0.0137185 -0.0496542 0.00512221 0.0175075 -0.0604789 0.0156372 0.00623633 -0.0110504 -0.0510883 0.00718982 0.00603511 0.0294035 0.0243843 0.0145413 0.00476528 -0.0302201 -0.0616293 -0.0128597 -0.00570659 0.0361434 0.0119512
internal_weight=11389.5 7126.41 4263.1 3067.47 2453.73 4298.99 2284.08 2827.42 2185.03 2245.39 1195.62 2105.09 908.425 785.991 2604.23 1440.17 1381.31 1694.76 1222.32 1089.08 219.444 613.743 79.9381 122.433 158.988 37.3905 864.085 27.4043 566.547 465.885 1386.66 1220.33 346.236 1383.9 197.623 287.2 1047.68 397.153 926.967 121.597 66.5986 30.4972 1293.78 922.243 283.158 13.3671 100.661 902.169 1178.48 21.3405 169.646 99.0543 1186.28 129.68 184.256 134.714 38.8687 26.6075 27.3912 77.259 749.16 72.5537
internal_count=1494908 254840 1240068 1032260 879605 62519 867577 192321 859521 180586 207808 845710 190748 186806 19177 543255 140201 43342 135131 37115 80405 152655 13811 3942 5070 2059 40385 2002 106401 100468 535246 4913 110959 14264 3348 17060 36888 91768 34765 3011 7078 4458 506389 34581 16772 314 5933 32575 125865 8278 12028 8056 10916 2165 3034 2654 1061 881 826 7575 3790 752
is_linear=0
shrinkage=0.05


Tree=9
num_leaves=63
num_cat=0
split_feature=25 14 20 26 4 23 18 16 11 26 16 26 6 14 14 20 4 23 26 23 4 20 4 26 4 26 16 6 16 21 26 4 20 1 4 3 13 9 14 9 1 6 26 23 1 20 21 23 20 26 14 6 4 26 21 20 17 4 3 6 26 13
split_gain=2105.26 356.913 307.811 218.214 162.003 130.33 115.41 99.4951 81.2253 70.0223 59.5914 50.0611 49.1163 48.3828 46.0372 42.1236 41.8331 50.7465 48.2088 40.9409 38.4515 33.0399 28.5126 28.2637 28.2118 25.9417 25.582 24.843 24.025 23.8867 23.1118 22.7412 22.4211 22.1164 21.8955 28.3714 26.6541 26.2242 29.4215 26.1716 21.7365 21.4516 21.3337 21.0256 45.211 30.4116 23.8769 20.2616 19.9293 25.0708 19.6888 19.5141 20.4267 19.4262 19.1668 49.2903 27.5054 19.1222 18.2719 18.1875 18.1649 18.1516
threshold=3.5000000000000004 6.5000000000000009 61.500000000000007 0.49287387728691107 15.500000000000002 5.4918768405914316 60.000000000000007 2.5000000000000004 0.015504807699471714 0.5559327006340028 12.500000000000002 0.095310389995574965 5.5000000000000009 18.500000000000004 41.500000000000007 74.500000000000014 3.5000000000000004 7.3733625411987314 0.44299080967903143 16.137783050537113 55.500000000000007 64.500000000000014 10.500000000000002 0.21713267266750338 30.500000000000004 0.36143051087856298 10.500000000000002 14.500000000000002 17.500000000000004 6.5000000000000009 0.7353976070880891 8.5000000000000018 43.500000000000007 0.016001024283468727 50.500000000000007 0.0063092110212892303 0.012739370577037336 0.013245614245533945 91.500000000000014 0.014599318150430919 0.016001024283468727 21.500000000000004 0.51208955049514782 4.2815890312194833 0.013245614245533945 29.500000000000004 7.5000000000000009 7.0624940395355233 34.500000000000007 0.54434943199157726 7.5000000000000009 9.5000000000000018 40.500000000000007 0.48748077452182775 2.5000000000000004 65.500000000000014 0.013986697886139156 12.500000000000002 0.010256679728627207 15.500000000000002 0.66114968061447155 1.0000000180025095e-35
decision_type=2 2 2 2 2 2 2 2 2 2 2 2 2 2 2 2 2 2 2 2 2 2 2 2 2 2 2 2 2 2 2 2 2 2 2 2 2 2 2 2 2 2 2 2 2 2 2 2 2 2 2 2 2 2 2 2 2 2 2 2 2 2
left_child=2 7 3 4 -1 10 27 33 9 34 23 -4 22 -12 60 24 -13 18 20 26 31 -20 -9 -6 -11 -15 -16 -3 -14 32 40 -18 58 -2 35 39 -36 42 48 -8 59 -34 -38 44 45 -30 51 -23 -39 -50 -26 52 -47 -53 -10 -56 -57 -24 -28 -29 -5 -7
right_child=1 6 11 14 5 61 8 12 54 15 13 16 28 25 19 -17 17 -19 21 -21 -22 47 57 -25 50 -27 29 30 43 -31 -32 -33 41 -35 36 -37 37 38 -40 -41 -42 -43 -44 -45 -46 46 -48 -49 49 -51 -52 53 -54 -55 55 56 -58 -59 -60 -61 -62 -63
leaf_value=0.0053707249097545047 0.038391077565110912 0.033257351805108019 -0.073823817919101628 -0.0062694861794298541 -0.071570302314456685 0.0099079722700244136 0.037301866329827592 0.033714565286141633 0.035835066151918005 0.0061534872228407173 -0.011846114393111741 0.047066732762007735 0.024280462418457022 -0.064030392983452436 0.030161353439742862 0.031101609060610991 -0.11015588418557119 0.020574244779244171 -0.033198204933008922 0.054869980423110615 -0.038553555913082183 0.0048710910271755276 -0.068218576092470062 0.0094821810843010498 -0.10096612417494091 -0.051188119903498988 -0.043083002683186072 -0.10561369827789734 -0.054969397587780078 -0.012403485252090223 0.034674541977069401 0.019678919916706349 0.033952390045322807 0.054972159003832378 -0.041640527579369181 -0.013187421057962022 -0.02169081351606417 0.038810039034703724 -0.054143670073904165 -0.11207545396700234 -0.10968300897225391 -0.023806530178254428 0.047109680866684725 0.031448510569555804 0.017766038386541751 -0.10921766480434647 -0.078048935045512524 -0.1068386941220611 -0.10284613726561956 0.053594963006861444 -0.0055635837459557568 -0.11052375215668242 0.028004896466668157 0.010889383894631694 0.019354629044133823 0.021176295412898363 -0.1090129834358248 0.013026796268263481 -0.012988944421689234 0.012938038186604323 0.028883509118260559 -0.10634058994320612
leaf_weight=143.58971022756305 594.33675950206816 349.74925748282112 24.916727475705557 220.60101113212295 13.444275658228433 96.268688890035264 46.151475606486201 975.98924151365645 158.8417967002606 1331.6817901298637 63.325681984890252 41.499961281195283 380.4052976896055 661.01439149747603 20.229531668126583 131.61512486776337 3.6322015426121643 168.45174295525067 69.567641010507941 16.149600632255897 190.21144198917318 442.4735284645576 7.7519451319240025 53.782645464583766 5.4512663884088388 970.71789196063764 348.99306648469064 3.258519588969647 39.190358651103452 220.25529885443393 134.5643918402493 47.197616331162862 17.186231109313667 303.95908218505792 137.51713370741345 293.5022826049244 18.713346948381513 20.188033639453355 44.091267438139766 3.1311900196596971 3.6944667296484104 248.7018817194039 28.317444003885612 76.401560268132016 222.97376185329631 7.5937296743504685 10.341272096382452 4.0966974780894807 6.9125788924284262 4.068171352148056 681.74018897267524 3.3952445993199936 4.2185903606005013 111.08956735720858 313.90023147582542 6.1077533587813404 12.083209349308161 110.17852406203747 58.959653777303174 451.47620649402961 44.094823491293937 3.4793625101447097
leaf_count=8617 2442 4034 10697 31944 7143 8025 1645 6035 3060 57102 14763 475 3422 310401 1118 2675 263 7343 17166 205 61269 55013 257 6747 571 397085 128462 177 2146 75515 1578 3539 2597 592 26457 28683 2725 410 10801 224 133 72319 703 950 4081 415 645 370 731 95 68096 330 138 3621 6136 186 1044 2059 15860 10441 2649 483
internal_value=-0.00013743 0.016578 -0.0281819 -0.0357241 -0.045802 -0.0497482 0.00728942 0.0302337 0.00281426 -0.000526735 -0.0528953 -0.00384753 0.0238898 -0.0547264 -0.0188122 0.00369433 -0.00204469 -0.00424656 -0.00976851 -0.0240462 -0.0282302 -0.00114674 0.0309086 -0.00672698 0.00190759 -0.0563905 -0.0254401 0.0226886 0.014916 -0.0266981 0.0164552 0.0104012 -0.0313705 0.0440017 -0.0155906 -0.007293 -0.0265382 -0.00955546 -0.0278589 0.0278111 0.0111072 -0.0200732 0.0197343 0.00741975 0.00281638 -0.0161417 -0.00500527 0.0038463 0.00932343 -0.0448875 -0.00632038 0.000975585 -0.0602107 0.00728867 0.0215501 0.0147174 -0.0653009 0.00768628 -0.0387336 0.0120885 -0.000413462 0.00585305
internal_weight=11227.4 7034.58 4192.84 3200.79 2005.62 1862.03 4186.76 2847.82 3244.01 2753.08 1762.28 992.048 1949.53 1695.06 1195.17 2150.49 967.131 925.631 757.179 930.475 241.041 516.138 1093.92 67.2269 2018.87 1631.73 914.326 942.743 855.609 894.096 592.994 50.8298 673.841 898.296 602.593 342.785 259.808 122.291 75.2601 49.2827 458.429 265.888 47.0308 475.204 398.803 175.829 136.638 446.57 31.1688 10.9808 687.191 126.297 11.8123 114.485 490.933 332.091 18.191 117.93 407.953 454.735 264.696 99.7481
internal_count=1494908 254840 1240068 1083933 753264 744647 227707 27133 211344 200918 736139 156135 24099 722249 330669 128444 145438 144963 137620 296076 65071 72549 8351 13890 125769 707486 295871 16363 15748 294753 12329 3802 219238 3034 72474 30552 41922 15465 12037 1869 10751 74916 3428 12326 11376 7295 5149 55383 1236 826 68667 4504 553 3951 10426 7366 1230 2316 144322 10618 34593 8508
is_linear=0
shrinkage=0.05


Tree=10
num_leaves=63
num_cat=0
split_feature=25 16 26 4 23 14 14 14 20 26 2 20 26 23 12 4 20 10 6 19 23 26 2 26 21 14 8 12 12 4 25 20 14 26 6 20 12 25 23 16 8 23 21 19 10 25 26 20 25 2 10 14 26 26 2 4 4 26 6 6 6 20
split_gain=2061.08 320.476 285.138 282.461 240.021 110.584 100.203 94.8055 83.4469 60.6256 55.6834 51.3042 47.8199 41.3962 37.3487 35.3547 34.8595 32.9766 32.1139 31.3125 31.2233 34.3663 28.823 27.4218 49.9155 26.7893 37.841 26.6965 25.9211 24.6951 24.3378 24.2464 24.2295 24.0032 22.551 24.5578 22.505 22.2183 21.8504 31.4167 36.8267 26.8731 26.578 22.0841 21.5636 21.4686 21.0053 26.4722 24.5114 25.6533 20.9514 20.4412 20.397 19.962 19.8665 19.8188 26.6792 19.6088 19.5228 19.3616 19.3461 20.827
threshold=3.5000000000000004 15.500000000000002 0.55078715085983287 25.500000000000004 4.8463842868804941 13.500000000000002 4.5000000000000009 23.500000000000004 45.500000000000007 0.39872847497463232 74.500000000000014 74.500000000000014 0.38862231373786932 13.849359512329103 1.5000000000000002 2.5000000000000004 66.500000000000014 60.000000000000007 5.5000000000000009 0.016001024283468727 5.2566075325012216 0.52222874760627758 95.500000000000014 0.48211067914962774 6.5000000000000009 67.500000000000014 6.5000000000000009 10.500000000000002 9.5000000000000018 74.500000000000014 4.5000000000000009 78.500000000000014 1.0000000180025095e-35 0.46481834352016455 15.500000000000002 38.500000000000007 4.5000000000000009 6.5000000000000009 16.77118015289307 1.5000000000000002 60.000000000000007 11.225660324096681 3.5000000000000004 0.015504807699471714 11.500000000000002 2.5000000000000004 0.56109982728958141 21.500000000000004 5.5000000000000009 25.500000000000004 2.5000000000000004 14.500000000000002 0.43009769916534429 0.64559802412986766 75.500000000000014 20.500000000000004 24.500000000000004 0.5106656849384309 9.5000000000000018 7.5000000000000009 100.00000000000001 15.500000000000002
decision_type=2 2 2 2 2 2 2 2 2 2 2 2 2 2 2 2 2 2 2 2 2 2 2 2 2 2 2 2 2 2 2 2 2 2 2 2 2 2 2 2 2 2 2 2 2 2 2 2 2 2 2 2 2 2 2 2 2 2 2 2 2 2
left_child=2 6 3 10 7 23 14 29 22 27 -1 17 25 19 -2 -10 -12 -11 -4 -6 21 31 30 24 -3 -8 -27 -9 -23 -5 53 -17 -20 -24 46 37 -32 -36 39 42 -41 -42 -14 -44 -39 -31 -25 -48 49 -49 -28 -38 -13 -7 60 -16 -57 -18 -47 -22 61 -53
right_child=1 5 18 4 13 8 12 9 15 11 16 52 38 -15 55 20 57 -19 32 -21 59 28 33 34 -26 26 50 -29 -30 45 36 -33 -34 -35 35 -37 51 44 -40 40 41 -43 43 -45 -46 58 47 48 -50 -51 -52 54 -54 -55 -56 56 -58 -59 -60 -61 -62 -63
leaf_value=-0.038667715448788977 0.046787876998661999 -0.10441025302271315 0.039152166048227695 -0.091317210821892938 -0.0051007387847181729 -0.036805736020300996 0.043793962151629937 -0.01562259912970821 0.038000293948618681 0.0037967777093170538 0.0063891274509822174 0.033794397322314769 0.043956873346440495 0.032538503794160505 0.033053417713289526 -0.044326882480313544 0.050528148339529767 -0.045361565658341069 0.061584839072783275 -0.10498022714253402 -0.040308058177989936 0.04123056242857006 -0.054991901147102173 0.04201141078940529 0.042896413859036121 -0.077704842696246834 0.049393166109421731 -0.059035318249165081 -0.000202248247652446 -0.018889742672177072 -0.10484490008657246 0.024371912602649325 -0.0074956822515035194 0.032726031367716311 -0.01649208434858454 0.015320027887580266 -0.07358054979249172 -0.10602295464629935 0.034481401958552586 0.0097741946620575702 0.032009311882300932 -0.064673701666121519 0.020211667288151016 -0.11115994243772703 0.050195106265881764 -0.10340697601699034 0.031970850166299601 0.0066589836972178107 0.023980096166654821 -0.07911461219352299 -0.027714361742814771 0.0080088567902879878 -0.019434685504178206 -0.0067651189032830669 -0.055675325533974807 -0.11302804973718353 0.014783806310433488 -0.10244525359129182 0.026131040784965573 0.020328917816175227 0.043259795709611554 -0.014369100595549076
leaf_weight=52.094015419133939 573.91009221062995 12.817541938042268 40.184155465336516 8.6661050309194234 178.45307133393362 196.46346548665315 14.190638936357571 36.734601435775403 85.053702322067693 35.099896264495328 191.22203350020573 24.322800792055205 200.95201032119803 85.374809596454725 833.44603273645043 68.603756833588704 74.789678730536252 1216.3598245433532 12.875081519130616 8.2079478972591442 13.783043609932063 40.535716556478292 9.184543989133088 103.33398741530254 10.430806065211073 26.726945860194974 13.690325259231029 984.18409000511747 549.08967663277872 98.328381591942161 6.1958455606363705 15.802077066618947 898.94755086209625 51.693782195681706 134.98679882264696 336.30657976074144 11.986018893076105 2.4494333155453232 264.96631072950549 889.85282240784727 304.94614138733596 7.360652827192097 190.60043260827661 3.2536232946440569 22.506343145854771 3.0694309137761584 254.10467660217546 369.49337959592231 288.66137911961414 8.9277942790649814 24.711268392507918 149.57147707627155 69.203182503464632 76.963574472814798 20.612803901080042 4.2717340732924631 92.374047177378088 2.1552488352172068 55.52103834762238 293.387183991028 19.480367684271187 341.0660735355923
leaf_count=12164 1549 1614 2160 2131 18272 40505 240 10327 1530 6687 15068 2671 1670 1923 4326 11073 1131 482460 248 1522 515 896 2478 1650 360 6331 255 454521 40798 24778 416 580 190397 3849 7360 10015 916 118 2037 23465 5423 271 3040 109 224 420 2925 7015 3093 988 5353 9748 9926 9995 3500 117 983 226 3797 7357 649 29340
internal_value=-0.00032752 0.0162493 -0.0285483 -0.0358491 -0.0409308 0.00557819 0.0270697 -0.0457267 -0.00233869 -0.0482865 0.00863538 -0.0413132 0.0195642 0.00369824 0.0367573 0.0070763 0.0178245 -0.0439828 -0.00459242 -0.00949269 0.0043957 -0.00162545 -0.0137048 0.015574 -0.0383184 -0.018457 -0.0320207 -0.0574732 0.00264619 -0.00915144 -0.0161624 -0.0314654 -0.00652025 0.0194923 0.0163979 0.00764943 -0.0100915 -0.0084793 0.0211839 0.0189776 0.0149586 0.0297306 0.0312151 0.0180067 0.0348622 -0.0046137 0.0206354 0.0182376 0.0130063 0.00463539 -0.000225213 -0.00900979 -0.00559168 -0.02835 -0.00755152 0.030568 0.00913453 0.0462433 0.0193448 0.0176081 -0.00560694 -0.00754715
internal_weight=11014.5 6938.74 4075.79 3123.79 2803.53 3493.49 3445.25 2531.49 1949.47 2365.9 320.261 1344.99 1941.25 272.036 1504 1066.26 268.167 1251.46 952.007 186.661 981.201 674.031 883.218 1544.02 23.2483 79.3192 65.1285 1020.92 589.625 165.585 822.34 84.4058 911.823 60.8783 1520.77 496.249 548.913 159.943 1861.93 1596.97 1202.16 312.307 394.806 193.854 24.9558 156.919 1024.52 921.187 667.083 378.421 38.4016 542.717 93.526 273.427 530.731 930.092 96.6458 76.9449 58.5905 307.17 510.118 490.638
internal_count=1495505 254676 1240829 1048024 1019435 199507 55169 997718 164145 966592 28589 501744 48194 21717 6975 62749 16425 489147 192805 19794 61219 53347 101396 35362 1974 12179 11939 464848 41694 31126 95069 11653 190645 6327 33388 17717 44569 7702 36015 33978 29159 5694 4819 3149 342 28995 15671 14021 11096 8003 5608 44153 12597 50500 43237 5426 1100 1357 4217 7872 39737 39088
is_linear=0
shrinkage=0.05


Tree=11
num_leaves=63
num_cat=0
split_feature=25 14 26 5 23 17 14 17 26 23 5 26 2 2 12 5 12 26 23 14 17 26 23 25 2 8 21 26 5 21 23 5 23 17 10 15 2 12 5 12 26 8 21 23 14 25 10 19 26 23 7 14 2 21 3 2 10 7 8 17 26 26
split_gain=1890.8 300.788 259.891 256.744 243.059 124.296 84.8508 77.2178 54.6847 53.8736 46.4125 44.2441 38.1868 35.0007 34.6366 34.1254 31.022 27.9536 27.5086 30.0544 26.3857 23.8629 23.719 23.5467 22.7273 22.5524 20.389 19.655 19.6456 19.6241 19.4454 21.2196 19.9307 19.0478 27.4676 18.8042 17.812 17.4417 17.3419 17.3071 17.1061 16.8947 16.5784 16.2437 21.2591 24.1378 24.1072 18.2533 18.1498 17.1344 16.2331 16.142 17.0138 15.6857 15.6848 15.497 15.4149 15.3569 15.3521 20.6386 17.6716 23.0089
threshold=3.5000000000000004 6.5000000000000009 0.55078715085983287 0.012422839645296337 4.8463842868804941 0.013606071937829258 23.500000000000004 0.015749008394777778 0.40214096009731298 3.5899987220764165 0.013423423748463394 0.63592511415481578 74.500000000000014 38.500000000000007 18.500000000000004 0.010695492848753931 12.500000000000002 0.25646434724330908 5.4918768405914316 45.500000000000007 0.016001024283468727 0.48885934054851538 13.849359512329103 5.5000000000000009 74.500000000000014 6.5000000000000009 1.5000000000000002 0.61861175298690807 0.0073801742400974044 4.5000000000000009 16.77118015289307 0.012739370577037336 15.50468683242798 1.0000000180025095e-35 9.5000000000000018 0.0099504948593676108 55.500000000000007 10.500000000000002 0.016261236742138866 11.500000000000002 0.59211713075637828 1.5000000000000002 2.5000000000000004 6.0477678775787362 75.500000000000014 1.5000000000000002 7.5000000000000009 0.012739370577037336 0.39872847497463232 11.225660324096681 0.014599318150430919 12.500000000000002 9.5000000000000018 7.5000000000000009 0.0096620614640414732 1.5000000000000002 4.5000000000000009 0.0079682543873786944 16.500000000000004 0.016001024283468727 0.47129429876804357 0.61095020174980175
decision_type=2 2 2 2 2 2 2 2 2 2 2 2 2 2 2 2 2 2 2 2 2 2 2 2 2 2 2 2 2 2 2 2 2 2 2 2 2 2 2 2 2 2 2 2 2 2 2 2 2 2 2 2 2 2 2 2 2 2 2 2 2 2
left_child=2 7 3 4 6 9 28 23 15 10 11 16 -5 50 -10 20 25 38 19 -4 -8 56 43 39 -25 -3 -14 -27 37 41 31 32 55 34 35 -23 54 -1 -7 -2 -21 -13 -38 47 -45 48 -47 -6 -46 53 -9 52 -36 -50 -12 -19 -18 -20 59 60 -33 -62
right_child=1 5 18 12 22 17 8 13 14 -11 36 29 26 -15 -16 -17 21 30 57 40 -22 33 -24 24 -26 27 -28 -29 -30 -31 -32 58 -34 -35 51 -37 42 -39 -40 -41 -42 -43 -44 44 45 46 -48 -49 49 -51 -52 -53 -54 -55 -56 -57 -58 -59 -60 -61 61 -63
leaf_value=0.076103284989183076 -0.11348246972288259 -0.10278534975051289 0.0068479479692647787 -0.037215816109206497 0.045073410324507145 -0.06952842608876364 -0.057490160650792245 0.024995264059062411 0.0029062472814451387 0.014877788858877375 -0.070313823151901406 0.074502693087985336 0.031651412216788119 -0.11113728254851439 -0.041418496826707507 0.0012162081589410798 0.065459130494418025 -0.11554414500530955 0.0095220852869614854 -0.022822259759127231 0.032100664671809019 0.065920732051213057 0.02692545497954581 0.02745420379868263 -0.11049207919870654 0.021818883103491692 0.0028163365420337642 -0.10063762179824419 -0.08649786542322252 0.011106530764976565 0.032404150934917407 -0.1111328398440062 -0.10741773010183425 -0.058612157912999611 -0.10493927927498653 -0.10008188217713986 0.065392510543411081 -0.0093032019229797504 0.069080295213011469 0.016061594848832544 -0.0057887662869406395 -0.0077652862507948811 0.005103822637266481 -0.10043903502500928 -0.053829154935074189 -0.11143978880057107 0.02285254852001144 -0.093228443712896972 0.010484840294926159 -0.10718251390284501 0.044421931986696805 -0.019314716679793967 0.015164126715176527 -0.10049484402965853 0.0062547526706273979 0.011725712594690818 -0.045597232733309366 0.056690835970698641 0.037505828975474186 0.033460504074297438 0.035762020324757816 0.0038217383488531871
leaf_weight=6.2210209711920461 2.5877273897640398 4.1304726172238579 256.21611672127619 36.149564030347392 24.079550195252526 13.633936566417107 995.71047291799914 126.16985434480011 45.679303843993694 521.70911558764055 6.7599331256933501 6.3497319361194959 127.85599216888659 3.7697244891896835 1254.1811646182323 26.048409924842417 3.2242928866762659 2.4004686158150426 68.97489765798673 273.54628162248991 8.2866927937138808 15.493741041515024 88.424037258373573 1184.6768552390859 2.9933945238590232 81.074818162480369 117.77596852334682 3.4148199816700062 7.9511831747367969 285.19396045932081 234.35724523360841 2.9282935480587176 3.5559016051702192 25.198547443374991 3.1165467021055511 1.9170142167713482 24.813711628783494 152.94721176242456 2.7041871547698966 705.76975160860457 319.61303292657249 363.17901656113099 21.098070993321016 6.3480388519819817 32.820949341636151 3.5315057304687789 62.218901843065396 2.6481182423885903 43.222595434170216 3.869381215889006 728.01043953141198 462.62555053352844 54.751574406633154 3.4370683741290113 631.5082538491115 667.85160230170004 101.05576505360659 23.013022269122303 148.70369557267986 159.19255512673408 76.815505423815921 211.98870176193304
leaf_count=72 204 539 24678 8421 1628 6090 471259 779 8752 13636 943 27 1983 131 488730 5694 99 97 3114 81585 854 431 1938 9123 144 3293 9115 329 2390 21167 1749 150 209 2471 342 227 231 28923 1 14624 82817 25641 1512 1005 7814 495 4285 636 2979 374 2095 66872 3391 677 26041 22819 21525 611 1681 1257 946 3860
internal_value=-0.000224361 0.0156296 -0.0276148 -0.0347041 -0.0393335 0.0071127 -0.0442113 0.0284353 -0.0466797 0.000501195 -0.00307911 -0.00826196 0.0107643 0.0408815 -0.0398609 -0.0552848 -0.0165023 0.0184633 -0.00464979 -0.00746261 -0.0567507 -0.0201931 0.00567762 0.0228033 0.0271065 0.0112926 0.0178255 0.0168696 -0.0097967 0.00125305 0.0191681 0.0167322 0.0106436 -0.0161244 -0.0141341 0.047643 0.00760753 -0.00596513 -0.0465868 0.0155884 -0.0136441 -0.00635165 0.0376877 -0.00463558 -0.0108265 -0.00701118 0.0156396 0.0313708 -0.0248792 -0.00607484 0.0415524 -0.0162005 0.00869584 0.0023098 0.00544381 0.0112699 -0.0421634 0.0213225 0.0235741 0.0189798 0.011078 0.0123171
internal_weight=10885.5 6894.72 3990.77 3049.41 2767.63 4140.75 2497.03 2753.98 2329.91 2616.61 2094.91 1410.73 281.782 857.95 1299.86 1030.05 756.003 1524.13 941.363 849.375 1004 667.383 270.6 1896.03 1187.67 88.6201 245.632 84.4896 167.119 654.723 1507.79 1273.44 673.808 563.103 537.904 17.4108 684.18 159.168 16.3381 708.357 593.159 369.529 45.9118 182.176 155.448 149.1 65.7504 26.7277 83.35 50.529 854.18 520.494 57.8681 46.6597 638.268 670.252 104.28 91.9879 599.629 450.925 291.733 288.804
internal_count=1495505 254676 1240829 1048024 1028505 227576 1006674 27100 975289 188717 175081 146354 19519 3005 497482 477807 99519 38859 192805 189080 472113 95358 21831 24095 9267 4161 11098 3622 31385 46835 32768 31019 23125 73734 71263 658 28727 28995 6091 14828 164402 25668 1743 19893 17629 16624 4780 2264 11844 4030 2874 70605 3733 3656 26984 22916 21624 3725 7894 6213 4956 4806
is_linear=0
shrinkage=0.05


Tree=12
num_leaves=63
num_cat=0
split_feature=25 25 23 26 5 5 15 15 20 15 10 26 17 13 20 23 15 0 6 26 20 20 20 6 17 5 20 20 26 22 13 15 17 20 13 23 25 2 0 0 15 6 6 0 20 25 18 26 20 6 26 20 13 10 26 22 26 26 26 26 26 20
split_gain=1739.09 284.397 236.705 247.599 267.896 119.951 72.816 67.8984 54.7924 45.8582 43.8259 39.8134 39.2641 38.4515 35.992 33.5064 32.7815 32.6949 44.4581 32.3673 31.5275 24.9916 32.5764 24.3434 23.2065 23.1984 23.0811 22.589 26.8369 26.3874 22.5815 28.6644 22.2419 22.1267 21.432 21.0865 20.9373 20.1414 21.3583 20.1054 28.8804 19.3735 33.9403 28.732 20.002 18.9637 23.0434 17.9927 17.977 19.1101 18.3824 17.6906 22.181 17.5625 18.2523 18.7444 17.5298 16.8944 16.9392 18.5513 24.9453 27.4839
threshold=3.5000000000000004 6.5000000000000009 4.8463842868804941 0.5298743247985841 0.010471491608768703 0.014599318150430919 0.01197647722437978 0.014815627597272398 63.500000000000007 0.011561079882085325 18.500000000000004 0.40214096009731298 0.012739370577037336 0.016001024283468727 64.500000000000014 18.164677619934086 0.009756329935044052 91.500000000000014 16.500000000000004 0.38316416740417486 76.500000000000014 66.500000000000014 23.500000000000004 9.5000000000000018 0.016001024283468727 0.014599318150430919 48.500000000000007 78.500000000000014 0.72396728396415722 1.0000000180025095e-35 0.012579114176332952 0.0088107436895370501 0.013423423748463394 43.500000000000007 0.013986697886139156 40.926160812377937 8.5000000000000018 6.5000000000000009 5.5000000000000009 4.5000000000000009 0.016261236742138866 55.500000000000007 39.500000000000007 60.500000000000007 57.500000000000007 1.5000000000000002 1.0000000180025095e-35 0.78981101512908947 76.500000000000014 32.500000000000007 0.46998426318168646 41.500000000000007 1.0000000180025095e-35 17.500000000000004 0.57194736599922191 5.5000000000000009 0.5106656849384309 0.19583144783973697 0.34108430147171026 0.4344466775655747 0.47403730452060705 81.500000000000014
decision_type=2 2 2 2 2 2 2 2 2 2 2 2 2 2 2 2 2 2 2 2 2 2 2 2 2 2 2 2 2 2 2 2 2 2 2 2 2 2 2 2 2 2 2 2 2 2 2 2 2 2 2 2 2 2 2 2 2 2 2 2 2 2
left_child=2 5 3 4 6 9 11 14 25 10 19 34 21 -9 30 27 33 -16 -19 -2 32 22 23 -7 26 56 47 28 29 37 31 35 -13 53 -1 -3 -33 -11 -39 40 -25 42 43 -21 -45 57 -47 -12 49 -8 -50 52 -30 -5 -55 -56 -6 -4 -59 -60 -61 -62
right_child=1 7 45 16 8 12 48 13 -10 15 24 20 -14 -15 17 -17 -18 18 -20 41 -22 -23 -24 39 -26 -27 -28 -29 51 -31 -32 36 -34 -35 -36 -37 -38 38 -40 -41 -42 -43 -44 44 -46 46 -48 -49 50 -51 -52 -53 -54 54 55 -57 -58 58 59 60 61 -63
leaf_value=-0.056960351803778245 -0.025332047895408161 -0.10108156698862732 -0.092793401702333966 0.052165972289627417 -0.0315561514418536 0.034765701929151287 0.01962454324911098 0.027152298741309158 0.033883193834097394 -0.10931774451303798 -0.017990334120171883 -0.044647077504663762 0.042330703284262181 0.042707324151094808 0.04252031633137246 0.042519940765615147 0.0041420160470886707 0.032525760756626609 -0.080216013871668879 -0.076549649046437351 -0.0046624911751155622 0.035575144294643507 0.005174906138781207 -0.10694207787686072 0.05868247517921861 0.0073136915701091281 -0.0045226970807939193 0.039179226532420154 0.0081645477452676023 0.0022046808630338966 0.017047518428160584 0.0078038258422244034 0.0055048728495969389 -0.007666652505534108 -0.016583270640909135 0.088290542238685238 -0.071131656342989236 0.052200551510667194 -0.029859902329827132 0.015056855527077457 0.038276242530328436 0.020204263087988318 -0.080985198072933529 0.029444708711736062 -0.060139000783282708 -0.10557654288549445 0.022369365801076832 -0.074750375523269519 0.051637746408621281 -0.028844279584696708 -0.10768144651617476 0.031018613692938041 -0.10563627018856148 -0.039589039137108595 -0.025600147946059013 0.0097261131463041578 0.018102762330326878 0.029492500043422895 -0.040673321108495364 0.035323260212172435 -0.047436125487990394 0.046586190044505801
leaf_weight=931.21128370112274 63.068344628438354 10.887474765768273 5.0248702925164244 7.2458785898052147 117.49362790852319 204.1330674609635 26.523345481604338 1130.8127147868508 96.575096406042576 6.921114770229905 535.32928663527127 974.87672831420787 158.53230444458313 612.47895578388125 216.97970900381915 63.742183587979525 286.23599326028489 24.509091587271541 13.594348405022172 9.0616769269108755 55.114402067614719 132.35955520439893 546.02362651831936 9.1434535480802861 11.595007905270903 102.75305634597316 487.08546648634365 46.528390316758305 105.10623018525075 649.95506869215751 1032.3476936398074 139.9451502088923 22.620323366718367 397.915716069052 34.067198218079284 1.6994343874976028 8.9371847510337812 8.979961284901945 67.778072831803001 44.324657082557678 5.4731268864125004 264.51852024137042 13.213419535662977 53.168801149586216 7.0581125458702436 3.5764229798223814 219.6399592300877 14.335970688611267 17.140573031501848 87.185257434844971 2.0243664020672432 125.61890213750303 4.4636846142821005 150.18571051303297 144.10530135780573 50.783568410668522 20.938454195857048 37.326237352564931 33.213163018226624 34.62159861670807 29.468076574150473 10.556884832214562
leaf_count=461332 13114 773 2158 885 27595 1887 2113 7673 3269 414 81358 417318 1150 1916 2364 629 28088 275 553 959 8315 1671 14444 753 234 4383 38155 807 3762 35039 17855 3366 3119 98719 10454 4 332 113 4625 2024 34 10466 1124 1567 491 509 9697 1518 466 23614 188 2941 286 58739 47374 15105 3795 4728 4082 1480 3037 267
internal_value=-0.000131593 0.0150778 -0.0267772 -0.0307872 -0.0393394 0.00551965 -0.0458405 0.0259693 0.00205819 -0.000458386 -0.00624013 -0.0482013 0.0193102 0.0326173 0.0179706 0.00735586 -0.010254 0.0350189 -0.00769767 0.00761802 -0.0414757 0.0154338 0.0121388 0.0265928 -0.0116611 -0.0106851 -0.0124478 0.00514831 0.00351395 -0.0011978 0.0143279 -0.00305995 -0.0435098 -0.0157465 -0.0555353 -0.0755133 0.00306545 -0.0276256 -0.0202596 -0.00171254 -0.0525656 0.0136064 -0.00754754 0.00645711 0.0189462 0.0110763 0.0203194 -0.0194707 -0.00998825 -0.0175386 0.0348091 0.0182115 0.0035285 -0.024872 -0.0264896 -0.0163949 -0.024045 -0.00265906 0.000460484 -0.00958642 0.00424536 -0.022637
internal_weight=10728.1 6829.71 3898.42 3525 2488.52 3637.52 2150.76 3192.19 337.76 2537.53 1458.43 2017.89 1099.99 1743.29 1448.9 1079.09 1036.47 255.083 38.1034 410.089 1052.61 941.457 809.098 263.074 1048.35 241.185 1036.75 1015.35 968.823 733.634 1193.82 161.469 997.497 750.236 965.278 12.5869 148.882 83.6791 76.758 58.9412 14.6166 347.021 82.502 69.2886 60.2269 373.427 223.216 549.665 132.874 113.709 19.1649 235.189 109.57 352.32 345.075 194.889 138.432 150.211 145.186 107.86 74.6466 40.025
internal_count=1495505 254676 1240829 1214871 965961 219565 926919 35111 39042 197602 148986 900538 21963 9589 25522 48616 248910 3192 828 27721 428752 20813 19142 4698 121265 35773 121031 47987 47180 40191 22330 4475 420437 220822 471786 777 3698 5152 4738 2811 787 14607 4141 3017 2058 25958 10206 82876 26381 25727 654 6989 4048 122103 121218 62479 31390 15752 13594 8866 4784 3304
is_linear=0
shrinkage=0.05


Tree=13
num_leaves=63
num_cat=0
split_feature=25 25 23 26 4 14 14 4 20 23 12 26 20 14 10 0 4 17 20 17 14 26 12 21 10 20 20 14 17 20 4 4 20 6 12 14 21 26 8 12 2 2 26 20 20 4 20 20 26 12 8 17 6 21 10 20 2 15 4 0 15 23
split_gain=1597.28 263.328 236.953 220.456 255.448 89.7174 68.5231 64.8375 47.305 43.0924 40.5933 37.854 29.3312 27.8602 25.8165 27.7357 34.665 22.3782 22.1265 22.2585 32.5863 27.3385 25.9223 24.2616 21.5062 21.2519 21.0914 30.9534 31.1538 21.8946 20.8388 20.6595 20.6761 47.2683 45.0631 21.7641 20.6336 20.5719 24.7099 20.0342 19.9428 24.5412 44.5886 19.9012 19.5741 18.787 18.4071 21.9529 20.9398 18.2696 18.2257 25.016 21.1274 17.8195 18.4011 17.4773 18.3537 19.6127 17.1784 16.9731 28.2614 16.8911
threshold=3.5000000000000004 5.5000000000000009 4.5031340122222909 0.5298743247985841 34.500000000000007 6.5000000000000009 22.500000000000004 8.5000000000000018 64.500000000000014 7.08691430091858 1.5000000000000002 0.40214096009731298 76.500000000000014 70.500000000000014 5.5000000000000009 17.500000000000004 57.500000000000007 0.016001024283468727 80.500000000000014 0.014389234129339458 26.500000000000004 0.52832871675491344 2.5000000000000004 7.5000000000000009 60.000000000000007 80.500000000000014 63.500000000000007 1.5000000000000002 0.013423423748463394 22.500000000000004 7.5000000000000009 9.5000000000000018 65.500000000000014 21.500000000000004 14.500000000000002 1.5000000000000002 1.5000000000000002 0.38862231373786932 7.5000000000000009 18.500000000000004 38.500000000000007 60.500000000000007 0.62684661149978649 76.500000000000014 45.500000000000007 3.5000000000000004 79.500000000000014 81.500000000000014 0.39390563964843756 7.5000000000000009 3.5000000000000004 0.015749008394777778 8.5000000000000018 4.5000000000000009 1.5000000000000002 60.500000000000007 46.500000000000007 0.010256679728627207 30.500000000000004 41.500000000000007 0.010695492848753931 10.606995582580568
decision_type=2 2 2 2 2 2 2 2 2 2 2 2 2 2 2 2 2 2 2 2 2 2 2 2 2 2 2 2 2 2 2 2 2 2 2 2 2 2 2 2 2 2 2 2 2 2 2 2 2 2 2 2 2 2 2 2 2 2 2 2 2 2
left_child=2 7 3 4 8 10 43 26 30 18 -3 17 24 -5 40 16 -16 -8 19 20 -9 22 -22 44 -13 -17 27 29 -29 -2 -1 -12 33 35 -35 -33 -28 38 -21 -15 -7 42 -42 49 -23 -41 61 -48 -49 -6 52 -52 -37 -20 -55 56 57 -44 -24 60 -38 -4
right_child=1 5 46 13 6 14 11 9 -10 -11 31 12 -14 39 15 25 -18 -19 53 37 21 23 58 -25 -26 -27 36 28 -30 -31 -32 32 -34 34 -36 50 59 -39 -40 45 41 -43 55 -45 -46 -47 47 48 -50 -51 51 -53 -54 54 -56 -57 -58 -59 -60 -61 -62 -63
leaf_value=0.0066210500648636057 0.044517801495263028 0.040862731478098796 0.0063643244551391965 -0.00016450182531191137 0.072572936365919063 0.026503168788690259 -0.055087514756004811 0.00029339694618034351 0.031209857921850492 0.018331708334209783 0.028913702589201951 0.0014592888308816007 -0.0048354669927715335 0.025222392535228684 0.020749687404952324 0.0042954751123788796 -0.1045082702671975 0.026790604551905264 0.034486825186847453 -0.062201439084806159 0.058457134187449238 -0.022438817066100708 -0.0095851835945526907 0.015638059374083031 -0.043703625757326156 -0.10463344191314686 0.050677685329007821 0.00056411018089115659 0.053957064402784596 0.011871841174975462 -0.022938666173585569 0.034044390129720617 0.04307981102158296 -0.11304482988749837 -0.00022711274485767726 -0.11285585939916498 -0.11154016397370664 0.019582701636063776 0.035941040176756027 0.03982533318239373 -0.098086389937191071 0.018086074194166232 0.036298221586047487 0.037615746946464274 -0.003766229646469603 -0.020324656494190754 -0.083302948468443397 -0.096329624588509535 0.014460824959244315 -0.022251836784901908 0.014677256546030549 -0.11846049024505263 0.0036115903062046064 0.069131245577219419 -0.10676612151156387 0.051195557518827019 -0.10731388922600134 -0.10398183289610025 -0.044656905988579861 0.035205508406328953 0.0078568422589914283 0.029365656646760854
leaf_weight=106.65032748272642 94.778585766907781 620.48199154995382 188.04209999111481 397.85955270868726 5.3348001362755886 607.62700895220041 925.12707520730328 681.02888627466746 98.436365838861093 226.88365277240518 1062.3327422509901 27.118113400647417 54.783428363967687 26.771848306758329 482.60351447202265 644.08248911891133 5.5875318292528382 8.4210124576929939 53.847969585563987 18.108984187594618 7.6986122246598816 287.47274924308294 47.702111272839829 83.004482517484576 942.4597054363694 4.5090000997297457 71.731258007697761 458.47407188615762 29.051326350774616 112.11014437349513 135.21409667935222 108.17786715994589 53.845397573662922 14.234150374773888 23.405892516486347 6.8145521534606806 5.8036732613109043 136.33164876955561 9.9305388125358132 13.276440604822708 13.996650154702364 150.47597929555923 11.36648820131086 19.024236058816314 274.23963609780185 584.47216782975011 9.9152686558663827 4.893852266483008 33.184456371236593 106.16349331906531 116.71670436859131 3.6381931761279693 9.0849948711693269 2.1765181554947048 4.6922586171422145 13.85063570179045 4.7867036550305775 3.1911827735602847 130.24628628301434 45.240134251303971 33.939707684796304 138.68026878451928
leaf_count=4430 466 1965 18372 52992 33 6604 470832 41099 2983 7418 6389 5933 8265 2939 8819 20793 487 855 992 6005 309 45691 6280 8746 414431 257 456 17187 176 1249 31625 730 417 534 429 143 467 5143 902 1173 659 2299 149 653 26825 191739 1085 1203 1225 25692 1451 80 96 41 502 111 222 126 30599 662 701 4369
internal_value=-5.51703e-05 0.014529 -0.0258829 -0.0299831 -0.0381822 0.0228383 -0.0447279 0.00283548 0.00198851 -0.00216119 0.0302192 -0.0470663 -0.0404293 -0.0105055 0.015166 0.010314 0.0193161 -0.0543489 -0.00483873 -0.00591306 -0.00781342 -0.0144623 -0.0313692 -0.00959393 -0.0424405 0.0035382 0.0143617 0.0106225 0.00374576 0.0268274 -0.00990428 0.0254961 0.0146879 0.00926813 -0.0428908 0.0173001 0.03093 0.0115607 -0.0274431 -0.0170934 0.0220154 0.0082199 -0.0232395 -0.00965013 -0.0133225 -0.0189887 0.0118801 -0.0170339 0.000221955 -0.0177148 0.00400609 0.0106527 -0.0463064 0.0248125 -0.0510293 0.00831961 -0.0223797 0.00554747 -0.0352553 0.0142618 -0.00957854 0.0161274
internal_weight=10601.1 6775.3 3825.83 3451.11 2428.73 3960.81 2088.43 2814.49 340.301 1963.36 2018.73 1957.91 1024.36 1022.38 1942.08 1136.78 488.191 933.548 1736.48 1675.76 1511.39 830.364 185.647 644.717 969.578 648.591 851.129 694.414 487.525 206.889 241.864 1398.25 335.918 282.072 37.64 244.432 156.715 164.371 28.0395 624.52 805.295 197.668 47.1917 130.523 561.712 597.749 374.716 47.9936 38.0783 111.498 136.254 120.355 15.8995 60.7167 6.86878 33.195 19.3444 14.5577 177.948 84.9835 39.7434 326.722
internal_count=1495505 254676 1240829 1214575 965732 52760 926694 201916 39038 180552 12234 900316 428629 248843 40526 30356 9306 471687 173134 171599 159549 118450 37188 81262 420364 21050 21364 19078 17363 1715 36055 10269 3880 3463 963 2500 2286 12050 6907 195851 10170 3566 1267 26378 72516 192912 26254 3513 2428 25725 1770 1531 239 1535 543 608 497 275 36879 1830 1168 22741
is_linear=0
shrinkage=0.05


Tree=14
num_leaves=63
num_cat=0
split_feature=25 25 23 26 4 20 15 4 12 16 20 23 15 20 2 15 20 7 4 10 20 20 4 20 5 15 12 7 15 26 16 26 12 23 8 10 15 12 26 0 7 20 26 20 7 0 5 21 12 21 15 2 1 7 23 23 16 0 4 7 15 7
split_gain=1492.38 249.47 223.389 207.481 208.669 96.8909 88.6284 66.163 56.0252 38.0677 36.2996 35.3249 33.3001 33.1638 30.1315 28.7386 27.3448 23.8179 23.1767 25.7916 23.0142 30.423 22.1017 24.4245 20.5421 19.3702 18.5147 18.2805 33.2108 18.2719 18.6414 18.0018 27.6268 35.1467 25.6478 24.204 23.0696 19.4273 18.4724 17.8321 22.293 38.3512 21.3935 18.7494 17.6836 16.9897 22.8409 17.9252 16.7692 16.7685 18.115 35.188 17.501 16.6201 17.8249 16.8093 17.12 16.4839 16.4314 18.4596 16.2952 20.3247
threshold=3.5000000000000004 5.5000000000000009 4.8463842868804941 0.50359395146369945 15.500000000000002 76.500000000000014 0.014815627597272398 8.5000000000000018 8.5000000000000018 2.5000000000000004 80.500000000000014 10.24991035461426 0.0093898782506585139 57.500000000000007 28.500000000000004 0.011299795936793091 69.500000000000014 0.014599318150430919 1.5000000000000002 5.5000000000000009 63.500000000000007 21.500000000000004 1.5000000000000002 18.500000000000004 0.013245614245533945 0.016001024283468727 60.000000000000007 0.012422839645296337 0.0098524559289217013 0.33871887624263769 5.5000000000000009 0.66542470455169689 12.500000000000002 7.2683868408203134 12.500000000000002 17.500000000000004 0.013986697886139156 17.500000000000004 0.54434943199157726 100.00000000000001 1.0000000180025095e-35 40.500000000000007 0.47938266396522528 24.500000000000004 0.014599318150430919 91.500000000000014 0.012579114176332952 5.5000000000000009 14.500000000000002 1.5000000000000002 0.013423423748463394 4.5000000000000009 0.016001024283468727 0.015749008394777778 10.606995582580568 9.5697569847106951 9.5000000000000018 91.500000000000014 3.5000000000000004 0.013245614245533945 0.010471491608768703 0.015038444194942715
decision_type=2 2 2 2 2 2 2 2 2 2 2 2 2 2 2 2 2 2 2 2 2 2 2 2 2 2 2 2 2 2 2 2 2 2 2 2 2 2 2 2 2 2 2 2 2 2 2 2 2 2 2 2 2 2 2 2 2 2 2 2 2 2
left_child=2 7 3 4 14 8 16 20 -6 44 11 31 13 58 -1 29 18 -13 27 39 21 25 -16 24 -24 60 -4 -3 -29 -10 -31 32 33 34 38 37 -37 -34 -9 40 41 43 -42 -20 -8 -18 47 48 -47 -22 -51 52 -52 54 55 -28 -57 -44 -5 -60 -2 -62
right_child=1 6 26 12 5 -7 9 10 15 -11 -12 17 -14 -15 22 -17 45 -19 19 -21 49 -23 23 -25 -26 -27 53 28 -30 30 -32 -33 35 -35 -36 36 -38 -39 -40 -41 42 -43 57 -45 -46 46 -48 -49 -50 50 51 -53 -54 -55 -56 56 -58 -59 59 -61 61 -63
leaf_value=-0.091482309433723721 0.041169812146251053 0.054703020255673467 -0.075012878134720976 0.028984121219702199 0.0087566801978587842 0.0021778591647723133 0.020249421818063898 -0.01380493658649023 -0.057125603568886255 0.023778417965529989 0.029937571954054356 0.024936142985790975 0.00014790174243234342 -0.0026380145026720491 0.041333604382845446 -0.023223009315940023 0.037837395817915218 -0.11122851016339615 -0.11163393807299471 0.0054278262880462433 0.049357992693787649 0.0030026631108870622 0.046634618445853454 0.011226917687898061 -0.077812650866887378 0.042656286633098693 0.0047975209950141574 -0.11643400924469433 0.024740468438735268 0.027658699966606595 -0.046498949657318323 0.0022024726792308161 -0.031041799090883761 -0.11425595828690344 0.034213930851450684 -0.018758745152076581 0.00069196918119468064 0.02744042776459148 0.028004901375762999 0.028734232480465079 -0.11482552154375632 -0.11280996312708579 0.016828890989581149 0.037512083656495526 0.040783668722430388 0.054499090603614568 -0.11017367628021797 -0.069245513355790142 -0.10513396542558268 0.034469743143421105 0.027560936221191004 -0.1127639429592333 -0.11673700184231844 0.072004192305585399 0.023507798482921834 0.062169411212184826 -0.083092538276547334 -0.11371188087205469 -0.026707473145384616 0.020484739487055939 -0.028614440304850386 0.019536173514687748
leaf_weight=7.1152392275398588 36.9325008217711 53.907246449030936 6.1093779162038109 14.327995068626477 44.6968699489953 108.15292443335056 122.95677122613415 97.006682881619781 539.50051921990234 1168.3430113630602 83.048468994442374 125.1996873866301 343.17099053948186 250.95724731683731 51.60179338324815 110.4609740707092 173.4068675620947 3.2960955759044728 2.5005197096616056 926.59735823364463 72.096820978680626 458.45231271744706 4.2840397957479608 124.52841249632183 14.674700221978126 94.67467702832073 189.89162639551796 4.3682957310229531 89.902655466925353 8.5389927006326598 1119.2576296117622 506.00439090945292 18.465582835953683 5.7830362492240956 74.473063704790547 737.39175871957559 192.17208137316629 61.480804674094543 36.305677741533145 254.62492395169102 3.1523555498570195 9.5282790372148138 370.95000882074237 13.396068572066723 711.82973371818662 16.215780061436824 4.3136965511366716 4.9333653654903165 1.8309091208502675 53.568190040998161 22.995043198112402 6.9331499584950498 2.3126025097444645 11.465675705112515 156.8681929835584 2.5274927802383891 10.270507312379776 2.4341546064242712 627.25594182999339 21.429415180813521 34.456211479380727 60.217516988981515
leaf_count=2145 1499 323 958 1269 9506 18709 845 12663 294523 9267 1877 2958 40618 53999 608 30402 2128 247 104 27487 456 14624 175 5878 1543 451 17927 164 850 943 513385 34320 3869 634 2714 106879 9625 3273 1493 3089 169 389 4799 142 2122 181 212 284 114 1147 244 370 69 73 4889 13 2098 91 235992 5176 1775 729
internal_value=7.75688e-06 0.0141325 -0.0251833 -0.0292444 -0.0387412 -0.0438026 0.0222354 0.00267609 -0.0465313 0.0296048 -0.00240374 -0.00384966 -0.0131325 -0.018119 0.00958411 -0.0479214 0.014595 0.0214433 0.0125697 0.0107999 0.0143751 0.010407 0.0132702 0.00317783 -0.0496917 0.0254085 0.0113214 0.031479 0.0181988 -0.0495577 -0.0459375 -0.00572929 -0.00901077 0.00732709 0.010711 -0.0124671 -0.0147376 0.0139325 -0.00241864 0.0183812 0.011823 -0.0334914 0.0148828 0.0140515 0.0377592 0.0320659 -0.00460232 0.015215 0.0383037 0.0315823 0.0166471 -0.0129653 0.014375 0.012743 0.0108532 0.00105945 -0.0544046 0.0159779 -0.0239786 -0.0251485 0.0130007 0.00201191
internal_weight=10485.5 6718.46 3767.09 3389.95 2132.81 1930.61 3935.19 2783.27 1822.45 2003.13 1940.63 1857.58 1257.14 913.971 202.204 1777.76 1932.06 128.496 1731.36 1583.18 842.639 684.733 195.089 143.487 18.9587 226.281 377.133 148.178 94.271 1667.3 1127.8 1729.08 1223.08 213.568 207.785 1009.51 929.564 79.9464 133.312 656.586 401.961 25.4249 376.537 15.8966 834.787 200.701 27.2938 22.9801 18.0467 157.906 85.809 32.2408 25.3076 371.023 359.558 202.69 12.798 373.384 663.013 648.685 131.606 94.6737
internal_count=1495505 254676 1240829 1214871 877817 867468 52760 201916 848759 12234 180552 178675 337054 296436 10349 839253 40526 3205 37607 36270 21364 19078 8204 7596 1718 4454 25958 1337 1014 808851 514328 175470 141150 17504 16870 123646 116504 7142 14156 8783 5694 635 5059 246 2967 2919 791 579 295 2286 1830 683 313 25000 24927 20038 2111 4890 242437 241168 4003 2504
is_linear=0
shrinkage=0.05


Tree=15
num_leaves=63
num_cat=0
split_feature=25 26 15 4 23 20 15 10 4 10 16 18 16 16 26 4 20 26 22 26 23 4 8 26 20 23 26 26 20 20 26 0 20 26 8 6 15 6 6 6 23 6 20 4 20 0 20 20 4 22 6 15 10 3 26 15 26 4 15 16 0 26
split_gain=1447.82 240.351 156.278 122.188 132.092 113.724 69.9842 64.0021 63.4003 51.5445 48.9913 48.1781 47.9904 46.8769 50.0909 40.9265 44.2128 36.9974 34.2679 40.3444 34.1424 29.4452 28.8207 32.5325 26.0479 27.7885 32.9991 24.6881 24.2729 23.3689 25.7976 23.1852 23.0349 28.2321 22.5285 39.5916 22.3882 27.6086 33.0774 22.838 22.0445 20.9453 20.726 20.0828 20.0231 21.4815 19.8152 18.7174 18.6214 21.4249 18.5555 23.6702 18.4724 18.3058 18.12 18.0206 17.0935 16.7792 16.4667 16.0925 18.9315 15.8101
threshold=4.5000000000000009 0.43294264376163488 0.015268065501004459 33.500000000000007 5.1731619834899911 48.500000000000007 0.009756329935044052 5.5000000000000009 7.5000000000000009 18.500000000000004 11.500000000000002 17.500000000000004 2.5000000000000004 60.000000000000007 0.57194736599922191 21.500000000000004 48.500000000000007 0.53142702579498302 1.5000000000000002 0.50079074501991283 8.8693184852600115 1.5000000000000002 12.500000000000002 0.32620473206043249 71.500000000000014 9.465734004974367 0.63275355100631725 0.58585363626480114 73.500000000000014 64.500000000000014 0.4181825071573258 23.500000000000004 33.500000000000007 0.24128097295761111 3.5000000000000004 39.500000000000007 0.0065574476029723891 47.500000000000007 4.5000000000000009 59.500000000000007 4.2815890312194833 72.500000000000014 34.500000000000007 19.500000000000004 75.500000000000014 3.5000000000000004 47.500000000000007 69.500000000000014 25.500000000000004 6.5000000000000009 1.5000000000000002 0.016261236742138866 11.500000000000002 0.012903762981295587 0.68476203083992015 0.013245614245533945 0.5298743247985841 31.500000000000004 0.015038444194942715 18.500000000000004 96.500000000000014 0.69768714904785167
decision_type=2 2 2 2 2 2 2 2 2 2 2 2 2 2 2 2 2 2 2 2 2 2 2 2 2 2 2 2 2 2 2 2 2 2 2 2 2 2 2 2 2 2 2 2 2 2 2 2 2 2 2 2 2 2 2 2 2 2 2 2 2 2
left_child=1 3 7 29 10 6 13 54 -7 -10 22 -9 -4 27 20 44 34 31 19 -8 -15 -14 -5 -24 25 26 48 -3 55 30 32 -18 -1 46 35 -17 39 38 -38 -26 43 -6 -22 -28 -13 -46 -34 -27 49 -11 51 61 -44 -36 -2 -12 58 -50 -52 -41 -61 -20
right_child=2 5 12 4 41 8 18 11 9 24 28 15 21 14 -16 16 17 -19 50 -21 42 -23 23 -25 36 47 40 -29 -30 -31 -32 -33 33 -35 53 -37 37 -39 -40 59 -42 -43 52 -45 45 -47 -48 -49 57 -51 56 -53 -54 -55 -56 -57 -58 -59 -60 60 -62 -63
leaf_value=0.013853643101996297 0.014368600840013533 0.020107393011036007 0.037475272707031486 -0.036004352453150597 -0.10205853587538592 0.028721953502206649 0.0036615946529000329 0.019417268290113029 0.027938150200261476 -0.01408685666338776 -0.052600162753802415 0.0068355329591793306 0.031781307182196121 -0.038901372057955887 -0.01434614238526901 0.043402068527274101 0.01724210954698089 0.012718886190744237 0.048374230973291153 -0.066750695667169305 0.06078608436044302 0.01653897794045224 -0.057386696979058155 0.046059000984894682 0.025671137116924671 0.021415714076645109 -0.040874091465334828 -0.097006493052891052 -0.019360889153352146 0.026312043774292505 -0.090007210435105484 -0.072931518628549991 -0.096085775425968134 -0.055794625602871489 -0.016792978661337176 -0.10776680205478269 0.042911887559277412 0.023077539332668789 -0.10139640373380472 0.065868042547361019 -0.075625817253953495 0.0066297949185730792 0.078887873478156748 0.014301399524895456 -0.11545486435942443 0.045317714345736365 0.047910917994659352 -0.1073575077816734 -0.083231314391169098 0.04830067347779958 -0.017649279223143632 -0.12160284896826704 -0.10064749218686227 -0.052939788735466412 0.02797876602809269 -0.011257107693760704 0.0010408191142797373 -0.023399448436012001 -0.098307056916639018 -0.049957548621051402 -0.0082625425541299046 -0.057680053729266538
leaf_weight=69.836517821240705 498.21638767898548 64.662824167287908 769.44172112527303 54.966777228808496 4.5757545684464267 148.61513432417996 36.275575147825293 518.09442275273614 103.95402706344612 51.21080214867834 1062.0762391968165 1076.6907028136193 489.17000313196331 776.52968760521617 342.45235991640948 29.982113822828978 10.580463732418137 298.79842813359573 38.211566541343927 46.320012294221669 14.000047905836256 899.43829125654884 10.192457063705659 29.885028886026703 34.241669214097783 69.598931270185858 18.710033968789503 4.8365698505658647 61.796027547097765 61.197346615605056 9.6015302123269048 21.84821281011682 2.8855461271014091 34.908761769416742 371.18978654709645 5.0626653973013154 6.5318343914113965 147.88087555696256 10.128022633027284 5.1442840115632853 8.3450415153056365 141.70387198356912 2.0621851971372971 139.11498661711812 2.1681372351013115 49.803720471914858 13.886206081719136 2.9410963933914891 11.985174388857557 18.818249605828896 76.854733171756379 2.4386777700856319 4.6938241403549892 38.675242815981619 480.31818503164686 27.028203611029312 325.19565523171332 525.26065359107452 6.8955582696944466 44.645183156710118 69.768505774205551 3.8700532885268322
leaf_count=6698 8662 5850 2531 16298 760 4014 4777 9876 6034 6901 556426 35479 2570 326034 95320 442 632 15558 570 6861 303 10930 5391 1602 2924 1898 1881 1089 18828 1632 2547 3237 406 6615 38388 491 148 8195 1229 253 707 14127 41 18522 105 504 458 203 3259 1075 19782 100 845 3647 4466 7211 30323 150647 1575 8354 8723 159
internal_value=-0.000382222 -0.0206636 0.0169342 -0.0365578 -0.0417182 -0.0126992 -0.0212427 0.0102569 -0.0021755 -0.00579602 -0.0469953 0.00589817 0.0274587 -0.027909 -0.03034 0.00222106 -0.00661707 0.00721375 -0.00620494 -0.035826 -0.0372097 0.0219084 -0.012494 0.0197508 -0.0088079 -0.0133955 -0.0161707 0.0119573 -0.0498445 0.000799883 -0.0111075 -0.0435107 -0.00487331 -0.0301793 -0.0169139 0.0215638 0.00338352 0.0162031 -0.0448174 -0.0103314 0.00357274 0.00322993 0.0260776 0.00776039 0.00829869 0.0386107 0.0231366 0.0161947 -0.0215731 0.00267796 -0.00080968 0.0298444 -0.0458466 -0.0202038 0.0210492 -0.0515742 -0.00414686 -0.0247342 -0.0242902 -0.0206426 -0.0245323 0.0386209
internal_weight=10306.2 4746.73 5559.48 1584.54 1392.22 3162.19 1745.3 3401.43 1416.89 1268.28 1245.94 2422.89 2158.05 1209.24 1139.74 1904.8 776.137 331.227 536.062 82.5956 797.286 1388.61 95.0443 40.0775 1164.33 845.985 773.445 69.4994 1150.9 192.316 131.119 32.4287 121.517 51.6805 444.91 35.0448 318.34 164.541 16.6599 153.8 166.17 146.28 20.7561 157.825 1128.66 51.9719 16.7718 72.54 607.275 70.0291 453.466 44.5203 6.75601 409.865 978.535 1089.1 408.946 537.246 83.7503 119.558 114.414 42.0816
internal_count=1495113 1357595 137518 638999 620643 718596 493629 121487 224967 220953 605756 108359 16031 429482 422543 98483 62395 19427 64147 11638 327223 13500 23291 6993 214919 185093 182992 6939 582465 18356 16724 3869 14177 7479 42968 933 29826 9572 1377 20254 21110 14887 1189 20403 36088 609 864 2101 161882 7976 52509 829 886 42035 13128 563637 51680 153906 21357 17330 17077 729
is_linear=0
shrinkage=0.05


Tree=16
num_leaves=63
num_cat=0
split_feature=4 26 23 17 13 4 20 23 13 14 20 26 23 14 26 14 20 21 14 1 10 23 14 4 14 21 26 6 6 14 23 23 14 20 21 20 20 23 23 8 20 6 1 4 1 10 20 26 14 1 20 1 10 4 8 13 8 15 5 20 13 8
split_gain=1186.99 331.653 274.754 213.335 119.667 90.6903 67.8814 52.9026 53.911 48.2152 46.884 46.6345 42.0715 42.0102 37.6316 29.6092 32.3543 31.1659 29.1798 34.0165 25.7268 24.1307 22.2497 22.1689 21.5808 34.7766 20.8855 23.92 22.532 30.7357 20.8056 23.3706 24.4111 21.9505 20.658 20.1323 18.9642 22.3021 18.785 18.7263 18.6863 19.0032 52.6856 18.5145 18.2313 20.173 23.4477 19.3473 18.1211 17.9649 30.7411 17.7581 20.8698 17.6128 17.5865 17.5134 16.6625 32.7266 18.8219 16.6111 16.4783 17.429
threshold=42.500000000000007 0.53317159414291393 4.9654297828674325 0.013606071937829258 0.012579114176332952 2.5000000000000004 73.500000000000014 3.5899987220764165 0.014815627597272398 17.500000000000004 49.500000000000007 0.3849711418151856 8.6910333633422869 2.5000000000000004 0.22946026176214221 1.5000000000000002 51.500000000000007 4.5000000000000009 55.500000000000007 0.011428944766521456 60.000000000000007 10.445486545562746 4.5000000000000009 45.500000000000007 11.500000000000002 1.5000000000000002 0.62966758012771618 50.500000000000007 57.500000000000007 38.500000000000007 8.8472909927368182 8.1367983818054217 61.500000000000007 30.500000000000004 5.5000000000000009 73.500000000000014 60.500000000000007 9.0843286514282244 13.28654718399048 1.5000000000000002 31.500000000000004 10.500000000000002 0.010582306887954475 50.500000000000007 0.0091326101683080214 8.5000000000000018 36.500000000000007 0.49669846892356878 97.500000000000014 0.013793759513646366 54.500000000000007 0.014815627597272398 2.5000000000000004 45.500000000000007 60.000000000000007 0.013245614245533945 16.500000000000004 0.015038444194942715 0.016001024283468727 10.500000000000002 0.013245614245533945 11.500000000000002
decision_type=2 2 2 2 2 2 2 2 2 2 2 2 2 2 2 2 2 2 2 2 2 2 2 2 2 2 2 2 2 2 2 2 2 2 2 2 2 2 2 2 2 2 2 2 2 2 2 2 2 2 2 2 2 2 2 2 2 2 2 2 2 2
left_child=3 2 4 5 6 56 11 8 15 21 12 -2 51 40 -6 -3 17 -17 36 43 -13 -7 34 -18 -16 -26 27 -25 -28 -30 31 32 -4 -33 -22 60 37 -9 -37 -39 -5 -42 -43 -20 45 -27 -47 -48 -8 -23 -51 52 -11 -10 -53 -49 57 -1 -59 -60 -12 -62
right_child=1 7 30 13 14 9 48 18 53 10 35 20 -14 -15 24 16 23 -19 19 -21 22 49 -24 26 25 44 28 -29 29 -31 -32 33 -34 -35 -36 38 -38 39 -40 -41 41 42 -44 -45 -46 46 47 55 -50 50 -52 54 -54 -55 -56 -57 -58 58 59 -61 61 -63
leaf_value=-0.11384748721762797 -0.054529468880221171 0.023323950160921182 -0.098759012686404996 0.041702592007606384 -0.056096760359364561 0.0069017520249834673 0.010951172902232048 -0.06380595406805499 -0.10908607309463042 0.049091074628045489 -0.0025830755534667887 0.0039357870000158862 0.028066924517632631 0.020729328184346297 0.044826968612961565 -0.02943072568660637 -0.075242474014610983 -0.0097760719438791631 -0.099397288938359252 -0.10500232292993988 -0.035711024309994933 0.040478314060131249 -0.04046312646587831 -0.042384288445096285 -0.061862403191207088 0.02067465052697218 0.03162960548453244 -0.0026535678174033927 -0.065511979807738416 0.010258340134903985 0.018001784728046314 0.044294652900819159 0.0076456136312116818 -0.086817678974334095 0.056456461191501321 0.024794891882688335 0.039398222756262757 -0.11738815654955968 -0.10411052533759024 0.021264842516004714 0.031268102096021613 -0.12400576958252366 0.018562677220653606 0.0055732778015561537 -0.082258020640280441 0.011096991934989269 -0.06013340948900861 0.071871736171860517 -0.025130075471266274 -0.082591909469352895 0.029817272808512554 -0.10478465901897512 -0.021042996575380963 0.018496561225514775 0.011983337880947218 -0.045844804889062042 0.023472931079249845 -0.1156361573240144 -0.11453836270948831 0.029748281566651481 -0.10207309396365541 0.033155621616292492
leaf_weight=6.3209562399424604 687.95247266191291 59.498188705649227 5.6950928738806388 441.39623727835715 34.02979692351073 973.08818075002637 66.045784255256876 9.4124975679442269 2.7429375732317558 10.806319279130546 437.33963344333461 35.30532190843951 56.561295588035136 1479.8727958102245 24.205666522029787 372.69246111239772 10.189198648557065 439.58417090866715 4.3256909106858066 7.7332545365206888 12.872920701745899 96.889290977967903 1096.8577570318012 44.756579791661352 23.904754500486888 97.468292410369031 84.225095122121274 246.6834897689987 16.785955662606284 66.038640346378088 239.98362685274333 4.0727728684432831 100.69105885014869 14.765393306734039 11.520389886107294 136.82561434106901 114.98294383613393 2.5079722367227069 2.8858467882964751 83.917401255108416 475.14452667022124 7.3199351257644585 56.48425423912704 145.31881922273897 6.2234185568522653 51.569309120648541 30.807492578751408 6.3534715631976706 73.551771981758066 8.7664091470651346 19.863297004252672 3.3829345977865151 575.65155231335666 196.18449486210011 68.885620988206938 6.285381430061534 708.46307619777508 2.762373872101306 2.1345477849245063 30.454923745244741 2.499655437655746 50.936968170572072
leaf_count=265 391473 1435 713 1310 17729 30750 6967 686 171 149 39035 6692 1656 18180 375 88343 1844 103902 345 602 1803 978 484554 9076 4068 4716 5064 47393 1818 10526 9683 321 10545 2761 848 4408 1549 56 202 1614 1932 184 337 6141 931 9175 13217 417 21697 275 178 194 102109 4595 5771 1159 10860 76 25 147 167 921
internal_value=-0.000304394 -0.019352 -0.0308638 0.0149807 -0.037353 0.00645794 -0.0416769 -0.00347962 -0.00755188 0.00179099 -0.00455372 -0.0442212 -0.0133155 0.0260472 -0.00680553 -0.0111565 -0.012758 -0.0187941 0.0135459 -0.00274543 -0.0380895 0.00956317 -0.0394128 -0.00229679 -9.53954e-06 -0.00488482 -0.000675686 -0.00875503 0.0134198 -0.00509793 0.00938107 -0.00713992 0.00194953 -0.0584715 0.00781752 0.00538654 0.0257073 0.00928141 0.0221323 0.0172413 0.0340748 0.0278276 0.00220651 0.00253895 0.00196965 0.00469291 -0.0117014 -0.0387622 -0.00805947 0.0301958 -0.00460239 -0.0168688 -0.0197507 0.0167374 0.00651736 0.0133306 0.0216656 -0.00906014 0.00967598 0.0202978 0.000619463 0.0268299
internal_weight=10192.5 4537.74 2630.16 5654.74 2264.95 3194.52 1984.11 1907.58 1539.38 2444.38 1345.78 1844.51 715.288 2460.22 280.848 1340.45 1280.96 812.277 368.199 157.378 1156.56 1098.61 1121.25 468.679 246.818 222.612 458.49 291.44 167.05 82.8246 365.208 125.224 106.386 18.8382 24.3933 630.488 210.821 95.8379 139.711 86.4254 980.345 538.949 63.8042 149.645 198.707 192.484 95.0157 43.4463 139.598 125.519 28.6297 658.726 586.458 198.927 72.2686 12.6389 750.136 41.6728 35.3518 32.5895 490.776 53.4366
internal_count=1495113 1275004 989844 220109 965821 198166 914034 285160 274167 186793 154612 885370 109879 21943 51787 269401 267966 192245 10993 7088 493897 32181 487205 75721 34058 33683 73877 56469 17408 12344 24023 14340 11258 3082 2651 44733 3905 2356 4610 1670 3763 2453 521 6486 29615 28684 23968 14793 28664 1431 453 108223 102258 4766 5965 1576 11373 513 248 172 40123 1088
is_linear=0
shrinkage=0.05


Tree=17
num_leaves=63
num_cat=0
split_feature=14 23 26 4 17 10 10 20 4 23 26 4 26 0 12 0 20 20 26 12 26 6 20 2 12 20 4 17 22 20 14 2 10 2 14 22 0 20 26 4 4 23 22 14 10 22 23 17 20 22 6 14 20 6 6 20 2 26 14 14 0 20
split_gain=1091.89 305.684 286.385 216.853 133.537 89.0008 59.1504 65.9335 48.724 59.5459 37.2029 35.4681 32.4638 31.0267 28.7517 27.2953 31.7519 27.0578 26.6629 26.2974 25.2712 41.5518 37.048 24.4727 24.2554 23.2948 23.1347 22.8661 21.6758 20.6612 19.9461 20.1708 19.6888 48.7366 19.4905 19.3782 18.5631 33.4699 18.5169 17.8254 26.733 20.1333 19.0711 17.6015 17.3068 17.2935 16.9337 19.9852 16.7292 16.5563 25.8269 26.6123 17.3706 16.5037 16.364 17.1384 15.9719 15.9695 15.9012 15.8788 15.6869 15.8042
threshold=26.500000000000004 4.9654297828674325 0.5022101402282716 33.500000000000007 0.014185110572725536 8.5000000000000018 18.500000000000004 57.500000000000007 2.5000000000000004 3.5899987220764165 0.3849711418151856 3.5000000000000004 0.57008859515190136 1.0000000180025095e-35 6.5000000000000009 14.500000000000002 80.500000000000014 70.500000000000014 0.25646434724330908 6.5000000000000009 0.61598581075668346 7.5000000000000009 79.500000000000014 17.500000000000004 7.5000000000000009 29.500000000000004 27.500000000000004 0.013423423748463394 2.5000000000000004 70.500000000000014 38.500000000000007 32.500000000000007 14.500000000000002 6.5000000000000009 27.500000000000004 1.0000000180025095e-35 9.5000000000000018 66.500000000000014 0.19583144783973697 67.500000000000014 92.500000000000014 12.727939128875734 2.5000000000000004 4.5000000000000009 6.5000000000000009 3.5000000000000004 23.613391876220707 0.014185110572725536 75.500000000000014 6.5000000000000009 7.5000000000000009 24.500000000000004 60.500000000000007 12.500000000000002 18.500000000000004 18.500000000000004 43.500000000000007 0.81944045424461376 2.5000000000000004 100.00000000000001 27.500000000000004 83.500000000000014
decision_type=2 2 2 2 2 2 2 2 2 2 2 2 2 2 2 2 2 2 2 2 2 2 2 2 2 2 2 2 2 2 2 2 2 2 2 2 2 2 2 2 2 2 2 2 2 2 2 2 2 2 2 2 2 2 2 2 2 2 2 2 2 2
left_child=4 2 3 11 8 18 34 12 -1 20 -7 23 14 -6 28 -13 56 19 -5 -12 21 27 24 -2 -23 58 -9 -10 -8 39 31 -28 33 -3 -4 48 37 44 -34 49 -41 42 -42 53 -26 -14 47 -40 -20 -27 52 -52 -51 -38 55 -21 -17 -36 -15 -32 -19 -62
right_child=1 32 6 5 13 10 7 26 9 -11 17 15 45 25 -16 16 -18 60 35 54 -22 22 -24 -25 36 29 30 -29 -30 -31 59 -33 38 -35 57 -37 43 -39 46 40 41 -43 -44 -45 -46 -47 -48 -49 -50 50 51 -53 -54 -55 -56 -57 -58 -59 -60 -61 61 -63
leaf_value=0.021989722245805719 -0.12555158919390966 -0.11135765289370309 -0.10250440873986724 -0.058764037245816463 0.042530482249586471 -0.053085279428630519 -0.10041853282582583 0.016716563192511216 0.022690368473786516 0.023741911348803255 0.016700891604630078 0.02398885206065807 -0.01941340448084249 0.040684197122443033 -0.030589528171181518 -0.055765361845489726 0.043804165868391601 0.043059124814807323 -0.094965988695277656 0.044144040324596429 0.0069537985944452714 0.030622928472196845 0.032692233563407877 0.030199465493888453 0.064235622173768547 0.021385636769261016 0.0057834891484667634 -0.11547772154890426 0.04703921349348035 0.040862347693174053 0.0096474036137579322 -0.080098721700368261 -0.090143728650101673 0.023157515654714002 0.009496301015750188 0.014935638083888664 -0.11020527122303266 0.02486144994140646 0.0045158913494330304 -0.11414791211418528 -0.11463535751658115 -0.11572611822573296 0.016794921607281559 -0.021305343592726046 -0.096263251323788976 -0.0047291995017298191 0.032819624186114713 -0.067238781672694342 0.054166066735458984 0.020531889437762213 -0.093310092019355459 0.058968526742145921 -0.11211967262728471 0.0071999809427997956 -0.043341613599358592 -0.033927767249792684 -0.016748025727454399 -0.096769715591386529 0.024625454239903991 -0.01275263245558653 -0.032274383144634454 0.023761987053479913
leaf_weight=640.91831363015808 2.5867754472419611 6.8670216291211537 3.9820046420209101 17.217951254686341 271.3135417397134 719.25447804870782 2.8659696066752103 180.19633043988142 129.08754228823818 395.83217346156016 19.551448416430503 50.702868941240013 415.90355050400831 291.46849261317402 516.17118683294393 32.215409060881939 19.177017893176526 11.655439501395447 7.5635614152997714 10.919718125485817 1071.6173332011094 26.42421257076785 42.694067500997335 100.84458097093739 1.8114892621524656 910.89787684311159 11.447002786211671 3.0655541941523543 19.108878421131521 109.02223212411627 155.00657626683824 16.976033605867997 5.0480691203847519 346.8013889817521 429.68816237314604 98.743386389047373 3.0954690247308454 9.7127576787024719 432.52358752430882 5.4090412952937177 2.9189377622678867 3.405704242642968 50.723044382408261 320.63533882435877 23.073420874075964 387.14204135304317 52.974531291052699 9.9266610695049149 2.5027410057373345 46.572228589095175 12.708295543678107 3.7057129647582761 2.6060113753192118 90.659402798395604 798.9805572675541 19.731090388377197 141.14896186906844 3.5647561184596261 327.20149382483214 161.59110260917805 55.184557151747867 16.299069107975811
leaf_count=6657 488 230 265 9944 837 417830 334 8428 4128 6512 2372 3789 78649 912 181519 8307 280 1408 1449 2524 38863 504 985 1631 17 7608 771 142 551 750 19731 3280 2353 7607 16618 8101 337 237 27237 238 190 105 756 55284 2648 84815 724 618 40 295 424 25 49 6255 377664 8529 21974 200 3133 40586 14664 1712
internal_value=-0.00018864 -0.0158714 -0.0211543 -0.0343961 0.0170815 -0.041451 -0.00894349 -0.0128214 0.00991084 0.0062552 -0.0445415 0.00177845 -0.0187023 0.0267878 -0.0282049 -0.00865029 -0.0172453 -0.0379502 -0.000949937 -0.0406155 0.00223528 -0.00554076 -0.0119241 0.0263042 -0.0159309 0.0243701 0.00219606 0.0194853 0.0278077 0.0201552 -0.00538766 -0.0455108 0.0115153 0.0205457 0.0076099 0.00819852 -0.0186707 -0.0538559 0.0051338 0.0179822 -0.00791402 0.00215867 0.00964312 -0.0157331 -0.0845798 -0.0123343 0.00610461 0.00290603 -0.0578879 0.0196386 -0.00462343 -0.0589309 0.0135025 0.00332366 -0.0419662 -0.00611375 -0.0239984 0.00862196 0.0321911 -0.00178555 -0.0107275 -0.0194975
internal_weight=10078.6 5282.06 4427.92 2124.28 4796.58 1777.6 2303.64 1866.41 2758.63 2117.71 1651.58 346.676 1341.19 2037.95 538.146 243.244 192.541 932.322 126.028 849.183 1721.88 650.259 518.106 103.431 475.412 1766.64 525.217 132.153 21.9748 1147.97 345.021 28.423 854.141 353.668 437.235 108.81 448.988 34.5977 500.473 1038.95 62.4567 57.0477 53.642 414.39 24.8849 803.046 495.425 442.45 10.0663 976.49 65.5922 16.414 49.1782 93.7549 829.631 30.6508 173.364 433.253 618.67 316.598 83.1391 71.4836
internal_count=1495113 1357222 1318453 882706 137891 846237 435747 418664 122569 115912 826703 36469 345868 15322 182404 34350 30561 408873 19534 391089 109400 70537 66267 2119 65282 14485 72796 4270 885 10440 64368 4051 38769 7837 17083 9590 64778 2902 30932 9690 1289 1051 946 61876 2665 163464 28579 27855 1489 8401 793 449 344 6592 388717 11053 30281 16818 4045 60317 17784 16376
is_linear=0
shrinkage=0.05


Tree=18
num_leaves=63
num_cat=0
split_feature=25 26 14 4 23 20 14 25 20 16 4 23 4 16 26 23 14 20 23 10 26 14 12 26 8 2 10 6 20 14 25 18 2 6 26 14 20 16 6 4 10 23 6 8 4 26 2 14 26 12 4 23 26 23 14 26 16 4 4 18 0 6
split_gain=1120.77 209.758 128.614 113.419 108.662 103.846 67.641 62.5375 51.6729 47.6806 43.2627 40.7522 39.2831 36.7285 39.1379 36.6176 33.9896 27.0431 26.3902 24.9391 23.7745 30.7866 27.6984 23.2906 23.8705 22.3776 22.3659 20.7939 20.3797 19.9418 19.3896 18.268 18.0872 33.5021 20.6117 17.9843 17.944 17.7679 17.4478 17.3135 21.7315 16.5564 16.2292 16.2251 15.9299 19.7676 15.7831 31.4988 25.6948 18.1685 15.75 15.1988 15.1645 19.7229 14.9145 25.451 14.9125 14.8814 35.6673 14.7189 14.6216 15.505
threshold=4.5000000000000009 0.43294264376163488 3.5000000000000004 33.500000000000007 5.1731619834899911 48.500000000000007 28.500000000000004 5.5000000000000009 65.500000000000014 11.500000000000002 2.5000000000000004 6.6097624301910409 25.500000000000004 60.000000000000007 0.55078715085983287 6.997737169265748 26.500000000000004 76.500000000000014 34.00982856750489 12.500000000000002 0.63275355100631725 36.500000000000007 18.500000000000004 0.32371592521667486 10.500000000000002 39.500000000000007 5.5000000000000009 28.500000000000004 73.500000000000014 41.500000000000007 1.5000000000000002 1.5000000000000002 97.500000000000014 37.500000000000007 0.41966950893402105 14.500000000000002 50.500000000000007 4.5000000000000009 84.500000000000014 42.500000000000007 13.500000000000002 6.4859840869903573 1.5000000000000002 1.0000000180025095e-35 94.500000000000014 0.48211067914962774 77.500000000000014 59.500000000000007 0.30924026668071752 3.5000000000000004 16.500000000000004 12.727939128875734 0.44724099338054663 40.926160812377937 2.5000000000000004 0.71393555402755748 3.5000000000000004 60.500000000000007 29.500000000000004 11.500000000000002 6.5000000000000009 62.500000000000007
decision_type=2 2 2 2 2 2 2 2 2 2 2 2 2 2 2 2 2 2 2 2 2 2 2 2 2 2 2 2 2 2 2 2 2 2 2 2 2 2 2 2 2 2 2 2 2 2 2 2 2 2 2 2 2 2 2 2 2 2 2 2 2 2
left_child=1 3 10 32 9 6 30 8 39 23 37 13 -7 -8 27 16 17 -14 26 -12 21 -18 -23 -5 43 38 -9 29 35 -15 -3 -27 33 -1 -34 -11 -17 -2 60 40 -4 44 -20 -25 -24 -46 -28 48 -48 -49 -29 59 53 -41 55 -32 -54 58 -22 -42 -21 -62
right_child=2 5 7 4 -6 12 11 18 -10 28 19 -13 15 14 -16 36 20 -19 42 25 57 22 41 24 -26 31 46 50 -30 -31 54 -33 34 -35 -36 -37 -38 -39 -40 52 51 -43 -44 -45 45 -47 47 49 -50 -51 -52 -53 56 -55 -56 -57 -58 -59 -60 -61 61 -63
leaf_value=0.041578442039636961 0.039617914947786881 -0.051013534633056516 0.036555580734218794 -0.038697891529565903 0.0011701240328609091 0.014730176568385364 0.009569048659192338 0.019224422361994311 0.021735795370847365 -0.0094268430271035129 0.025092441350706526 0.02429686912662711 -0.0029720598034438019 0.053083386741126573 -0.01775325909547738 -0.10189083085595484 -0.080468917391148018 0.04013871713365811 -0.10749694786517038 0.022861142320121427 0.049078502162448939 0.017876745976226346 -0.031883063618732659 0.024323425225052098 0.039964299195308063 0.064353285561099816 0.010361380918194857 -0.011930024151967974 -0.018977089577956741 -0.022081741203682094 0.024958956418076876 -0.10845532907960712 0.01159803150541093 -0.075699711042643975 -0.091433978520842507 -0.050127716949770085 0.016243894122828277 0.026194453690301097 -0.12317251386374564 -0.085524967947996022 -0.10427321806146342 -0.1022470603991182 0.046300534478699973 -0.067141515675486832 -0.032970292110609048 -0.0060794419574476 0.067034965649576325 -0.11145161880723686 -0.10512509605693499 0.01597768703580723 -0.041581006894354372 0.033529979046911865 0.022003898908219847 0.066309248035172505 -0.0049866135469314723 -0.074009917997099037 -0.016664471201143692 0.017408721211792166 -0.06434023456451636 -0.0033504874662053565 0.0038574833923975742 -0.11354013211269054
leaf_weight=9.2443853104487079 503.58754244213924 19.121921627549455 37.713312923442572 38.710769450641237 148.06587907276116 312.08696467941627 65.404957007151097 968.73203187494073 234.5581316202879 27.919389459188096 487.97944172658026 40.210421475814655 118.21702285436913 10.899644312681628 463.20957845065277 3.2695394107140592 19.403494924772531 52.545839943457395 1.7542830910533656 146.02715990017168 10.814074369613083 53.377799338661134 163.63325097376946 8.181425313465299 31.290245835785754 1.9608667157590387 1242.0364692497533 48.5851615924621 59.934530221973546 46.340511701069772 88.699699107091874 6.9491099710576218 158.36504900536966 17.842919062939472 5.0076066730543962 973.53539752261713 190.7115708226338 482.91475849878043 2.4503584965132168 13.804053222644145 3.632132892496883 6.0374542777426532 77.189088436774909 11.902476717485113 92.199038955033757 264.11314013134688 2.5952273323200634 3.0210274094715706 13.144123092759399 37.75194419012405 572.7563963647699 28.264316697604954 28.141751740826294 2.5309474468231192 296.87757207849063 7.0093706902116528 218.69164357916452 82.967513153329492 19.307900285348296 676.51170094264671 207.39884909312241 2.8511760905385009
leaf_count=464 1343 7481 741 17873 14887 16815 6880 11364 6946 7211 2885 2718 12655 967 139258 410 5847 1066 33 1537 619 4621 47813 311 2000 12 29955 7504 18828 15811 2495 620 11436 5116 1340 556426 7370 2777 159 2221 460 944 430 3107 35752 73883 8 277 1258 1519 279133 433 634 1 31110 272 26297 12594 4578 41919 3528 161
internal_value=-0.000151569 -0.0184935 0.0151704 -0.0338682 -0.0391493 -0.0109772 -0.0194209 0.00965938 0.000596009 -0.0443339 0.0259108 -0.0252209 -0.000889066 -0.0268703 -0.0289576 -0.00541681 -0.00973978 0.0102937 0.0144643 0.0176831 -0.0145455 -0.0185166 -0.0164418 -0.00940982 0.0126589 0.0078484 0.0134748 -0.0366059 -0.0472981 -0.00776883 -0.00184791 -0.0704244 0.00216592 -0.0356749 0.00843995 -0.048993 0.0142527 0.0330468 0.00979252 -0.00431686 -0.000427604 -0.0199245 0.0428828 -0.0298821 -0.0189686 -0.0130377 0.00918556 -0.0166568 -0.076738 0.00653596 -0.0392625 -0.00239647 -0.0153435 -0.0619998 0.000546823 0.0177108 -0.0122558 0.00648002 -0.0236218 -0.00388944 0.010707 0.00226547
internal_weight=9969.99 4537.8 5432.19 1490 1299.54 3047.8 1659.12 3590.07 1243.85 1151.47 1842.12 1247.41 1388.68 1207.2 1141.79 1076.6 882.617 170.763 2346.22 855.617 711.854 598.764 579.361 90.0849 51.3741 367.638 2267.28 678.582 1061.39 57.2402 411.709 8.90998 190.46 27.0873 163.373 1001.45 193.981 986.502 358.728 1009.29 746.121 525.983 78.9434 20.0839 519.945 356.312 1298.55 56.5123 15.7394 40.773 621.342 708.408 263.168 16.335 392.587 95.7091 246.833 113.089 30.122 680.144 356.277 210.25
internal_count=1495113 1357595 137518 638999 620643 718596 493629 124496 79652 605756 13022 452271 224967 449553 442673 208152 200372 13721 44844 8902 186651 168860 163013 23291 5418 6017 44381 303415 582465 16778 41358 632 18356 5580 12776 563637 7780 4120 5385 72706 43553 158392 463 3418 157448 109635 33017 3062 1266 1796 286637 42812 29153 2222 33877 2767 26931 17791 5197 42379 5226 3689
is_linear=0
shrinkage=0.05


Tree=19
num_leaves=63
num_cat=0
split_feature=25 26 14 4 23 23 14 20 16 18 16 10 12 4 14 21 26 20 26 16 20 25 21 21 26 20 0 10 26 4 26 25 20 0 14 26 8 7 26 6 6 6 23 12 6 20 4 4 26 20 6 16 4 20 14 20 14 4 14 26 21 6
split_gain=1051.48 190.556 125.362 112.569 99.9794 99.5429 81.797 56.2178 50.6823 50.5027 39.8464 33.7498 30.6631 27.5223 27.3163 25.8856 24.9005 24.2105 23.9649 26.5274 22.8724 25.3713 23.3041 22.1985 35.7135 21.2448 21.0995 19.7596 19.3426 19.2413 18.1919 17.8882 17.606 17.5013 18.3541 20.9189 16.9893 16.3212 16.2271 47.1599 20.55 19.4001 16.1524 16.1068 16.0906 25.6174 15.9225 15.7419 16.6098 18.1362 15.3181 15.1271 15.0952 30.3286 15.0922 17.761 14.8363 14.7885 17.3957 14.4971 14.1482 14.9282
threshold=4.5000000000000009 0.43294264376163488 4.5000000000000009 33.500000000000007 3.5899987220764165 5.1731619834899911 59.500000000000007 43.500000000000007 8.5000000000000018 60.000000000000007 2.5000000000000004 1.5000000000000002 18.500000000000004 19.500000000000004 2.5000000000000004 4.5000000000000009 0.58995974063873302 72.500000000000014 0.57194736599922191 60.000000000000007 75.500000000000014 5.5000000000000009 1.5000000000000002 3.5000000000000004 0.66542470455169689 54.500000000000007 5.5000000000000009 13.500000000000002 0.37169101834297186 1.0000000180025095e-35 0.22946026176214221 1.5000000000000002 65.500000000000014 6.5000000000000009 72.500000000000014 0.57008859515190136 60.000000000000007 0.0064725596457719812 0.68476203083992015 10.500000000000002 17.500000000000004 15.500000000000002 34.00982856750489 7.5000000000000009 17.500000000000004 60.500000000000007 36.500000000000007 1.5000000000000002 0.41340376436710363 85.500000000000014 34.500000000000007 11.500000000000002 15.500000000000002 20.500000000000004 14.500000000000002 72.500000000000014 5.5000000000000009 64.500000000000014 74.500000000000014 0.47938266396522528 6.5000000000000009 50.500000000000007
decision_type=2 2 2 2 2 2 2 2 2 2 2 2 2 2 2 2 2 2 2 2 2 2 2 2 2 2 2 2 2 2 2 2 2 2 2 2 2 2 2 2 2 2 2 2 2 2 2 2 2 2 2 2 2 2 2 2 2 2 2 2 2 2
left_child=1 3 10 47 6 8 14 18 30 42 -2 15 -9 -14 -3 -11 27 38 19 36 21 59 25 -19 31 26 -23 -15 -10 44 -5 -25 56 -24 -35 -36 -8 -22 40 -40 41 -16 -4 -42 -12 -46 -28 -1 -49 -50 -27 52 -31 -54 -30 -56 -17 58 -18 -13 -20 -62
right_child=2 4 9 5 -6 -7 7 12 28 11 29 20 13 16 17 32 57 23 60 -21 37 22 33 24 -26 50 46 -29 54 51 -32 -33 -34 34 35 -37 -38 -39 39 -41 43 -43 -44 -45 45 -47 -48 48 49 -51 -52 -53 53 -55 55 -57 -58 -59 -60 -61 61 -63
leaf_value=0.029425306514881445 0.033668771924740735 0.017311884884497981 0.016791852417191857 -0.050953520451804062 0.015080937861889824 0.00030880728914075309 -0.023097873332930285 0.018718201461747266 -0.051711671098031035 0.032463369662309678 0.032873258459542247 -0.036071059150489415 0.0055983541381853727 0.032101319653267776 -0.0024568336697608079 -0.11611260397905328 0.030121265732142549 0.03062096596386131 -0.023538685714398253 -0.038207232475409955 -0.11038327337810112 -0.10602558366142074 0.021291449032495705 -0.00090474221417332138 0.054829469509986822 0.031221049631560322 -0.0084516336410479856 -0.027289911671262018 0.0017757749997086613 0.026233081495416172 0.010328949341818728 -0.10576193031769097 -0.11763160796429456 0.008120422335082509 0.007611385477638258 -0.044862388458562927 0.040455775737897576 0.030029273914118013 -0.076501557002787657 0.022111929177384658 0.053032453662301575 0.051056765737111709 0.039748244660833265 -0.017200943363026317 -0.12034570557943912 0.040353864683125282 -0.072728045270052513 0.00047135010323716458 -0.084008971679382025 0.062605346407071633 -0.09963145707778609 0.010602712058898876 -0.12310816564132546 0.0098466901894026307 -0.043208734239253338 -0.0037652930258389389 0.0079189534343453855 0.0051922105351592598 -0.04091073024953179 -0.0030711385126987079 0.04517852876708274 -0.010942713766684094
leaf_weight=43.062648162711412 739.55579469213262 144.04405147023499 782.57060824043583 15.409953452530315 330.60262817586772 147.57991872122511 26.472795494133607 75.12846040725708 628.87623020174215 182.45226332894526 279.65870841965079 34.535077409353107 137.06587489577942 14.465525642735882 96.709965886431746 2.4689873540773979 10.877602610504253 75.244255374418572 170.09538308996707 560.00011626817286 2.1170644755475214 8.333694330416618 229.52741428872105 6.6014976794831517 9.6110297827981395 25.961118967272345 48.659521346213296 439.59678252739832 22.748743327450939 414.22900796309114 56.551271529402584 10.595482484204693 3.0102180149406186 690.67413760733325 39.283141961786896 36.771817149478011 17.445327994879335 92.259019989985973 13.978764785919337 91.36519315210171 8.2881709751673025 20.531784032937139 84.941631518770009 541.59708499896806 4.4897985658608359 5.5400294791907072 12.013746629701926 134.99391082429793 11.372149358387103 2.5895848767831913 2.4474015049636355 573.43869828537572 4.5905084628611794 65.365270417183638 363.13015443948098 30.974716625991277 102.71005661832169 133.19339602859691 41.517246605828404 916.52082450990565 16.55796767398715 41.66791750700213
leaf_count=533 2531 4330 13687 9113 15323 14887 2853 6390 390575 1561 1226 5123 9912 1864 8055 60 1064 2204 55197 264380 187 265 3495 647 158 298 1102 161896 3544 2346 7260 1680 210 19364 1417 2404 1431 1615 1282 6175 223 1088 470 112965 147 30 795 14271 3536 16 169 8919 129 703 188394 6870 1511 31397 11257 67754 3014 13811
internal_value=-0.000147216 -0.0180128 0.0147533 -0.0328726 -0.0108736 -0.0382862 -0.0140485 -0.0208133 -0.0433822 0.00868357 0.0243434 0.00498607 -0.0117837 -0.014734 -0.0028636 0.0209729 -0.0190909 -0.00618673 -0.0300556 -0.0352726 0.00281393 0.00170316 0.00689694 0.0167017 -0.0223666 -0.0164438 -0.0314254 -0.0253978 -0.0461753 0.0192246 -0.00279423 -0.0655098 0.00159516 0.00917923 0.00555332 -0.0177592 0.00214715 0.0268795 -0.00921056 0.00902627 -0.0120903 0.00691465 0.0190396 -0.0161423 0.0306416 -0.0315824 -0.0211788 0.00279932 -0.00489818 -0.0568153 0.0199481 0.0160974 0.022605 0.00112217 -0.0378229 -0.0401087 0.00500742 -0.00366018 -0.0261639 -0.00426944 -0.0162566 0.00501675
internal_weight=9874.67 4490.54 5384.13 1457.29 3033.25 1265.27 2702.65 1684.08 1117.69 3297.26 2086.87 2429.75 851.845 776.716 1018.57 290.642 639.651 874.523 832.24 603.918 2139.1 2044.73 1093.67 102.052 26.808 97.4155 69.007 454.062 1045.73 1347.31 71.9612 17.197 108.189 996.257 766.729 76.055 43.9181 94.3761 772.471 105.344 667.127 117.242 867.512 549.885 289.689 10.0298 60.6733 192.018 148.956 13.9617 28.4085 1057.62 484.185 69.9558 416.854 394.105 105.179 185.588 52.3948 951.056 228.321 58.2259
internal_count=1495113 1357595 137518 638999 718596 620643 703273 564466 605756 121487 16031 107330 223780 217390 138807 3342 207478 134477 340686 268664 103988 102186 29309 4689 2485 2629 2162 163760 589383 13500 16373 2327 1781 26680 23185 3821 4284 1802 129788 7457 122331 9143 14157 113188 1403 177 1897 18356 17823 3552 467 12097 3178 832 198808 195264 1571 43718 12321 72877 72022 16825
is_linear=0
shrinkage=0.05


Tree=20
num_leaves=63
num_cat=0
split_feature=25 26 23 16 4 26 23 4 13 20 6 4 26 16 23 14 2 20 0 2 23 21 2 26 26 20 20 10 21 19 20 14 20 26 25 26 14 0 0 9 6 14 21 16 13 0 6 14 20 10 10 6 13 20 20 13 20 20 16 2 21 26
split_gain=1024.71 226.187 126.115 124.89 118.249 89.7058 89.3198 82.6916 79.5728 70.8642 53.0114 47.7515 40.4643 38.7741 37.2851 31.6423 28.1824 27.9009 27.139 26.7857 25.4943 25.3321 24.7477 24.2004 23.0108 32.6225 22.2269 21.2465 22.0706 20.8706 20.7482 20.6608 19.9818 19.9732 19.4264 19.3552 19.2051 19.2101 18.9601 18.923 17.367 16.9362 21.9275 27.5304 19.8318 19.7177 18.1341 17.075 28.0593 18.1483 16.7958 16.5174 31.6831 16.2486 28.0046 18.7177 18.419 15.9536 15.7828 15.599 15.3781 15.1639
threshold=4.5000000000000009 0.43156605958938604 4.2815890312194833 5.5000000000000009 34.500000000000007 0.63592511415481578 5.1731619834899911 6.5000000000000009 0.012579114176332952 80.500000000000014 7.5000000000000009 19.500000000000004 0.5022101402282716 11.500000000000002 3.5899987220764165 97.500000000000014 52.500000000000007 55.500000000000007 28.500000000000004 39.500000000000007 19.87385177612305 1.5000000000000002 2.5000000000000004 0.56467956304550182 0.39059288799762731 73.500000000000014 61.500000000000007 3.5000000000000004 2.5000000000000004 0.014815627597272398 38.500000000000007 49.500000000000007 73.500000000000014 0.29661771655082708 5.5000000000000009 0.27453146874904638 6.5000000000000009 4.5000000000000009 23.500000000000004 0.014389234129339458 95.500000000000014 13.500000000000002 2.5000000000000004 13.500000000000002 0.013986697886139156 1.0000000180025095e-35 2.5000000000000004 15.500000000000002 25.500000000000004 3.5000000000000004 6.5000000000000009 5.5000000000000009 1.0000000180025095e-35 51.500000000000007 63.500000000000007 0.013423423748463394 66.500000000000014 65.500000000000014 10.500000000000002 57.500000000000007 5.5000000000000009 0.78981101512908947
decision_type=2 2 2 2 2 2 2 2 2 2 2 2 2 2 2 2 2 2 2 2 2 2 2 2 2 2 2 2 2 2 2 2 2 2 2 2 2 2 2 2 2 2 2 2 2 2 2 2 2 2 2 2 2 2 2 2 2 2 2 2 2 2
left_child=1 4 5 10 21 7 13 16 9 12 22 26 18 33 23 -16 -3 -12 31 -11 29 -1 -2 36 -8 -26 41 -28 -29 34 61 -9 -15 -6 50 -23 37 -13 -34 -35 -22 -5 44 51 46 -45 -43 48 -47 -49 -17 52 58 60 -55 -56 57 -57 -44 -46 -10 -25
right_child=3 2 -4 11 6 -7 24 8 53 19 17 14 -14 32 15 20 -18 -19 -20 -21 40 35 -24 30 25 -27 27 28 -30 -31 -32 -33 38 39 -36 -37 -38 -39 -40 -41 -42 42 43 45 59 47 -48 49 -50 -51 -52 -53 -54 54 55 56 -58 -59 -60 -61 -62 -63
leaf_value=0.019578419481655143 0.038508811746027535 -0.003478109536895892 0.018372419392270942 0.015025029095482277 -0.042893860632239753 0.0061446846677568334 0.0066051221715860853 0.031103653407730216 0.036129791526136136 -0.10307674397469302 0.0084895392121205459 0.041367782444750624 -0.019480505507794552 -0.048933596499718061 0.019205768976934143 0.051463652737062826 0.037350795588158646 0.028617763405410574 -0.038602070007197509 0.027405512764053949 -0.063552891518628113 0.02905089855620592 0.02402334070002525 -0.0074115889625316934 -0.10299651156678263 0.014497806257579926 0.054136001769337111 0.035158600289647957 0.0087192570036881255 -0.11661143245112371 0.0072824078546823703 -0.026874776411388919 0.048434210310903288 0.031066536841927159 -0.10774760149273299 -0.028786293407599098 -0.015629227967595888 -0.10996484168027941 -0.03086134045005702 -0.03285011825938635 0.057419735663720176 -0.10718135719635469 -0.11164850394059167 -0.10447141656659116 -0.10272399588868496 0.018152164577968321 -0.0033406576063854118 -0.11412114006140997 -0.10215303891682764 0.0073602597990609243 -0.06571498836486088 0.03329855960591907 -0.11494070065966032 -0.065188343065193041 0.059657572526021607 -0.10369924728218394 -0.10477356834189927 0.063234255906739562 0.066930868573484084 0.039557994902447061 -0.0066097677482303569 -0.055406976130252195
leaf_weight=103.89804380969144 668.09504348551854 87.520336629124358 363.1890942750033 1285.4633764916798 30.842544099781662 498.56636195047759 119.4728686073795 25.041349573992193 80.607436424936168 4.1296299966052166 509.44816510239616 2.6367535637691608 1157.3833080669865 921.544240453979 366.67061673058197 8.2320528868585825 81.738046558341011 260.04809966520406 575.33851703430992 82.664989145472646 4.0330170830711696 18.228190204477869 527.78776384855155 242.16581100248732 12.469810442300515 11.226477423449976 54.608258587308228 141.33285140618682 178.77341166534461 9.1942821489647013 422.5128309270367 39.768336853128858 8.9301390846958366 32.358128712745383 5.020124247763305 70.070105438004248 167.1996106421575 10.244870049646122 48.373744461045135 18.033354613813572 11.222264836542308 4.3822095203213385 1.4907652782276271 4.4127971217967561 9.8112717201001924 9.5342001111712325 103.59421250573359 3.1149410116486242 9.8580877082422358 236.01973969419487 4.8654627418145582 128.4387436422985 5.6908623110502949 15.426185753894968 13.833682188065724 1.9006678322330097 4.5640784113202244 5.7949287272058427 7.2758796038106066 2.396975968964397 28.483844349044375 17.656932630110532
leaf_count=5051 2148 5795 15401 18028 16452 60131 11990 1760 6036 625 8474 49 342956 557429 7361 146 2188 3348 260535 5142 118 1332 3648 20472 2153 661 246 1517 3885 663 25102 15342 1237 3145 395 12390 18101 842 17385 3607 61 266 59 407 492 291 4479 151 777 12345 469 1778 229 2507 451 270 699 74 42 24 3582 1309
internal_value=0.000863005 -0.0168864 -0.00929111 0.0154645 -0.033574 -0.0130085 -0.0393911 -0.0173407 -0.0201337 -0.022929 0.0255288 0.00974407 -0.0250597 -0.0443974 0.00204 0.0144686 0.0162389 0.0152918 -0.0351468 0.0211973 -0.0263366 0.00284421 0.0321158 -0.00385769 -0.00232211 -0.0473318 0.0142253 0.0253102 0.0203927 -0.055256 0.000445177 -0.00447291 -0.0471522 -0.0112034 -0.0241195 -0.0168465 -0.0201615 -0.0789884 -0.0185041 0.00819299 0.0254384 0.0119324 0.00437466 0.00993002 -0.0143845 0.000329762 -0.00755502 0.00211861 -0.0430051 0.00577786 0.00793415 0.0275952 -0.0230726 0.0148388 -0.0117819 0.0197916 -0.0251927 0.0220048 0.0365635 -0.0747882 0.0249704 -0.0106732
internal_weight=9884.63 4461.4 3065.95 5423.23 1395.45 2702.76 1203.25 2204.2 2034.94 1884.33 1965.38 3457.85 1797.53 1060.08 1271.65 409.238 169.258 769.496 640.148 86.7946 42.5672 192.196 1195.88 862.417 143.169 23.6963 2186.2 374.715 320.106 27.3119 682.336 64.8097 978.848 81.234 18.1176 88.2983 180.081 12.8816 57.3039 50.3915 15.2553 1811.48 526.021 405.836 120.185 262.94 107.976 258.527 19.3923 239.135 13.0975 142.896 14.4575 150.611 41.5195 26.0934 12.2597 7.6956 8.76664 12.2082 109.091 259.823
internal_count=1494048 1356326 723494 137722 632832 708093 614059 647962 639979 626360 17618 120104 620593 599255 75088 9213 7983 11822 277637 5767 1852 18773 5796 65875 14804 2814 45016 5648 5402 1673 46883 17102 576051 23204 1010 13722 18992 891 18622 6752 179 39368 21340 16079 5261 13971 4745 13564 1068 12496 615 2108 330 13619 4001 1494 1043 344 101 516 9618 21781
is_linear=0
shrinkage=0.05


Tree=21
num_leaves=63
num_cat=0
split_feature=25 26 20 16 20 2 6 12 10 18 20 26 0 20 20 22 26 26 18 26 2 26 6 25 20 14 18 22 6 0 22 22 16 26 20 14 0 2 26 0 12 26 12 3 22 0 20 6 26 26 26 2 2 6 14 6 6 16 0 20 8 26
split_gain=951.18 207.664 120.475 107.196 87.2824 63.7796 56.2458 52.5826 39.8062 38.3902 38.2594 33.8138 32.8496 31.2016 27.9595 26.3209 24.3066 23.6296 26.3098 24.5905 21.3496 24.3785 20.8841 19.9726 18.8993 20.2018 19.9895 18.5071 18.0798 17.402 16.8246 17.984 16.824 16.7118 16.6271 16.6245 30.2253 27.8731 16.1461 15.9724 15.859 16.8867 15.7259 18.8041 15.1898 15.1856 15.4444 15.0621 14.9117 14.8812 14.466 14.0782 13.8935 13.5678 13.5303 18.2549 16.7198 25.3508 20.0285 22.5543 19.2482 28.7537
threshold=4.5000000000000009 0.43156605958938604 48.500000000000007 18.500000000000004 66.500000000000014 2.5000000000000004 19.500000000000004 18.500000000000004 8.5000000000000018 12.500000000000002 80.500000000000014 0.55078715085983287 5.5000000000000009 54.500000000000007 75.500000000000014 5.5000000000000009 0.78981101512908947 0.66114968061447155 17.500000000000004 0.63902130722999584 4.5000000000000009 0.67950186133384716 33.500000000000007 1.5000000000000002 26.500000000000004 16.500000000000004 18.500000000000004 2.5000000000000004 1.0000000180025095e-35 69.500000000000014 3.5000000000000004 4.5000000000000009 15.500000000000002 0.44017107784748083 38.500000000000007 29.500000000000004 18.500000000000004 25.500000000000004 0.65298038721084606 5.5000000000000009 16.500000000000004 0.62684661149978649 60.000000000000007 0.0075472774915397176 1.0000000180025095e-35 92.500000000000014 74.500000000000014 1.5000000000000002 0.45687416195869451 0.55763638019561779 0.62119200825691234 1.0000000180025095e-35 3.5000000000000004 54.500000000000007 6.5000000000000009 1.0000000180025095e-35 2.5000000000000004 1.0000000180025095e-35 1.5000000000000002 39.500000000000007 13.500000000000002 0.61347094178199779
decision_type=2 2 2 2 2 2 2 2 2 2 2 2 2 2 2 2 2 2 2 2 2 2 2 2 2 2 2 2 2 2 2 2 2 2 2 2 2 2 2 2 2 2 2 2 2 2 2 2 2 2 2 2 2 2 2 2 2 2 2 2 2 2
left_child=1 4 6 5 8 28 27 -8 -1 -9 17 -11 -5 15 24 16 42 18 19 -4 -13 49 -18 44 25 50 -26 34 -2 -19 -16 -32 -27 -12 -3 38 37 39 -20 -37 -38 52 43 -14 -10 -31 -47 -29 -15 -22 -7 -45 -42 -54 -28 -56 57 -57 -58 60 61 -60
right_child=3 2 10 12 -6 14 7 9 23 11 33 20 13 48 30 -17 22 29 35 -21 21 -23 -24 -25 26 32 54 47 -30 45 31 -33 -34 -35 -36 36 40 -39 -40 -41 41 -43 -44 51 -46 46 -48 -49 -50 -51 -52 -53 53 -55 55 56 58 -59 59 -61 -62 -63
leaf_value=8.6798753189237235e-05 0.040391227756744627 -0.0093948086156050055 0.017070296559495535 0.016528419038212869 -0.0037105092712594514 0.045029881874889419 0.014231539976055758 0.02238531626809586 -0.030686930700994069 -0.033543081510544054 -0.09435384712101165 -0.073959105328128771 -0.094569531957949607 -0.087486226631164649 0.051216342959569075 0.010371593151432369 0.022155634705125247 0.032831163813808031 0.0084791667066340132 -0.10968003726227477 0.0061540798249132122 0.012733411870391091 -0.046233485106708591 -0.028622796044348038 0.02011903611333285 0.010603829571639078 0.015174871315983295 0.035734668934319855 0.026286024223866968 -0.09232970757555381 -0.11344453810588906 0.019784913639643957 -0.089505420096500934 0.026174484238830027 -0.086567703790011566 -0.10874514671444764 0.014041893742768595 0.036323725740130534 -0.10254282866734819 -0.0067215300074022991 0.052828305451294855 0.0051903932588194179 -0.015761699539894047 -0.12639459145124027 -0.047799903264137376 0.0089761645504397702 -0.11397311511893415 0.0030968896115551865 0.012737024032138874 -0.022497746330370445 0.023101836255866818 0.0092554151964132688 -0.040525623618050705 -0.017348378457486085 -0.070645242536216277 -0.12004825898039502 0.037794835437291716 0.038768045817426371 -0.00252972723013992 0.0066452314016082264 0.0058378900069121211 -0.053881794586004166
leaf_weight=64.242372866661754 340.96885318821296 35.40989948110655 162.29509588936344 562.77425777644385 219.41684083361179 103.1418908117339 92.666093202889897 41.811438500648364 162.29909029230475 708.36389041622169 2.9273605714552096 15.994867446366696 4.7042347849346688 3.7369384688790879 84.697949130553752 274.88274693314452 95.124003595672548 79.729212109465152 170.65064724488184 3.9189730985090128 50.835628018947318 67.592846446903422 12.647200339240952 268.74633305403404 512.49692953098565 156.97232127026655 422.58062666165642 47.44511934183538 680.77165721775964 4.1507788291200987 2.8553920285776284 22.430623629596084 4.3121232364792368 163.82380773383193 8.692964206915347 4.9721767499577281 45.699352989904583 58.01902784651611 3.3389213322661808 16.792351654963568 6.5250661789905271 78.267865938600153 486.95871239138069 1.9420152064412821 644.99782458826667 89.01333634974435 2.6296887202188364 138.66063836228568 541.47171794110909 417.54893949930556 277.74941219645552 126.70763695100322 73.383291344391182 452.4880132235121 8.1427720640785974 2.6397751718759528 37.327428113203496 52.199490953236818 55.263407774269581 396.21822969499044 69.308077048277482 53.79423490469344
leaf_count=14526 1042 5155 5377 10823 50396 685 9125 1895 68500 314199 455 2618 708 701 576 14988 2177 4731 15848 268 13127 8972 991 99306 6214 3535 3814 1316 3936 1075 147 456 530 7294 2190 710 4236 6547 416 1544 360 12147 41707 73 400104 6801 325 16654 17895 121960 2503 4334 23209 134940 259 53 361 541 1884 12252 2281 2256
internal_value=0.00089949 -0.016344 -0.00908657 0.014974 -0.0325896 0.0206248 -0.0183811 -0.0221602 -0.0381466 -0.0247499 0.0015602 -0.0263137 0.00618321 0.00242265 0.0159418 -0.00281078 -0.00778769 -0.00143661 -0.00421062 0.0140818 -0.0170359 -0.0153372 0.01413 -0.0404292 0.0146852 0.0227593 0.0119661 0.00451613 0.0309931 0.0155743 0.0405312 0.00474014 0.00792729 0.0240586 -0.0246061 -0.00755127 -0.0108365 0.018223 0.00634862 -0.0300292 -0.0143688 -0.016495 -0.0115956 0.0036174 -0.0443595 0.0012114 0.00544815 0.0114174 0.0120501 -0.0193881 0.0290398 0.00720773 -0.0196829 -0.0205827 0.00815888 0.00376586 0.00467461 0.0311232 0.0023043 -1.31662e-06 -0.0147658 -0.0278599
internal_weight=9798.17 4403.35 3043.65 5394.82 1359.7 3283.87 1625.02 1394.81 1140.29 1302.15 1418.62 1260.34 2110.95 1548.18 2262.13 1002.97 728.084 1251.87 1076.35 166.214 551.972 535.977 107.771 1076.04 2152.15 542.176 1609.97 230.209 1021.74 175.523 109.984 25.286 161.284 166.751 44.1029 910.137 736.147 79.7836 173.99 21.7645 656.364 610.664 620.313 133.354 807.297 95.7938 91.643 186.106 545.209 468.385 380.891 128.65 532.396 525.871 1097.47 674.893 666.751 54.8393 611.911 574.584 178.366 109.058
internal_count=1494048 1356326 723494 137722 632832 43325 497211 471896 582436 462771 226283 460876 94397 83574 38347 64978 49990 218534 205602 5645 146677 144059 3168 567910 37168 7253 29915 25315 4978 12932 1179 603 4065 7749 7345 199957 183693 8801 16264 2254 174892 170656 46822 5115 468604 8201 7126 17970 18596 135087 3188 4407 158509 158149 23701 19887 19628 594 19034 18673 6421 4140
is_linear=0
shrinkage=0.05


Tree=22
num_leaves=63
num_cat=0
split_feature=25 26 20 4 16 23 14 16 4 23 6 16 4 23 20 26 6 26 21 23 0 2 26 20 14 23 2 26 14 26 16 26 9 11 26 14 0 6 26 0 20 20 23 23 9 4 6 26 26 11 12 20 20 4 9 14 15 9 9 20 12 21
split_gain=888.528 198.537 112.814 107.199 106.29 89.9584 57.307 50.8968 45.6192 52.9605 43.6669 35.87 35.5583 40.5898 28.5294 35.7513 23.3781 22.696 22.5973 22.4289 20.6573 19.9447 19.8102 21.4407 19.1518 24.6136 21.6979 18.8661 18.7624 17.9325 17.3639 18.2344 19.9782 24.0193 17.3152 17.015 24.0914 18.0289 18.0674 16.885 19.8969 16.2848 15.5178 21.9943 15.3634 15.3485 15.2026 15.0284 14.863 17.9346 16.7378 14.8272 14.816 16.1072 15.6211 20.0725 22.17 15.1491 16.0067 21.2826 14.8084 14.6873
threshold=4.5000000000000009 0.43156605958938604 48.500000000000007 34.500000000000007 3.5000000000000004 5.1731619834899911 48.500000000000007 60.000000000000007 9.5000000000000018 5.4918768405914316 7.5000000000000009 11.500000000000002 7.5000000000000009 4.2815890312194833 80.500000000000014 0.61861175298690807 34.500000000000007 0.57194736599922191 1.5000000000000002 8.8693184852600115 3.5000000000000004 27.500000000000004 0.37169101834297186 74.500000000000014 42.500000000000007 19.641902923583988 35.500000000000007 0.29661771655082708 1.0000000180025095e-35 0.67950186133384716 18.500000000000004 0.6745567023754121 0.015749008394777778 0.014599318150430919 0.27453146874904638 1.0000000180025095e-35 37.500000000000007 100.00000000000001 0.47938266396522528 6.5000000000000009 34.500000000000007 41.500000000000007 8.8916859626770037 8.0737957954406756 0.014389234129339458 21.500000000000004 84.500000000000014 0.78981101512908947 0.48748077452182775 0.014389234129339458 18.500000000000004 34.500000000000007 38.500000000000007 20.500000000000004 0.015504807699471714 39.500000000000007 0.013606071937829258 0.014185110572725536 0.015038444194942715 28.500000000000004 15.500000000000002 6.5000000000000009
decision_type=2 2 2 2 2 2 2 2 2 2 2 2 2 2 2 2 2 2 2 2 2 2 2 2 2 2 2 2 2 2 2 2 2 2 2 2 2 2 2 2 2 2 2 2 2 2 2 2 2 2 2 2 2 2 2 2 2 2 2 2 2 2
left_child=1 3 6 18 10 11 16 -8 30 52 28 27 -4 14 15 48 -3 19 -1 45 -12 -16 -13 -24 -11 26 39 -5 -2 46 31 -6 -33 -34 -20 36 -32 38 -37 -26 -41 -28 43 -22 -29 -9 -18 -38 -14 50 -50 -21 53 61 57 56 -56 -55 -59 -60 -48 -10
right_child=4 2 12 5 8 -7 7 17 9 24 20 22 13 -15 21 -17 29 -19 34 51 42 -23 23 -25 25 -27 41 44 -30 -31 35 32 33 -35 -36 37 47 -39 -40 40 -42 -43 -44 -45 -46 -47 60 -49 49 -51 -52 -53 -54 54 55 -57 -58 58 59 -61 -62 -63
leaf_value=0.018901919801137725 0.042350238923644118 0.0075453506467122291 0.023183565293835116 -0.042487290070685031 0.031896615948795504 -0.00010064949831751032 0.013684674135734232 -0.01176691417343189 -0.0041632299225622237 0.022669726770307458 0.036346196970343157 -0.051640411782279842 -0.029338173256676453 0.01470673351542026 -0.10141594564207757 0.0070424149322154267 -0.042217612412047481 -0.016170798024341924 0.026449825766666081 0.040721506171233782 0.0057062922160991646 0.022010916023910452 -0.040167814103536988 0.0051203765248438761 0.026764237449697598 0.027825708047765654 -0.078078285439126566 0.027729978413799407 0.027397073180252231 0.020338772879875639 0.031430825222206631 0.017779146414702657 0.008713336197984721 -0.11429259678859111 -0.028679912297802302 -0.11123390242302869 -0.12061017902912559 0.056750503165229185 0.0072328311087910312 0.02189635783690454 -0.093702423227395526 0.0074933868833744442 0.024142156141666489 -0.11165152705636323 -0.030415570182543705 -0.036975086089464454 0.043228234314907597 0.057796364086204643 0.025877193620411378 -0.10253433022558622 -0.012813074798791299 -0.050697285569624932 0.0040811204362847867 -0.012366364518542353 0.061478945159540901 -0.10921057711849567 -0.13172982015033563 -0.081805390129591954 0.017896265974538587 -0.1118595257014031 -0.01518617966231102 0.022453116982329116
leaf_weight=103.28196867695078 304.35595945129171 228.9543470669305 166.65811935462989 29.591251342731994 267.47541690152138 139.85633720515762 80.206395470304415 67.207001983188093 188.15013133129105 452.0056610731408 90.565245643258095 556.04828700388316 152.64890169550199 298.40991945622955 3.380989837460219 237.11947258282453 51.956839763151947 295.87212952645496 18.373235488659702 16.552512676455084 320.96387304621749 102.48489777883515 338.59658594831126 28.320107137551531 5.8444267897866693 66.33341708779335 5.9592793851625165 33.148679794976488 675.08370285318233 34.570459866896272 133.28450696007349 600.50089588225819 10.620083787478508 6.3367352867498985 63.355273916851729 3.2331928780768058 4.2976176463998845 18.455512359272689 704.82077410607599 4.7429533679969635 17.298649961594492 82.944951050216332 140.32007698714733 4.0426124185323706 17.283700611209497 594.80048180837184 11.446070985868571 1.6273978655226526 29.910393934231251 5.3297714740037909 427.2567368397722 6.0588787207379928 844.90533289848827 283.14877054933459 17.429135237820454 2.3722881046123794 1.6230092737823714 17.101130145369098 13.05372001649812 4.1695844319183371 208.13667138997698 71.537076745880768
leaf_count=5051 687 16030 4072 16452 2479 14804 6992 13595 7683 6913 532 383641 58694 11810 455 30385 11695 91497 1332 325 5851 5705 187251 5159 113 732 665 3145 3601 2551 840 5551 101 119 12390 410 140 179 16243 118 1098 2924 1430 231 3607 306856 321 10 2323 1006 111833 883 46021 28274 137 226 97 1454 330 332 46466 2201
internal_value=0.000962393 -0.0158391 -0.00875225 -0.0319514 0.0145762 -0.0376674 -0.0178802 -0.0246099 0.0101198 0.0051114 0.0256911 -0.0429057 0.00148241 -0.00139587 -0.00641103 -0.00945188 -0.00453934 -0.0277425 0.0033575 -0.0327434 0.0144983 0.0180691 -0.04569 -0.0366723 0.0171433 0.0035024 -0.0103125 -0.0107935 0.0320437 -0.0135781 0.0160665 0.0209917 0.0162678 -0.0372538 -0.0162863 0.0110319 0.0270453 0.00796351 0.00669188 -0.0487933 -0.0688277 0.00175749 0.0102461 0.00424653 0.00780289 -0.034416 -0.0178961 -0.071608 -0.0158099 -0.0113449 -0.0102817 0.0162252 -0.000182582 -0.00620082 -0.0133805 0.0279423 0.0450199 -0.0161692 -0.0475393 -0.0135163 -0.0121412 0.00316888
internal_weight=9711.42 4346.82 3018.96 1327.86 5364.6 1142.84 1595.76 1060.7 3829.27 2078.62 1535.33 1002.99 1423.2 1256.54 958.131 852.265 535.064 980.491 185.01 684.619 555.892 105.866 922.965 366.917 635.129 183.124 116.79 80.0236 979.44 306.11 1750.65 884.933 617.458 16.9568 81.7285 865.719 139.21 726.509 708.054 27.886 22.0416 88.9042 465.327 325.006 50.4324 662.007 271.54 5.92502 615.146 462.497 457.167 22.6114 1443.49 598.585 338.898 21.4244 19.0521 317.473 34.3244 17.2233 219.583 259.687
internal_count=1494048 1356326 723494 632832 137722 614059 497211 420148 125390 99318 12332 599255 226283 222211 210401 204241 77063 413156 18773 321659 8044 6160 576051 192410 12563 5650 4918 23204 4288 61033 26072 8250 5771 220 13722 17822 990 16832 16653 1329 1216 3589 7512 6082 6752 320451 58482 150 173856 115162 114156 1208 86755 40734 30850 460 234 30390 2116 662 46787 9884
is_linear=0
shrinkage=0.05


Tree=23
num_leaves=63
num_cat=0
split_feature=25 26 16 5 23 23 14 13 5 26 14 5 23 16 2 2 0 26 6 2 6 21 26 0 26 21 23 26 2 26 6 10 14 23 21 5 6 21 0 6 2 14 6 6 14 26 6 14 26 21 2 0 26 0 6 13 11 1 2 6 6 6
split_gain=848.362 183.492 101.532 100.257 88.6001 82.8296 77.1868 50.324 50.0401 50.6561 46.5019 37.228 42.1591 34.8363 21.0293 19.6769 19.6748 19.2286 19.1407 19.0985 18.9324 18.1861 23.3006 24.0586 17.9467 23.0858 17.8229 17.6865 17.5514 17.2343 21.874 17.222 20.2265 17.0439 20.3968 16.7247 23.5079 16.2728 23.8766 19.9312 16.0277 15.5528 40.8379 20.8282 24.8833 20.8325 15.2134 14.8128 21.5089 15.4487 14.6728 21.9412 16.5902 18.7223 16.178 14.2368 28.8289 19.7526 14.2353 13.9715 18.7422 27.8233
threshold=4.5000000000000009 0.43156605958938604 7.5000000000000009 0.010471491608768703 4.2815890312194833 5.1731619834899911 52.500000000000007 0.012579114176332952 0.012422839645296337 0.53317159414291393 2.5000000000000004 0.015749008394777778 3.5899987220764165 11.500000000000002 24.500000000000004 83.500000000000014 2.5000000000000004 0.37169101834297186 1.5000000000000002 17.500000000000004 2.5000000000000004 1.5000000000000002 0.66542470455169689 11.500000000000002 0.62684661149978649 3.5000000000000004 6.0477678775787362 0.29661771655082708 62.500000000000007 0.6745567023754121 92.500000000000014 12.500000000000002 13.500000000000002 11.727414608001711 3.5000000000000004 0.0096620614640414732 3.5000000000000004 3.5000000000000004 3.5000000000000004 1.0000000180025095e-35 57.500000000000007 41.500000000000007 80.500000000000014 15.500000000000002 46.500000000000007 0.58778503537178051 29.500000000000004 48.500000000000007 0.61347094178199779 2.5000000000000004 5.5000000000000009 26.500000000000004 0.70499590039253246 79.500000000000014 15.500000000000002 0.013986697886139156 0.014389234129339458 0.014389234129339458 1.5000000000000002 100.00000000000001 35.500000000000007 50.500000000000007
decision_type=2 2 2 2 2 2 2 2 2 2 2 2 2 2 2 2 2 2 2 2 2 2 2 2 2 2 2 2 2 2 2 2 2 2 2 2 2 2 2 2 2 2 2 2 2 2 2 2 2 2 2 2 2 2 2 2 2 2 2 2 2 2
left_child=1 3 10 5 6 13 18 8 9 -8 16 12 19 27 50 46 -2 -15 -3 31 -20 -16 23 -23 -11 -26 -14 -1 -25 -22 40 37 35 34 41 36 -33 38 -4 -39 -31 -12 43 45 -45 -43 -5 -28 -49 -50 54 -52 53 -53 -10 -41 -57 -58 -32 60 -13 -62
right_child=2 4 11 15 -6 -7 7 -9 14 24 33 59 26 17 21 -17 -18 -19 20 -21 29 22 -24 28 25 -27 47 -29 -30 30 58 32 -34 -35 -36 -37 -38 39 -40 55 -42 42 -44 44 -46 -47 -48 48 49 -51 51 52 -54 -55 -56 56 57 -59 -60 -61 61 -63
leaf_value=-0.041842069619229753 0.039913723233892008 0.02598940163596038 -0.10899789454157138 0.029885862288534792 0.014006841765546132 -0.00090154481175273122 -0.034463433863929763 0.011066942234489466 -0.11361614624913104 -0.020048797778943347 0.024615745173892617 0.019566189792966621 0.05433903167546475 -0.050978176975947781 0.038655338720737321 0.0086027431032817386 0.024710552408166699 -0.035999434776097024 -0.083900648898262445 -0.004095279352883739 -0.0050767609147795928 0.028075363328800576 0.064314310569634089 -0.070272095538795834 -0.026444858293505902 0.01038439441774565 0.018562497357995186 0.00736549950144287 -0.0095993712631169958 -0.0096448299387489021 -0.12422050309187134 0.022934163613906076 -0.0094240941563059205 0.027898310259052619 0.0073651338441146691 0.0097616540981355013 -0.10270140327434446 -0.12872075727706189 0.0064024591653499795 0.037830568571927424 0.057020205201413467 0.025706463259392381 0.03199999943226222 0.024219597323406464 -0.11026659521492417 -0.1084689942156758 -0.070400059314448066 0.01593028929757144 0.032206581625848926 -0.041478734263595517 -0.076075545914811776 0.0090795060264968041 0.062802955679014796 -0.074257167532693999 0.019259357224330569 -0.10919927414371032 0.031980238999609556 -0.10897900989538785 0.03863603351495342 0.057145034277301311 -0.11684972230329566 0.0025733173055972726
leaf_weight=28.553624520078301 385.3255009050481 64.187747271498665 4.7898250888101748 5.1096369652077565 373.08946765214205 139.1390931638889 655.77344091096893 134.07827383792028 2.4917599768377867 494.09505905187689 451.78030776733067 602.28795478795655 29.780192377045751 534.34529792651301 45.352662367047742 163.70222786592785 475.30116333719343 357.6774543011561 7.0533955725841215 805.21190016355831 686.81666119932197 29.013302708510309 12.434310405980794 17.081902564736083 64.08423352940008 126.62457818887196 491.02266801870428 50.656900787784252 39.442693383432925 83.011138633824885 1.3703367449343193 6.9989617173559946 238.21846536383964 272.75902754114941 570.46252679778263 499.12607227033004 7.9554382017813623 2.0190186584368339 69.804597428301349 118.23058765893802 10.114613613113759 14.647783473599704 46.841899366118014 4.5996402970049557 13.636306346626951 3.6048583458177736 14.550956639111973 72.543062601936981 8.7620530407875759 37.802223747828975 20.085297447280027 15.599874715087935 6.3410223103128365 11.865783689077944 28.393687131116167 5.0168656876776359 28.841709216590974 2.7196347611024967 64.482964815106243 23.117816441226751 5.9811068051494649 26.425692875403911
leaf_count=16452 1010 1353 148 336 15401 14804 328909 13298 401 174340 4288 6129 403 383641 1374 13653 2264 192410 676 65284 109752 1609 627 4865 13834 30592 8161 6752 5787 5340 140 168 14637 2211 10593 10606 772 70 1219 1412 605 196 774 89 901 188 4784 2290 190 1929 4071 1898 323 3263 2279 222 358 102 2757 96 401 611
internal_value=0.000965653 -0.0155911 0.0142923 -0.0313253 -0.00878972 -0.0369815 -0.0120362 -0.0183345 -0.0208475 -0.0245312 0.0223983 0.00841246 0.00555479 -0.0421503 0.00080172 0.00292647 0.0315174 -0.0449721 -0.000341465 0.00161495 -0.0023232 0.0124778 0.000359867 -0.00893694 -0.0150201 -0.00199141 0.016569 -0.0103727 -0.0279349 -0.00164289 0.013192 0.00628899 0.00261968 0.0167044 0.0139427 0.00820062 -0.0439014 0.018217 -0.00100758 0.0273611 -0.00240418 0.0209548 0.00110692 -0.0385518 -0.0763452 -0.000792907 -0.0443365 0.0147255 -0.0010928 -0.0276133 -0.0189379 -0.034685 -0.010094 -0.0269238 0.0085393 0.0293967 0.00213634 0.0198338 0.0352472 0.0189639 0.0175732 -0.0194678
internal_weight=9612.23 4286.62 5325.61 1293.74 2992.88 1110.37 2619.79 1702.76 1568.68 1340.58 2238.96 3086.66 2428.84 971.233 228.102 183.363 860.627 892.023 917.037 1788.93 852.849 143.325 97.9722 85.5379 684.804 190.709 639.91 79.2105 56.5246 845.796 158.979 983.721 752.299 1378.33 1105.57 514.08 14.9544 231.422 74.5944 156.828 93.1258 535.111 83.3305 36.4886 18.2359 18.2526 19.6606 610.13 119.107 46.5643 84.7774 53.892 33.8067 27.4657 30.8854 154.809 36.5782 31.5613 65.8533 657.813 634.695 32.4068
internal_count=1494048 1356326 137722 632832 723494 614059 708093 587470 574172 547675 22514 115208 107971 599255 26497 18773 3274 576051 120623 94998 119270 14262 12888 12261 218766 44426 12973 23204 10652 118594 8842 29714 26183 19240 17029 11546 940 3531 1367 2164 5945 6436 2148 1374 990 384 5120 12570 4409 2119 12235 9555 5484 5161 2680 2094 682 460 2897 7237 7141 1012
is_linear=0
shrinkage=0.05


Tree=24
num_leaves=63
num_cat=0
split_feature=4 26 16 10 10 26 4 4 18 14 14 26 10 18 26 12 7 21 18 7 2 0 14 4 7 21 12 16 7 3 21 21 7 3 26 26 18 21 4 21 0 3 18 10 14 2 2 7 4 15 19 7 18 14 7 0 4 26 18 12 0 0
split_gain=695.474 255.887 153.434 150.938 66.717 50.3036 49.127 40.5972 32.664 33.3352 32.2731 30.3511 26.0785 23.129 41.7917 22.6214 21.3589 20.5691 19.0133 18.8524 17.9724 23.3415 18.8517 16.2465 15.4648 15.3051 19.25 23.2686 17.4897 16.9567 15.8985 19.812 16.5639 18.3743 20.6211 16.4929 15.304 17.1296 17.032 15.4106 15.1495 15.075 15.0462 15.031 21.0247 18.7216 43.8696 26.3544 20.2252 17.3724 15.8784 14.9823 22.5994 14.7934 21.7885 14.7703 14.6295 14.5587 34.1413 20.9823 13.5818 13.561
threshold=42.500000000000007 0.51938736438751232 18.500000000000004 60.000000000000007 17.500000000000004 0.4181825071573258 7.5000000000000009 1.5000000000000002 17.500000000000004 43.500000000000007 28.500000000000004 0.63592511415481578 2.5000000000000004 6.5000000000000009 0.24128097295761111 12.500000000000002 0.014815627597272398 1.5000000000000002 60.000000000000007 0.015504807699471714 100.00000000000001 21.500000000000004 39.500000000000007 45.500000000000007 0.011050061322748663 1.5000000000000002 14.500000000000002 60.000000000000007 0.015268065501004459 0.011561079882085325 3.5000000000000004 4.5000000000000009 1.0000000180025095e-35 0.014389234129339458 0.65298038721084606 0.35043151676654821 11.500000000000002 3.5000000000000004 50.500000000000007 6.5000000000000009 21.500000000000004 0.0092167854309082049 1.0000000180025095e-35 11.500000000000002 3.5000000000000004 6.5000000000000009 23.500000000000004 0.013793759513646366 54.500000000000007 0.015504807699471714 0.014599318150430919 0.0087337908335030096 2.5000000000000004 63.500000000000007 1.0000000180025095e-35 27.500000000000004 1.0000000180025095e-35 0.18800562620162967 18.500000000000004 9.5000000000000018 100.00000000000001 9.5000000000000018
decision_type=2 2 2 2 2 2 2 2 2 2 2 2 2 2 2 2 2 2 2 2 2 2 2 2 2 2 2 2 2 2 2 2 2 2 2 2 2 2 2 2 2 2 2 2 2 2 2 2 2 2 2 2 2 2 2 2 2 2 2 2 2 2
left_child=2 3 7 13 17 57 25 -1 24 15 23 18 -9 -2 -15 -10 -16 -3 -8 36 21 -20 -22 -6 42 56 29 -28 30 -27 -29 32 61 34 -34 -33 38 -38 -12 53 -39 51 -7 45 -45 48 47 -47 -19 50 -49 52 -41 -40 -55 -11 -4 -5 -59 -60 -42 -32
right_child=1 4 6 5 10 8 11 12 9 55 19 -13 -14 14 16 -17 -18 43 20 -21 22 -23 -24 -25 -26 26 27 28 -30 -31 31 35 33 -35 -36 -37 37 40 39 41 60 -43 -44 44 -46 46 -48 49 -50 -51 -52 -53 -54 54 -56 -57 -58 58 59 -61 -62 -63
leaf_value=0.031160276796389587 0.025688850836175104 -0.047699239485051038 0.043146191474413641 -0.056806018533512415 -0.054530061521909125 -0.11031043451298382 0.014980673750203781 0.025786232407144883 0.052212034316637013 -0.0049232045414118004 -0.10211448554543429 0.0057616310224552726 0.013450175240794539 -0.052775370166591146 -0.0010893772853459575 -0.013803208946853994 0.051794949578430532 -0.11992320134760487 -0.0014932720546773509 0.04108087265568066 -0.071087577332150681 -0.022815752505277148 0.0070399413500381678 0.0069884457954167466 -0.10779842652844625 -0.11789658854634638 -0.1077175104720981 0.014002989337232725 0.016820063538648084 0.031818163226459709 0.041852118976135985 -0.10955437052828952 -0.11307737780869327 -0.096804196718874858 0.027542040523140739 0.0011127098825922214 -0.022502054755415907 0.019771159040093009 0.050133199827193213 0.029923751470174717 -0.020758957425753309 -0.11169885408407645 0.010367507152844322 -0.12156038656675863 0.035207299302479747 -0.094375915405443947 0.013468851876076139 0.024097651530080255 0.039239865591154416 -0.11891016775269654 -0.10912095077886262 0.04876832598278618 -0.11314918241351589 0.019888260603539393 -0.078590838129535892 -0.035061361507426184 0.015836008347243802 -0.0092241294519324283 0.006114611441824255 -0.044606630082062337 -0.0050796479610757507 -0.057714353725731526
leaf_weight=746.06913103768602 84.203874336089939 12.842036210931836 68.335640062578022 132.27963567286497 11.032119397073982 2.660121761262416 80.733529373072088 634.04338257713243 14.107918927213175 43.573574470414314 3.4370808647945514 785.81123048998415 1321.0398779052775 38.228998269827571 220.46141639305279 161.86805350275245 20.902793136890978 2.056826102314516 202.51042493712157 16.998511090409011 8.0975296444958058 350.48064312245697 166.12378148653079 394.74124382133596 3.0380538722965857 1.9256292888894666 4.4251760686747721 163.11687175766565 295.61824290477671 105.98585130018182 9.4092049980536085 3.4094885617960236 3.7289091509301242 15.184944760520009 8.6662335863802564 267.99390493845567 361.45618186390493 43.06286573689431 29.074857688508928 5.4462667177431321 220.74896565743256 4.0687472829595199 88.998935044743121 2.1804256737232199 111.86639044480398 15.495590287260709 240.80238011945039 17.470886421389885 67.426642494974658 3.1709969639778128 2.5651574581861487 7.5620468901470295 5.5960841942578572 33.304773656884208 6.7560510141775003 606.58696742542088 173.63188076275401 86.046677684236784 21.117764130001888 591.5365373257664 368.96600336534902 5.3725412874482563
leaf_count=3262 1622 800 467 104891 1354 310 2218 4564 317 16449 258 43271 20853 25751 29839 38150 202 63 18314 1548 1980 64456 30923 31912 258 150 169 5215 3998 1068 192 427 509 1018 298 12277 88665 8549 404 157 63759 258 4115 121 4397 780 7947 248 482 64 66 134 498 1151 601 311289 3617 17451 6011 387291 115908 732
internal_value=0.00104187 -0.0144872 0.012796 -0.0265907 -0.00160771 -0.0326767 0.00441472 0.0212374 -0.0246279 -0.0278162 -0.00674579 -0.00123483 0.0174508 0.00271592 -0.00420273 -0.00851079 0.00349055 0.0147202 -0.00803961 -0.0111691 -0.0105953 -0.0150073 0.0034087 0.00531589 0.00318659 0.0124055 0.0093582 0.00660969 0.0072646 0.0291466 0.00134118 -0.0052413 -0.0370431 -0.0599322 -0.0147614 -0.000277539 -0.0119843 -0.0138185 0.00716193 0.011253 -0.0088583 -0.0245182 0.0068652 0.0164514 0.0322101 0.0113015 0.00552746 -0.0438828 0.0345284 -0.010168 0.00704205 -0.005452 -0.0425833 0.0229842 0.00328027 -0.0330415 0.0235489 -0.0415958 -0.0387162 -0.0428583 -0.0109489 0.00566391
internal_weight=9525.45 4103.74 5421.71 2115.61 1988.13 1751.81 2720.56 2701.15 920.834 826.137 1512.25 1593.76 1955.08 363.797 279.593 175.976 241.364 475.877 807.946 1106.48 727.212 552.991 174.221 405.773 94.6971 1126.8 884.837 776.926 772.5 107.911 476.882 313.765 42.3618 27.5801 12.3951 271.403 1089.48 994.234 95.2459 91.8088 632.778 22.6731 91.6591 463.035 114.047 348.988 279.505 38.7026 69.4835 23.207 20.036 18.6044 11.0424 69.1357 40.0608 650.161 241.968 830.981 698.701 612.654 589.715 14.7817
internal_count=1494048 1274070 219978 943946 330124 886532 191299 28679 370888 366205 315156 161162 25417 57414 55792 38467 30041 14968 117891 281890 115673 82770 32903 33266 4683 30137 26053 24835 24666 1218 20668 15453 2749 1825 807 12704 280342 276881 3461 3203 188216 1047 4425 14168 4518 9650 9105 1158 545 378 314 789 655 2156 1752 327738 4084 515644 410753 393302 179667 924
is_linear=0
shrinkage=0.05


Tree=25
num_leaves=63
num_cat=0
split_feature=26 4 16 23 12 14 3 26 4 23 14 26 26 12 3 14 6 4 10 23 0 21 10 10 0 10 4 8 0 7 10 6 4 23 13 17 6 19 4 3 26 26 8 17 10 26 26 3 3 26 14 3 8 12 6 26 10 14 3 16 21 8
split_gain=563.43 185.01 166.873 150.348 102.196 55.1584 46.8827 42.6711 34.4837 27.4681 25.8594 22.6189 22.5851 21.1414 20.3402 25.5725 20.3195 19.6089 19.278 18.9111 18.7448 18.3459 20.6102 16.8748 19.1904 16.7165 16.661 16.2688 17.6138 26.2114 15.965 15.0342 16.2446 14.9822 19.5534 16.593 14.6129 14.0789 20.4925 17.1428 13.9672 15.8759 13.7364 14.6827 13.5413 13.5164 15.2262 13.4377 14.5012 13.1807 14.9929 13.1618 13.0787 18.0304 15.3947 25.5641 18.4678 13.6237 13.5182 18.5799 13.815 19.6695
threshold=0.53317159414291393 36.500000000000007 18.500000000000004 4.1021633148193368 18.500000000000004 25.500000000000004 0.016001024283468727 0.37367111444473272 1.0000000180025095e-35 4.9654297828674325 10.500000000000002 0.18800562620162967 0.63592511415481578 60.000000000000007 0.0063092110212892303 57.500000000000007 25.500000000000004 3.5000000000000004 13.500000000000002 11.997003555297853 25.500000000000004 2.5000000000000004 14.500000000000002 1.0000000180025095e-35 8.5000000000000018 18.500000000000004 45.500000000000007 1.0000000180025095e-35 10.500000000000002 0.015749008394777778 18.500000000000004 15.500000000000002 10.500000000000002 29.525183677673343 0.012579114176332952 0.016001024283468727 19.500000000000004 0.013986697886139156 16.500000000000004 0.012903762981295587 0.48077410459518438 0.44439543783664709 11.500000000000002 0.014815627597272398 4.5000000000000009 0.49942007660865789 0.49414452910423284 0.011696306522935631 1.0000000180025095e-35 0.43589985370635992 1.0000000180025095e-35 0.011428944766521456 60.000000000000007 11.500000000000002 15.500000000000002 0.57381802797317516 8.5000000000000018 2.5000000000000004 0.011299795936793091 1.0000000180025095e-35 6.5000000000000009 14.500000000000002
decision_type=2 2 2 2 2 2 2 2 2 2 2 2 2 2 2 2 2 2 2 2 2 2 2 2 2 2 2 2 2 2 2 2 2 2 2 2 2 2 2 2 2 2 2 2 2 2 2 2 2 2 2 2 2 2 2 2 2 2 2 2 2 2
left_child=1 8 6 4 11 17 23 -6 -1 12 -9 -3 13 21 45 25 37 -4 -12 -5 -21 -7 -23 24 -2 -16 -13 28 -8 -30 -15 -17 51 52 -35 -36 -28 39 -39 47 41 49 43 -26 -18 46 -10 48 -11 50 -27 -33 53 -25 55 -55 -56 -58 59 -57 -60 -62
right_child=2 3 5 19 7 9 27 10 14 16 18 26 -14 30 15 31 44 -19 -20 20 -22 22 -24 33 42 40 36 -29 29 -31 -32 32 -34 34 35 -37 -38 38 -40 -41 -42 -43 -44 -45 -46 -47 -48 -49 -50 -51 -52 -53 -54 54 56 58 57 -59 60 -61 61 -63
leaf_value=0.038244598070834031 0.040171455025495378 -0.054534495195401544 0.015572412744186788 -0.0056203471688033128 -0.047743274793404643 -0.058797780964742266 0.048561465602139947 0.00070097356414478744 0.0073347048058836854 0.048034111870900141 0.010805122110499173 -0.10455933056535692 -0.00011363111602008481 0.022113790982789049 0.024808325466481589 -0.085117332204911564 -0.10758906655727184 0.003827525472813233 -0.032991373304926463 -0.10501720500670904 0.019580613690121582 -0.05919037545953966 0.035882743940521905 0.011502534847429361 -0.11094359769152209 0.067811886310562564 0.035508515013631538 0.02364038010874599 -0.13031111863269096 0.022847244429574982 -0.016230242900845886 0.022930966922394956 -0.033850931701607266 -0.10186805170648972 0.039875639242955264 -0.10624511831840017 -0.00094778960816486026 -0.0017362585834862108 -0.10284682340019796 -0.098828349556362688 0.0017751652108785388 -0.081713197595709913 0.047886005965689975 0.0092696954182457207 0.015870801683853183 0.035489843994715331 -0.10963232545356233 0.060034181269631587 -0.092262995505446282 0.045543074360543868 -0.091770193895440916 -0.038458976028442934 0.018321759264048675 -0.11338302343492149 -0.04839086041822404 0.073089695132362617 -0.11955372974453388 -0.00087808864002560062 0.01594901954157266 -0.10210230746675777 -0.11190633249089801 0.012755075171087161
leaf_weight=69.18403223156929 118.60873460676521 18.893328303238377 502.11811979324557 217.54104185837787 490.13173636811553 7.4252765735145649 149.53258405951783 64.303097712574527 234.0846914841095 3.4179074298590484 25.742891799192876 3.5973402489908031 554.09363525174558 28.070378825999796 63.742771573597565 9.6087910311762226 2.2422331916168323 1216.0875745565863 1048.4883336371277 3.0788594791665664 154.1327608586289 6.4470340427942565 49.223011940019205 1050.1489154628944 2.5923991301096967 2.0002775741741079 31.649340992094949 551.08716655452736 3.0135384686291209 38.258936861064285 824.79180046182591 29.670865960652009 76.184570583980531 2.638505562208592 81.315639861859381 1.9904100431594987 209.0225150330225 9.8183723264373857 10.235111804679034 3.3582939202897242 105.49465646827593 11.894094523158854 24.233312813099474 125.78003769833595 234.62508741801139 46.270421348279342 2.8157698512077323 10.692830903455613 3.9941449975594878 7.0080244126729667 5.5711098953615874 12.371263181092216 434.79750161932316 4.342460087966173 32.548790450207889 2.0636039990931749 2.4892884395085266 84.807717911200598 168.02292288723402 5.6762229125015429 5.281644721981138 7.8929045088589174
leaf_count=757 478 13533 6689 21353 375839 917 284 8420 21572 82 4481 373 71378 2838 826 1440 161 60178 538855 161 3571 614 3295 15891 123 17 765 2962 75 126 232482 1754 19970 71 406 52 37182 292 717 260 6326 2060 151 1411 8602 3203 605 169 415 291 1195 2214 8890 231 1311 7 94 4504 2093 386 206 139
internal_value=-6.6385e-05 -0.0181591 0.00829932 -0.0250055 -0.030737 0.000897563 0.0171561 -0.0354083 0.00480004 -0.00535466 -0.0300982 -0.00182686 -0.00808185 -0.0129021 0.000986357 -0.0075783 0.0090467 0.00725978 -0.0319418 0.00392799 0.0171405 0.0150259 0.0248725 0.0134243 0.0250851 0.00378244 0.00224988 0.0279971 0.0405803 0.0116643 -0.0149682 -0.0249711 -0.0200828 0.0117457 0.0321401 0.0363844 0.00384636 -0.0232194 -0.0533422 0.00492495 -0.0063734 -0.0388448 0.0133597 0.00684206 0.0147021 0.0107722 0.00594445 0.0241703 -0.027568 -0.00387205 -0.0496104 0.00486644 0.0107709 0.00836264 -0.00216782 0.00656218 -0.016247 -0.00426214 0.00931896 -0.0553924 0.0120831 -0.0372214
internal_weight=9306.25 2942.48 6363.76 2266.58 1891.83 3466.64 2897.12 1628.67 675.901 1748.44 1138.53 263.163 1470.05 915.958 606.717 323.546 278.384 1718.21 1074.23 374.753 157.212 63.0953 55.67 2155.23 271.214 195.711 244.269 741.892 190.805 41.2725 852.862 127.835 118.227 1884.02 85.9446 83.306 240.672 41.5167 20.0535 21.4632 131.968 26.4735 152.606 128.372 236.867 283.171 236.9 18.1049 7.41205 14.5794 7.57139 42.0421 1798.07 1363.27 313.126 193.28 119.846 87.297 188.937 7.73983 181.197 13.1745
internal_count=1495743 1066763 428980 1004533 979448 389089 39891 927595 62230 322222 551756 51853 311524 240146 61473 36093 10698 66867 543336 25085 3732 4826 3909 36444 2163 10715 38320 3447 485 201 235320 25378 23938 34281 529 458 37947 1935 1009 926 9889 3563 1685 1534 8763 25380 22177 666 497 1503 1212 3968 33752 24862 8971 3062 5909 4598 2831 393 2438 345
is_linear=0
shrinkage=0.05


end of trees

feature_importances:
biencoder_cosine=227
popularity=186
rank_biencoder_last2turns_top100=135
rank_e5_large_top100=128
pmi_sum=111
rank_biencoder_top100=103
rank_biencoder_large_top100=85
rank_cf_bpr=73
rank_biencoder_current_only_top100=65
turn_number=64
rank_decay_descending=62
rank_metadata_qwen3=60
n_legs_containing=46
rank_bm25_norepeat=34
rank_pmi_leg=31
score_metadata_qwen3=29
score_biencoder_last2turns_top100=28
score_decay_descending=26
score_e5_large_top100=26
score_biencoder_top100=21
score_biencoder_large_top100=16
n_prior_accepts=16
score_biencoder_current_only_top100=13
score_bm25_norepeat=10
score_pmi_leg=9
score_cf_bpr=7
is_in_all_legs=1

parameters:
[boosting: gbdt]
[objective: lambdarank]
[metric: ndcg]
[tree_learner: serial]
[device_type: cpu]
[data_sample_strategy: bagging]
[data: ]
[valid: ]
[num_iterations: 500]
[learning_rate: 0.05]
[num_leaves: 63]
[num_threads: 25]
[seed: 0]
[deterministic: 0]
[force_col_wise: 0]
[force_row_wise: 0]
[histogram_pool_size: -1]
[max_depth: -1]
[min_data_in_leaf: 10]
[min_sum_hessian_in_leaf: 0.001]
[bagging_fraction: 0.8]
[pos_bagging_fraction: 1]
[neg_bagging_fraction: 1]
[bagging_freq: 5]
[bagging_seed: 3]
[bagging_by_query: 0]
[feature_fraction: 0.8]
[feature_fraction_bynode: 1]
[feature_fraction_seed: 2]
[extra_trees: 0]
[extra_seed: 6]
[early_stopping_round: 0]
[early_stopping_min_delta: 0]
[first_metric_only: 0]
[max_delta_step: 0]
[lambda_l1: 0]
[lambda_l2: 0]
[linear_lambda: 0]
[min_gain_to_split: 0]
[drop_rate: 0.1]
[max_drop: 50]
[skip_drop: 0.5]
[xgboost_dart_mode: 0]
[uniform_drop: 0]
[drop_seed: 4]
[top_rate: 0.2]
[other_rate: 0.1]
[min_data_per_group: 100]
[max_cat_threshold: 32]
[cat_l2: 10]
[cat_smooth: 10]
[max_cat_to_onehot: 4]
[top_k: 20]
[monotone_constraints: ]
[monotone_constraints_method: basic]
[monotone_penalty: 0]
[feature_contri: ]
[forcedsplits_filename: ]
[refit_decay_rate: 0.9]
[cegb_tradeoff: 1]
[cegb_penalty_split: 0]
[cegb_penalty_feature_lazy: ]
[cegb_penalty_feature_coupled: ]
[path_smooth: 0]
[interaction_constraints: ]
[verbosity: -1]
[saved_feature_importance_type: 0]
[use_quantized_grad: 0]
[num_grad_quant_bins: 4]
[quant_train_renew_leaf: 0]
[stochastic_rounding: 1]
[linear_tree: 0]
[max_bin: 255]
[max_bin_by_feature: ]
[min_data_in_bin: 3]
[bin_construct_sample_cnt: 200000]
[data_random_seed: 1]
[is_enable_sparse: 1]
[enable_bundle: 1]
[use_missing: 1]
[zero_as_missing: 0]
[feature_pre_filter: 1]
[pre_partition: 0]
[two_round: 0]
[header: 0]
[label_column: ]
[weight_column: ]
[group_column: ]
[ignore_column: ]
[categorical_feature: ]
[forcedbins_filename: ]
[precise_float_parser: 0]
[parser_config_file: ]
[objective_seed: 5]
[num_class: 1]
[is_unbalance: 0]
[scale_pos_weight: 1]
[sigmoid: 1]
[boost_from_average: 1]
[reg_sqrt: 0]
[alpha: 0.9]
[fair_c: 1]
[poisson_max_delta_step: 0.7]
[tweedie_variance_power: 1.5]
[lambdarank_truncation_level: 20]
[lambdarank_norm: 1]
[label_gain: ]
[lambdarank_position_bias_regularization: 0]
[eval_at: ]
[multi_error_top_k: 1]
[auc_mu_weights: ]
[num_machines: 1]
[local_listen_port: 12400]
[time_out: 120]
[machine_list_filename: ]
[machines: ]
[gpu_platform_id: -1]
[gpu_device_id: -1]
[gpu_use_dp: 0]
[num_gpu: 1]

end of parameters

pandas_categorical:null
